{
    "tagme": [
        {
            "annotations": [
                {
                    "begin": 270, 
                    "end": 286, 
                    "score": 0.18051381409168243, 
                    "spot": "State University"
                }
            ], 
            "wiki_id": 1640986, 
            "wiki_title": "Public university"
        }, 
        {
            "annotations": [
                {
                    "begin": 16, 
                    "end": 22, 
                    "score": 0.0036862632259726524, 
                    "spot": "expert"
                }
            ], 
            "wiki_id": 9892, 
            "wiki_title": "Expert"
        }, 
        {
            "annotations": [
                {
                    "begin": 916, 
                    "end": 922, 
                    "score": 0.006413811352103949, 
                    "spot": "Friday"
                }
            ], 
            "wiki_id": 2833598, 
            "wiki_title": "Zarana"
        }, 
        {
            "annotations": [
                {
                    "begin": 2069, 
                    "end": 2074, 
                    "score": 0.0016792872920632362, 
                    "spot": "start"
                }
            ], 
            "wiki_id": 21747480, 
            "wiki_title": "Start (command)"
        }, 
        {
            "annotations": [
                {
                    "begin": 1947, 
                    "end": 1955, 
                    "score": 0.1237175315618515, 
                    "spot": "Atlantic"
                }
            ], 
            "wiki_id": 149743, 
            "wiki_title": "The Atlantic"
        }, 
        {
            "annotations": [
                {
                    "begin": 1730, 
                    "end": 1735, 
                    "score": 0.037620678544044495, 
                    "spot": "eight"
                }
            ], 
            "wiki_id": 208174, 
            "wiki_title": "8 (number)"
        }, 
        {
            "annotations": [
                {
                    "begin": 1238, 
                    "end": 1244, 
                    "score": 0.0910266637802124, 
                    "spot": "models"
                }
            ], 
            "wiki_id": 3224795, 
            "wiki_title": "Scientific modelling"
        }, 
        {
            "annotations": [
                {
                    "begin": 2237, 
                    "end": 2257, 
                    "score": 0.29230615496635437, 
                    "spot": "emergency management"
                }
            ], 
            "wiki_id": 1455589, 
            "wiki_title": "Emergency management"
        }, 
        {
            "annotations": [
                {
                    "begin": 729, 
                    "end": 732, 
                    "score": 0.09007269144058228, 
                    "spot": "who"
                }
            ], 
            "wiki_id": 33583, 
            "wiki_title": "World Health Organization"
        }, 
        {
            "annotations": [
                {
                    "begin": 554, 
                    "end": 564, 
                    "score": 0.16387608647346497, 
                    "spot": "hurricanes"
                }, 
                {
                    "begin": 1854, 
                    "end": 1864, 
                    "score": 0.059370528906583786, 
                    "spot": "hurricanes"
                }
            ], 
            "wiki_id": 3538795, 
            "wiki_title": "Hurricanes (TV series)"
        }, 
        {
            "annotations": [
                {
                    "begin": 477, 
                    "end": 481, 
                    "score": 0.05140872672200203, 
                    "spot": "five"
                }, 
                {
                    "begin": 1849, 
                    "end": 1853, 
                    "score": 0.2880115211009979, 
                    "spot": "five"
                }
            ], 
            "wiki_id": 6412297, 
            "wiki_title": "5 (number)"
        }, 
        {
            "annotations": [
                {
                    "begin": 1939, 
                    "end": 1946, 
                    "score": 0.07518942654132843, 
                    "spot": "drop in"
                }
            ], 
            "wiki_id": 34301990, 
            "wiki_title": "The West Wing (season 2)"
        }, 
        {
            "annotations": [
                {
                    "begin": 1446, 
                    "end": 1450, 
                    "score": 0.07039806246757507, 
                    "spot": "Gray"
                }
            ], 
            "wiki_id": 13026, 
            "wiki_title": "Gray whale"
        }, 
        {
            "annotations": [
                {
                    "begin": 517, 
                    "end": 528, 
                    "score": 0.0008930343319661915, 
                    "spot": "Those years"
                }
            ], 
            "wiki_id": 38117944, 
            "wiki_title": "Those Years"
        }, 
        {
            "annotations": [
                {
                    "begin": 2376, 
                    "end": 2381, 
                    "score": 0.24644991755485535, 
                    "spot": "surge"
                }
            ], 
            "wiki_id": 449744, 
            "wiki_title": "Storm surge"
        }, 
        {
            "annotations": [
                {
                    "begin": 1373, 
                    "end": 1375, 
                    "score": 0.09068302065134048, 
                    "spot": "do"
                }
            ], 
            "wiki_id": 1096360, 
            "wiki_title": "Oxygen saturation"
        }, 
        {
            "annotations": [
                {
                    "begin": 712, 
                    "end": 718, 
                    "score": 0.0069204154424369335, 
                    "spot": "Aug. 1"
                }
            ], 
            "wiki_id": 2283208, 
            "wiki_title": "August 1 (Eastern Orthodox liturgics)"
        }, 
        {
            "annotations": [
                {
                    "begin": 798, 
                    "end": 807, 
                    "score": 0.14357386529445648, 
                    "spot": "forecasts"
                }, 
                {
                    "begin": 863, 
                    "end": 871, 
                    "score": 0.0479256808757782, 
                    "spot": "forecast"
                }, 
                {
                    "begin": 2221, 
                    "end": 2232, 
                    "score": 0.122517429292202, 
                    "spot": "Forecasters"
                }
            ], 
            "wiki_id": 73231, 
            "wiki_title": "Weather forecasting"
        }, 
        {
            "annotations": [
                {
                    "begin": 931, 
                    "end": 935, 
                    "score": 0.002883423352614045, 
                    "spot": "10th"
                }
            ], 
            "wiki_id": 418001, 
            "wiki_title": "10th Mountain Division (United States)"
        }, 
        {
            "annotations": [
                {
                    "begin": 880, 
                    "end": 883, 
                    "score": 0.06967364251613617, 
                    "spot": "May"
                }
            ], 
            "wiki_id": 39250431, 
            "wiki_title": "Deaths in May 2013"
        }, 
        {
            "annotations": [
                {
                    "begin": 2081, 
                    "end": 2091, 
                    "score": 0.0076892743818461895, 
                    "spot": "escalation"
                }
            ], 
            "wiki_id": 1423677, 
            "wiki_title": "Conflict escalation"
        }, 
        {
            "annotations": [
                {
                    "begin": 2026, 
                    "end": 2032, 
                    "score": 0.03911975771188736, 
                    "spot": "robbed"
                }
            ], 
            "wiki_id": 54849, 
            "wiki_title": "Robbery"
        }, 
        {
            "annotations": [
                {
                    "begin": 742, 
                    "end": 746, 
                    "score": 0.23474164307117462, 
                    "spot": "wind"
                }, 
                {
                    "begin": 1262, 
                    "end": 1267, 
                    "score": 0.2704847455024719, 
                    "spot": "winds"
                }
            ], 
            "wiki_id": 15440316, 
            "wiki_title": "Wind"
        }, 
        {
            "annotations": [
                {
                    "begin": 58, 
                    "end": 72, 
                    "score": 0.509925365447998, 
                    "spot": "Atlantic Ocean"
                }, 
                {
                    "begin": 321, 
                    "end": 329, 
                    "score": 0.2042875587940216, 
                    "spot": "Atlantic"
                }, 
                {
                    "begin": 428, 
                    "end": 436, 
                    "score": 0.18163339793682098, 
                    "spot": "Atlantic"
                }
            ], 
            "wiki_id": 698, 
            "wiki_title": "Atlantic Ocean"
        }, 
        {
            "annotations": [
                {
                    "begin": 44, 
                    "end": 50, 
                    "score": 0.179986372590065, 
                    "spot": "summer"
                }
            ], 
            "wiki_id": 29392, 
            "wiki_title": "Summer"
        }, 
        {
            "annotations": [
                {
                    "begin": 781, 
                    "end": 787, 
                    "score": 0.05897875502705574, 
                    "spot": "annual"
                }
            ], 
            "wiki_id": 1235002, 
            "wiki_title": "Annual publication"
        }, 
        {
            "annotations": [
                {
                    "begin": 1303, 
                    "end": 1310, 
                    "score": 0.3271276652812958, 
                    "spot": "El Nino"
                }, 
                {
                    "begin": 1559, 
                    "end": 1566, 
                    "score": 0.3271276652812958, 
                    "spot": "El Nino"
                }
            ], 
            "wiki_id": 10531, 
            "wiki_title": "El Ni\u00f1o"
        }, 
        {
            "annotations": [
                {
                    "begin": 1939, 
                    "end": 1943, 
                    "score": 0.0037226143758744, 
                    "spot": "drop"
                }
            ], 
            "wiki_id": 4576642, 
            "wiki_title": "Drop-In"
        }, 
        {
            "annotations": [
                {
                    "begin": 1906, 
                    "end": 1917, 
                    "score": 0.3590964674949646, 
                    "spot": "West Africa"
                }
            ], 
            "wiki_id": 67393, 
            "wiki_title": "West Africa"
        }, 
        {
            "annotations": [
                {
                    "begin": 690, 
                    "end": 696, 
                    "score": 0.00854902807623148, 
                    "spot": "period"
                }
            ], 
            "wiki_id": 86350, 
            "wiki_title": "Period (periodic table)"
        }, 
        {
            "annotations": [
                {
                    "begin": 1885, 
                    "end": 1890, 
                    "score": 0.04914109408855438, 
                    "spot": "seven"
                }
            ], 
            "wiki_id": 79131, 
            "wiki_title": "Seven Against Thebes"
        }, 
        {
            "annotations": [
                {
                    "begin": 1467, 
                    "end": 1474, 
                    "score": 0.024082569405436516, 
                    "spot": "outlook"
                }
            ], 
            "wiki_id": 176271, 
            "wiki_title": "Microsoft Outlook"
        }, 
        {
            "annotations": [
                {
                    "begin": 2117, 
                    "end": 2124, 
                    "score": 0.10596700757741928, 
                    "spot": "pattern"
                }
            ], 
            "wiki_id": 68351, 
            "wiki_title": "Pattern"
        }, 
        {
            "annotations": [
                {
                    "begin": 1500, 
                    "end": 1514, 
                    "score": 0.02320675179362297, 
                    "spot": "easterly\nwinds"
                }
            ], 
            "wiki_id": 29717451, 
            "wiki_title": "Easterly Winds"
        }, 
        {
            "annotations": [
                {
                    "begin": 2039, 
                    "end": 2046, 
                    "score": 0.11153967678546906, 
                    "spot": "systems"
                }
            ], 
            "wiki_id": 8286675, 
            "wiki_title": "System"
        }, 
        {
            "annotations": [
                {
                    "begin": 2427, 
                    "end": 2432, 
                    "score": 0.1613778918981552, 
                    "spot": "1960s"
                }
            ], 
            "wiki_id": 34545, 
            "wiki_title": "1960s"
        }, 
        {
            "annotations": [
                {
                    "begin": 683, 
                    "end": 689, 
                    "score": 0.0008044582791626453, 
                    "spot": "active"
                }
            ], 
            "wiki_id": 317524, 
            "wiki_title": "Action (philosophy)"
        }, 
        {
            "annotations": [
                {
                    "begin": 1550, 
                    "end": 1553, 
                    "score": 0.0017393865855410695, 
                    "spot": "end"
                }
            ], 
            "wiki_id": 1603769, 
            "wiki_title": "End (gridiron football)"
        }, 
        {
            "annotations": [
                {
                    "begin": 2198, 
                    "end": 2203, 
                    "score": 0.07480301707983017, 
                    "spot": "shift"
                }
            ], 
            "wiki_id": 1051985, 
            "wiki_title": "Shift work"
        }, 
        {
            "annotations": [
                {
                    "begin": 1279, 
                    "end": 1286, 
                    "score": 0.18256159126758575, 
                    "spot": "equator"
                }
            ], 
            "wiki_id": 153681, 
            "wiki_title": "Celestial equator"
        }, 
        {
            "annotations": [
                {
                    "begin": 2141, 
                    "end": 2147, 
                    "score": 0.26267170906066895, 
                    "spot": "change"
                }
            ], 
            "wiki_id": 14784, 
            "wiki_title": "Identity and change"
        }, 
        {
            "annotations": [
                {
                    "begin": 508, 
                    "end": 515, 
                    "score": 0.09514360874891281, 
                    "spot": "seasons"
                }
            ], 
            "wiki_id": 24873453, 
            "wiki_title": "Season"
        }, 
        {
            "annotations": [
                {
                    "begin": 2258, 
                    "end": 2267, 
                    "score": 0.0007770162774249911, 
                    "spot": "officials"
                }
            ], 
            "wiki_id": 501260, 
            "wiki_title": "Referee (association football)"
        }, 
        {
            "annotations": [
                {
                    "begin": 1103, 
                    "end": 1113, 
                    "score": 0.1472555249929428, 
                    "spot": "hurricanes"
                }, 
                {
                    "begin": 2097, 
                    "end": 2107, 
                    "score": 0.059370528906583786, 
                    "spot": "hurricanes"
                }
            ], 
            "wiki_id": 2517648, 
            "wiki_title": "Miami Hurricanes football"
        }, 
        {
            "annotations": [
                {
                    "begin": 2403, 
                    "end": 2409, 
                    "score": 0.051589787006378174, 
                    "spot": "levels"
                }
            ], 
            "wiki_id": 1910313, 
            "wiki_title": "Level (video gaming)"
        }, 
        {
            "annotations": [
                {
                    "begin": 225, 
                    "end": 234, 
                    "score": 0.15021716058254242, 
                    "spot": "professor"
                }
            ], 
            "wiki_id": 20646803, 
            "wiki_title": "Professor"
        }, 
        {
            "annotations": [
                {
                    "begin": 586, 
                    "end": 591, 
                    "score": 0.0016137325437739491, 
                    "spot": "seven"
                }
            ], 
            "wiki_id": 494657, 
            "wiki_title": "Seven Network"
        }, 
        {
            "annotations": [
                {
                    "begin": 1327, 
                    "end": 1342, 
                    "score": 0.3717343211174011, 
                    "spot": "eastern Pacific"
                }, 
                {
                    "begin": 1335, 
                    "end": 1342, 
                    "score": 0.5251598358154297, 
                    "spot": "Pacific"
                }, 
                {
                    "begin": 1335, 
                    "end": 1349, 
                    "score": 0.505464494228363, 
                    "spot": "Pacific\nwaters"
                }
            ], 
            "wiki_id": 23070, 
            "wiki_title": "Pacific Ocean"
        }, 
        {
            "annotations": [
                {
                    "begin": 276, 
                    "end": 286, 
                    "score": 0.1455489993095398, 
                    "spot": "University"
                }
            ], 
            "wiki_id": 19725260, 
            "wiki_title": "University"
        }, 
        {
            "annotations": [
                {
                    "begin": 391, 
                    "end": 396, 
                    "score": 0.08326426148414612, 
                    "spot": "above"
                }
            ], 
            "wiki_id": 168041, 
            "wiki_title": "Anatomical terms of location"
        }, 
        {
            "annotations": [
                {
                    "begin": 1188, 
                    "end": 1197, 
                    "score": 0.0901103988289833, 
                    "spot": "presented"
                }
            ], 
            "wiki_id": 545607, 
            "wiki_title": "Sponsor (commercial)"
        }, 
        {
            "annotations": [
                {
                    "begin": 1205, 
                    "end": 1215, 
                    "score": 0.04954227805137634, 
                    "spot": "conference"
                }
            ], 
            "wiki_id": 306731, 
            "wiki_title": "National League (English football)"
        }, 
        {
            "annotations": [
                {
                    "begin": 1866, 
                    "end": 1870, 
                    "score": 0.030599800869822502, 
                    "spot": "Gray"
                }
            ], 
            "wiki_id": 759008, 
            "wiki_title": "Eye color"
        }, 
        {
            "annotations": [
                {
                    "begin": 1974, 
                    "end": 1979, 
                    "score": 0.19798055291175842, 
                    "spot": "1970s"
                }
            ], 
            "wiki_id": 34555, 
            "wiki_title": "1970s"
        }, 
        {
            "annotations": [
                {
                    "begin": 549, 
                    "end": 553, 
                    "score": 0.16631343960762024, 
                    "spot": "five"
                }
            ], 
            "wiki_id": 28952356, 
            "wiki_title": "Channel 5 (UK)"
        }, 
        {
            "annotations": [
                {
                    "begin": 2354, 
                    "end": 2358, 
                    "score": 0.015937499701976776, 
                    "spot": "lull"
                }
            ], 
            "wiki_id": 69677, 
            "wiki_title": "Ramon Llull"
        }, 
        {
            "annotations": [
                {
                    "begin": 1611, 
                    "end": 1622, 
                    "score": 0.02709219790995121, 
                    "spot": "last season"
                }
            ], 
            "wiki_id": 32175623, 
            "wiki_title": "2012 Super Rugby season"
        }, 
        {
            "annotations": [
                {
                    "begin": 95, 
                    "end": 101, 
                    "score": 0.0058640604838728905, 
                    "spot": "storms"
                }, 
                {
                    "begin": 168, 
                    "end": 174, 
                    "score": 0.0058640604838728905, 
                    "spot": "storms"
                }, 
                {
                    "begin": 2033, 
                    "end": 2038, 
                    "score": 0.1739802360534668, 
                    "spot": "storm"
                }
            ], 
            "wiki_id": 130312, 
            "wiki_title": "Storm"
        }, 
        {
            "annotations": [
                {
                    "begin": 2300, 
                    "end": 2307, 
                    "score": 0.10867250710725784, 
                    "spot": "coastal"
                }
            ], 
            "wiki_id": 5236, 
            "wiki_title": "Coast"
        }, 
        {
            "annotations": [
                {
                    "begin": 130, 
                    "end": 145, 
                    "score": 0.26292920112609863, 
                    "spot": "it's impossible"
                }
            ], 
            "wiki_id": 5529615, 
            "wiki_title": "Somos Novios (It's Impossible)"
        }, 
        {
            "annotations": [
                {
                    "begin": 1522, 
                    "end": 1529, 
                    "score": 0.007779698818922043, 
                    "spot": "equator"
                }
            ], 
            "wiki_id": 4149554, 
            "wiki_title": "Equator (Uriah Heep album)"
        }, 
        {
            "annotations": [
                {
                    "begin": 1152, 
                    "end": 1163, 
                    "score": 0.08372092992067337, 
                    "spot": "1985 season"
                }
            ], 
            "wiki_id": 2395529, 
            "wiki_title": "1985 NFL season"
        }, 
        {
            "annotations": [
                {
                    "begin": 2385, 
                    "end": 2391, 
                    "score": 0.25830399990081787, 
                    "spot": "storms"
                }
            ], 
            "wiki_id": 70807, 
            "wiki_title": "Thunderstorm"
        }, 
        {
            "annotations": [
                {
                    "begin": 1569, 
                    "end": 1575, 
                    "score": 0.10593409091234207, 
                    "spot": "period"
                }
            ], 
            "wiki_id": 47863127, 
            "wiki_title": "Period (geology)"
        }, 
        {
            "annotations": [
                {
                    "begin": 952, 
                    "end": 961, 
                    "score": 0.06678401678800583, 
                    "spot": "Hurricane"
                }
            ], 
            "wiki_id": 24399404, 
            "wiki_title": "Hurricane (Thirty Seconds to Mars song)"
        }, 
        {
            "annotations": [
                {
                    "begin": 1769, 
                    "end": 1775, 
                    "score": 0.0008206114289350808, 
                    "spot": "figure"
                }
            ], 
            "wiki_id": 174074, 
            "wiki_title": "Action figure"
        }, 
        {
            "annotations": [
                {
                    "begin": 835, 
                    "end": 840, 
                    "score": 0.08133576065301895, 
                    "spot": "issue"
                }
            ], 
            "wiki_id": 4550188, 
            "wiki_title": "Issue (legal)"
        }, 
        {
            "annotations": [
                {
                    "begin": 2184, 
                    "end": 2192, 
                    "score": 0.03818181902170181, 
                    "spot": "say when"
                }
            ], 
            "wiki_id": 10129226, 
            "wiki_title": "Say When!!"
        }, 
        {
            "annotations": [
                {
                    "begin": 2417, 
                    "end": 2422, 
                    "score": 0.16123159229755402, 
                    "spot": "1950s"
                }
            ], 
            "wiki_id": 34573, 
            "wiki_title": "1950s"
        }, 
        {
            "annotations": [
                {
                    "begin": 6, 
                    "end": 15, 
                    "score": 0.18866363167762756, 
                    "spot": "hurricane"
                }, 
                {
                    "begin": 330, 
                    "end": 340, 
                    "score": 0.1912393420934677, 
                    "spot": "hurricanes"
                }, 
                {
                    "begin": 463, 
                    "end": 473, 
                    "score": 0.17557357251644135, 
                    "spot": "hurricanes"
                }, 
                {
                    "begin": 498, 
                    "end": 507, 
                    "score": 0.15983888506889343, 
                    "spot": "hurricane"
                }, 
                {
                    "begin": 592, 
                    "end": 602, 
                    "score": 0.3602372705936432, 
                    "spot": "hurricanes"
                }, 
                {
                    "begin": 627, 
                    "end": 636, 
                    "score": 0.3908652663230896, 
                    "spot": "hurricane"
                }, 
                {
                    "begin": 627, 
                    "end": 643, 
                    "score": 0.2775198817253113, 
                    "spot": "hurricane season"
                }, 
                {
                    "begin": 788, 
                    "end": 797, 
                    "score": 0.19452211260795593, 
                    "spot": "hurricane"
                }, 
                {
                    "begin": 1019, 
                    "end": 1028, 
                    "score": 0.14673712849617004, 
                    "spot": "hurricane"
                }, 
                {
                    "begin": 1421, 
                    "end": 1430, 
                    "score": 0.1557598114013672, 
                    "spot": "hurricane"
                }, 
                {
                    "begin": 1600, 
                    "end": 1610, 
                    "score": 0.11057182401418686, 
                    "spot": "hurricanes"
                }, 
                {
                    "begin": 1736, 
                    "end": 1746, 
                    "score": 0.13508673012256622, 
                    "spot": "hurricanes"
                }, 
                {
                    "begin": 1956, 
                    "end": 1966, 
                    "score": 0.16261103749275208, 
                    "spot": "hurricanes"
                }, 
                {
                    "begin": 2362, 
                    "end": 2372, 
                    "score": 0.25783273577690125, 
                    "spot": "hurricanes"
                }
            ], 
            "wiki_id": 8282374, 
            "wiki_title": "Tropical cyclone"
        }, 
        {
            "annotations": [
                {
                    "begin": 1182, 
                    "end": 1187, 
                    "score": 0.054645538330078125, 
                    "spot": "paper"
                }
            ], 
            "wiki_id": 406618, 
            "wiki_title": "Scientific literature"
        }, 
        {
            "annotations": [
                {
                    "begin": 764, 
                    "end": 772, 
                    "score": 0.02077275887131691, 
                    "spot": "patterns"
                }
            ], 
            "wiki_id": 5992, 
            "wiki_title": "Traditional Chinese medicine"
        }, 
        {
            "annotations": [
                {
                    "begin": 845, 
                    "end": 850, 
                    "score": 0.10375422984361649, 
                    "spot": "first"
                }
            ], 
            "wiki_id": 65974, 
            "wiki_title": "First-person narrative"
        }, 
        {
            "annotations": [
                {
                    "begin": 1807, 
                    "end": 1813, 
                    "score": 0.25017982721328735, 
                    "spot": "number"
                }
            ], 
            "wiki_id": 21690, 
            "wiki_title": "Number"
        }, 
        {
            "annotations": [
                {
                    "begin": 1224, 
                    "end": 1228, 
                    "score": 0.11182639747858047, 
                    "spot": "Gray"
                }, 
                {
                    "begin": 1580, 
                    "end": 1584, 
                    "score": 0.10118459165096283, 
                    "spot": "Gray"
                }, 
                {
                    "begin": 1991, 
                    "end": 1995, 
                    "score": 0.08947379887104034, 
                    "spot": "Gray"
                }
            ], 
            "wiki_id": 287152, 
            "wiki_title": "Gray (unit)"
        }, 
        {
            "annotations": [
                {
                    "begin": 2170, 
                    "end": 2180, 
                    "score": 0.003039971925318241, 
                    "spot": "impossible"
                }
            ], 
            "wiki_id": 604585, 
            "wiki_title": "Stripped (Christina Aguilera album)"
        }, 
        {
            "annotations": [
                {
                    "begin": 1313, 
                    "end": 1320, 
                    "score": 0.05857293680310249, 
                    "spot": "periods"
                }
            ], 
            "wiki_id": 143696, 
            "wiki_title": "Orbital period"
        }, 
        {
            "annotations": [
                {
                    "begin": 413, 
                    "end": 419, 
                    "score": 0.16853098571300507, 
                    "spot": "decade"
                }
            ], 
            "wiki_id": 695530, 
            "wiki_title": "Decade"
        }, 
        {
            "annotations": [
                {
                    "begin": 489, 
                    "end": 493, 
                    "score": 0.0010033606085926294, 
                    "spot": "last"
                }
            ], 
            "wiki_id": 2840723, 
            "wiki_title": "The Last (audio drama)"
        }, 
        {
            "annotations": [
                {
                    "begin": 2286, 
                    "end": 2294, 
                    "score": 0.056642577052116394, 
                    "spot": "stressed"
                }
            ], 
            "wiki_id": 228107, 
            "wiki_title": "Stress (mechanics)"
        }, 
        {
            "annotations": [
                {
                    "begin": 154, 
                    "end": 156, 
                    "score": 0.0010810111416503787, 
                    "spot": "if"
                }
            ], 
            "wiki_id": 2520164, 
            "wiki_title": "If (Bread song)"
        }, 
        {
            "annotations": [
                {
                    "begin": 751, 
                    "end": 763, 
                    "score": 0.0558086559176445, 
                    "spot": "air pressure"
                }, 
                {
                    "begin": 1248, 
                    "end": 1260, 
                    "score": 0.22720107436180115, 
                    "spot": "air pressure"
                }
            ], 
            "wiki_id": 47484, 
            "wiki_title": "Atmospheric pressure"
        }, 
        {
            "annotations": [
                {
                    "begin": 962, 
                    "end": 972, 
                    "score": 0.005192597396671772, 
                    "spot": "Conference"
                }, 
                {
                    "begin": 2275, 
                    "end": 2285, 
                    "score": 0.005192597396671772, 
                    "spot": "conference"
                }
            ], 
            "wiki_id": 3447769, 
            "wiki_title": "Convention (meeting)"
        }, 
        {
            "annotations": [
                {
                    "begin": 1984, 
                    "end": 1989, 
                    "score": 0.19726593792438507, 
                    "spot": "1980s"
                }
            ], 
            "wiki_id": 34557, 
            "wiki_title": "1980s"
        }, 
        {
            "annotations": [
                {
                    "begin": 2460, 
                    "end": 2466, 
                    "score": 0.0024916050024330616, 
                    "spot": "damage"
                }
            ], 
            "wiki_id": 46698, 
            "wiki_title": "Property damage"
        }, 
        {
            "annotations": [
                {
                    "begin": 2204, 
                    "end": 2208, 
                    "score": 0.08928843587636948, 
                    "spot": "will"
                }
            ], 
            "wiki_id": 47921, 
            "wiki_title": "Free will"
        }, 
        {
            "annotations": [
                {
                    "begin": 1494, 
                    "end": 1499, 
                    "score": 0.0055876667611300945, 
                    "spot": "light"
                }
            ], 
            "wiki_id": 2363526, 
            "wiki_title": "In the Light"
        }, 
        {
            "annotations": [
                {
                    "begin": 372, 
                    "end": 376, 
                    "score": 0.08027956634759903, 
                    "spot": "last"
                }, 
                {
                    "begin": 1121, 
                    "end": 1125, 
                    "score": 0.0010033606085926294, 
                    "spot": "last"
                }
            ], 
            "wiki_id": 39078347, 
            "wiki_title": "Peter R. Last"
        }, 
        {
            "annotations": [
                {
                    "begin": 209, 
                    "end": 221, 
                    "score": 0.08646616339683533, 
                    "spot": "William Gray"
                }
            ], 
            "wiki_id": 5725374, 
            "wiki_title": "William Gray (Massachusetts)"
        }, 
        {
            "annotations": [
                {
                    "begin": 293, 
                    "end": 299, 
                    "score": 0.05333835631608963, 
                    "spot": "Friday"
                }
            ], 
            "wiki_id": 58009, 
            "wiki_title": "Good Friday"
        }, 
        {
            "annotations": [
                {
                    "begin": 2393, 
                    "end": 2395, 
                    "score": 0.08271142840385437, 
                    "spot": "up"
                }
            ], 
            "wiki_id": 42317, 
            "wiki_title": "United Press International"
        }, 
        {
            "annotations": [
                {
                    "begin": 102, 
                    "end": 110, 
                    "score": 0.0014652014942839742, 
                    "spot": "swirling"
                }
            ], 
            "wiki_id": 19719473, 
            "wiki_title": "Wine tasting"
        }, 
        {
            "annotations": [
                {
                    "begin": 34, 
                    "end": 43, 
                    "score": 0.18987524509429932, 
                    "spot": "turbulent"
                }
            ], 
            "wiki_id": 154664, 
            "wiki_title": "Turbulence"
        }, 
        {
            "annotations": [
                {
                    "begin": 1895, 
                    "end": 1902, 
                    "score": 0.24201887845993042, 
                    "spot": "Drought"
                }, 
                {
                    "begin": 2014, 
                    "end": 2021, 
                    "score": 0.17790760099887848, 
                    "spot": "drought"
                }
            ], 
            "wiki_id": 37335, 
            "wiki_title": "Drought"
        }, 
        {
            "annotations": [
                {
                    "begin": 1482, 
                    "end": 1490, 
                    "score": 0.0012162597849965096, 
                    "spot": "presence"
                }
            ], 
            "wiki_id": 10499965, 
            "wiki_title": "Immersion (virtual reality)"
        }, 
        {
            "annotations": [
                {
                    "begin": 603, 
                    "end": 610, 
                    "score": 0.14910770952701569, 
                    "spot": "spotted"
                }
            ], 
            "wiki_id": 455102, 
            "wiki_title": "Pantropical spotted dolphin"
        }, 
        {
            "annotations": [
                {
                    "begin": 1779, 
                    "end": 1784, 
                    "score": 0.1459539532661438, 
                    "spot": "seven"
                }
            ], 
            "wiki_id": 208159, 
            "wiki_title": "7 (number)"
        }, 
        {
            "annotations": [
                {
                    "begin": 238, 
                    "end": 257, 
                    "score": 0.41421613097190857, 
                    "spot": "atmospheric science"
                }
            ], 
            "wiki_id": 164633, 
            "wiki_title": "Atmospheric sciences"
        }, 
        {
            "annotations": [
                {
                    "begin": 261, 
                    "end": 286, 
                    "score": 0.4436090290546417, 
                    "spot": "Colorado\nState University"
                }
            ], 
            "wiki_id": 475386, 
            "wiki_title": "Colorado State University"
        }, 
        {
            "annotations": [
                {
                    "begin": 830, 
                    "end": 834, 
                    "score": 0.15237221121788025, 
                    "spot": "will"
                }
            ], 
            "wiki_id": 77697, 
            "wiki_title": "Will and testament"
        }, 
        {
            "annotations": [
                {
                    "begin": 356, 
                    "end": 363, 
                    "score": 0.05142349749803543, 
                    "spot": "average"
                }, 
                {
                    "begin": 397, 
                    "end": 404, 
                    "score": 0.10166271775960922, 
                    "spot": "average"
                }, 
                {
                    "begin": 1011, 
                    "end": 1018, 
                    "score": 0.05142349749803543, 
                    "spot": "average"
                }, 
                {
                    "begin": 1095, 
                    "end": 1102, 
                    "score": 0.010647493414580822, 
                    "spot": "average"
                }
            ], 
            "wiki_id": 60167, 
            "wiki_title": "Average"
        }, 
        {
            "annotations": [
                {
                    "begin": 1053, 
                    "end": 1057, 
                    "score": 0.12077357620000839, 
                    "spot": "will"
                }, 
                {
                    "begin": 2136, 
                    "end": 2140, 
                    "score": 0.2177877277135849, 
                    "spot": "will"
                }
            ], 
            "wiki_id": 79432, 
            "wiki_title": "Will (philosophy)"
        }, 
        {
            "annotations": [
                {
                    "begin": 723, 
                    "end": 727, 
                    "score": 0.11568105220794678, 
                    "spot": "Gray"
                }, 
                {
                    "begin": 1167, 
                    "end": 1171, 
                    "score": 0.030599800869822502, 
                    "spot": "Gray"
                }
            ], 
            "wiki_id": 731893, 
            "wiki_title": "Grey"
        }, 
        {
            "annotations": [
                {
                    "begin": 2050, 
                    "end": 2058, 
                    "score": 0.16474489867687225, 
                    "spot": "moisture"
                }
            ], 
            "wiki_id": 52812, 
            "wiki_title": "Humidity"
        }, 
        {
            "annotations": [
                {
                    "begin": 851, 
                    "end": 857, 
                    "score": 0.09562687575817108, 
                    "spot": "formal"
                }
            ], 
            "wiki_id": 46426065, 
            "wiki_title": "Logic"
        }, 
        {
            "annotations": [
                {
                    "begin": 1040, 
                    "end": 1044, 
                    "score": 0.11978187412023544, 
                    "spot": "form"
                }, 
                {
                    "begin": 1437, 
                    "end": 1441, 
                    "score": 0.09406350553035736, 
                    "spot": "form"
                }
            ], 
            "wiki_id": 18358161, 
            "wiki_title": "Substantial form"
        }, 
        {
            "annotations": [
                {
                    "begin": 906, 
                    "end": 913, 
                    "score": 0.09321653842926025, 
                    "spot": "outlook"
                }
            ], 
            "wiki_id": 2961846, 
            "wiki_title": "Outlook (magazine)"
        }, 
        {
            "annotations": [
                {
                    "begin": 23, 
                    "end": 31, 
                    "score": 0.0785142332315445, 
                    "spot": "predicts"
                }, 
                {
                    "begin": 1390, 
                    "end": 1401, 
                    "score": 0.0792495459318161, 
                    "spot": "predictions"
                }, 
                {
                    "begin": 1585, 
                    "end": 1594, 
                    "score": 0.091834656894207, 
                    "spot": "predicted"
                }, 
                {
                    "begin": 1657, 
                    "end": 1667, 
                    "score": 0.01161073800176382, 
                    "spot": "prediction"
                }, 
                {
                    "begin": 1720, 
                    "end": 1729, 
                    "score": 0.0005301959463395178, 
                    "spot": "predicted"
                }, 
                {
                    "begin": 1875, 
                    "end": 1884, 
                    "score": 0.0005301959463395178, 
                    "spot": "predicted"
                }
            ], 
            "wiki_id": 246066, 
            "wiki_title": "Prediction"
        }, 
        {
            "annotations": [
                {
                    "begin": 936, 
                    "end": 942, 
                    "score": 0.002481855684891343, 
                    "spot": "annual"
                }
            ], 
            "wiki_id": 34341, 
            "wiki_title": "Year"
        }, 
        {
            "annotations": [
                {
                    "begin": 1688, 
                    "end": 1700, 
                    "score": 0.03156565502285957, 
                    "spot": "on the money"
                }
            ], 
            "wiki_id": 5334047, 
            "wiki_title": "On the Money (2005 TV series)"
        }
    ]
}