{
    "tagme": [
        {
            "annotations": [
                {
                    "begin": 759, 
                    "end": 766, 
                    "score": 0.20198042690753937, 
                    "spot": "ignited"
                }
            ], 
            "wiki_id": 5638, 
            "wiki_title": "Combustion"
        }, 
        {
            "annotations": [
                {
                    "begin": 2938, 
                    "end": 2942, 
                    "score": 0.1699746549129486, 
                    "spot": "Area"
                }, 
                {
                    "begin": 2938, 
                    "end": 2944, 
                    "score": 0.16831819713115692, 
                    "spot": "Area a"
                }
            ], 
            "wiki_id": 19137151, 
            "wiki_title": "West Bank Areas in the Oslo II Accord"
        }, 
        {
            "annotations": [
                {
                    "begin": 2208, 
                    "end": 2212, 
                    "score": 0.06738243252038956, 
                    "spot": "Phil"
                }
            ], 
            "wiki_id": 1614889, 
            "wiki_title": "Philae"
        }, 
        {
            "annotations": [
                {
                    "begin": 2313, 
                    "end": 2317, 
                    "score": 0.12204710394144058, 
                    "spot": "east"
                }
            ], 
            "wiki_id": 509486, 
            "wiki_title": "Eastern United States"
        }, 
        {
            "annotations": [
                {
                    "begin": 63, 
                    "end": 67, 
                    "score": 0.5067140460014343, 
                    "spot": "Utah"
                }, 
                {
                    "begin": 664, 
                    "end": 668, 
                    "score": 0.4298200309276581, 
                    "spot": "Utah"
                }
            ], 
            "wiki_id": 31716, 
            "wiki_title": "Utah"
        }, 
        {
            "annotations": [
                {
                    "begin": 51, 
                    "end": 58, 
                    "score": 0.5615444183349609, 
                    "spot": "Wyoming"
                }, 
                {
                    "begin": 2652, 
                    "end": 2659, 
                    "score": 0.3725625276565552, 
                    "spot": "Wyoming"
                }
            ], 
            "wiki_id": 33611, 
            "wiki_title": "Wyoming"
        }, 
        {
            "annotations": [
                {
                    "begin": 2160, 
                    "end": 2170, 
                    "score": 0.3591696321964264, 
                    "spot": "High\nwinds"
                }
            ], 
            "wiki_id": 155110, 
            "wiki_title": "Beaufort scale"
        }, 
        {
            "annotations": [
                {
                    "begin": 2784, 
                    "end": 2790, 
                    "score": 0.05884943902492523, 
                    "spot": "pumped"
                }
            ], 
            "wiki_id": 8114777, 
            "wiki_title": "Muscle hypertrophy"
        }, 
        {
            "annotations": [
                {
                    "begin": 104, 
                    "end": 113, 
                    "score": 0.01452599372714758, 
                    "spot": "blackened"
                }
            ], 
            "wiki_id": 17610088, 
            "wiki_title": "Blackening (cooking)"
        }, 
        {
            "annotations": [
                {
                    "begin": 1755, 
                    "end": 1768, 
                    "score": 0.17739850282669067, 
                    "spot": "south-central"
                }
            ], 
            "wiki_id": 665836, 
            "wiki_title": "South Central United States"
        }, 
        {
            "annotations": [
                {
                    "begin": 370, 
                    "end": 378, 
                    "score": 0.15235407650470734, 
                    "spot": "declared"
                }, 
                {
                    "begin": 1592, 
                    "end": 1600, 
                    "score": 0.0016370367957279086, 
                    "spot": "declared"
                }
            ], 
            "wiki_id": 14696, 
            "wiki_title": "Israeli Declaration of Independence"
        }, 
        {
            "annotations": [
                {
                    "begin": 1048, 
                    "end": 1054, 
                    "score": 0.02239709533751011, 
                    "spot": "midday"
                }
            ], 
            "wiki_id": 25603798, 
            "wiki_title": "Midday (horse)"
        }, 
        {
            "annotations": [
                {
                    "begin": 2377, 
                    "end": 2383, 
                    "score": 0.11085565388202667, 
                    "spot": "Cooler"
                }
            ], 
            "wiki_id": 798370, 
            "wiki_title": "Computer cooling"
        }, 
        {
            "annotations": [
                {
                    "begin": 1680, 
                    "end": 1692, 
                    "score": 0.038026925176382065, 
                    "spot": "firefighters"
                }
            ], 
            "wiki_id": 287735, 
            "wiki_title": "New York City Fire Department"
        }, 
        {
            "annotations": [
                {
                    "begin": 207, 
                    "end": 212, 
                    "score": 0.05298507586121559, 
                    "spot": "blaze"
                }
            ], 
            "wiki_id": 7196304, 
            "wiki_title": "Horse markings"
        }, 
        {
            "annotations": [
                {
                    "begin": 2003, 
                    "end": 2010, 
                    "score": 0.07334604859352112, 
                    "spot": "outside"
                }
            ], 
            "wiki_id": 15602770, 
            "wiki_title": "Outside (magazine)"
        }, 
        {
            "annotations": [
                {
                    "begin": 2568, 
                    "end": 2572, 
                    "score": 0.0929933488368988, 
                    "spot": "rain"
                }, 
                {
                    "begin": 2665, 
                    "end": 2669, 
                    "score": 0.21487562358379364, 
                    "spot": "rain"
                }
            ], 
            "wiki_id": 19009110, 
            "wiki_title": "Rain"
        }, 
        {
            "annotations": [
                {
                    "begin": 310, 
                    "end": 332, 
                    "score": 0.5, 
                    "spot": "Yosemite National Park"
                }
            ], 
            "wiki_id": 48664, 
            "wiki_title": "Yosemite National Park"
        }, 
        {
            "annotations": [
                {
                    "begin": 1712, 
                    "end": 1741, 
                    "score": 0.7330372333526611, 
                    "spot": "Absaroka-Beartooth Wilderness"
                }
            ], 
            "wiki_id": 2263757, 
            "wiki_title": "Absaroka-Beartooth Wilderness"
        }, 
        {
            "annotations": [
                {
                    "begin": 2985, 
                    "end": 2994, 
                    "score": 0.0005668155499733984, 
                    "spot": "Meanwhile"
                }
            ], 
            "wiki_id": 7052969, 
            "wiki_title": "...Meanwhile"
        }, 
        {
            "annotations": [
                {
                    "begin": 2132, 
                    "end": 2138, 
                    "score": 0.0015083524631336331, 
                    "spot": "inside"
                }
            ], 
            "wiki_id": 2243260, 
            "wiki_title": "The Inside (TV series)"
        }, 
        {
            "annotations": [
                {
                    "begin": 472, 
                    "end": 476, 
                    "score": 0.10478100180625916, 
                    "spot": "Mary"
                }
            ], 
            "wiki_id": 20709, 
            "wiki_title": "Mary II of England"
        }, 
        {
            "annotations": [
                {
                    "begin": 1384, 
                    "end": 1396, 
                    "score": 0.8013871908187866, 
                    "spot": "Delta County"
                }
            ], 
            "wiki_id": 95102, 
            "wiki_title": "Delta County, Michigan"
        }, 
        {
            "annotations": [
                {
                    "begin": 1506, 
                    "end": 1510, 
                    "score": 0.08630188554525375, 
                    "spot": "Dale"
                }
            ], 
            "wiki_id": 1022518, 
            "wiki_title": "Alan Dale"
        }, 
        {
            "annotations": [
                {
                    "begin": 76, 
                    "end": 83, 
                    "score": 0.18515245616436005, 
                    "spot": "holiday"
                }
            ], 
            "wiki_id": 29789, 
            "wiki_title": "Tourism"
        }, 
        {
            "annotations": [
                {
                    "begin": 2232, 
                    "end": 2240, 
                    "score": 0.0074133677408099174, 
                    "spot": "District"
                }
            ], 
            "wiki_id": 339716, 
            "wiki_title": "School district"
        }, 
        {
            "annotations": [
                {
                    "begin": 1423, 
                    "end": 1428, 
                    "score": 0.004858291242271662, 
                    "spot": "today"
                }
            ], 
            "wiki_id": 3196646, 
            "wiki_title": "Today (Singapore newspaper)"
        }, 
        {
            "annotations": [
                {
                    "begin": 911, 
                    "end": 925, 
                    "score": 0.019141079857945442, 
                    "spot": "out of control"
                }
            ], 
            "wiki_id": 19523893, 
            "wiki_title": "Out of Control (Girls Aloud album)"
        }, 
        {
            "annotations": [
                {
                    "begin": 971, 
                    "end": 979, 
                    "score": 0.078489288687706, 
                    "spot": "assisted"
                }
            ], 
            "wiki_id": 162615, 
            "wiki_title": "Assisted suicide"
        }, 
        {
            "annotations": [
                {
                    "begin": 770, 
                    "end": 779, 
                    "score": 0.11431363224983215, 
                    "spot": "lightning"
                }
            ], 
            "wiki_id": 61344, 
            "wiki_title": "Lightning"
        }, 
        {
            "annotations": [
                {
                    "begin": 1255, 
                    "end": 1258, 
                    "score": 0.29144787788391113, 
                    "spot": "dry"
                }
            ], 
            "wiki_id": 1228141, 
            "wiki_title": "Dry season"
        }, 
        {
            "annotations": [
                {
                    "begin": 2120, 
                    "end": 2131, 
                    "score": 0.03162393346428871, 
                    "spot": "River Trail"
                }
            ], 
            "wiki_id": 9510155, 
            "wiki_title": "River Trail (British Columbia)"
        }, 
        {
            "annotations": [
                {
                    "begin": 2539, 
                    "end": 2553, 
                    "score": 0.001424287911504507, 
                    "spot": "Three-quarters"
                }
            ], 
            "wiki_id": 771803, 
            "wiki_title": "Rugby union positions"
        }, 
        {
            "annotations": [
                {
                    "begin": 671, 
                    "end": 677, 
                    "score": 0.21429495513439178, 
                    "spot": "scenic"
                }
            ], 
            "wiki_id": 20657585, 
            "wiki_title": "Scenic route"
        }, 
        {
            "annotations": [
                {
                    "begin": 2829, 
                    "end": 2833, 
                    "score": 0.002006788970902562, 
                    "spot": "help"
                }
            ], 
            "wiki_id": 2252141, 
            "wiki_title": "Help! (song)"
        }, 
        {
            "annotations": [
                {
                    "begin": 1466, 
                    "end": 1469, 
                    "score": 0.0005023122066631913, 
                    "spot": "out"
                }
            ], 
            "wiki_id": 366439, 
            "wiki_title": "Out (magazine)"
        }, 
        {
            "annotations": [
                {
                    "begin": 1332, 
                    "end": 1342, 
                    "score": 0.4296875, 
                    "spot": "real quiet"
                }
            ], 
            "wiki_id": 692905, 
            "wiki_title": "Real Quiet"
        }, 
        {
            "annotations": [
                {
                    "begin": 1343, 
                    "end": 1352, 
                    "score": 0.009608332067728043, 
                    "spot": "out there"
                }
            ], 
            "wiki_id": 2197222, 
            "wiki_title": "Out There (Australian TV series)"
        }, 
        {
            "annotations": [
                {
                    "begin": 2199, 
                    "end": 2203, 
                    "score": 0.06538120657205582, 
                    "spot": "size"
                }
            ], 
            "wiki_id": 10401954, 
            "wiki_title": "Family"
        }, 
        {
            "annotations": [
                {
                    "begin": 1697, 
                    "end": 1702, 
                    "score": 0.0868549570441246, 
                    "spot": "hiked"
                }
            ], 
            "wiki_id": 147313, 
            "wiki_title": "Hiking"
        }, 
        {
            "annotations": [
                {
                    "begin": 927, 
                    "end": 932, 
                    "score": 0.0031716744415462017, 
                    "spot": "Chief"
                }
            ], 
            "wiki_id": 32175965, 
            "wiki_title": "Chief (album)"
        }, 
        {
            "annotations": [
                {
                    "begin": 2465, 
                    "end": 2469, 
                    "score": 0.1008329689502716, 
                    "spot": "west"
                }
            ], 
            "wiki_id": 17617, 
            "wiki_title": "Longitude"
        }, 
        {
            "annotations": [
                {
                    "begin": 812, 
                    "end": 816, 
                    "score": 0.19070947170257568, 
                    "spot": "burn"
                }, 
                {
                    "begin": 812, 
                    "end": 819, 
                    "score": 0.18950320780277252, 
                    "spot": "burn in"
                }
            ], 
            "wiki_id": 1306745, 
            "wiki_title": "Burn-in"
        }, 
        {
            "annotations": [
                {
                    "begin": 296, 
                    "end": 301, 
                    "score": 0.09699655324220657, 
                    "spot": "miles"
                }, 
                {
                    "begin": 2949, 
                    "end": 2954, 
                    "score": 0.05442575365304947, 
                    "spot": "miles"
                }
            ], 
            "wiki_id": 19159, 
            "wiki_title": "Mile"
        }, 
        {
            "annotations": [
                {
                    "begin": 1223, 
                    "end": 1230, 
                    "score": 0.18728499114513397, 
                    "spot": "control"
                }
            ], 
            "wiki_id": 312266, 
            "wiki_title": "Water pollution"
        }, 
        {
            "annotations": [
                {
                    "begin": 1660, 
                    "end": 1665, 
                    "score": 0.0005153461243025959, 
                    "spot": "small"
                }
            ], 
            "wiki_id": 246533, 
            "wiki_title": "Small hydro"
        }, 
        {
            "annotations": [
                {
                    "begin": 2751, 
                    "end": 2757, 
                    "score": 0.15625, 
                    "spot": "Damron"
                }, 
                {
                    "begin": 2969, 
                    "end": 2975, 
                    "score": 0.15625, 
                    "spot": "Damron"
                }
            ], 
            "wiki_id": 29402496, 
            "wiki_title": "Dane Damron"
        }, 
        {
            "annotations": [
                {
                    "begin": 2675, 
                    "end": 2681, 
                    "score": 0.15753716230392456, 
                    "spot": "damped"
                }
            ], 
            "wiki_id": 495563, 
            "wiki_title": "Damping"
        }, 
        {
            "annotations": [
                {
                    "begin": 92, 
                    "end": 97, 
                    "score": 0.06129777431488037, 
                    "spot": "fires"
                }, 
                {
                    "begin": 547, 
                    "end": 551, 
                    "score": 0.3605039119720459, 
                    "spot": "fire"
                }, 
                {
                    "begin": 626, 
                    "end": 635, 
                    "score": 0.03937947377562523, 
                    "spot": "wildfires"
                }, 
                {
                    "begin": 1116, 
                    "end": 1120, 
                    "score": 0.16607433557510376, 
                    "spot": "fire"
                }, 
                {
                    "begin": 1812, 
                    "end": 1816, 
                    "score": 0.28285539150238037, 
                    "spot": "fire"
                }, 
                {
                    "begin": 1831, 
                    "end": 1838, 
                    "score": 0.22978384792804718, 
                    "spot": "burning"
                }, 
                {
                    "begin": 2301, 
                    "end": 2305, 
                    "score": 0.1627287119626999, 
                    "spot": "fire"
                }, 
                {
                    "begin": 2597, 
                    "end": 2601, 
                    "score": 0.12347348779439926, 
                    "spot": "fire"
                }, 
                {
                    "begin": 2682, 
                    "end": 2687, 
                    "score": 0.2389536201953888, 
                    "spot": "fires"
                }, 
                {
                    "begin": 2721, 
                    "end": 2725, 
                    "score": 0.10704242438077927, 
                    "spot": "Fire"
                }, 
                {
                    "begin": 3009, 
                    "end": 3015, 
                    "score": 0.15321655571460724, 
                    "spot": "burned"
                }
            ], 
            "wiki_id": 56106, 
            "wiki_title": "Wildfire"
        }, 
        {
            "annotations": [
                {
                    "begin": 2927, 
                    "end": 2937, 
                    "score": 0.0572972409427166, 
                    "spot": "Management"
                }
            ], 
            "wiki_id": 19881, 
            "wiki_title": "Management"
        }, 
        {
            "annotations": [
                {
                    "begin": 1217, 
                    "end": 1230, 
                    "score": 0.001708711264654994, 
                    "spot": "under control"
                }
            ], 
            "wiki_id": 40743998, 
            "wiki_title": "Under Control (Calvin Harris and Alesso song)"
        }, 
        {
            "annotations": [
                {
                    "begin": 828, 
                    "end": 832, 
                    "score": 0.07141829282045364, 
                    "spot": "area"
                }
            ], 
            "wiki_id": 1209, 
            "wiki_title": "Area"
        }, 
        {
            "annotations": [
                {
                    "begin": 2911, 
                    "end": 2913, 
                    "score": 0.0014030684251338243, 
                    "spot": "Du"
                }
            ], 
            "wiki_id": 37514, 
            "wiki_title": "Depleted uranium"
        }, 
        {
            "annotations": [
                {
                    "begin": 876, 
                    "end": 882, 
                    "score": 0.15325576066970825, 
                    "spot": "30 mph"
                }
            ], 
            "wiki_id": 78809, 
            "wiki_title": "Speed limit"
        }, 
        {
            "annotations": [
                {
                    "begin": 3066, 
                    "end": 3073, 
                    "score": 0.33427077531814575, 
                    "spot": "Phoenix"
                }, 
                {
                    "begin": 3066, 
                    "end": 3079, 
                    "score": 0.3618277907371521, 
                    "spot": "Phoenix, Ariz"
                }
            ], 
            "wiki_id": 49121, 
            "wiki_title": "Phoenix, Arizona"
        }, 
        {
            "annotations": [
                {
                    "begin": 1647, 
                    "end": 1653, 
                    "score": 0.0021803646814078093, 
                    "spot": "Monday"
                }
            ], 
            "wiki_id": 4464270, 
            "wiki_title": "Monday Night Baseball"
        }, 
        {
            "annotations": [
                {
                    "begin": 2624, 
                    "end": 2648, 
                    "score": 0.5, 
                    "spot": "Shoshone National Forest"
                }
            ], 
            "wiki_id": 2368408, 
            "wiki_title": "Shoshone National Forest"
        }, 
        {
            "annotations": [
                {
                    "begin": 262, 
                    "end": 277, 
                    "score": 0.1757558435201645, 
                    "spot": "National Forest"
                }
            ], 
            "wiki_id": 42653, 
            "wiki_title": "United States National Forest"
        }, 
        {
            "annotations": [
                {
                    "begin": 636, 
                    "end": 647, 
                    "score": 0.03842549026012421, 
                    "spot": "last summer"
                }
            ], 
            "wiki_id": 1591994, 
            "wiki_title": "Last Summer (film)"
        }, 
        {
            "annotations": [
                {
                    "begin": 717, 
                    "end": 722, 
                    "score": 0.0656513199210167, 
                    "spot": "today"
                }
            ], 
            "wiki_id": 226675, 
            "wiki_title": "Today (U.S. TV program)"
        }, 
        {
            "annotations": [
                {
                    "begin": 1284, 
                    "end": 1299, 
                    "score": 0.007299270015209913, 
                    "spot": "before the fire"
                }
            ], 
            "wiki_id": 32185611, 
            "wiki_title": "Before the Fire"
        }, 
        {
            "annotations": [
                {
                    "begin": 338, 
                    "end": 342, 
                    "score": 0.09782511740922928, 
                    "spot": "fire"
                }, 
                {
                    "begin": 745, 
                    "end": 749, 
                    "score": 0.22374582290649414, 
                    "spot": "fire"
                }, 
                {
                    "begin": 1029, 
                    "end": 1034, 
                    "score": 0.20270876586437225, 
                    "spot": "blaze"
                }, 
                {
                    "begin": 1295, 
                    "end": 1299, 
                    "score": 0.008289387449622154, 
                    "spot": "fire"
                }, 
                {
                    "begin": 1926, 
                    "end": 1931, 
                    "score": 0.17952118813991547, 
                    "spot": "fires"
                }, 
                {
                    "begin": 2083, 
                    "end": 2089, 
                    "score": 0.13487806916236877, 
                    "spot": "flames"
                }, 
                {
                    "begin": 2192, 
                    "end": 2196, 
                    "score": 0.0731305480003357, 
                    "spot": "fire"
                }, 
                {
                    "begin": 2442, 
                    "end": 2447, 
                    "score": 0.19244447350502014, 
                    "spot": "blaze"
                }, 
                {
                    "begin": 2998, 
                    "end": 3002, 
                    "score": 0.10335877537727356, 
                    "spot": "fire"
                }
            ], 
            "wiki_id": 11145, 
            "wiki_title": "Fire"
        }, 
        {
            "annotations": [
                {
                    "begin": 32, 
                    "end": 40, 
                    "score": 0.41104304790496826, 
                    "spot": "Michigan"
                }, 
                {
                    "begin": 1188, 
                    "end": 1196, 
                    "score": 0.17141862213611603, 
                    "spot": "Michigan"
                }
            ], 
            "wiki_id": 18859, 
            "wiki_title": "Michigan"
        }, 
        {
            "annotations": [
                {
                    "begin": 1434, 
                    "end": 1439, 
                    "score": 0.003625597106292844, 
                    "spot": "think"
                }
            ], 
            "wiki_id": 27748226, 
            "wiki_title": "Jeopardy!"
        }, 
        {
            "annotations": [
                {
                    "begin": 2763, 
                    "end": 2768, 
                    "score": 0.0658896267414093, 
                    "spot": "water"
                }
            ], 
            "wiki_id": 33306, 
            "wiki_title": "Water"
        }, 
        {
            "annotations": [
                {
                    "begin": 2738, 
                    "end": 2745, 
                    "score": 0.08032115548849106, 
                    "spot": "officer"
                }
            ], 
            "wiki_id": 36301328, 
            "wiki_title": "Officer (armed forces)"
        }, 
        {
            "annotations": [
                {
                    "begin": 42, 
                    "end": 49, 
                    "score": 0.5622929334640503, 
                    "spot": "Montana"
                }, 
                {
                    "begin": 1769, 
                    "end": 1776, 
                    "score": 0.35240671038627625, 
                    "spot": "Montana"
                }
            ], 
            "wiki_id": 19978, 
            "wiki_title": "Montana"
        }, 
        {
            "annotations": [
                {
                    "begin": 944, 
                    "end": 950, 
                    "score": 0.12029372155666351, 
                    "spot": "Andrew"
                }
            ], 
            "wiki_id": 35999637, 
            "wiki_title": "Hurricane Andrew"
        }, 
        {
            "annotations": [
                {
                    "begin": 857, 
                    "end": 862, 
                    "score": 0.09570958465337753, 
                    "spot": "winds"
                }
            ], 
            "wiki_id": 14633336, 
            "wiki_title": "Maximum sustained wind"
        }, 
        {
            "annotations": [
                {
                    "begin": 2213, 
                    "end": 2220, 
                    "score": 0.5, 
                    "spot": "Jaquith"
                }, 
                {
                    "begin": 2522, 
                    "end": 2529, 
                    "score": 0.5, 
                    "spot": "Jaquith"
                }
            ], 
            "wiki_id": 16089024, 
            "wiki_title": "Clarence Jaquith"
        }, 
        {
            "annotations": [
                {
                    "begin": 450, 
                    "end": 463, 
                    "score": 0.5, 
                    "spot": "bottle rocket"
                }
            ], 
            "wiki_id": 524139, 
            "wiki_title": "Bottle Rocket"
        }, 
        {
            "annotations": [
                {
                    "begin": 302, 
                    "end": 306, 
                    "score": 0.16567429900169373, 
                    "spot": "west"
                }
            ], 
            "wiki_id": 174579, 
            "wiki_title": "West Coast of the United States"
        }, 
        {
            "annotations": [
                {
                    "begin": 485, 
                    "end": 496, 
                    "score": 0.005452821031212807, 
                    "spot": "spokeswoman"
                }, 
                {
                    "begin": 1496, 
                    "end": 1505, 
                    "score": 0.007103105075657368, 
                    "spot": "spokesman"
                }
            ], 
            "wiki_id": 338047, 
            "wiki_title": "Spokesperson"
        }, 
        {
            "annotations": [
                {
                    "begin": 2496, 
                    "end": 2505, 
                    "score": 0.004298843909054995, 
                    "spot": "two miles"
                }
            ], 
            "wiki_id": 18390957, 
            "wiki_title": "Two miles"
        }, 
        {
            "annotations": [
                {
                    "begin": 1693, 
                    "end": 1696, 
                    "score": 0.02743203565478325, 
                    "spot": "who"
                }
            ], 
            "wiki_id": 33583, 
            "wiki_title": "World Health Organization"
        }, 
        {
            "annotations": [
                {
                    "begin": 1448, 
                    "end": 1454, 
                    "score": 0.0011404366232454777, 
                    "spot": "got\nit"
                }
            ], 
            "wiki_id": 41691596, 
            "wiki_title": "Got It?"
        }, 
        {
            "annotations": [
                {
                    "begin": 3057, 
                    "end": 3062, 
                    "score": 0.12200486660003662, 
                    "spot": "north"
                }
            ], 
            "wiki_id": 21139, 
            "wiki_title": "North America"
        }, 
        {
            "annotations": [
                {
                    "begin": 1631, 
                    "end": 1635, 
                    "score": 0.01926732249557972, 
                    "spot": "rain"
                }
            ], 
            "wiki_id": 2990309, 
            "wiki_title": "Rain (Madonna song)"
        }, 
        {
            "annotations": [
                {
                    "begin": 218, 
                    "end": 223, 
                    "score": 0.0013493620790541172, 
                    "spot": "swept"
                }
            ], 
            "wiki_id": 246851, 
            "wiki_title": "Swept wing"
        }, 
        {
            "annotations": [
                {
                    "begin": 2962, 
                    "end": 2967, 
                    "score": 0.04124022275209427, 
                    "spot": "north"
                }
            ], 
            "wiki_id": 56478, 
            "wiki_title": "North"
        }, 
        {
            "annotations": [
                {
                    "begin": 2865, 
                    "end": 2877, 
                    "score": 0.0005513058858923614, 
                    "spot": "concentrated"
                }
            ], 
            "wiki_id": 7512, 
            "wiki_title": "Concentration"
        }, 
        {
            "annotations": [
                {
                    "begin": 2798, 
                    "end": 2802, 
                    "score": 0.06817605346441269, 
                    "spot": "bogs"
                }
            ], 
            "wiki_id": 147341, 
            "wiki_title": "Bog"
        }, 
        {
            "annotations": [
                {
                    "begin": 2143, 
                    "end": 2158, 
                    "score": 0.18421052396297455, 
                    "spot": "wilderness area"
                }
            ], 
            "wiki_id": 56518, 
            "wiki_title": "Wilderness area"
        }, 
        {
            "annotations": [
                {
                    "begin": 1745, 
                    "end": 1751, 
                    "score": 0.07549324631690979, 
                    "spot": "Monday"
                }, 
                {
                    "begin": 3111, 
                    "end": 3117, 
                    "score": 0.1821100115776062, 
                    "spot": "Monday"
                }
            ], 
            "wiki_id": 195068, 
            "wiki_title": "Monday Night Football"
        }, 
        {
            "annotations": [
                {
                    "begin": 2746, 
                    "end": 2750, 
                    "score": 0.05237637832760811, 
                    "spot": "Dave"
                }
            ], 
            "wiki_id": 693325, 
            "wiki_title": "Dave (film)"
        }, 
        {
            "annotations": [
                {
                    "begin": 1601, 
                    "end": 1604, 
                    "score": 0.10235609859228134, 
                    "spot": "out"
                }
            ], 
            "wiki_id": 764059, 
            "wiki_title": "Dismissal (cricket)"
        }, 
        {
            "annotations": [
                {
                    "begin": 2791, 
                    "end": 2794, 
                    "score": 0.04472232237458229, 
                    "spot": "out"
                }
            ], 
            "wiki_id": 18912922, 
            "wiki_title": "Closeted"
        }, 
        {
            "annotations": [
                {
                    "begin": 593, 
                    "end": 603, 
                    "score": 0.06034468859434128, 
                    "spot": "Stanislaus"
                }
            ], 
            "wiki_id": 2590247, 
            "wiki_title": "Stanislaus River"
        }, 
        {
            "annotations": [
                {
                    "begin": 1169, 
                    "end": 1184, 
                    "score": 0.8198198080062866, 
                    "spot": "Upper Peninsula"
                }, 
                {
                    "begin": 1169, 
                    "end": 1196, 
                    "score": 0.7997987866401672, 
                    "spot": "Upper Peninsula of Michigan"
                }
            ], 
            "wiki_id": 32117, 
            "wiki_title": "Upper Peninsula of Michigan"
        }, 
        {
            "annotations": [
                {
                    "begin": 893, 
                    "end": 899, 
                    "score": 0.006866416893899441, 
                    "spot": "fanned"
                }
            ], 
            "wiki_id": 242813, 
            "wiki_title": "Strikeout"
        }, 
        {
            "annotations": [
                {
                    "begin": 1251, 
                    "end": 1254, 
                    "score": 0.2284499704837799, 
                    "spot": "hot"
                }, 
                {
                    "begin": 2384, 
                    "end": 2396, 
                    "score": 0.06887580454349518, 
                    "spot": "temperatures"
                }
            ], 
            "wiki_id": 20647050, 
            "wiki_title": "Temperature"
        }, 
        {
            "annotations": [
                {
                    "begin": 1390, 
                    "end": 1404, 
                    "score": 0.5205898880958557, 
                    "spot": "County Sheriff"
                }, 
                {
                    "begin": 1397, 
                    "end": 1404, 
                    "score": 0.5668489933013916, 
                    "spot": "Sheriff"
                }
            ], 
            "wiki_id": 89516, 
            "wiki_title": "Sheriff"
        }, 
        {
            "annotations": [
                {
                    "begin": 1581, 
                    "end": 1584, 
                    "score": 0.0005396732012741268, 
                    "spot": "may"
                }
            ], 
            "wiki_id": 1351617, 
            "wiki_title": "Peter May (cricketer)"
        }, 
        {
            "annotations": [
                {
                    "begin": 4, 
                    "end": 16, 
                    "score": 0.10372506082057953, 
                    "spot": "Firefighters"
                }, 
                {
                    "begin": 698, 
                    "end": 710, 
                    "score": 0.14161108434200287, 
                    "spot": "firefighters"
                }, 
                {
                    "begin": 957, 
                    "end": 969, 
                    "score": 0.13541899621486664, 
                    "spot": "Firefighters"
                }, 
                {
                    "begin": 2043, 
                    "end": 2055, 
                    "score": 0.1865045428276062, 
                    "spot": "firefighters"
                }, 
                {
                    "begin": 2852, 
                    "end": 2864, 
                    "score": 0.02002503164112568, 
                    "spot": "Firefighters"
                }
            ], 
            "wiki_id": 146303, 
            "wiki_title": "Firefighter"
        }, 
        {
            "annotations": [
                {
                    "begin": 530, 
                    "end": 538, 
                    "score": 0.4354652762413025, 
                    "spot": "Forestry"
                }
            ], 
            "wiki_id": 53912, 
            "wiki_title": "Forestry"
        }, 
        {
            "annotations": [
                {
                    "begin": 608, 
                    "end": 617, 
                    "score": 0.1875, 
                    "spot": "the scene"
                }
            ], 
            "wiki_id": 1634555, 
            "wiki_title": "The Scene (miniseries)"
        }, 
        {
            "annotations": [
                {
                    "begin": 319, 
                    "end": 332, 
                    "score": 0.13566096127033234, 
                    "spot": "National Park"
                }, 
                {
                    "begin": 683, 
                    "end": 696, 
                    "score": 0.11647038161754608, 
                    "spot": "National Park"
                }, 
                {
                    "begin": 1148, 
                    "end": 1161, 
                    "score": 0.22863076627254486, 
                    "spot": "National Park"
                }
            ], 
            "wiki_id": 21818, 
            "wiki_title": "National park"
        }, 
        {
            "annotations": [
                {
                    "begin": 139, 
                    "end": 145, 
                    "score": 0.22542712092399597, 
                    "spot": "forest"
                }, 
                {
                    "begin": 271, 
                    "end": 277, 
                    "score": 0.10000428557395935, 
                    "spot": "Forest"
                }, 
                {
                    "begin": 575, 
                    "end": 581, 
                    "score": 0.0878218486905098, 
                    "spot": "forest"
                }, 
                {
                    "begin": 1860, 
                    "end": 1866, 
                    "score": 0.14415845274925232, 
                    "spot": "forest"
                }, 
                {
                    "begin": 2272, 
                    "end": 2278, 
                    "score": 0.05157078057527542, 
                    "spot": "Forest"
                }, 
                {
                    "begin": 2642, 
                    "end": 2648, 
                    "score": 0.12084469944238663, 
                    "spot": "Forest"
                }, 
                {
                    "begin": 2819, 
                    "end": 2825, 
                    "score": 0.14727704226970673, 
                    "spot": "forest"
                }, 
                {
                    "begin": 3050, 
                    "end": 3056, 
                    "score": 0.13943251967430115, 
                    "spot": "Forest"
                }
            ], 
            "wiki_id": 11090, 
            "wiki_title": "Forest"
        }, 
        {
            "annotations": [
                {
                    "begin": 2109, 
                    "end": 2125, 
                    "score": 0.5, 
                    "spot": "Stillwater River"
                }, 
                {
                    "begin": 2331, 
                    "end": 2347, 
                    "score": 0.5, 
                    "spot": "Stillwater River"
                }
            ], 
            "wiki_id": 553797, 
            "wiki_title": "Stillwater River (Ohio)"
        }, 
        {
            "annotations": [
                {
                    "begin": 2560, 
                    "end": 2564, 
                    "score": 0.08075905591249466, 
                    "spot": "inch"
                }
            ], 
            "wiki_id": 14775, 
            "wiki_title": "Inch"
        }, 
        {
            "annotations": [
                {
                    "begin": 2165, 
                    "end": 2170, 
                    "score": 0.18437068164348602, 
                    "spot": "winds"
                }, 
                {
                    "begin": 2408, 
                    "end": 2412, 
                    "score": 0.12552666664123535, 
                    "spot": "wind"
                }
            ], 
            "wiki_id": 15440316, 
            "wiki_title": "Wind"
        }, 
        {
            "annotations": [
                {
                    "begin": 2180, 
                    "end": 2187, 
                    "score": 0.0037728354800492525, 
                    "spot": "tripled"
                }
            ], 
            "wiki_id": 300742, 
            "wiki_title": "Triple (baseball)"
        }, 
        {
            "annotations": [
                {
                    "begin": 2576, 
                    "end": 2582, 
                    "score": 0.07706756144762039, 
                    "spot": "Monday"
                }
            ], 
            "wiki_id": 54406, 
            "wiki_title": "Monday"
        }, 
        {
            "annotations": [
                {
                    "begin": 171, 
                    "end": 188, 
                    "score": 0.2763157784938812, 
                    "spot": "Illegal fireworks"
                }, 
                {
                    "begin": 179, 
                    "end": 188, 
                    "score": 0.2526700496673584, 
                    "spot": "fireworks"
                }
            ], 
            "wiki_id": 59493, 
            "wiki_title": "Fireworks"
        }, 
        {
            "annotations": [
                {
                    "begin": 389, 
                    "end": 401, 
                    "score": 0.16348068416118622, 
                    "spot": "this morning"
                }
            ], 
            "wiki_id": 195130, 
            "wiki_title": "The Early Show"
        }, 
        {
            "annotations": [
                {
                    "begin": 1961, 
                    "end": 1967, 
                    "score": 0.1727377325296402, 
                    "spot": "trails"
                }, 
                {
                    "begin": 2515, 
                    "end": 2520, 
                    "score": 0.01044140849262476, 
                    "spot": "trail"
                }
            ], 
            "wiki_id": 66728, 
            "wiki_title": "Trail"
        }, 
        {
            "annotations": [
                {
                    "begin": 998, 
                    "end": 1006, 
                    "score": 0.1147761270403862, 
                    "spot": "aircraft"
                }
            ], 
            "wiki_id": 849, 
            "wiki_title": "Aircraft"
        }, 
        {
            "annotations": [
                {
                    "begin": 20, 
                    "end": 30, 
                    "score": 0.2944990396499634, 
                    "spot": "California"
                }, 
                {
                    "begin": 281, 
                    "end": 291, 
                    "score": 0.2259274572134018, 
                    "spot": "California"
                }
            ], 
            "wiki_id": 5407, 
            "wiki_title": "California"
        }, 
        {
            "annotations": [
                {
                    "begin": 251, 
                    "end": 277, 
                    "score": 0.5, 
                    "spot": "Stanislaus National Forest"
                }
            ], 
            "wiki_id": 1127826, 
            "wiki_title": "Stanislaus National Forest"
        }, 
        {
            "annotations": [
                {
                    "begin": 2691, 
                    "end": 2716, 
                    "score": 0.7500150203704834, 
                    "spot": "Yellowstone National Park"
                }
            ], 
            "wiki_id": 34340, 
            "wiki_title": "Yellowstone National Park"
        }, 
        {
            "annotations": [
                {
                    "begin": 1867, 
                    "end": 1876, 
                    "score": 0.029601166024804115, 
                    "spot": "officials"
                }
            ], 
            "wiki_id": 234989, 
            "wiki_title": "Northwest Territory"
        }, 
        {
            "annotations": [
                {
                    "begin": 194, 
                    "end": 200, 
                    "score": 0.0012042984599247575, 
                    "spot": "blamed"
                }
            ], 
            "wiki_id": 47235157, 
            "wiki_title": "The Blamed"
        }, 
        {
            "annotations": [
                {
                    "begin": 408, 
                    "end": 410, 
                    "score": 0.10635082423686981, 
                    "spot": "We"
                }
            ], 
            "wiki_id": 165128, 
            "wiki_title": "Royal we"
        }, 
        {
            "annotations": [
                {
                    "begin": 849, 
                    "end": 855, 
                    "score": 0.003950109705328941, 
                    "spot": "Sunday"
                }
            ], 
            "wiki_id": 1452530, 
            "wiki_title": "Heathen (David Bowie album)"
        }, 
        {
            "annotations": [
                {
                    "begin": 416, 
                    "end": 424, 
                    "score": 0.11114297807216644, 
                    "spot": "evidence"
                }
            ], 
            "wiki_id": 2001231, 
            "wiki_title": "Evidence (law)"
        }, 
        {
            "annotations": [
                {
                    "begin": 780, 
                    "end": 787, 
                    "score": 0.0006223831442184746, 
                    "spot": "June\n19"
                }, 
                {
                    "begin": 1851, 
                    "end": 1858, 
                    "score": 0.0006223831442184746, 
                    "spot": "June 19"
                }
            ], 
            "wiki_id": 2053910, 
            "wiki_title": "June 19 (Eastern Orthodox liturgics)"
        }, 
        {
            "annotations": [
                {
                    "begin": 1255, 
                    "end": 1266, 
                    "score": 0.23539340496063232, 
                    "spot": "dry weather"
                }
            ], 
            "wiki_id": 560009, 
            "wiki_title": "Arid"
        }, 
        {
            "annotations": [
                {
                    "begin": 3035, 
                    "end": 3056, 
                    "score": 0.6221300363540649, 
                    "spot": "Tonto National\nForest"
                }
            ], 
            "wiki_id": 764976, 
            "wiki_title": "Tonto National Forest"
        }, 
        {
            "annotations": [
                {
                    "begin": 2241, 
                    "end": 2247, 
                    "score": 0.1529298722743988, 
                    "spot": "ranger"
                }
            ], 
            "wiki_id": 16111558, 
            "wiki_title": "National Park Service Ranger"
        }, 
        {
            "annotations": [
                {
                    "begin": 2289, 
                    "end": 2293, 
                    "score": 0.002164596924558282, 
                    "spot": "bulk"
                }
            ], 
            "wiki_id": 1485158, 
            "wiki_title": "Bulk and Skull"
        }, 
        {
            "annotations": [
                {
                    "begin": 1935, 
                    "end": 1939, 
                    "score": 0.22227580845355988, 
                    "spot": "burn"
                }, 
                {
                    "begin": 1998, 
                    "end": 2002, 
                    "score": 0.1554262489080429, 
                    "spot": "burn"
                }
            ], 
            "wiki_id": 18842308, 
            "wiki_title": "Stream"
        }, 
        {
            "annotations": [
                {
                    "begin": 150, 
                    "end": 166, 
                    "score": 0.15159709751605988, 
                    "spot": "wilderness areas"
                }, 
                {
                    "begin": 1915, 
                    "end": 1925, 
                    "score": 0.2882588505744934, 
                    "spot": "wilderness"
                }, 
                {
                    "begin": 2015, 
                    "end": 2025, 
                    "score": 0.23208236694335938, 
                    "spot": "wilderness"
                }
            ], 
            "wiki_id": 396275, 
            "wiki_title": "Wilderness"
        }, 
        {
            "annotations": [
                {
                    "begin": 1901, 
                    "end": 1907, 
                    "score": 0.22153417766094208, 
                    "spot": "policy"
                }
            ], 
            "wiki_id": 3407706, 
            "wiki_title": "Environmental policy"
        }, 
        {
            "annotations": [
                {
                    "begin": 1666, 
                    "end": 1676, 
                    "score": 0.003212290583178401, 
                    "spot": "contingent"
                }
            ], 
            "wiki_id": 17753389, 
            "wiki_title": "Contingency (philosophy)"
        }, 
        {
            "annotations": [
                {
                    "begin": 505, 
                    "end": 538, 
                    "score": 0.1666666716337204, 
                    "spot": "California Department of\nForestry"
                }
            ], 
            "wiki_id": 4835411, 
            "wiki_title": "California Department of Forestry and Fire Protection"
        }, 
        {
            "annotations": [
                {
                    "begin": 879, 
                    "end": 882, 
                    "score": 0.2294664978981018, 
                    "spot": "mph"
                }
            ], 
            "wiki_id": 182283, 
            "wiki_title": "Miles per hour"
        }, 
        {
            "annotations": [
                {
                    "begin": 2430, 
                    "end": 2437, 
                    "score": 0.021514274179935455, 
                    "spot": "getting"
                }
            ], 
            "wiki_id": 40224738, 
            "wiki_title": "Getting On (U.S. TV series)"
        }, 
        {
            "annotations": [
                {
                    "begin": 822, 
                    "end": 827, 
                    "score": 0.05159807577729225, 
                    "spot": "small"
                }
            ], 
            "wiki_id": 43537463, 
            "wiki_title": "Size"
        }, 
        {
            "annotations": [
                {
                    "begin": 84, 
                    "end": 91, 
                    "score": 0.05368691310286522, 
                    "spot": "weekend"
                }
            ], 
            "wiki_id": 2016347, 
            "wiki_title": "Workweek and weekend"
        }, 
        {
            "annotations": [
                {
                    "begin": 1564, 
                    "end": 1574, 
                    "score": 0.003383227391168475, 
                    "spot": "patrolling"
                }
            ], 
            "wiki_id": 576232, 
            "wiki_title": "Patrolling"
        }, 
        {
            "annotations": [
                {
                    "begin": 940, 
                    "end": 943, 
                    "score": 0.007542590145021677, 
                    "spot": "Bob"
                }
            ], 
            "wiki_id": 60534, 
            "wiki_title": "Shilling"
        }, 
        {
            "annotations": [
                {
                    "begin": 1071, 
                    "end": 1086, 
                    "score": 0.20554335415363312, 
                    "spot": "property damage"
                }
            ], 
            "wiki_id": 46698, 
            "wiki_title": "Property damage"
        }, 
        {
            "annotations": [
                {
                    "begin": 1356, 
                    "end": 1359, 
                    "score": 0.008869857527315617, 
                    "spot": "Sgt"
                }
            ], 
            "wiki_id": 219424, 
            "wiki_title": "Sergeant"
        }, 
        {
            "annotations": [
                {
                    "begin": 130, 
                    "end": 135, 
                    "score": 0.08600378781557083, 
                    "spot": "acres"
                }, 
                {
                    "begin": 242, 
                    "end": 247, 
                    "score": 0.09179452061653137, 
                    "spot": "acres"
                }, 
                {
                    "begin": 1130, 
                    "end": 1135, 
                    "score": 0.1573602259159088, 
                    "spot": "acres"
                }, 
                {
                    "begin": 2611, 
                    "end": 2616, 
                    "score": 0.10369537025690079, 
                    "spot": "acres"
                }, 
                {
                    "begin": 3022, 
                    "end": 3027, 
                    "score": 0.1212073490023613, 
                    "spot": "acres"
                }
            ], 
            "wiki_id": 1797, 
            "wiki_title": "Acre"
        }, 
        {
            "annotations": [
                {
                    "begin": 1361, 
                    "end": 1366, 
                    "score": 0.14043430984020233, 
                    "spot": "Terry"
                }
            ], 
            "wiki_id": 91432, 
            "wiki_title": "Terry County, Texas"
        }, 
        {
            "annotations": [
                {
                    "begin": 1445, 
                    "end": 1447, 
                    "score": 0.02332695573568344, 
                    "spot": "ve"
                }
            ], 
            "wiki_id": 32374, 
            "wiki_title": "Venezuela"
        }, 
        {
            "annotations": [
                {
                    "begin": 2362, 
                    "end": 2372, 
                    "score": 0.004774604458361864, 
                    "spot": "suppressed"
                }
            ], 
            "wiki_id": 38048372, 
            "wiki_title": "Suppressor"
        }, 
        {
            "annotations": [
                {
                    "begin": 678, 
                    "end": 696, 
                    "score": 0.5, 
                    "spot": "Zion National Park"
                }
            ], 
            "wiki_id": 18952631, 
            "wiki_title": "Zion National Park"
        }, 
        {
            "annotations": [
                {
                    "begin": 1278, 
                    "end": 1283, 
                    "score": 0.1023305281996727, 
                    "spot": "weeks"
                }
            ], 
            "wiki_id": 13782, 
            "wiki_title": "Hebrew calendar"
        }, 
        {
            "annotations": [
                {
                    "begin": 933, 
                    "end": 939, 
                    "score": 0.03655603528022766, 
                    "spot": "Ranger"
                }
            ], 
            "wiki_id": 385000, 
            "wiki_title": "Texas Ranger Division"
        }, 
        {
            "annotations": [
                {
                    "begin": 235, 
                    "end": 241, 
                    "score": 0.0007439553737640381, 
                    "spot": "rugged"
                }
            ], 
            "wiki_id": 4635549, 
            "wiki_title": "Rugged computer"
        }, 
        {
            "annotations": [
                {
                    "begin": 655, 
                    "end": 668, 
                    "score": 0.293310284614563, 
                    "spot": "southern Utah"
                }
            ], 
            "wiki_id": 929736, 
            "wiki_title": "Southern Utah University"
        }, 
        {
            "annotations": [
                {
                    "begin": 1971, 
                    "end": 1981, 
                    "score": 0.15517161786556244, 
                    "spot": "structures"
                }
            ], 
            "wiki_id": 93545, 
            "wiki_title": "Structure"
        }, 
        {
            "annotations": [
                {
                    "begin": 2256, 
                    "end": 2278, 
                    "score": 0.8491215109825134, 
                    "spot": "Custer National\nForest"
                }
            ], 
            "wiki_id": 2303790, 
            "wiki_title": "Custer National Forest"
        }, 
        {
            "annotations": [
                {
                    "begin": 2171, 
                    "end": 2179, 
                    "score": 0.0024017111863940954, 
                    "spot": "Saturday"
                }
            ], 
            "wiki_id": 31521466, 
            "wiki_title": "Samstag aus Licht"
        }, 
        {
            "annotations": [
                {
                    "begin": 356, 
                    "end": 364, 
                    "score": 0.16257022321224213, 
                    "spot": "Saturday"
                }
            ], 
            "wiki_id": 28809, 
            "wiki_title": "Shabbat"
        }, 
        {
            "annotations": [
                {
                    "begin": 1542, 
                    "end": 1546, 
                    "score": 0.11389808356761932, 
                    "spot": "will"
                }
            ], 
            "wiki_id": 77697, 
            "wiki_title": "Will and testament"
        }, 
        {
            "annotations": [
                {
                    "begin": 2726, 
                    "end": 2745, 
                    "score": 0.1272713840007782, 
                    "spot": "information officer"
                }
            ], 
            "wiki_id": 5183633, 
            "wiki_title": "Central Intelligence Agency"
        }, 
        {
            "annotations": [
                {
                    "begin": 621, 
                    "end": 625, 
                    "score": 0.0005544412415474653, 
                    "spot": "huge"
                }
            ], 
            "wiki_id": 26009763, 
            "wiki_title": "Huge (TV series)"
        }, 
        {
            "annotations": [
                {
                    "begin": 477, 
                    "end": 481, 
                    "score": 0.10435090959072113, 
                    "spot": "Hale"
                }
            ], 
            "wiki_id": 319866, 
            "wiki_title": "Wendover"
        }, 
        {
            "annotations": [
                {
                    "begin": 2222, 
                    "end": 2231, 
                    "score": 0.18333333730697632, 
                    "spot": "Beartooth"
                }
            ], 
            "wiki_id": 41203006, 
            "wiki_title": "Beartooth (band)"
        }, 
        {
            "annotations": [
                {
                    "begin": 1559, 
                    "end": 1563, 
                    "score": 0.034611694514751434, 
                    "spot": "keep"
                }
            ], 
            "wiki_id": 957422, 
            "wiki_title": "Keep"
        }, 
        {
            "annotations": [
                {
                    "begin": 2318, 
                    "end": 2323, 
                    "score": 0.13307015597820282, 
                    "spot": "banks"
                }, 
                {
                    "begin": 2470, 
                    "end": 2479, 
                    "score": 0.1416325569152832, 
                    "spot": "riverbank"
                }
            ], 
            "wiki_id": 1637752, 
            "wiki_title": "Bank (geography)"
        }, 
        {
            "annotations": [
                {
                    "begin": 1273, 
                    "end": 1277, 
                    "score": 0.10657308250665665, 
                    "spot": "mean"
                }
            ], 
            "wiki_id": 19192, 
            "wiki_title": "Mean"
        }, 
        {
            "annotations": [
                {
                    "begin": 904, 
                    "end": 910, 
                    "score": 0.02595401741564274, 
                    "spot": "flames"
                }
            ], 
            "wiki_id": 737240, 
            "wiki_title": "In Flames"
        }, 
        {
            "annotations": [
                {
                    "begin": 2919, 
                    "end": 2926, 
                    "score": 0.06702591478824615, 
                    "spot": "Special"
                }
            ], 
            "wiki_id": 12940851, 
            "wiki_title": "Special library"
        }, 
        {
            "annotations": [
                {
                    "begin": 2810, 
                    "end": 2818, 
                    "score": 0.3098733723163605, 
                    "spot": "Shoshone"
                }
            ], 
            "wiki_id": 96308, 
            "wiki_title": "Shoshone County, Idaho"
        }, 
        {
            "annotations": [
                {
                    "begin": 2074, 
                    "end": 2078, 
                    "score": 0.05901682376861572, 
                    "spot": "stop"
                }
            ], 
            "wiki_id": 557643, 
            "wiki_title": "Stop sign"
        }, 
        {
            "annotations": [
                {
                    "begin": 2401, 
                    "end": 2407, 
                    "score": 0.2222222238779068, 
                    "spot": "calmer"
                }
            ], 
            "wiki_id": 6826234, 
            "wiki_title": "Ned Calmer"
        }, 
        {
            "annotations": [
                {
                    "begin": 1139, 
                    "end": 1147, 
                    "score": 0.3960636556148529, 
                    "spot": "Hiawatha"
                }
            ], 
            "wiki_id": 282624, 
            "wiki_title": "Hiawatha National Forest"
        }, 
        {
            "annotations": [
                {
                    "begin": 1259, 
                    "end": 1266, 
                    "score": 0.22226810455322266, 
                    "spot": "weather"
                }
            ], 
            "wiki_id": 33978, 
            "wiki_title": "Weather"
        }, 
        {
            "annotations": [
                {
                    "begin": 2026, 
                    "end": 2034, 
                    "score": 0.09894122183322906, 
                    "spot": "boundary"
                }
            ], 
            "wiki_id": 630260, 
            "wiki_title": "Canada\u2013United States border"
        }, 
        {
            "annotations": [
                {
                    "begin": 2914, 
                    "end": 2918, 
                    "score": 0.03268267586827278, 
                    "spot": "Noir"
                }
            ], 
            "wiki_id": 10802, 
            "wiki_title": "Film noir"
        }, 
        {
            "annotations": [
                {
                    "begin": 2590, 
                    "end": 2594, 
                    "score": 0.13216829299926758, 
                    "spot": "slow"
                }
            ], 
            "wiki_id": 28748, 
            "wiki_title": "Speed"
        }, 
        {
            "annotations": [
                {
                    "begin": 1476, 
                    "end": 1495, 
                    "score": 0.37060385942459106, 
                    "spot": "U.S. Forest Service"
                }, 
                {
                    "begin": 1886, 
                    "end": 1900, 
                    "score": 0.12153133749961853, 
                    "spot": "Forest Service"
                }
            ], 
            "wiki_id": 42652, 
            "wiki_title": "United States Forest Service"
        }
    ]
}