{
    "tagme": [
        {
            "annotations": [
                {
                    "begin": 1335, 
                    "end": 1345, 
                    "score": 0.17179562151432037, 
                    "spot": "minorities"
                }
            ], 
            "wiki_id": 3058522, 
            "wiki_title": "Race and ethnicity in the United States"
        }, 
        {
            "annotations": [
                {
                    "begin": 143, 
                    "end": 149, 
                    "score": 0.08409200608730316, 
                    "spot": "expert"
                }
            ], 
            "wiki_id": 9892, 
            "wiki_title": "Expert"
        }, 
        {
            "annotations": [
                {
                    "begin": 794, 
                    "end": 799, 
                    "score": 0.001896655187010765, 
                    "spot": "basis"
                }
            ], 
            "wiki_id": 5036061, 
            "wiki_title": "Cost basis"
        }, 
        {
            "annotations": [
                {
                    "begin": 520, 
                    "end": 529, 
                    "score": 0.04727880656719208, 
                    "spot": "Meanwhile"
                }
            ], 
            "wiki_id": 7052969, 
            "wiki_title": "...Meanwhile"
        }, 
        {
            "annotations": [
                {
                    "begin": 2138, 
                    "end": 2146, 
                    "score": 0.4512198567390442, 
                    "spot": "Illinois"
                }
            ], 
            "wiki_id": 14849, 
            "wiki_title": "Illinois"
        }, 
        {
            "annotations": [
                {
                    "begin": 622, 
                    "end": 632, 
                    "score": 0.09914268553256989, 
                    "spot": "overlooked"
                }
            ], 
            "wiki_id": 40331925, 
            "wiki_title": "Medal of Honor"
        }, 
        {
            "annotations": [
                {
                    "begin": 1776, 
                    "end": 1787, 
                    "score": 0.007177033461630344, 
                    "spot": "projections"
                }
            ], 
            "wiki_id": 51784, 
            "wiki_title": "Map projection"
        }, 
        {
            "annotations": [
                {
                    "begin": 1921, 
                    "end": 1926, 
                    "score": 0.28894609212875366, 
                    "spot": "Texas"
                }
            ], 
            "wiki_id": 29810, 
            "wiki_title": "Texas"
        }, 
        {
            "annotations": [
                {
                    "begin": 1904, 
                    "end": 1908, 
                    "score": 0.003507028566673398, 
                    "spot": "gain"
                }
            ], 
            "wiki_id": 41968, 
            "wiki_title": "Gain (electronics)"
        }, 
        {
            "annotations": [
                {
                    "begin": 984, 
                    "end": 995, 
                    "score": 0.023396532982587814, 
                    "spot": "independent"
                }
            ], 
            "wiki_id": 62450, 
            "wiki_title": "Independence"
        }, 
        {
            "annotations": [
                {
                    "begin": 190, 
                    "end": 204, 
                    "score": 0.014990006573498249, 
                    "spot": "under pressure"
                }
            ], 
            "wiki_id": 158294, 
            "wiki_title": "Under Pressure"
        }, 
        {
            "annotations": [
                {
                    "begin": 117, 
                    "end": 128, 
                    "score": 0.01171875, 
                    "spot": "one another"
                }
            ], 
            "wiki_id": 21283574, 
            "wiki_title": "One to Another"
        }, 
        {
            "annotations": [
                {
                    "begin": 553, 
                    "end": 558, 
                    "score": 0.0059516699984669685, 
                    "spot": "final"
                }
            ], 
            "wiki_id": 44911, 
            "wiki_title": "Syllable"
        }, 
        {
            "annotations": [
                {
                    "begin": 1518, 
                    "end": 1522, 
                    "score": 0.03393334895372391, 
                    "spot": "five"
                }
            ], 
            "wiki_id": 39759119, 
            "wiki_title": "Five (2011 film)"
        }, 
        {
            "annotations": [
                {
                    "begin": 1569, 
                    "end": 1572, 
                    "score": 0.03061823733150959, 
                    "spot": "add"
                }
            ], 
            "wiki_id": 4081458, 
            "wiki_title": "Attention deficit hyperactivity disorder predominantly inattentive"
        }, 
        {
            "annotations": [
                {
                    "begin": 1841, 
                    "end": 1844, 
                    "score": 0.03361689671874046, 
                    "spot": "big"
                }
            ], 
            "wiki_id": 3969855, 
            "wiki_title": "Big Cottonwood Canyon"
        }, 
        {
            "annotations": [
                {
                    "begin": 2178, 
                    "end": 2181, 
                    "score": 0.06955472379922867, 
                    "spot": "one"
                }
            ], 
            "wiki_id": 1795679, 
            "wiki_title": "ONE Campaign"
        }, 
        {
            "annotations": [
                {
                    "begin": 660, 
                    "end": 666, 
                    "score": 0.25416192412376404, 
                    "spot": "blacks"
                }
            ], 
            "wiki_id": 273285, 
            "wiki_title": "Race and ethnicity in the United States Census"
        }, 
        {
            "annotations": [
                {
                    "begin": 1513, 
                    "end": 1517, 
                    "score": 0.0204841997474432, 
                    "spot": "gain"
                }
            ], 
            "wiki_id": 17625369, 
            "wiki_title": "Brown Eyed Girls"
        }, 
        {
            "annotations": [
                {
                    "begin": 1212, 
                    "end": 1217, 
                    "score": 0.0022338773123919964, 
                    "spot": "trend"
                }
            ], 
            "wiki_id": 4137095, 
            "wiki_title": "Fad"
        }, 
        {
            "annotations": [
                {
                    "begin": 2197, 
                    "end": 2210, 
                    "score": 0.3473437428474426, 
                    "spot": "Massachusetts"
                }
            ], 
            "wiki_id": 1645518, 
            "wiki_title": "Massachusetts"
        }, 
        {
            "annotations": [
                {
                    "begin": 1235, 
                    "end": 1239, 
                    "score": 0.0010033606085926294, 
                    "spot": "last"
                }
            ], 
            "wiki_id": 927001, 
            "wiki_title": "Last"
        }, 
        {
            "annotations": [
                {
                    "begin": 1276, 
                    "end": 1285, 
                    "score": 0.1733868420124054, 
                    "spot": "estimates"
                }
            ], 
            "wiki_id": 36687154, 
            "wiki_title": "Estimation"
        }, 
        {
            "annotations": [
                {
                    "begin": 941, 
                    "end": 947, 
                    "score": 0.0669182687997818, 
                    "spot": "O'Hare"
                }, 
                {
                    "begin": 1028, 
                    "end": 1034, 
                    "score": 0.12004738301038742, 
                    "spot": "O'Hare"
                }, 
                {
                    "begin": 1709, 
                    "end": 1715, 
                    "score": 0.06672170758247375, 
                    "spot": "O'Hare"
                }
            ], 
            "wiki_id": 248449, 
            "wiki_title": "O'Hare International Airport"
        }, 
        {
            "annotations": [
                {
                    "begin": 933, 
                    "end": 940, 
                    "score": 0.0692097395658493, 
                    "spot": "William"
                }
            ], 
            "wiki_id": 33918, 
            "wiki_title": "William II of England"
        }, 
        {
            "annotations": [
                {
                    "begin": 31, 
                    "end": 36, 
                    "score": 0.003801880870014429, 
                    "spot": "force"
                }
            ], 
            "wiki_id": 35448896, 
            "wiki_title": "Force (Superfly album)"
        }, 
        {
            "annotations": [
                {
                    "begin": 1087, 
                    "end": 1106, 
                    "score": 0.3924863636493683, 
                    "spot": "members of Congress"
                }, 
                {
                    "begin": 1098, 
                    "end": 1106, 
                    "score": 0.3116340935230255, 
                    "spot": "Congress"
                }
            ], 
            "wiki_id": 31756, 
            "wiki_title": "United States Congress"
        }, 
        {
            "annotations": [
                {
                    "begin": 1042, 
                    "end": 1051, 
                    "score": 0.12935732305049896, 
                    "spot": "breakfast"
                }
            ], 
            "wiki_id": 68768, 
            "wiki_title": "Breakfast"
        }, 
        {
            "annotations": [
                {
                    "begin": 1594, 
                    "end": 1597, 
                    "score": 0.11722110211849213, 
                    "spot": "one"
                }
            ], 
            "wiki_id": 2233309, 
            "wiki_title": "One (U2 song)"
        }, 
        {
            "annotations": [
                {
                    "begin": 949, 
                    "end": 957, 
                    "score": 0.07125305384397507, 
                    "spot": "director"
                }
            ], 
            "wiki_id": 4822, 
            "wiki_title": "Board of directors"
        }, 
        {
            "annotations": [
                {
                    "begin": 1138, 
                    "end": 1142, 
                    "score": 0.0018194559961557388, 
                    "spot": "will"
                }
            ], 
            "wiki_id": 154698, 
            "wiki_title": "Will Smith"
        }, 
        {
            "annotations": [
                {
                    "begin": 1737, 
                    "end": 1744, 
                    "score": 0.001576030976139009, 
                    "spot": "changes"
                }
            ], 
            "wiki_id": 183431, 
            "wiki_title": "Chord progression"
        }, 
        {
            "annotations": [
                {
                    "begin": 681, 
                    "end": 687, 
                    "score": 0.07141895592212677, 
                    "spot": "living"
                }
            ], 
            "wiki_id": 18393, 
            "wiki_title": "Life"
        }, 
        {
            "annotations": [
                {
                    "begin": 2021, 
                    "end": 2028, 
                    "score": 0.3176230192184448, 
                    "spot": "Arizona"
                }
            ], 
            "wiki_id": 21883824, 
            "wiki_title": "Arizona"
        }, 
        {
            "annotations": [
                {
                    "begin": 2212, 
                    "end": 2221, 
                    "score": 0.43173331022262573, 
                    "spot": "Wisconsin"
                }
            ], 
            "wiki_id": 33127, 
            "wiki_title": "Wisconsin"
        }, 
        {
            "annotations": [
                {
                    "begin": 1373, 
                    "end": 1376, 
                    "score": 0.0007970848819240928, 
                    "spot": "one"
                }
            ], 
            "wiki_id": 102459, 
            "wiki_title": "One-party state"
        }, 
        {
            "annotations": [
                {
                    "begin": 2051, 
                    "end": 2059, 
                    "score": 0.15017631649971008, 
                    "spot": "New York"
                }
            ], 
            "wiki_id": 645042, 
            "wiki_title": "New York City"
        }, 
        {
            "annotations": [
                {
                    "begin": 2151, 
                    "end": 2159, 
                    "score": 0.3054351806640625, 
                    "spot": "Michigan"
                }
            ], 
            "wiki_id": 18859, 
            "wiki_title": "Michigan"
        }, 
        {
            "annotations": [
                {
                    "begin": 2255, 
                    "end": 2262, 
                    "score": 0.526455819606781, 
                    "spot": "Montana"
                }
            ], 
            "wiki_id": 19978, 
            "wiki_title": "Montana"
        }, 
        {
            "annotations": [
                {
                    "begin": 4, 
                    "end": 6, 
                    "score": 0.0010810111416503787, 
                    "spot": "If"
                }
            ], 
            "wiki_id": 155571, 
            "wiki_title": "If (magazine)"
        }, 
        {
            "annotations": [
                {
                    "begin": 728, 
                    "end": 733, 
                    "score": 0.05877242609858513, 
                    "spot": "seats"
                }
            ], 
            "wiki_id": 807936, 
            "wiki_title": "Cathedra"
        }, 
        {
            "annotations": [
                {
                    "begin": 208, 
                    "end": 215, 
                    "score": 0.0012492651585489511, 
                    "spot": "exclude"
                }
            ], 
            "wiki_id": 451120, 
            "wiki_title": "Competitive exclusion principle"
        }, 
        {
            "annotations": [
                {
                    "begin": 1889, 
                    "end": 1896, 
                    "score": 0.20568305253982544, 
                    "spot": "Florida"
                }
            ], 
            "wiki_id": 18933066, 
            "wiki_title": "Florida"
        }, 
        {
            "annotations": [
                {
                    "begin": 615, 
                    "end": 618, 
                    "score": 0.09160470217466354, 
                    "spot": "may"
                }
            ], 
            "wiki_id": 42069, 
            "wiki_title": "Brian May"
        }, 
        {
            "annotations": [
                {
                    "begin": 216, 
                    "end": 230, 
                    "score": 0.33241182565689087, 
                    "spot": "illegal aliens"
                }, 
                {
                    "begin": 1655, 
                    "end": 1674, 
                    "score": 0.25111904740333557, 
                    "spot": "undocumented aliens"
                }
            ], 
            "wiki_id": 7124412, 
            "wiki_title": "Illegal immigration"
        }, 
        {
            "annotations": [
                {
                    "begin": 2132, 
                    "end": 2136, 
                    "score": 0.3380398154258728, 
                    "spot": "Ohio"
                }
            ], 
            "wiki_id": 22199, 
            "wiki_title": "Ohio"
        }, 
        {
            "annotations": [
                {
                    "begin": 492, 
                    "end": 499, 
                    "score": 0.002629881491884589, 
                    "spot": "expense"
                }
            ], 
            "wiki_id": 265319, 
            "wiki_title": "Expense"
        }, 
        {
            "annotations": [
                {
                    "begin": 309, 
                    "end": 316, 
                    "score": 0.05759211629629135, 
                    "spot": "country"
                }
            ], 
            "wiki_id": 21627, 
            "wiki_title": "Nation state"
        }, 
        {
            "annotations": [
                {
                    "begin": 943, 
                    "end": 947, 
                    "score": 0.0810810774564743, 
                    "spot": "Hare"
                }, 
                {
                    "begin": 1030, 
                    "end": 1034, 
                    "score": 0.13858607411384583, 
                    "spot": "Hare"
                }, 
                {
                    "begin": 1711, 
                    "end": 1715, 
                    "score": 0.13678942620754242, 
                    "spot": "Hare"
                }
            ], 
            "wiki_id": 48130, 
            "wiki_title": "Hare"
        }, 
        {
            "annotations": [
                {
                    "begin": 1992, 
                    "end": 2006, 
                    "score": 0.5332784652709961, 
                    "spot": "North Carolina"
                }
            ], 
            "wiki_id": 21650, 
            "wiki_title": "North Carolina"
        }, 
        {
            "annotations": [
                {
                    "begin": 321, 
                    "end": 327, 
                    "score": 0.03450358286499977, 
                    "spot": "Groups"
                }, 
                {
                    "begin": 537, 
                    "end": 543, 
                    "score": 0.04992479458451271, 
                    "spot": "groups"
                }, 
                {
                    "begin": 1377, 
                    "end": 1382, 
                    "score": 0.00427321158349514, 
                    "spot": "group"
                }
            ], 
            "wiki_id": 20180, 
            "wiki_title": "Musical ensemble"
        }, 
        {
            "annotations": [
                {
                    "begin": 1065, 
                    "end": 1074, 
                    "score": 0.2271253913640976, 
                    "spot": "Northeast"
                }
            ], 
            "wiki_id": 431669, 
            "wiki_title": "Northeastern United States"
        }, 
        {
            "annotations": [
                {
                    "begin": 1151, 
                    "end": 1162, 
                    "score": 0.20094390213489532, 
                    "spot": "House seats"
                }, 
                {
                    "begin": 1748, 
                    "end": 1759, 
                    "score": 0.002617801073938608, 
                    "spot": "House seats"
                }, 
                {
                    "begin": 1864, 
                    "end": 1875, 
                    "score": 0.20094390213489532, 
                    "spot": "House seats"
                }
            ], 
            "wiki_id": 3562398, 
            "wiki_title": "Arkansas House of Representatives"
        }, 
        {
            "annotations": [
                {
                    "begin": 604, 
                    "end": 610, 
                    "score": 0.14184153079986572, 
                    "spot": "people"
                }
            ], 
            "wiki_id": 507970, 
            "wiki_title": "People (magazine)"
        }, 
        {
            "annotations": [
                {
                    "begin": 917, 
                    "end": 924, 
                    "score": 0.32106268405914307, 
                    "spot": "Georgia"
                }, 
                {
                    "begin": 1555, 
                    "end": 1562, 
                    "score": 0.25852903723716736, 
                    "spot": "Georgia"
                }, 
                {
                    "begin": 2008, 
                    "end": 2015, 
                    "score": 0.5234970450401306, 
                    "spot": "Georgia"
                }
            ], 
            "wiki_id": 48830, 
            "wiki_title": "Georgia (U.S. state)"
        }, 
        {
            "annotations": [
                {
                    "begin": 2084, 
                    "end": 2090, 
                    "score": 0.28110912442207336, 
                    "spot": "States"
                }
            ], 
            "wiki_id": 18618239, 
            "wiki_title": "U.S. state"
        }, 
        {
            "annotations": [
                {
                    "begin": 1017, 
                    "end": 1023, 
                    "score": 0.13785897195339203, 
                    "spot": "Bureau"
                }
            ], 
            "wiki_id": 96287, 
            "wiki_title": "Bureau County, Illinois"
        }, 
        {
            "annotations": [
                {
                    "begin": 1465, 
                    "end": 1471, 
                    "score": 0.04092743992805481, 
                    "spot": "change"
                }
            ], 
            "wiki_id": 8068094, 
            "wiki_title": "Personal development"
        }, 
        {
            "annotations": [
                {
                    "begin": 889, 
                    "end": 897, 
                    "score": 0.001690331264398992, 
                    "spot": "one seat"
                }, 
                {
                    "begin": 1964, 
                    "end": 1972, 
                    "score": 0.1545628011226654, 
                    "spot": "one seat"
                }
            ], 
            "wiki_id": 1969124, 
            "wiki_title": "Romanian ethnic minorities parties"
        }, 
        {
            "annotations": [
                {
                    "begin": 2229, 
                    "end": 2235, 
                    "score": 0.45550838112831116, 
                    "spot": "Kansas"
                }
            ], 
            "wiki_id": 16716, 
            "wiki_title": "Kansas"
        }, 
        {
            "annotations": [
                {
                    "begin": 432, 
                    "end": 438, 
                    "score": 0.06681536883115768, 
                    "spot": "states"
                }, 
                {
                    "begin": 509, 
                    "end": 515, 
                    "score": 0.0010153476614505053, 
                    "spot": "states"
                }, 
                {
                    "begin": 780, 
                    "end": 786, 
                    "score": 0.10068631917238235, 
                    "spot": "states"
                }
            ], 
            "wiki_id": 30876419, 
            "wiki_title": "Quantum state"
        }, 
        {
            "annotations": [
                {
                    "begin": 155, 
                    "end": 164, 
                    "score": 0.013679658062756062, 
                    "spot": "Wednesday"
                }
            ], 
            "wiki_id": 177538, 
            "wiki_title": "Sheffield Wednesday F.C."
        }, 
        {
            "annotations": [
                {
                    "begin": 1718, 
                    "end": 1723, 
                    "score": 0.10122482478618622, 
                    "spot": "study"
                }
            ], 
            "wiki_id": 59861, 
            "wiki_title": "Experiment"
        }, 
        {
            "annotations": [
                {
                    "begin": 858, 
                    "end": 864, 
                    "score": 0.06411755830049515, 
                    "spot": "change"
                }
            ], 
            "wiki_id": 5176, 
            "wiki_title": "Calculus"
        }, 
        {
            "annotations": [
                {
                    "begin": 876, 
                    "end": 885, 
                    "score": 0.3087761104106903, 
                    "spot": "flip-flop"
                }
            ], 
            "wiki_id": 32186638, 
            "wiki_title": "Flip-flop (electronics)"
        }, 
        {
            "annotations": [
                {
                    "begin": 2040, 
                    "end": 2050, 
                    "score": 0.0005824919790029526, 
                    "spot": "other hand"
                }
            ], 
            "wiki_id": 22670621, 
            "wiki_title": "On the Other Hand"
        }, 
        {
            "annotations": [
                {
                    "begin": 828, 
                    "end": 833, 
                    "score": 0.11739463359117508, 
                    "spot": "sides"
                }
            ], 
            "wiki_id": 156541, 
            "wiki_title": "A-side and B-side"
        }, 
        {
            "annotations": [
                {
                    "begin": 903, 
                    "end": 913, 
                    "score": 0.27132415771484375, 
                    "spot": "California"
                }, 
                {
                    "begin": 1496, 
                    "end": 1506, 
                    "score": 0.20931072533130646, 
                    "spot": "California"
                }, 
                {
                    "begin": 1678, 
                    "end": 1688, 
                    "score": 0.251661092042923, 
                    "spot": "California"
                }, 
                {
                    "begin": 1820, 
                    "end": 1830, 
                    "score": 0.20907056331634521, 
                    "spot": "California"
                }
            ], 
            "wiki_id": 5407, 
            "wiki_title": "California"
        }, 
        {
            "annotations": [
                {
                    "begin": 1425, 
                    "end": 1435, 
                    "score": 0.001843526610173285, 
                    "spot": "difference"
                }
            ], 
            "wiki_id": 74141, 
            "wiki_title": "Subtraction"
        }, 
        {
            "annotations": [
                {
                    "begin": 353, 
                    "end": 359, 
                    "score": 0.0005564486491493881, 
                    "spot": "ignore"
                }
            ], 
            "wiki_id": 639401, 
            "wiki_title": "CONFIG.SYS"
        }, 
        {
            "annotations": [
                {
                    "begin": 1052, 
                    "end": 1060, 
                    "score": 0.0022741055581718683, 
                    "spot": "briefing"
                }
            ], 
            "wiki_id": 5058181, 
            "wiki_title": "The Briefing"
        }, 
        {
            "annotations": [
                {
                    "begin": 1151, 
                    "end": 1156, 
                    "score": 0.13827106356620789, 
                    "spot": "House"
                }, 
                {
                    "begin": 1864, 
                    "end": 1869, 
                    "score": 0.13827106356620789, 
                    "spot": "House"
                }
            ], 
            "wiki_id": 254414, 
            "wiki_title": "Minnesota House of Representatives"
        }, 
        {
            "annotations": [
                {
                    "begin": 279, 
                    "end": 285, 
                    "score": 0.0031767103355377913, 
                    "spot": "counts"
                }
            ], 
            "wiki_id": 196470, 
            "wiki_title": "Count"
        }, 
        {
            "annotations": [
                {
                    "begin": 173, 
                    "end": 179, 
                    "score": 0.13654732704162598, 
                    "spot": "Census"
                }, 
                {
                    "begin": 559, 
                    "end": 565, 
                    "score": 0.13654732704162598, 
                    "spot": "census"
                }, 
                {
                    "begin": 640, 
                    "end": 646, 
                    "score": 0.40150222182273865, 
                    "spot": "census"
                }
            ], 
            "wiki_id": 6889, 
            "wiki_title": "Census"
        }, 
        {
            "annotations": [
                {
                    "begin": 2118, 
                    "end": 2130, 
                    "score": 0.3506432771682739, 
                    "spot": "Pennsylvania"
                }
            ], 
            "wiki_id": 23332, 
            "wiki_title": "Pennsylvania"
        }, 
        {
            "annotations": [
                {
                    "begin": 2237, 
                    "end": 2250, 
                    "score": 0.6120771765708923, 
                    "spot": "West Virginia"
                }
            ], 
            "wiki_id": 32905, 
            "wiki_title": "West Virginia"
        }, 
        {
            "annotations": [
                {
                    "begin": 364, 
                    "end": 370, 
                    "score": 0.18081313371658325, 
                    "spot": "aliens"
                }
            ], 
            "wiki_id": 9588, 
            "wiki_title": "Extraterrestrial life"
        }, 
        {
            "annotations": [
                {
                    "begin": 1611, 
                    "end": 1615, 
                    "score": 0.10848482698202133, 
                    "spot": "easy"
                }
            ], 
            "wiki_id": 3066340, 
            "wiki_title": "Easy (Commodores song)"
        }, 
        {
            "annotations": [
                {
                    "begin": 671, 
                    "end": 680, 
                    "score": 0.1854868084192276, 
                    "spot": "Hispanics"
                }
            ], 
            "wiki_id": 56120, 
            "wiki_title": "Hispanic"
        }, 
        {
            "annotations": [
                {
                    "begin": 1845, 
                    "end": 1851, 
                    "score": 0.0619954876601696, 
                    "spot": "gainer"
                }
            ], 
            "wiki_id": 12919549, 
            "wiki_title": "Derrick Gainer (American football)"
        }, 
        {
            "annotations": [
                {
                    "begin": 11, 
                    "end": 20, 
                    "score": 0.0008046131115406752, 
                    "spot": "two sides"
                }
            ], 
            "wiki_id": 36638097, 
            "wiki_title": "Two Sides"
        }, 
        {
            "annotations": [
                {
                    "begin": 286, 
                    "end": 294, 
                    "score": 0.0006434359238483012, 
                    "spot": "everyone"
                }
            ], 
            "wiki_id": 28280237, 
            "wiki_title": "Everyone (Skins series 1)"
        }, 
        {
            "annotations": [
                {
                    "begin": 1293, 
                    "end": 1299, 
                    "score": 0.1695231944322586, 
                    "spot": "number"
                }
            ], 
            "wiki_id": 21690, 
            "wiki_title": "Number"
        }, 
        {
            "annotations": [
                {
                    "begin": 1115, 
                    "end": 1124, 
                    "score": 0.037338487803936005, 
                    "spot": "estimates"
                }
            ], 
            "wiki_id": 336271, 
            "wiki_title": "Approximation"
        }, 
        {
            "annotations": [
                {
                    "begin": 803, 
                    "end": 813, 
                    "score": 0.001109049073420465, 
                    "spot": "population"
                }
            ], 
            "wiki_id": 14598, 
            "wiki_title": "Demographics of India"
        }, 
        {
            "annotations": [
                {
                    "begin": 1131, 
                    "end": 1137, 
                    "score": 0.03976403921842575, 
                    "spot": "region"
                }
            ], 
            "wiki_id": 17207794, 
            "wiki_title": "Djibouti"
        }, 
        {
            "annotations": [
                {
                    "begin": 37, 
                    "end": 44, 
                    "score": 0.001576030976139009, 
                    "spot": "changes"
                }
            ], 
            "wiki_id": 2857743, 
            "wiki_title": "Changes (David Bowie song)"
        }, 
        {
            "annotations": [
                {
                    "begin": 385, 
                    "end": 399, 
                    "score": 0.12440377473831177, 
                    "spot": "concentrations"
                }
            ], 
            "wiki_id": 7512, 
            "wiki_title": "Concentration"
        }, 
        {
            "annotations": [
                {
                    "begin": 1745, 
                    "end": 1753, 
                    "score": 0.12818756699562073, 
                    "spot": "in House"
                }, 
                {
                    "begin": 1748, 
                    "end": 1753, 
                    "score": 0.17272034287452698, 
                    "spot": "House"
                }
            ], 
            "wiki_id": 8998597, 
            "wiki_title": "In-house"
        }, 
        {
            "annotations": [
                {
                    "begin": 1248, 
                    "end": 1255, 
                    "score": 0.07867474853992462, 
                    "spot": "decades"
                }
            ], 
            "wiki_id": 695530, 
            "wiki_title": "Decade"
        }, 
        {
            "annotations": [
                {
                    "begin": 109, 
                    "end": 116, 
                    "score": 0.15295350551605225, 
                    "spot": "balance"
                }
            ], 
            "wiki_id": 1130950, 
            "wiki_title": "Balance (Van Halen album)"
        }, 
        {
            "annotations": [
                {
                    "begin": 820, 
                    "end": 822, 
                    "score": 0.06160655990242958, 
                    "spot": "If"
                }
            ], 
            "wiki_id": 2520164, 
            "wiki_title": "If (Bread song)"
        }, 
        {
            "annotations": [
                {
                    "begin": 52, 
                    "end": 63, 
                    "score": 0.34648701548576355, 
                    "spot": "1990 census"
                }, 
                {
                    "begin": 1177, 
                    "end": 1188, 
                    "score": 0.5071978569030762, 
                    "spot": "1990 census"
                }
            ], 
            "wiki_id": 3536675, 
            "wiki_title": "1990 United States Census"
        }, 
        {
            "annotations": [
                {
                    "begin": 1619, 
                    "end": 1629, 
                    "score": 0.09658366441726685, 
                    "spot": "understand"
                }
            ], 
            "wiki_id": 4561898, 
            "wiki_title": "Back to Basics (Christina Aguilera album)"
        }, 
        {
            "annotations": [
                {
                    "begin": 1727, 
                    "end": 1736, 
                    "score": 0.06717023998498917, 
                    "spot": "potential"
                }
            ], 
            "wiki_id": 24698646, 
            "wiki_title": "Potential"
        }, 
        {
            "annotations": [
                {
                    "begin": 961, 
                    "end": 975, 
                    "score": 0.01604278013110161, 
                    "spot": "policy studies"
                }
            ], 
            "wiki_id": 10412265, 
            "wiki_title": "Policy studies"
        }, 
        {
            "annotations": [
                {
                    "begin": 1303, 
                    "end": 1317, 
                    "score": 0.13725490868091583, 
                    "spot": "illegal aliens"
                }, 
                {
                    "begin": 1668, 
                    "end": 1674, 
                    "score": 0.3129929304122925, 
                    "spot": "aliens"
                }
            ], 
            "wiki_id": 1703155, 
            "wiki_title": "Alien (law)"
        }, 
        {
            "annotations": [
                {
                    "begin": 2223, 
                    "end": 2227, 
                    "score": 0.4955531358718872, 
                    "spot": "Iowa"
                }
            ], 
            "wiki_id": 26810748, 
            "wiki_title": "Iowa"
        }, 
        {
            "annotations": [
                {
                    "begin": 132, 
                    "end": 142, 
                    "score": 0.08151479065418243, 
                    "spot": "population"
                }
            ], 
            "wiki_id": 27586, 
            "wiki_title": "Sample (statistics)"
        }, 
        {
            "annotations": [
                {
                    "begin": 453, 
                    "end": 465, 
                    "score": 0.009036033414304256, 
                    "spot": "in the House"
                }, 
                {
                    "begin": 734, 
                    "end": 746, 
                    "score": 0.0015147915109992027, 
                    "spot": "in the House"
                }
            ], 
            "wiki_id": 3577274, 
            "wiki_title": "Legislature broadcasters in New Zealand"
        }, 
        {
            "annotations": [
                {
                    "begin": 592, 
                    "end": 599, 
                    "score": 0.036851346492767334, 
                    "spot": "account"
                }
            ], 
            "wiki_id": 242024, 
            "wiki_title": "Bank account"
        }, 
        {
            "annotations": [
                {
                    "begin": 1982, 
                    "end": 1990, 
                    "score": 0.17884473502635956, 
                    "spot": "Virginia"
                }
            ], 
            "wiki_id": 32432, 
            "wiki_title": "Virginia"
        }, 
        {
            "annotations": [
                {
                    "begin": 240, 
                    "end": 248, 
                    "score": 0.0013503481168299913, 
                    "spot": "national"
                }
            ], 
            "wiki_id": 21754, 
            "wiki_title": "Nation"
        }, 
        {
            "annotations": [
                {
                    "begin": 249, 
                    "end": 259, 
                    "score": 0.056603774428367615, 
                    "spot": "head count"
                }
            ], 
            "wiki_id": 2591218, 
            "wiki_title": "Interchange (Australian rules football)"
        }, 
        {
            "annotations": [
                {
                    "begin": 710, 
                    "end": 715, 
                    "score": 0.09461119771003723, 
                    "spot": "stake"
                }
            ], 
            "wiki_id": 436512, 
            "wiki_title": "Stake (Latter Day Saints)"
        }, 
        {
            "annotations": [
                {
                    "begin": 1418, 
                    "end": 1424, 
                    "score": 0.0013145838165655732, 
                    "spot": "little"
                }
            ], 
            "wiki_id": 4072359, 
            "wiki_title": "John Brooke-Little"
        }, 
        {
            "annotations": [
                {
                    "begin": 460, 
                    "end": 484, 
                    "score": 0.09991811215877533, 
                    "spot": "House of Representatives"
                }, 
                {
                    "begin": 2182, 
                    "end": 2187, 
                    "score": 0.27097973227500916, 
                    "spot": "house"
                }, 
                {
                    "begin": 2182, 
                    "end": 2192, 
                    "score": 0.2695906162261963, 
                    "spot": "house seat"
                }
            ], 
            "wiki_id": 19468510, 
            "wiki_title": "United States House of Representatives"
        }, 
        {
            "annotations": [
                {
                    "begin": 295, 
                    "end": 301, 
                    "score": 0.0009062228491529822, 
                    "spot": "living"
                }
            ], 
            "wiki_id": 7245345, 
            "wiki_title": "Living (Judy Collins album)"
        }, 
        {
            "annotations": [
                {
                    "begin": 1956, 
                    "end": 1963, 
                    "score": 0.06548880785703659, 
                    "spot": "pick up"
                }
            ], 
            "wiki_id": 4405405, 
            "wiki_title": "Seduction community"
        }, 
        {
            "annotations": [
                {
                    "begin": 447, 
                    "end": 452, 
                    "score": 0.07190216332674026, 
                    "spot": "seats"
                }, 
                {
                    "begin": 1527, 
                    "end": 1532, 
                    "score": 0.04020724818110466, 
                    "spot": "seats"
                }, 
                {
                    "begin": 1968, 
                    "end": 1972, 
                    "score": 0.13703270256519318, 
                    "spot": "seat"
                }, 
                {
                    "begin": 2188, 
                    "end": 2192, 
                    "score": 0.18305526673793793, 
                    "spot": "seat"
                }
            ], 
            "wiki_id": 44421, 
            "wiki_title": "Legislature"
        }, 
        {
            "annotations": [
                {
                    "begin": 339, 
                    "end": 349, 
                    "score": 0.18675638735294342, 
                    "spot": "filed suit"
                }, 
                {
                    "begin": 345, 
                    "end": 349, 
                    "score": 0.2076897919178009, 
                    "spot": "suit"
                }
            ], 
            "wiki_id": 113258, 
            "wiki_title": "Lawsuit"
        }, 
        {
            "annotations": [
                {
                    "begin": 2046, 
                    "end": 2050, 
                    "score": 0.06846901774406433, 
                    "spot": "hand"
                }
            ], 
            "wiki_id": 5725629, 
            "wiki_title": "The Hand (film)"
        }, 
        {
            "annotations": [
                {
                    "begin": 893, 
                    "end": 897, 
                    "score": 0.10385836660861969, 
                    "spot": "seat"
                }, 
                {
                    "begin": 2077, 
                    "end": 2082, 
                    "score": 0.17508046329021454, 
                    "spot": "seats"
                }
            ], 
            "wiki_id": 51509, 
            "wiki_title": "County seat"
        }, 
        {
            "annotations": [
                {
                    "begin": 2132, 
                    "end": 2146, 
                    "score": 0.1103971004486084, 
                    "spot": "Ohio, Illinois"
                }
            ], 
            "wiki_id": 110844, 
            "wiki_title": "Ohio, Illinois"
        }, 
        {
            "annotations": [
                {
                    "begin": 611, 
                    "end": 614, 
                    "score": 0.14783357083797455, 
                    "spot": "who"
                }
            ], 
            "wiki_id": 36517, 
            "wiki_title": "The Who"
        }, 
        {
            "annotations": [
                {
                    "begin": 1443, 
                    "end": 1451, 
                    "score": 0.01996506191790104, 
                    "spot": "long run"
                }
            ], 
            "wiki_id": 3438715, 
            "wiki_title": "Long run and short run"
        }, 
        {
            "annotations": [
                {
                    "begin": 691, 
                    "end": 696, 
                    "score": 0.2350960373878479, 
                    "spot": "urban"
                }, 
                {
                    "begin": 691, 
                    "end": 702, 
                    "score": 0.22093337774276733, 
                    "spot": "urban areas"
                }
            ], 
            "wiki_id": 764593, 
            "wiki_title": "Urban area"
        }, 
        {
            "annotations": [
                {
                    "begin": 1079, 
                    "end": 1086, 
                    "score": 0.40380001068115234, 
                    "spot": "Midwest"
                }
            ], 
            "wiki_id": 104697, 
            "wiki_title": "Midwestern United States"
        }, 
        {
            "annotations": [
                {
                    "begin": 758, 
                    "end": 769, 
                    "score": 0.10143516212701797, 
                    "spot": "distributed"
                }
            ], 
            "wiki_id": 23543, 
            "wiki_title": "Probability distribution"
        }, 
        {
            "annotations": [
                {
                    "begin": 1810, 
                    "end": 1815, 
                    "score": 0.04865887388586998, 
                    "spot": "calls"
                }
            ], 
            "wiki_id": 2797722, 
            "wiki_title": "Call sign"
        }, 
        {
            "annotations": [
                {
                    "begin": 79, 
                    "end": 82, 
                    "score": 0.14742013812065125, 
                    "spot": "way"
                }, 
                {
                    "begin": 844, 
                    "end": 847, 
                    "score": 0.05683809891343117, 
                    "spot": "way"
                }
            ], 
            "wiki_id": 918901, 
            "wiki_title": "By the Way"
        }, 
        {
            "annotations": [
                {
                    "begin": 544, 
                    "end": 548, 
                    "score": 0.0007135956548154354, 
                    "spot": "want"
                }
            ], 
            "wiki_id": 3343584, 
            "wiki_title": "Want"
        }, 
        {
            "annotations": [
                {
                    "begin": 741, 
                    "end": 746, 
                    "score": 0.00605366937816143, 
                    "spot": "House"
                }
            ], 
            "wiki_id": 1259118, 
            "wiki_title": "In the House (TV series)"
        }, 
        {
            "annotations": [
                {
                    "begin": 996, 
                    "end": 1023, 
                    "score": 0.3928571343421936, 
                    "spot": "Population\nReference Bureau"
                }
            ], 
            "wiki_id": 7905934, 
            "wiki_title": "Population Reference Bureau"
        }
    ]
}