{
    "tagme": [
        {
            "annotations": [
                {
                    "begin": 1051, 
                    "end": 1065, 
                    "score": 0.0032383420038968325, 
                    "spot": "deal with this"
                }
            ], 
            "wiki_id": 20158089, 
            "wiki_title": "Deal with This"
        }, 
        {
            "annotations": [
                {
                    "begin": 2505, 
                    "end": 2512, 
                    "score": 0.0135141396895051, 
                    "spot": "million"
                }
            ], 
            "wiki_id": 1045999, 
            "wiki_title": "Million"
        }, 
        {
            "annotations": [
                {
                    "begin": 761, 
                    "end": 768, 
                    "score": 0.0006724384147673845, 
                    "spot": "figures"
                }
            ], 
            "wiki_id": 2047389, 
            "wiki_title": "Bowling analysis"
        }, 
        {
            "annotations": [
                {
                    "begin": 1020, 
                    "end": 1032, 
                    "score": 0.5, 
                    "spot": "welfare trap"
                }
            ], 
            "wiki_id": 19288516, 
            "wiki_title": "Welfare trap"
        }, 
        {
            "annotations": [
                {
                    "begin": 2815, 
                    "end": 2840, 
                    "score": 0.563755452632904, 
                    "spot": "unemployment compensation"
                }
            ], 
            "wiki_id": 378430, 
            "wiki_title": "Unemployment benefits"
        }, 
        {
            "annotations": [
                {
                    "begin": 2746, 
                    "end": 2754, 
                    "score": 0.18518759310245514, 
                    "spot": "chairman"
                }
            ], 
            "wiki_id": 3452243, 
            "wiki_title": "Chairman"
        }, 
        {
            "annotations": [
                {
                    "begin": 2349, 
                    "end": 2356, 
                    "score": 0.1666417121887207, 
                    "spot": "incomes"
                }
            ], 
            "wiki_id": 15037, 
            "wiki_title": "Income"
        }, 
        {
            "annotations": [
                {
                    "begin": 1556, 
                    "end": 1567, 
                    "score": 0.06086461991071701, 
                    "spot": "reform bill"
                }
            ], 
            "wiki_id": 45777, 
            "wiki_title": "Reform Act 1832"
        }, 
        {
            "annotations": [
                {
                    "begin": 2014, 
                    "end": 2022, 
                    "score": 0.004826802760362625, 
                    "spot": "work out"
                }
            ], 
            "wiki_id": 6221894, 
            "wiki_title": "Work Out"
        }, 
        {
            "annotations": [
                {
                    "begin": 1605, 
                    "end": 1616, 
                    "score": 0.15895934402942657, 
                    "spot": "independent"
                }
            ], 
            "wiki_id": 62450, 
            "wiki_title": "Independence"
        }, 
        {
            "annotations": [
                {
                    "begin": 2683, 
                    "end": 2686, 
                    "score": 0.17133575677871704, 
                    "spot": "who"
                }, 
                {
                    "begin": 2981, 
                    "end": 2984, 
                    "score": 0.08625340461730957, 
                    "spot": "who"
                }
            ], 
            "wiki_id": 33583, 
            "wiki_title": "World Health Organization"
        }, 
        {
            "annotations": [
                {
                    "begin": 2061, 
                    "end": 2067, 
                    "score": 0.005139817483723164, 
                    "spot": "I will"
                }
            ], 
            "wiki_id": 15936880, 
            "wiki_title": "I Will (Zhang Liyin album)"
        }, 
        {
            "annotations": [
                {
                    "begin": 334, 
                    "end": 343, 
                    "score": 0.3464142084121704, 
                    "spot": "Democrats"
                }
            ], 
            "wiki_id": 3088213, 
            "wiki_title": "History of the United States Democratic Party"
        }, 
        {
            "annotations": [
                {
                    "begin": 2675, 
                    "end": 2682, 
                    "score": 0.18550121784210205, 
                    "spot": "parents"
                }
            ], 
            "wiki_id": 83441, 
            "wiki_title": "Parent"
        }, 
        {
            "annotations": [
                {
                    "begin": 692, 
                    "end": 696, 
                    "score": 0.22716350853443146, 
                    "spot": "rate"
                }
            ], 
            "wiki_id": 163115, 
            "wiki_title": "Interest rate"
        }, 
        {
            "annotations": [
                {
                    "begin": 2885, 
                    "end": 2889, 
                    "score": 0.21917520463466644, 
                    "spot": "work"
                }
            ], 
            "wiki_id": 18178, 
            "wiki_title": "Labour economics"
        }, 
        {
            "annotations": [
                {
                    "begin": 1126, 
                    "end": 1132, 
                    "score": 0.0010153476614505053, 
                    "spot": "states"
                }, 
                {
                    "begin": 2955, 
                    "end": 2960, 
                    "score": 0.004809388425201178, 
                    "spot": "state"
                }
            ], 
            "wiki_id": 285512, 
            "wiki_title": "State (computer science)"
        }, 
        {
            "annotations": [
                {
                    "begin": 2539, 
                    "end": 2546, 
                    "score": 0.0983777567744255, 
                    "spot": "poverty"
                }
            ], 
            "wiki_id": 19283913, 
            "wiki_title": "Poverty in the United States"
        }, 
        {
            "annotations": [
                {
                    "begin": 319, 
                    "end": 324, 
                    "score": 0.2364925593137741, 
                    "spot": "D-N.Y"
                }
            ], 
            "wiki_id": 9427527, 
            "wiki_title": "New York State Democratic Committee"
        }, 
        {
            "annotations": [
                {
                    "begin": 2581, 
                    "end": 2589, 
                    "score": 0.20926272869110107, 
                    "spot": "training"
                }
            ], 
            "wiki_id": 156423, 
            "wiki_title": "Training"
        }, 
        {
            "annotations": [
                {
                    "begin": 2442, 
                    "end": 2451, 
                    "score": 0.0007824726053513587, 
                    "spot": "5 percent"
                }
            ], 
            "wiki_id": 215905, 
            "wiki_title": "Five-Percent Nation"
        }, 
        {
            "annotations": [
                {
                    "begin": 223, 
                    "end": 236, 
                    "score": 0.030487805604934692, 
                    "spot": "weekend radio"
                }
            ], 
            "wiki_id": 11925362, 
            "wiki_title": "Weekend Radio"
        }, 
        {
            "annotations": [
                {
                    "begin": 2370, 
                    "end": 2379, 
                    "score": 0.2506948709487915, 
                    "spot": "inflation"
                }
            ], 
            "wiki_id": 38286, 
            "wiki_title": "Inflation"
        }, 
        {
            "annotations": [
                {
                    "begin": 558, 
                    "end": 572, 
                    "score": 0.1516634076833725, 
                    "spot": "welfare reform"
                }, 
                {
                    "begin": 1273, 
                    "end": 1287, 
                    "score": 0.1516634076833725, 
                    "spot": "welfare reform"
                }, 
                {
                    "begin": 1467, 
                    "end": 1481, 
                    "score": 0.4121930003166199, 
                    "spot": "welfare\nreform"
                }, 
                {
                    "begin": 1548, 
                    "end": 1562, 
                    "score": 0.4016634225845337, 
                    "spot": "welfare reform"
                }, 
                {
                    "begin": 1548, 
                    "end": 1567, 
                    "score": 0.3017241358757019, 
                    "spot": "welfare reform bill"
                }, 
                {
                    "begin": 1840, 
                    "end": 1854, 
                    "score": 0.1516634076833725, 
                    "spot": "welfare reform"
                }
            ], 
            "wiki_id": 401875, 
            "wiki_title": "Welfare reform"
        }, 
        {
            "annotations": [
                {
                    "begin": 213, 
                    "end": 222, 
                    "score": 0.24544750154018402, 
                    "spot": "Labor Day"
                }
            ], 
            "wiki_id": 19156272, 
            "wiki_title": "Labor Day"
        }, 
        {
            "annotations": [
                {
                    "begin": 3045, 
                    "end": 3051, 
                    "score": 0.05439941585063934, 
                    "spot": "Downey"
                }
            ], 
            "wiki_id": 864411, 
            "wiki_title": "Sheridan Downey"
        }, 
        {
            "annotations": [
                {
                    "begin": 2708, 
                    "end": 2724, 
                    "score": 0.002715915208682418, 
                    "spot": "those who do not"
                }
            ], 
            "wiki_id": 1666440, 
            "wiki_title": "Those Who Do Not"
        }, 
        {
            "annotations": [
                {
                    "begin": 647, 
                    "end": 659, 
                    "score": 0.2998364567756653, 
                    "spot": "unemployment"
                }, 
                {
                    "begin": 684, 
                    "end": 691, 
                    "score": 0.17269518971443176, 
                    "spot": "jobless"
                }, 
                {
                    "begin": 802, 
                    "end": 814, 
                    "score": 0.15110644698143005, 
                    "spot": "unemployment"
                }
            ], 
            "wiki_id": 31741, 
            "wiki_title": "Unemployment"
        }, 
        {
            "annotations": [
                {
                    "begin": 660, 
                    "end": 667, 
                    "score": 0.10022169351577759, 
                    "spot": "figures"
                }
            ], 
            "wiki_id": 773390, 
            "wiki_title": "Effigy"
        }, 
        {
            "annotations": [
                {
                    "begin": 237, 
                    "end": 244, 
                    "score": 0.05942438542842865, 
                    "spot": "address"
                }
            ], 
            "wiki_id": 25084, 
            "wiki_title": "Public speaking"
        }, 
        {
            "annotations": [
                {
                    "begin": 974, 
                    "end": 983, 
                    "score": 0.11509779840707779, 
                    "spot": "expansion"
                }, 
                {
                    "begin": 1948, 
                    "end": 1957, 
                    "score": 0.2951902151107788, 
                    "spot": "expansion"
                }
            ], 
            "wiki_id": 69415, 
            "wiki_title": "Economic growth"
        }, 
        {
            "annotations": [
                {
                    "begin": 161, 
                    "end": 166, 
                    "score": 0.2209431678056717, 
                    "spot": "learn"
                }, 
                {
                    "begin": 1360, 
                    "end": 1365, 
                    "score": 0.2209431678056717, 
                    "spot": "learn"
                }
            ], 
            "wiki_id": 183403, 
            "wiki_title": "Learning"
        }, 
        {
            "annotations": [
                {
                    "begin": 1769, 
                    "end": 1776, 
                    "score": 0.12774817645549774, 
                    "spot": "measure"
                }
            ], 
            "wiki_id": 19022, 
            "wiki_title": "Measurement"
        }, 
        {
            "annotations": [
                {
                    "begin": 712, 
                    "end": 717, 
                    "score": 0.10878846049308777, 
                    "spot": "above"
                }
            ], 
            "wiki_id": 216474, 
            "wiki_title": "Real options valuation"
        }, 
        {
            "annotations": [
                {
                    "begin": 301, 
                    "end": 317, 
                    "score": 0.5, 
                    "spot": "Thomas J. Downey"
                }, 
                {
                    "begin": 2090, 
                    "end": 2096, 
                    "score": 0.14650750160217285, 
                    "spot": "Downey"
                }
            ], 
            "wiki_id": 4783852, 
            "wiki_title": "Thomas Downey"
        }, 
        {
            "annotations": [
                {
                    "begin": 193, 
                    "end": 202, 
                    "score": 0.18848900496959686, 
                    "spot": "president"
                }, 
                {
                    "begin": 1392, 
                    "end": 1401, 
                    "score": 0.2980039715766907, 
                    "spot": "president"
                }, 
                {
                    "begin": 1862, 
                    "end": 1871, 
                    "score": 0.12746243178844452, 
                    "spot": "president"
                }
            ], 
            "wiki_id": 24113, 
            "wiki_title": "President of the United States"
        }, 
        {
            "annotations": [
                {
                    "begin": 2985, 
                    "end": 2995, 
                    "score": 0.1203397810459137, 
                    "spot": "administer"
                }
            ], 
            "wiki_id": 19881, 
            "wiki_title": "Management"
        }, 
        {
            "annotations": [
                {
                    "begin": 623, 
                    "end": 629, 
                    "score": 0.041661690920591354, 
                    "spot": "record"
                }
            ], 
            "wiki_id": 4063663, 
            "wiki_title": "Rede Record"
        }, 
        {
            "annotations": [
                {
                    "begin": 469, 
                    "end": 474, 
                    "score": 0.19434072077274323, 
                    "spot": "state"
                }, 
                {
                    "begin": 1226, 
                    "end": 1232, 
                    "score": 0.10134617984294891, 
                    "spot": "states"
                }
            ], 
            "wiki_id": 28151, 
            "wiki_title": "State (polity)"
        }, 
        {
            "annotations": [
                {
                    "begin": 578, 
                    "end": 589, 
                    "score": 0.008608478121459484, 
                    "spot": "celebration"
                }
            ], 
            "wiki_id": 67500, 
            "wiki_title": "Festival"
        }, 
        {
            "annotations": [
                {
                    "begin": 145, 
                    "end": 153, 
                    "score": 0.001408450654707849, 
                    "spot": "The best"
                }, 
                {
                    "begin": 1344, 
                    "end": 1352, 
                    "score": 0.001408450654707849, 
                    "spot": "the best"
                }
            ], 
            "wiki_id": 5519593, 
            "wiki_title": "The Best (song)"
        }, 
        {
            "annotations": [
                {
                    "begin": 2246, 
                    "end": 2254, 
                    "score": 0.10743638873100281, 
                    "spot": "10 years"
                }, 
                {
                    "begin": 2416, 
                    "end": 2424, 
                    "score": 0.07387915253639221, 
                    "spot": "10 years"
                }
            ], 
            "wiki_id": 477069, 
            "wiki_title": "Anniversary"
        }, 
        {
            "annotations": [
                {
                    "begin": 1324, 
                    "end": 1336, 
                    "score": 0.05055193230509758, 
                    "spot": "common sense"
                }
            ], 
            "wiki_id": 21478754, 
            "wiki_title": "Common sense"
        }, 
        {
            "annotations": [
                {
                    "begin": 1452, 
                    "end": 1460, 
                    "score": 0.13149283826351166, 
                    "spot": "decision"
                }
            ], 
            "wiki_id": 44399484, 
            "wiki_title": "Obergefell v. Hodges"
        }, 
        {
            "annotations": [
                {
                    "begin": 822, 
                    "end": 829, 
                    "score": 0.18469123542308807, 
                    "spot": "percent"
                }, 
                {
                    "begin": 843, 
                    "end": 850, 
                    "score": 0.21916840970516205, 
                    "spot": "percent"
                }, 
                {
                    "begin": 2314, 
                    "end": 2321, 
                    "score": 0.006681401282548904, 
                    "spot": "percent"
                }
            ], 
            "wiki_id": 64493, 
            "wiki_title": "Percentage"
        }, 
        {
            "annotations": [
                {
                    "begin": 2484, 
                    "end": 2490, 
                    "score": 0.0029582823626697063, 
                    "spot": "decade"
                }
            ], 
            "wiki_id": 2187251, 
            "wiki_title": "Decade (log scale)"
        }, 
        {
            "annotations": [
                {
                    "begin": 479, 
                    "end": 484, 
                    "score": 0.21331457793712616, 
                    "spot": "local"
                }, 
                {
                    "begin": 2965, 
                    "end": 2970, 
                    "score": 0.10948563367128372, 
                    "spot": "local"
                }
            ], 
            "wiki_id": 52786, 
            "wiki_title": "Local government"
        }, 
        {
            "annotations": [
                {
                    "begin": 614, 
                    "end": 622, 
                    "score": 0.03537336736917496, 
                    "spot": "economic"
                }
            ], 
            "wiki_id": 6639133, 
            "wiki_title": "Economy"
        }, 
        {
            "annotations": [
                {
                    "begin": 2221, 
                    "end": 2226, 
                    "score": 0.004858291242271662, 
                    "spot": "today"
                }, 
                {
                    "begin": 2395, 
                    "end": 2400, 
                    "score": 0.06440023332834244, 
                    "spot": "today"
                }
            ], 
            "wiki_id": 226675, 
            "wiki_title": "Today (U.S. TV program)"
        }, 
        {
            "annotations": [
                {
                    "begin": 1320, 
                    "end": 1323, 
                    "score": 0.19289836287498474, 
                    "spot": "old"
                }
            ], 
            "wiki_id": 22326, 
            "wiki_title": "Old Testament"
        }, 
        {
            "annotations": [
                {
                    "begin": 1989, 
                    "end": 2005, 
                    "score": 0.2097962200641632, 
                    "spot": "self-sufficiency"
                }
            ], 
            "wiki_id": 904806, 
            "wiki_title": "Self-sufficiency"
        }, 
        {
            "annotations": [
                {
                    "begin": 593, 
                    "end": 613, 
                    "score": 0.007499999832361937, 
                    "spot": "his\nadministration's"
                }
            ], 
            "wiki_id": 20082093, 
            "wiki_title": "Presidency of Barack Obama"
        }, 
        {
            "annotations": [
                {
                    "begin": 894, 
                    "end": 898, 
                    "score": 0.06220901012420654, 
                    "spot": "cent"
                }
            ], 
            "wiki_id": 18717338, 
            "wiki_title": "United States dollar"
        }, 
        {
            "annotations": [
                {
                    "begin": 2161, 
                    "end": 2168, 
                    "score": 0.004648074507713318, 
                    "spot": "fact is"
                }
            ], 
            "wiki_id": 32110817, 
            "wiki_title": "The Fact Is (I Need You)"
        }, 
        {
            "annotations": [
                {
                    "begin": 272, 
                    "end": 277, 
                    "score": 0.10385163128376007, 
                    "spot": "miles"
                }
            ], 
            "wiki_id": 1291705, 
            "wiki_title": "Nelson A. Miles"
        }, 
        {
            "annotations": [
                {
                    "begin": 3030, 
                    "end": 3041, 
                    "score": 0.15620118379592896, 
                    "spot": "bureaucrats"
                }
            ], 
            "wiki_id": 20949522, 
            "wiki_title": "Bureaucracy"
        }, 
        {
            "annotations": [
                {
                    "begin": 79, 
                    "end": 87, 
                    "score": 0.1381065398454666, 
                    "spot": "Congress"
                }, 
                {
                    "begin": 1418, 
                    "end": 1426, 
                    "score": 0.16077564656734467, 
                    "spot": "Congress"
                }, 
                {
                    "begin": 1883, 
                    "end": 1891, 
                    "score": 0.24647033214569092, 
                    "spot": "Congress"
                }
            ], 
            "wiki_id": 31756, 
            "wiki_title": "United States Congress"
        }, 
        {
            "annotations": [
                {
                    "begin": 2325, 
                    "end": 2333, 
                    "score": 0.09456044435501099, 
                    "spot": "American"
                }, 
                {
                    "begin": 2513, 
                    "end": 2522, 
                    "score": 0.025165852159261703, 
                    "spot": "Americans"
                }
            ], 
            "wiki_id": 3434750, 
            "wiki_title": "United States"
        }, 
        {
            "annotations": [
                {
                    "begin": 550, 
                    "end": 554, 
                    "score": 0.08134801685810089, 
                    "spot": "talk"
                }
            ], 
            "wiki_id": 30077, 
            "wiki_title": "Talk radio"
        }, 
        {
            "annotations": [
                {
                    "begin": 2594, 
                    "end": 2603, 
                    "score": 0.19998177886009216, 
                    "spot": "education"
                }
            ], 
            "wiki_id": 9252, 
            "wiki_title": "Education"
        }, 
        {
            "annotations": [
                {
                    "begin": 1598, 
                    "end": 1604, 
                    "score": 0.19875389337539673, 
                    "spot": "people"
                }
            ], 
            "wiki_id": 3488351, 
            "wiki_title": "People"
        }, 
        {
            "annotations": [
                {
                    "begin": 1823, 
                    "end": 1827, 
                    "score": 0.0859815701842308, 
                    "spot": "work"
                }
            ], 
            "wiki_id": 149861, 
            "wiki_title": "Work (physics)"
        }, 
        {
            "annotations": [
                {
                    "begin": 278, 
                    "end": 283, 
                    "score": 0.09051506221294403, 
                    "spot": "north"
                }
            ], 
            "wiki_id": 21650, 
            "wiki_title": "North Carolina"
        }, 
        {
            "annotations": [
                {
                    "begin": 876, 
                    "end": 882, 
                    "score": 0.0008206114289350808, 
                    "spot": "figure"
                }
            ], 
            "wiki_id": 169191, 
            "wiki_title": "Shape"
        }, 
        {
            "annotations": [
                {
                    "begin": 1413, 
                    "end": 1416, 
                    "score": 0.12478940188884735, 
                    "spot": "Now"
                }
            ], 
            "wiki_id": 8536948, 
            "wiki_title": "National Organization for Women"
        }, 
        {
            "annotations": [
                {
                    "begin": 955, 
                    "end": 964, 
                    "score": 0.10743024945259094, 
                    "spot": "Americans"
                }, 
                {
                    "begin": 2039, 
                    "end": 2048, 
                    "score": 0.25102415680885315, 
                    "spot": "Americans"
                }
            ], 
            "wiki_id": 19792942, 
            "wiki_title": "Americans"
        }, 
        {
            "annotations": [
                {
                    "begin": 2118, 
                    "end": 2124, 
                    "score": 0.002633341820910573, 
                    "spot": "people"
                }
            ], 
            "wiki_id": 507970, 
            "wiki_title": "People (magazine)"
        }, 
        {
            "annotations": [
                {
                    "begin": 2777, 
                    "end": 2789, 
                    "score": 0.25006330013275146, 
                    "spot": "subcommittee"
                }
            ], 
            "wiki_id": 158196, 
            "wiki_title": "Committee"
        }, 
        {
            "annotations": [
                {
                    "begin": 485, 
                    "end": 492, 
                    "score": 0.20321601629257202, 
                    "spot": "welfare"
                }, 
                {
                    "begin": 1187, 
                    "end": 1194, 
                    "score": 0.1709490418434143, 
                    "spot": "welfare"
                }, 
                {
                    "begin": 1620, 
                    "end": 1627, 
                    "score": 0.17416121065616608, 
                    "spot": "welfare"
                }, 
                {
                    "begin": 1940, 
                    "end": 1947, 
                    "score": 0.29549574851989746, 
                    "spot": "welfare"
                }, 
                {
                    "begin": 2646, 
                    "end": 2654, 
                    "score": 0.363440603017807, 
                    "spot": "benefits"
                }, 
                {
                    "begin": 2667, 
                    "end": 2674, 
                    "score": 0.34436944127082825, 
                    "spot": "welfare"
                }, 
                {
                    "begin": 2793, 
                    "end": 2810, 
                    "score": 0.3100156784057617, 
                    "spot": "public assistance"
                }, 
                {
                    "begin": 2864, 
                    "end": 2871, 
                    "score": 0.20622025430202484, 
                    "spot": "welfare"
                }, 
                {
                    "begin": 3000, 
                    "end": 3007, 
                    "score": 0.3092844486236572, 
                    "spot": "welfare"
                }, 
                {
                    "begin": 3000, 
                    "end": 3016, 
                    "score": 0.3565748631954193, 
                    "spot": "welfare programs"
                }
            ], 
            "wiki_id": 247817, 
            "wiki_title": "Welfare"
        }, 
        {
            "annotations": [
                {
                    "begin": 455, 
                    "end": 465, 
                    "score": 0.09774977713823318, 
                    "spot": "controlled"
                }, 
                {
                    "begin": 2941, 
                    "end": 2951, 
                    "score": 0.017545180395245552, 
                    "spot": "controlled"
                }
            ], 
            "wiki_id": 2411002, 
            "wiki_title": "Controlled-access highway"
        }, 
        {
            "annotations": [
                {
                    "begin": 1495, 
                    "end": 1502, 
                    "score": 0.00601429445669055, 
                    "spot": "message"
                }
            ], 
            "wiki_id": 41367, 
            "wiki_title": "Message"
        }, 
        {
            "annotations": [
                {
                    "begin": 122, 
                    "end": 126, 
                    "score": 0.07447171211242676, 
                    "spot": "work"
                }, 
                {
                    "begin": 170, 
                    "end": 174, 
                    "score": 0.15785515308380127, 
                    "spot": "work"
                }, 
                {
                    "begin": 392, 
                    "end": 396, 
                    "score": 0.21728022396564484, 
                    "spot": "work"
                }, 
                {
                    "begin": 1369, 
                    "end": 1373, 
                    "score": 0.15785515308380127, 
                    "spot": "work"
                }, 
                {
                    "begin": 1731, 
                    "end": 1735, 
                    "score": 0.20432023704051971, 
                    "spot": "work"
                }, 
                {
                    "begin": 1930, 
                    "end": 1934, 
                    "score": 0.18966366350650787, 
                    "spot": "work"
                }, 
                {
                    "begin": 2687, 
                    "end": 2691, 
                    "score": 0.23572121560573578, 
                    "spot": "work"
                }
            ], 
            "wiki_id": 314993, 
            "wiki_title": "Employment"
        }, 
        {
            "annotations": [
                {
                    "begin": 1901, 
                    "end": 1903, 
                    "score": 0.11508724838495255, 
                    "spot": "me"
                }
            ], 
            "wiki_id": 19977, 
            "wiki_title": "Maine"
        }, 
        {
            "annotations": [
                {
                    "begin": 2847, 
                    "end": 2850, 
                    "score": 0.05418490245938301, 
                    "spot": "Yes"
                }
            ], 
            "wiki_id": 43975, 
            "wiki_title": "Yes (band)"
        }, 
        {
            "annotations": [
                {
                    "begin": 2080, 
                    "end": 2083, 
                    "score": 0.01859891042113304, 
                    "spot": "pen"
                }
            ], 
            "wiki_id": 456100, 
            "wiki_title": "Penalty kick"
        }, 
        {
            "annotations": [
                {
                    "begin": 1195, 
                    "end": 1200, 
                    "score": 0.0037106447853147984, 
                    "spot": "rolls"
                }
            ], 
            "wiki_id": 863381, 
            "wiki_title": "Dawes Rolls"
        }, 
        {
            "annotations": [
                {
                    "begin": 872, 
                    "end": 875, 
                    "score": 0.1253659576177597, 
                    "spot": "May"
                }
            ], 
            "wiki_id": 4511363, 
            "wiki_title": "Rudy May"
        }, 
        {
            "annotations": [
                {
                    "begin": 67, 
                    "end": 78, 
                    "score": 0.14065206050872803, 
                    "spot": "legislation"
                }
            ], 
            "wiki_id": 51913, 
            "wiki_title": "Legislation"
        }, 
        {
            "annotations": [
                {
                    "begin": 2762, 
                    "end": 2776, 
                    "score": 0.18425440788269043, 
                    "spot": "Ways and Means"
                }
            ], 
            "wiki_id": 465643, 
            "wiki_title": "United States House Committee on Ways and Means"
        }, 
        {
            "annotations": [
                {
                    "begin": 1710, 
                    "end": 1714, 
                    "score": 0.2378610223531723, 
                    "spot": "bill"
                }, 
                {
                    "begin": 1801, 
                    "end": 1805, 
                    "score": 0.015495323576033115, 
                    "spot": "bill"
                }, 
                {
                    "begin": 1911, 
                    "end": 1915, 
                    "score": 0.1935815066099167, 
                    "spot": "bill"
                }, 
                {
                    "begin": 2570, 
                    "end": 2574, 
                    "score": 0.1792113184928894, 
                    "spot": "bill"
                }
            ], 
            "wiki_id": 377411, 
            "wiki_title": "Bill (law)"
        }, 
        {
            "annotations": [
                {
                    "begin": 1095, 
                    "end": 1103, 
                    "score": 0.013725627213716507, 
                    "spot": "launched"
                }
            ], 
            "wiki_id": 60930, 
            "wiki_title": "Ceremonial ship launching"
        }, 
        {
            "annotations": [
                {
                    "begin": 2635, 
                    "end": 2645, 
                    "score": 0.19663812220096588, 
                    "spot": "child-care"
                }
            ], 
            "wiki_id": 389615, 
            "wiki_title": "Child care"
        }, 
        {
            "annotations": [
                {
                    "begin": 512, 
                    "end": 530, 
                    "score": 0.26505136489868164, 
                    "spot": "federal government"
                }
            ], 
            "wiki_id": 195149, 
            "wiki_title": "Federal government of the United States"
        }, 
        {
            "annotations": [
                {
                    "begin": 2238, 
                    "end": 2241, 
                    "score": 0.0006853084196336567, 
                    "spot": "she"
                }
            ], 
            "wiki_id": 706580, 
            "wiki_title": "S.H.E"
        }, 
        {
            "annotations": [
                {
                    "begin": 1315, 
                    "end": 1319, 
                    "score": 0.278240442276001, 
                    "spot": "good"
                }
            ], 
            "wiki_id": 339686, 
            "wiki_title": "Good and evil"
        }, 
        {
            "annotations": [
                {
                    "begin": 742, 
                    "end": 750, 
                    "score": 0.0007427213131450117, 
                    "spot": "14 years"
                }
            ], 
            "wiki_id": 6039944, 
            "wiki_title": "14 Years"
        }, 
        {
            "annotations": [
                {
                    "begin": 2207, 
                    "end": 2216, 
                    "score": 0.001541171339340508, 
                    "spot": "no better"
                }
            ], 
            "wiki_id": 42830705, 
            "wiki_title": "No Better"
        }, 
        {
            "annotations": [
                {
                    "begin": 2210, 
                    "end": 2220, 
                    "score": 0.0044247787445783615, 
                    "spot": "better off"
                }
            ], 
            "wiki_id": 1581509, 
            "wiki_title": "Gasoline (Theory of a Deadman album)"
        }, 
        {
            "annotations": [
                {
                    "begin": 2530, 
                    "end": 2535, 
                    "score": 0.004570384044200182, 
                    "spot": "mired"
                }
            ], 
            "wiki_id": 3057530, 
            "wiki_title": "Mired"
        }, 
        {
            "annotations": [
                {
                    "begin": 50, 
                    "end": 54, 
                    "score": 0.32415837049484253, 
                    "spot": "veto"
                }, 
                {
                    "begin": 2075, 
                    "end": 2079, 
                    "score": 0.11636286228895187, 
                    "spot": "veto"
                }
            ], 
            "wiki_id": 74661, 
            "wiki_title": "Veto"
        }, 
        {
            "annotations": [
                {
                    "begin": 2731, 
                    "end": 2737, 
                    "score": 0.05439941585063934, 
                    "spot": "Downey"
                }
            ], 
            "wiki_id": 4692187, 
            "wiki_title": "Brian Downey (drummer)"
        }, 
        {
            "annotations": [
                {
                    "begin": 493, 
                    "end": 502, 
                    "score": 0.16653282940387726, 
                    "spot": "officials"
                }
            ], 
            "wiki_id": 160793, 
            "wiki_title": "Civil service"
        }, 
        {
            "annotations": [
                {
                    "begin": 149, 
                    "end": 157, 
                    "score": 0.0016922676004469395, 
                    "spot": "best way"
                }, 
                {
                    "begin": 1348, 
                    "end": 1356, 
                    "score": 0.0016922676004469395, 
                    "spot": "best way"
                }
            ], 
            "wiki_id": 26173331, 
            "wiki_title": "Best Way"
        }, 
        {
            "annotations": [
                {
                    "begin": 1636, 
                    "end": 1659, 
                    "score": 0.5492797493934631, 
                    "spot": "House-Senate conference"
                }, 
                {
                    "begin": 1636, 
                    "end": 1669, 
                    "score": 0.45157861709594727, 
                    "spot": "House-Senate conference committee"
                }, 
                {
                    "begin": 1649, 
                    "end": 1669, 
                    "score": 0.6241135001182556, 
                    "spot": "conference committee"
                }
            ], 
            "wiki_id": 3667579, 
            "wiki_title": "United States congressional conference committee"
        }, 
        {
            "annotations": [
                {
                    "begin": 432, 
                    "end": 444, 
                    "score": 0.0582134872674942, 
                    "spot": "requirements"
                }, 
                {
                    "begin": 2918, 
                    "end": 2930, 
                    "score": 0.13155217468738556, 
                    "spot": "requirements"
                }
            ], 
            "wiki_id": 1745670, 
            "wiki_title": "Social choice theory"
        }, 
        {
            "annotations": [
                {
                    "begin": 2739, 
                    "end": 2754, 
                    "score": 0.08136630803346634, 
                    "spot": "acting chairman"
                }
            ], 
            "wiki_id": 352134, 
            "wiki_title": "Acting president"
        }, 
        {
            "annotations": [
                {
                    "begin": 2971, 
                    "end": 2980, 
                    "score": 0.06279313564300537, 
                    "spot": "officials"
                }
            ], 
            "wiki_id": 234989, 
            "wiki_title": "Northwest Territory"
        }, 
        {
            "annotations": [
                {
                    "begin": 1006, 
                    "end": 1012, 
                    "score": 0.002020202111452818, 
                    "spot": "caught"
                }
            ], 
            "wiki_id": 436699, 
            "wiki_title": "Catcher"
        }, 
        {
            "annotations": [
                {
                    "begin": 638, 
                    "end": 644, 
                    "score": 0.09834370017051697, 
                    "spot": "Friday"
                }
            ], 
            "wiki_id": 58009, 
            "wiki_title": "Good Friday"
        }, 
        {
            "annotations": [
                {
                    "begin": 2196, 
                    "end": 2203, 
                    "score": 0.0834803581237793, 
                    "spot": "America"
                }
            ], 
            "wiki_id": 29833, 
            "wiki_title": "Americas"
        }, 
        {
            "annotations": [
                {
                    "begin": 1172, 
                    "end": 1178, 
                    "score": 0.10673565417528152, 
                    "spot": "people"
                }
            ], 
            "wiki_id": 219599, 
            "wiki_title": "Person"
        }, 
        {
            "annotations": [
                {
                    "begin": 2456, 
                    "end": 2466, 
                    "score": 0.0044247787445783615, 
                    "spot": "better off"
                }
            ], 
            "wiki_id": 48307221, 
            "wiki_title": "Better Off (band)"
        }, 
        {
            "annotations": [
                {
                    "begin": 2263, 
                    "end": 2267, 
                    "score": 0.11610661447048187, 
                    "spot": "fact"
                }
            ], 
            "wiki_id": 58617, 
            "wiki_title": "Fact"
        }, 
        {
            "annotations": [
                {
                    "begin": 2604, 
                    "end": 2612, 
                    "score": 0.1676742136478424, 
                    "spot": "programs"
                }
            ], 
            "wiki_id": 5309, 
            "wiki_title": "Software"
        }, 
        {
            "annotations": [
                {
                    "begin": 127, 
                    "end": 138, 
                    "score": 0.07567206025123596, 
                    "spot": "requirement"
                }, 
                {
                    "begin": 1736, 
                    "end": 1747, 
                    "score": 0.13930991291999817, 
                    "spot": "requirement"
                }
            ], 
            "wiki_id": 544592, 
            "wiki_title": "Requirement"
        }, 
        {
            "annotations": [
                {
                    "begin": 2334, 
                    "end": 2342, 
                    "score": 0.14464382827281952, 
                    "spot": "families"
                }
            ], 
            "wiki_id": 10401954, 
            "wiki_title": "Family"
        }, 
        {
            "annotations": [
                {
                    "begin": 2624, 
                    "end": 2630, 
                    "score": 0.16747306287288666, 
                    "spot": "health"
                }
            ], 
            "wiki_id": 80381, 
            "wiki_title": "Health"
        }, 
        {
            "annotations": [
                {
                    "begin": 1136, 
                    "end": 1143, 
                    "score": 0.03448275849223137, 
                    "spot": "come up"
                }
            ], 
            "wiki_id": 23306612, 
            "wiki_title": "J. Cole"
        }, 
        {
            "annotations": [
                {
                    "begin": 2564, 
                    "end": 2569, 
                    "score": 0.07331691682338715, 
                    "spot": "House"
                }
            ], 
            "wiki_id": 13590, 
            "wiki_title": "House"
        }, 
        {
            "annotations": [
                {
                    "begin": 944, 
                    "end": 949, 
                    "score": 0.0005392648163251579, 
                    "spot": "still"
                }
            ], 
            "wiki_id": 1476527, 
            "wiki_title": "Still (Joy Division album)"
        }, 
        {
            "annotations": [
                {
                    "begin": 59, 
                    "end": 66, 
                    "score": 0.25430649518966675, 
                    "spot": "welfare"
                }, 
                {
                    "begin": 373, 
                    "end": 380, 
                    "score": 0.251575231552124, 
                    "spot": "welfare"
                }, 
                {
                    "begin": 373, 
                    "end": 391, 
                    "score": 0.2397758960723877, 
                    "spot": "welfare recipients"
                }, 
                {
                    "begin": 2052, 
                    "end": 2059, 
                    "score": 0.12312301248311996, 
                    "spot": "welfare"
                }
            ], 
            "wiki_id": 21109533, 
            "wiki_title": "Social programs in the United States"
        }, 
        {
            "annotations": [
                {
                    "begin": 1880, 
                    "end": 1882, 
                    "score": 0.04051918536424637, 
                    "spot": "If"
                }
            ], 
            "wiki_id": 83139, 
            "wiki_title": "Intermediate frequency"
        }, 
        {
            "annotations": [
                {
                    "begin": 1978, 
                    "end": 1985, 
                    "score": 0.23886916041374207, 
                    "spot": "dignity"
                }
            ], 
            "wiki_id": 234393, 
            "wiki_title": "Dignity"
        }, 
        {
            "annotations": [
                {
                    "begin": 254, 
                    "end": 262, 
                    "score": 0.06961234658956528, 
                    "spot": "vacation"
                }
            ], 
            "wiki_id": 509409, 
            "wiki_title": "Vacation"
        }, 
        {
            "annotations": [
                {
                    "begin": 920, 
                    "end": 923, 
                    "score": 0.09296417236328125, 
                    "spot": "low"
                }
            ], 
            "wiki_id": 48704155, 
            "wiki_title": "Minor League Baseball"
        }, 
        {
            "annotations": [
                {
                    "begin": 1441, 
                    "end": 1446, 
                    "score": 0.007759508211165667, 
                    "spot": "close"
                }
            ], 
            "wiki_id": 12453703, 
            "wiki_title": "Closer (baseball)"
        }, 
        {
            "annotations": [
                {
                    "begin": 4, 
                    "end": 20, 
                    "score": 0.14791229367256165, 
                    "spot": "President Reagan"
                }, 
                {
                    "begin": 535, 
                    "end": 541, 
                    "score": 0.22098860144615173, 
                    "spot": "Reagan"
                }
            ], 
            "wiki_id": 25433, 
            "wiki_title": "Ronald Reagan"
        }, 
        {
            "annotations": [
                {
                    "begin": 287, 
                    "end": 291, 
                    "score": 0.0025929224211722612, 
                    "spot": "here"
                }
            ], 
            "wiki_id": 1978776, 
            "wiki_title": "Hotel Employees and Restaurant Employees Union"
        }, 
        {
            "annotations": [
                {
                    "begin": 1835, 
                    "end": 1839, 
                    "score": 0.0019062388455495238, 
                    "spot": "true"
                }
            ], 
            "wiki_id": 2820377, 
            "wiki_title": "True (Spandau Ballet song)"
        }, 
        {
            "annotations": [
                {
                    "begin": 1581, 
                    "end": 1587, 
                    "score": 0.08838176727294922, 
                    "spot": "geared"
                }
            ], 
            "wiki_id": 82916, 
            "wiki_title": "Gear"
        }, 
        {
            "annotations": [
                {
                    "begin": 397, 
                    "end": 400, 
                    "score": 0.08159156888723373, 
                    "spot": "may"
                }, 
                {
                    "begin": 2890, 
                    "end": 2893, 
                    "score": 0.14508110284805298, 
                    "spot": "may"
                }
            ], 
            "wiki_id": 311205, 
            "wiki_title": "May 1968 events in France"
        }, 
        {
            "annotations": [
                {
                    "begin": 2186, 
                    "end": 2192, 
                    "score": 0.0030046773608773947, 
                    "spot": "worker"
                }
            ], 
            "wiki_id": 857255, 
            "wiki_title": "Workforce"
        }, 
        {
            "annotations": [
                {
                    "begin": 2303, 
                    "end": 2310, 
                    "score": 0.08330996334552765, 
                    "spot": "poorest"
                }
            ], 
            "wiki_id": 64959, 
            "wiki_title": "Poverty"
        }, 
        {
            "annotations": [
                {
                    "begin": 94, 
                    "end": 97, 
                    "score": 0.0005181347369216383, 
                    "spot": "him"
                }
            ], 
            "wiki_id": 595284, 
            "wiki_title": "HIM (Finnish band)"
        }, 
        {
            "annotations": [
                {
                    "begin": 831, 
                    "end": 833, 
                    "score": 0.07476621121168137, 
                    "spot": "up"
                }
            ], 
            "wiki_id": 231623, 
            "wiki_title": "Uttar Pradesh"
        }, 
        {
            "annotations": [
                {
                    "begin": 28, 
                    "end": 36, 
                    "score": 0.06559975445270538, 
                    "spot": "Saturday"
                }
            ], 
            "wiki_id": 28809, 
            "wiki_title": "Shabbat"
        }, 
        {
            "annotations": [
                {
                    "begin": 778, 
                    "end": 794, 
                    "score": 0.2927449345588684, 
                    "spot": "Labor Department"
                }
            ], 
            "wiki_id": 44273, 
            "wiki_title": "United States Department of Labor"
        }, 
        {
            "annotations": [
                {
                    "begin": 45, 
                    "end": 49, 
                    "score": 0.09762489795684814, 
                    "spot": "will"
                }
            ], 
            "wiki_id": 77697, 
            "wiki_title": "Will and testament"
        }, 
        {
            "annotations": [
                {
                    "begin": 365, 
                    "end": 372, 
                    "score": 0.5, 
                    "spot": "quiring"
                }
            ], 
            "wiki_id": 28719341, 
            "wiki_title": "Christopher Quiring"
        }, 
        {
            "annotations": [
                {
                    "begin": 263, 
                    "end": 268, 
                    "score": 0.17440104484558105, 
                    "spot": "ranch"
                }
            ], 
            "wiki_id": 30865437, 
            "wiki_title": "Ranch"
        }, 
        {
            "annotations": [
                {
                    "begin": 1076, 
                    "end": 1094, 
                    "score": 0.16876281797885895, 
                    "spot": "his administration"
                }, 
                {
                    "begin": 1080, 
                    "end": 1094, 
                    "score": 0.1845046579837799, 
                    "spot": "administration"
                }
            ], 
            "wiki_id": 183895, 
            "wiki_title": "Presidency of George W. Bush"
        }, 
        {
            "annotations": [
                {
                    "begin": 1106, 
                    "end": 1113, 
                    "score": 0.02505255490541458, 
                    "spot": "program"
                }
            ], 
            "wiki_id": 19508643, 
            "wiki_title": "Television program"
        }, 
        {
            "annotations": [
                {
                    "begin": 296, 
                    "end": 299, 
                    "score": 0.1547049731016159, 
                    "spot": "Rep"
                }
            ], 
            "wiki_id": 223225, 
            "wiki_title": "Member of Congress"
        }, 
        {
            "annotations": [
                {
                    "begin": 1526, 
                    "end": 1532, 
                    "score": 0.005139817483723164, 
                    "spot": "I will"
                }
            ], 
            "wiki_id": 2246724, 
            "wiki_title": "I Will"
        }, 
        {
            "annotations": [
                {
                    "begin": 3022, 
                    "end": 3029, 
                    "score": 0.2411864548921585, 
                    "spot": "federal"
                }
            ], 
            "wiki_id": 156371, 
            "wiki_title": "Federation"
        }, 
        {
            "annotations": [
                {
                    "begin": 2030, 
                    "end": 2035, 
                    "score": 0.07916921377182007, 
                    "spot": "reach"
                }
            ], 
            "wiki_id": 1725658, 
            "wiki_title": "Al Reach"
        }, 
        {
            "annotations": [
                {
                    "begin": 2616, 
                    "end": 2620, 
                    "score": 0.13487063348293304, 
                    "spot": "well"
                }
            ], 
            "wiki_id": 15105978, 
            "wiki_title": "Water well"
        }, 
        {
            "annotations": [
                {
                    "begin": 1537, 
                    "end": 1543, 
                    "score": 0.0037660873495042324, 
                    "spot": "accept"
                }
            ], 
            "wiki_id": 609351, 
            "wiki_title": "Accept (band)"
        }, 
        {
            "annotations": [
                {
                    "begin": 2692, 
                    "end": 2702, 
                    "score": 0.13261450827121735, 
                    "spot": "better off"
                }
            ], 
            "wiki_id": 45479, 
            "wiki_title": "Utility"
        }
    ]
}