{
    "tagme": [
        {
            "annotations": [
                {
                    "begin": 153, 
                    "end": 166, 
                    "score": 0.47546011209487915, 
                    "spot": "Tornado Alley"
                }
            ], 
            "wiki_id": 896811, 
            "wiki_title": "Tornado Alley"
        }, 
        {
            "annotations": [
                {
                    "begin": 2371, 
                    "end": 2382, 
                    "score": 0.004705401137471199, 
                    "spot": "low profile"
                }
            ], 
            "wiki_id": 40496605, 
            "wiki_title": "Low Profile"
        }, 
        {
            "annotations": [
                {
                    "begin": 2666, 
                    "end": 2677, 
                    "score": 0.026716141030192375, 
                    "spot": "Main Street"
                }
            ], 
            "wiki_id": 731002, 
            "wiki_title": "Flushing \u2013 Main Street (IRT Flushing Line)"
        }, 
        {
            "annotations": [
                {
                    "begin": 860, 
                    "end": 869, 
                    "score": 0.01593959704041481, 
                    "spot": "they wait"
                }
            ], 
            "wiki_id": 13166707, 
            "wiki_title": "They Wait"
        }, 
        {
            "annotations": [
                {
                    "begin": 1319, 
                    "end": 1321, 
                    "score": 0.11383956670761108, 
                    "spot": "do"
                }
            ], 
            "wiki_id": 2018545, 
            "wiki_title": "Do (singer)"
        }, 
        {
            "annotations": [
                {
                    "begin": 1865, 
                    "end": 1872, 
                    "score": 0.0009452265803702176, 
                    "spot": "spotted"
                }
            ], 
            "wiki_id": 176945, 
            "wiki_title": "Film score"
        }, 
        {
            "annotations": [
                {
                    "begin": 2408, 
                    "end": 2416, 
                    "score": 0.11410092562437057, 
                    "spot": "director"
                }
            ], 
            "wiki_id": 233885, 
            "wiki_title": "List of academic ranks"
        }, 
        {
            "annotations": [
                {
                    "begin": 1014, 
                    "end": 1019, 
                    "score": 0.04152265191078186, 
                    "spot": "storm"
                }
            ], 
            "wiki_id": 182000, 
            "wiki_title": "Gulf War"
        }, 
        {
            "annotations": [
                {
                    "begin": 2661, 
                    "end": 2665, 
                    "score": 0.09055859595537186, 
                    "spot": "down"
                }
            ], 
            "wiki_id": 157598, 
            "wiki_title": "Down (band)"
        }, 
        {
            "annotations": [
                {
                    "begin": 2256, 
                    "end": 2266, 
                    "score": 0.10452209413051605, 
                    "spot": "fatalities"
                }, 
                {
                    "begin": 2595, 
                    "end": 2601, 
                    "score": 0.0011305020889267325, 
                    "spot": "killed"
                }
            ], 
            "wiki_id": 8221, 
            "wiki_title": "Death"
        }, 
        {
            "annotations": [
                {
                    "begin": 1946, 
                    "end": 1957, 
                    "score": 0.22614827752113342, 
                    "spot": "mobile home"
                }
            ], 
            "wiki_id": 625015, 
            "wiki_title": "Mobile home"
        }, 
        {
            "annotations": [
                {
                    "begin": 1453, 
                    "end": 1460, 
                    "score": 0.014018691144883633, 
                    "spot": "Laureen"
                }
            ], 
            "wiki_id": 2452163, 
            "wiki_title": "Laureen Harper"
        }, 
        {
            "annotations": [
                {
                    "begin": 743, 
                    "end": 752, 
                    "score": 0.40286028385162354, 
                    "spot": "Louisiana"
                }
            ], 
            "wiki_id": 18130, 
            "wiki_title": "Louisiana"
        }, 
        {
            "annotations": [
                {
                    "begin": 137, 
                    "end": 142, 
                    "score": 0.28023821115493774, 
                    "spot": "Texas"
                }, 
                {
                    "begin": 275, 
                    "end": 280, 
                    "score": 0.33406826853752136, 
                    "spot": "Texas"
                }, 
                {
                    "begin": 1045, 
                    "end": 1050, 
                    "score": 0.3851138651371002, 
                    "spot": "Texas"
                }, 
                {
                    "begin": 1145, 
                    "end": 1150, 
                    "score": 0.38296037912368774, 
                    "spot": "Texas"
                }
            ], 
            "wiki_id": 29810, 
            "wiki_title": "Texas"
        }, 
        {
            "annotations": [
                {
                    "begin": 724, 
                    "end": 731, 
                    "score": 0.004530130419880152, 
                    "spot": "Tuesday"
                }
            ], 
            "wiki_id": 43920129, 
            "wiki_title": "Tuesday (ILoveMakonnen song)"
        }, 
        {
            "annotations": [
                {
                    "begin": 1515, 
                    "end": 1535, 
                    "score": 0.06910569220781326, 
                    "spot": "emergency management"
                }
            ], 
            "wiki_id": 1455589, 
            "wiki_title": "Emergency management"
        }, 
        {
            "annotations": [
                {
                    "begin": 2678, 
                    "end": 2683, 
                    "score": 0.0006222775555215776, 
                    "spot": "at\n90"
                }
            ], 
            "wiki_id": 12412831, 
            "wiki_title": "USS Pinto (AT-90)"
        }, 
        {
            "annotations": [
                {
                    "begin": 997, 
                    "end": 1003, 
                    "score": 0.0006496318965218961, 
                    "spot": "May 22"
                }
            ], 
            "wiki_id": 1769602, 
            "wiki_title": "May 22 (Eastern Orthodox liturgics)"
        }, 
        {
            "annotations": [
                {
                    "begin": 2221, 
                    "end": 2226, 
                    "score": 0.0362643264234066, 
                    "spot": "table"
                }
            ], 
            "wiki_id": 30589, 
            "wiki_title": "Table tennis"
        }, 
        {
            "annotations": [
                {
                    "begin": 2948, 
                    "end": 2957, 
                    "score": 0.17581187188625336, 
                    "spot": "exploding"
                }
            ], 
            "wiki_id": 63995, 
            "wiki_title": "Professional wrestling match types"
        }, 
        {
            "annotations": [
                {
                    "begin": 1361, 
                    "end": 1365, 
                    "score": 0.12086021155118942, 
                    "spot": "loss"
                }
            ], 
            "wiki_id": 234798, 
            "wiki_title": "Grief"
        }, 
        {
            "annotations": [
                {
                    "begin": 2140, 
                    "end": 2146, 
                    "score": 0.08141925930976868, 
                    "spot": "inside"
                }, 
                {
                    "begin": 2904, 
                    "end": 2910, 
                    "score": 0.12470327317714691, 
                    "spot": "inside"
                }
            ], 
            "wiki_id": 2243260, 
            "wiki_title": "The Inside (TV series)"
        }, 
        {
            "annotations": [
                {
                    "begin": 2459, 
                    "end": 2480, 
                    "score": 0.4543090760707855, 
                    "spot": "Texas Tech University"
                }
            ], 
            "wiki_id": 272980, 
            "wiki_title": "Texas Tech University"
        }, 
        {
            "annotations": [
                {
                    "begin": 420, 
                    "end": 427, 
                    "score": 0.06520581990480423, 
                    "spot": "records"
                }
            ], 
            "wiki_id": 172121, 
            "wiki_title": "Gramophone record"
        }, 
        {
            "annotations": [
                {
                    "begin": 340, 
                    "end": 355, 
                    "score": 0.11890243738889694, 
                    "spot": "College Station"
                }
            ], 
            "wiki_id": 135555, 
            "wiki_title": "College Station, Texas"
        }, 
        {
            "annotations": [
                {
                    "begin": 2741, 
                    "end": 2748, 
                    "score": 0.21630600094795227, 
                    "spot": "twister"
                }
            ], 
            "wiki_id": 303933, 
            "wiki_title": "Twister (1996 film)"
        }, 
        {
            "annotations": [
                {
                    "begin": 759, 
                    "end": 765, 
                    "score": 0.3328161835670471, 
                    "spot": "Bunkie"
                }
            ], 
            "wiki_id": 115483, 
            "wiki_title": "Bunkie, Louisiana"
        }, 
        {
            "annotations": [
                {
                    "begin": 943, 
                    "end": 953, 
                    "score": 0.2931744456291199, 
                    "spot": "forecaster"
                }
            ], 
            "wiki_id": 73231, 
            "wiki_title": "Weather forecasting"
        }, 
        {
            "annotations": [
                {
                    "begin": 1315, 
                    "end": 1318, 
                    "score": 0.11492124944925308, 
                    "spot": "you"
                }
            ], 
            "wiki_id": 5882123, 
            "wiki_title": "You (S Club 7 song)"
        }, 
        {
            "annotations": [
                {
                    "begin": 1939, 
                    "end": 1942, 
                    "score": 0.05735310539603233, 
                    "spot": "car"
                }, 
                {
                    "begin": 2543, 
                    "end": 2547, 
                    "score": 0.065242238342762, 
                    "spot": "cars"
                }
            ], 
            "wiki_id": 13673345, 
            "wiki_title": "Car"
        }, 
        {
            "annotations": [
                {
                    "begin": 1461, 
                    "end": 1468, 
                    "score": 0.046875, 
                    "spot": "Chernow"
                }
            ], 
            "wiki_id": 44605051, 
            "wiki_title": "Ann Chernow"
        }, 
        {
            "annotations": [
                {
                    "begin": 2327, 
                    "end": 2332, 
                    "score": 0.10274326801300049, 
                    "spot": "squat"
                }
            ], 
            "wiki_id": 189037, 
            "wiki_title": "Physical exercise"
        }, 
        {
            "annotations": [
                {
                    "begin": 1926, 
                    "end": 1929, 
                    "score": 0.0017872207099571824, 
                    "spot": "you"
                }
            ], 
            "wiki_id": 14148802, 
            "wiki_title": "With You (Chris Brown song)"
        }, 
        {
            "annotations": [
                {
                    "begin": 3100, 
                    "end": 3102, 
                    "score": 0.15270531177520752, 
                    "spot": "ll"
                }
            ], 
            "wiki_id": 143854, 
            "wiki_title": "Interpunct"
        }, 
        {
            "annotations": [
                {
                    "begin": 1703, 
                    "end": 1714, 
                    "score": 0.18810538947582245, 
                    "spot": "development"
                }
            ], 
            "wiki_id": 7195284, 
            "wiki_title": "Tropical cyclogenesis"
        }, 
        {
            "annotations": [
                {
                    "begin": 2339, 
                    "end": 2344, 
                    "score": 0.13799777626991272, 
                    "spot": "cover"
                }
            ], 
            "wiki_id": 159031, 
            "wiki_title": "Cover version"
        }, 
        {
            "annotations": [
                {
                    "begin": 2198, 
                    "end": 2201, 
                    "score": 0.005509287118911743, 
                    "spot": "lie"
                }
            ], 
            "wiki_id": 37721, 
            "wiki_title": "Legato"
        }, 
        {
            "annotations": [
                {
                    "begin": 1602, 
                    "end": 1618, 
                    "score": 0.37018445134162903, 
                    "spot": "tornado warnings"
                }, 
                {
                    "begin": 1804, 
                    "end": 1819, 
                    "score": 0.46562498807907104, 
                    "spot": "tornado warning"
                }
            ], 
            "wiki_id": 275591, 
            "wiki_title": "Tornado warning"
        }, 
        {
            "annotations": [
                {
                    "begin": 1069, 
                    "end": 1076, 
                    "score": 0.09126748889684677, 
                    "spot": "killing"
                }
            ], 
            "wiki_id": 29095681, 
            "wiki_title": "The Killing (U.S. TV series)"
        }, 
        {
            "annotations": [
                {
                    "begin": 1842, 
                    "end": 1851, 
                    "score": 0.0009087218204513192, 
                    "spot": "developed"
                }
            ], 
            "wiki_id": 200646, 
            "wiki_title": "Selective breeding"
        }, 
        {
            "annotations": [
                {
                    "begin": 2296, 
                    "end": 2302, 
                    "score": 0.09936552494764328, 
                    "spot": "debris"
                }
            ], 
            "wiki_id": 1045142, 
            "wiki_title": "Debris"
        }, 
        {
            "annotations": [
                {
                    "begin": 2177, 
                    "end": 2182, 
                    "score": 0.00605366937816143, 
                    "spot": "house"
                }, 
                {
                    "begin": 3015, 
                    "end": 3020, 
                    "score": 0.06722056120634079, 
                    "spot": "house"
                }
            ], 
            "wiki_id": 13590, 
            "wiki_title": "House"
        }, 
        {
            "annotations": [
                {
                    "begin": 688, 
                    "end": 694, 
                    "score": 0.05730524659156799, 
                    "spot": "damage"
                }
            ], 
            "wiki_id": 1537950, 
            "wiki_title": "Damage (comics)"
        }, 
        {
            "annotations": [
                {
                    "begin": 1409, 
                    "end": 1411, 
                    "score": 0.0007055374444462359, 
                    "spot": "do"
                }
            ], 
            "wiki_id": 30808, 
            "wiki_title": "Tao"
        }, 
        {
            "annotations": [
                {
                    "begin": 2351, 
                    "end": 2356, 
                    "score": 0.13834406435489655, 
                    "spot": "heads"
                }
            ], 
            "wiki_id": 30456, 
            "wiki_title": "Talking Heads"
        }, 
        {
            "annotations": [
                {
                    "begin": 1051, 
                    "end": 1055, 
                    "score": 0.13349169492721558, 
                    "spot": "town"
                }
            ], 
            "wiki_id": 52911, 
            "wiki_title": "Town"
        }, 
        {
            "annotations": [
                {
                    "begin": 3053, 
                    "end": 3055, 
                    "score": 0.0010810111416503787, 
                    "spot": "if"
                }
            ], 
            "wiki_id": 462839, 
            "wiki_title": "Conditional (computer programming)"
        }, 
        {
            "annotations": [
                {
                    "begin": 1040, 
                    "end": 1050, 
                    "score": 0.41000038385391235, 
                    "spot": "West Texas"
                }
            ], 
            "wiki_id": 616362, 
            "wiki_title": "West Texas"
        }, 
        {
            "annotations": [
                {
                    "begin": 1962, 
                    "end": 1966, 
                    "score": 0.05337970703840256, 
                    "spot": "will"
                }
            ], 
            "wiki_id": 154698, 
            "wiki_title": "Will Smith"
        }, 
        {
            "annotations": [
                {
                    "begin": 1158, 
                    "end": 1177, 
                    "score": 0.1802089661359787, 
                    "spot": "series of tornadoes"
                }
            ], 
            "wiki_id": 9566474, 
            "wiki_title": "May 1995 tornado outbreak sequence"
        }, 
        {
            "annotations": [
                {
                    "begin": 711, 
                    "end": 723, 
                    "score": 0.0040241447277367115, 
                    "spot": "touched down"
                }
            ], 
            "wiki_id": 9274575, 
            "wiki_title": "2007 Groundhog Day tornado outbreak"
        }, 
        {
            "annotations": [
                {
                    "begin": 2013, 
                    "end": 2023, 
                    "score": 0.1669076681137085, 
                    "spot": "depression"
                }
            ], 
            "wiki_id": 8389, 
            "wiki_title": "Major depressive disorder"
        }, 
        {
            "annotations": [
                {
                    "begin": 2037, 
                    "end": 2045, 
                    "score": 0.15752384066581726, 
                    "spot": "the best"
                }
            ], 
            "wiki_id": 5519593, 
            "wiki_title": "The Best (song)"
        }, 
        {
            "annotations": [
                {
                    "begin": 1405, 
                    "end": 1408, 
                    "score": 0.060048677027225494, 
                    "spot": "can"
                }
            ], 
            "wiki_id": 307465, 
            "wiki_title": "Andean Community"
        }, 
        {
            "annotations": [
                {
                    "begin": 2137, 
                    "end": 2139, 
                    "score": 0.004958091303706169, 
                    "spot": "go"
                }
            ], 
            "wiki_id": 4968376, 
            "wiki_title": "Go (H2O album)"
        }, 
        {
            "annotations": [
                {
                    "begin": 2630, 
                    "end": 2639, 
                    "score": 0.07037404924631119, 
                    "spot": "jumped in"
                }
            ], 
            "wiki_id": 181626, 
            "wiki_title": "Initiation"
        }, 
        {
            "annotations": [
                {
                    "begin": 330, 
                    "end": 336, 
                    "score": 0.0417865514755249, 
                    "spot": "office"
                }
            ], 
            "wiki_id": 2995553, 
            "wiki_title": "The Office (U.S. TV series)"
        }, 
        {
            "annotations": [
                {
                    "begin": 2077, 
                    "end": 2088, 
                    "score": 0.08912090212106705, 
                    "spot": "underground"
                }
            ], 
            "wiki_id": 17839, 
            "wiki_title": "London Underground"
        }, 
        {
            "annotations": [
                {
                    "begin": 1369, 
                    "end": 1373, 
                    "score": 0.0981881320476532, 
                    "spot": "life"
                }
            ], 
            "wiki_id": 18393, 
            "wiki_title": "Life"
        }, 
        {
            "annotations": [
                {
                    "begin": 2215, 
                    "end": 2220, 
                    "score": 0.0014787837862968445, 
                    "spot": "heavy"
                }
            ], 
            "wiki_id": 254515, 
            "wiki_title": "Villain"
        }, 
        {
            "annotations": [
                {
                    "begin": 2655, 
                    "end": 2660, 
                    "score": 0.0016429353272542357, 
                    "spot": "drove"
                }
            ], 
            "wiki_id": 673526, 
            "wiki_title": "Batting (cricket)"
        }, 
        {
            "annotations": [
                {
                    "begin": 1901, 
                    "end": 1917, 
                    "score": 0.20000000298023224, 
                    "spot": "don't go outside"
                }
            ], 
            "wiki_id": 3251003, 
            "wiki_title": "In Reverie"
        }, 
        {
            "annotations": [
                {
                    "begin": 857, 
                    "end": 859, 
                    "score": 0.0010810111416503787, 
                    "spot": "If"
                }, 
                {
                    "begin": 2104, 
                    "end": 2106, 
                    "score": 0.0010810111416503787, 
                    "spot": "If"
                }
            ], 
            "wiki_id": 155571, 
            "wiki_title": "If (magazine)"
        }, 
        {
            "annotations": [
                {
                    "begin": 2065, 
                    "end": 2073, 
                    "score": 0.04804323613643646, 
                    "spot": "basement"
                }
            ], 
            "wiki_id": 568963, 
            "wiki_title": "Basement"
        }, 
        {
            "annotations": [
                {
                    "begin": 2309, 
                    "end": 2311, 
                    "score": 0.0011683235643431544, 
                    "spot": "we"
                }
            ], 
            "wiki_id": 65758, 
            "wiki_title": "Western (genre)"
        }, 
        {
            "annotations": [
                {
                    "begin": 1926, 
                    "end": 1933, 
                    "score": 0.0008104792796075344, 
                    "spot": "you\nare"
                }
            ], 
            "wiki_id": 18609265, 
            "wiki_title": "You Are (Lionel Richie song)"
        }, 
        {
            "annotations": [
                {
                    "begin": 3111, 
                    "end": 3118, 
                    "score": 0.007341217249631882, 
                    "spot": "for you"
                }
            ], 
            "wiki_id": 22993473, 
            "wiki_title": "For You (Bruce Springsteen song)"
        }, 
        {
            "annotations": [
                {
                    "begin": 81, 
                    "end": 95, 
                    "score": 0.2006850689649582, 
                    "spot": "tornado season"
                }
            ], 
            "wiki_id": 8293375, 
            "wiki_title": "Tornado climatology"
        }, 
        {
            "annotations": [
                {
                    "begin": 2993, 
                    "end": 3000, 
                    "score": 0.0028958707116544247, 
                    "spot": "natural"
                }
            ], 
            "wiki_id": 58921, 
            "wiki_title": "Natural disaster"
        }, 
        {
            "annotations": [
                {
                    "begin": 1784, 
                    "end": 1797, 
                    "score": 0.21685850620269775, 
                    "spot": "funnel clouds"
                }
            ], 
            "wiki_id": 1499520, 
            "wiki_title": "Funnel cloud"
        }, 
        {
            "annotations": [
                {
                    "begin": 2438, 
                    "end": 2455, 
                    "score": 0.15625, 
                    "spot": "Disaster\nResearch"
                }
            ], 
            "wiki_id": 4452001, 
            "wiki_title": "Disaster research"
        }, 
        {
            "annotations": [
                {
                    "begin": 373, 
                    "end": 380, 
                    "score": 0.0006531366379931569, 
                    "spot": "percent"
                }
            ], 
            "wiki_id": 1712680, 
            "wiki_title": "Percent sign"
        }, 
        {
            "annotations": [
                {
                    "begin": 1394, 
                    "end": 1411, 
                    "score": 0.015625, 
                    "spot": "things you can do"
                }
            ], 
            "wiki_id": 5400575, 
            "wiki_title": "Return to Cookie Mountain"
        }, 
        {
            "annotations": [
                {
                    "begin": 1472, 
                    "end": 1483, 
                    "score": 0.07744511216878891, 
                    "spot": "spokeswoman"
                }
            ], 
            "wiki_id": 338047, 
            "wiki_title": "Spokesperson"
        }, 
        {
            "annotations": [
                {
                    "begin": 2424, 
                    "end": 2433, 
                    "score": 0.10685670375823975, 
                    "spot": "Institute"
                }
            ], 
            "wiki_id": 19725260, 
            "wiki_title": "University"
        }, 
        {
            "annotations": [
                {
                    "begin": 70, 
                    "end": 80, 
                    "score": 0.0005129577475599945, 
                    "spot": "unofficial"
                }
            ], 
            "wiki_id": 725182, 
            "wiki_title": "Official"
        }, 
        {
            "annotations": [
                {
                    "begin": 2395, 
                    "end": 2406, 
                    "score": 0.0517241396009922, 
                    "spot": "R. McDonald"
                }
            ], 
            "wiki_id": 38082822, 
            "wiki_title": "1885\u201386 St. Mary's Y.M.A. season"
        }, 
        {
            "annotations": [
                {
                    "begin": 1186, 
                    "end": 1191, 
                    "score": 0.1315220594406128, 
                    "spot": "towns"
                }
            ], 
            "wiki_id": 96691, 
            "wiki_title": "Towns County, Georgia"
        }, 
        {
            "annotations": [
                {
                    "begin": 908, 
                    "end": 916, 
                    "score": 0.0017470598686486483, 
                    "spot": "too late"
                }
            ], 
            "wiki_id": 24389330, 
            "wiki_title": "Too Late (1996 film)"
        }, 
        {
            "annotations": [
                {
                    "begin": 2231, 
                    "end": 2239, 
                    "score": 0.09590330719947815, 
                    "spot": "McIntyre"
                }
            ], 
            "wiki_id": 30459135, 
            "wiki_title": "Ian McIntyre"
        }, 
        {
            "annotations": [
                {
                    "begin": 2962, 
                    "end": 2970, 
                    "score": 0.19551604986190796, 
                    "spot": "McIntyre"
                }
            ], 
            "wiki_id": 1863368, 
            "wiki_title": "Velvet McIntyre"
        }, 
        {
            "annotations": [
                {
                    "begin": 2149, 
                    "end": 2155, 
                    "score": 0.08984198421239853, 
                    "spot": "closet"
                }
            ], 
            "wiki_id": 71537, 
            "wiki_title": "Coming out"
        }, 
        {
            "annotations": [
                {
                    "begin": 1315, 
                    "end": 1321, 
                    "score": 0.0005706947995349765, 
                    "spot": "you do"
                }
            ], 
            "wiki_id": 6506118, 
            "wiki_title": "You Do"
        }, 
        {
            "annotations": [
                {
                    "begin": 781, 
                    "end": 786, 
                    "score": 0.07367602735757828, 
                    "spot": "brick"
                }
            ], 
            "wiki_id": 125598, 
            "wiki_title": "Brick Township, New Jersey"
        }, 
        {
            "annotations": [
                {
                    "begin": 2784, 
                    "end": 2791, 
                    "score": 0.13393047451972961, 
                    "spot": "opening"
                }, 
                {
                    "begin": 2848, 
                    "end": 2852, 
                    "score": 0.0013265135930851102, 
                    "spot": "open"
                }, 
                {
                    "begin": 3078, 
                    "end": 3082, 
                    "score": 0.17471623420715332, 
                    "spot": "open"
                }
            ], 
            "wiki_id": 277663, 
            "wiki_title": "Open-source software"
        }, 
        {
            "annotations": [
                {
                    "begin": 496, 
                    "end": 501, 
                    "score": 0.1624196618795395, 
                    "spot": "month"
                }
            ], 
            "wiki_id": 20354, 
            "wiki_title": "Month"
        }, 
        {
            "annotations": [
                {
                    "begin": 675, 
                    "end": 681, 
                    "score": 0.07256907224655151, 
                    "spot": "little"
                }
            ], 
            "wiki_id": 14529187, 
            "wiki_title": "Little River (Red River)"
        }, 
        {
            "annotations": [
                {
                    "begin": 799, 
                    "end": 805, 
                    "score": 0.07617098838090897, 
                    "spot": "People"
                }, 
                {
                    "begin": 1080, 
                    "end": 1086, 
                    "score": 0.11704599112272263, 
                    "spot": "people"
                }, 
                {
                    "begin": 2702, 
                    "end": 2708, 
                    "score": 0.06736729294061661, 
                    "spot": "people"
                }
            ], 
            "wiki_id": 507970, 
            "wiki_title": "People (magazine)"
        }, 
        {
            "annotations": [
                {
                    "begin": 735, 
                    "end": 752, 
                    "score": 0.4788704812526703, 
                    "spot": "central Louisiana"
                }
            ], 
            "wiki_id": 4747064, 
            "wiki_title": "Central Louisiana"
        }, 
        {
            "annotations": [
                {
                    "begin": 2606, 
                    "end": 2614, 
                    "score": 0.04986565560102463, 
                    "spot": "McDonald"
                }
            ], 
            "wiki_id": 94599, 
            "wiki_title": "McDonald County, Missouri"
        }, 
        {
            "annotations": [
                {
                    "begin": 2202, 
                    "end": 2206, 
                    "score": 0.010481595061719418, 
                    "spot": "flat"
                }
            ], 
            "wiki_id": 265567, 
            "wiki_title": "Apartment"
        }, 
        {
            "annotations": [
                {
                    "begin": 1034, 
                    "end": 1039, 
                    "score": 0.08118375390768051, 
                    "spot": "small"
                }
            ], 
            "wiki_id": 48842, 
            "wiki_title": "Smallmouth bass"
        }, 
        {
            "annotations": [
                {
                    "begin": 3001, 
                    "end": 3009, 
                    "score": 0.002643982181325555, 
                    "spot": "openings"
                }
            ], 
            "wiki_id": 68402, 
            "wiki_title": "Chess opening"
        }, 
        {
            "annotations": [
                {
                    "begin": 1655, 
                    "end": 1660, 
                    "score": 0.19245845079421997, 
                    "spot": "watch"
                }
            ], 
            "wiki_id": 60883, 
            "wiki_title": "Watch"
        }, 
        {
            "annotations": [
                {
                    "begin": 2792, 
                    "end": 2799, 
                    "score": 0.16790704429149628, 
                    "spot": "windows"
                }, 
                {
                    "begin": 3088, 
                    "end": 3095, 
                    "score": 0.23323789238929749, 
                    "spot": "windows"
                }
            ], 
            "wiki_id": 18890, 
            "wiki_title": "Microsoft Windows"
        }, 
        {
            "annotations": [
                {
                    "begin": 1923, 
                    "end": 1925, 
                    "score": 0.0010810111416503787, 
                    "spot": "if"
                }
            ], 
            "wiki_id": 200960, 
            "wiki_title": "Ch\u00e2teau d'If"
        }, 
        {
            "annotations": [
                {
                    "begin": 1277, 
                    "end": 1282, 
                    "score": 0.08825971186161041, 
                    "spot": "storm"
                }, 
                {
                    "begin": 2890, 
                    "end": 2895, 
                    "score": 0.16214115917682648, 
                    "spot": "storm"
                }
            ], 
            "wiki_id": 130312, 
            "wiki_title": "Storm"
        }, 
        {
            "annotations": [
                {
                    "begin": 1747, 
                    "end": 1751, 
                    "score": 0.004822245333343744, 
                    "spot": "keep"
                }
            ], 
            "wiki_id": 1401046, 
            "wiki_title": "The Keep (film)"
        }, 
        {
            "annotations": [
                {
                    "begin": 2916, 
                    "end": 2921, 
                    "score": 0.12924858927726746, 
                    "spot": "house"
                }
            ], 
            "wiki_id": 1273596, 
            "wiki_title": "House (TV series)"
        }, 
        {
            "annotations": [
                {
                    "begin": 1762, 
                    "end": 1769, 
                    "score": 0.01779784820973873, 
                    "spot": "lookout"
                }
            ], 
            "wiki_id": 6901997, 
            "wiki_title": "Lookout"
        }, 
        {
            "annotations": [
                {
                    "begin": 1559, 
                    "end": 1569, 
                    "score": 0.04970462620258331, 
                    "spot": "difference"
                }
            ], 
            "wiki_id": 13610, 
            "wiki_title": "Heraldry"
        }, 
        {
            "annotations": [
                {
                    "begin": 1140, 
                    "end": 1150, 
                    "score": 0.3045412302017212, 
                    "spot": "East Texas"
                }
            ], 
            "wiki_id": 412645, 
            "wiki_title": "East Texas"
        }, 
        {
            "annotations": [
                {
                    "begin": 1220, 
                    "end": 1230, 
                    "score": 0.41331690549850464, 
                    "spot": "Gulf Coast"
                }
            ], 
            "wiki_id": 11969, 
            "wiki_title": "Gulf Coast of the United States"
        }, 
        {
            "annotations": [
                {
                    "begin": 1197, 
                    "end": 1212, 
                    "score": 0.5769362449645996, 
                    "spot": "Cherokee County"
                }
            ], 
            "wiki_id": 91632, 
            "wiki_title": "Cherokee County, Texas"
        }, 
        {
            "annotations": [
                {
                    "begin": 20, 
                    "end": 33, 
                    "score": 0.1935664713382721, 
                    "spot": "thunderstorms"
                }
            ], 
            "wiki_id": 70807, 
            "wiki_title": "Thunderstorm"
        }, 
        {
            "annotations": [
                {
                    "begin": 629, 
                    "end": 637, 
                    "score": 0.06563024967908859, 
                    "spot": "recorded"
                }
            ], 
            "wiki_id": 2417230, 
            "wiki_title": "Sound recording and reproduction"
        }, 
        {
            "annotations": [
                {
                    "begin": 1020, 
                    "end": 1029, 
                    "score": 0.000684827275108546, 
                    "spot": "flattened"
                }
            ], 
            "wiki_id": 139950, 
            "wiki_title": "Flat (music)"
        }, 
        {
            "annotations": [
                {
                    "begin": 2691, 
                    "end": 2701, 
                    "score": 0.0069352081045508385, 
                    "spot": "Twenty-six"
                }
            ], 
            "wiki_id": 6751133, 
            "wiki_title": "Administrative divisions of Vologda Oblast"
        }, 
        {
            "annotations": [
                {
                    "begin": 1503, 
                    "end": 1511, 
                    "score": 0.09268511086702347, 
                    "spot": "division"
                }
            ], 
            "wiki_id": 145415, 
            "wiki_title": "Division (military)"
        }, 
        {
            "annotations": [
                {
                    "begin": 2684, 
                    "end": 2687, 
                    "score": 0.009346182458102703, 
                    "spot": "mph"
                }
            ], 
            "wiki_id": 4682876, 
            "wiki_title": "Professional degrees of public health"
        }, 
        {
            "annotations": [
                {
                    "begin": 1958, 
                    "end": 1966, 
                    "score": 0.0008711600094102323, 
                    "spot": "you will"
                }
            ], 
            "wiki_id": 15307953, 
            "wiki_title": "You Will (song)"
        }, 
        {
            "annotations": [
                {
                    "begin": 2808, 
                    "end": 2812, 
                    "score": 0.0009033234091475606, 
                    "spot": "once"
                }
            ], 
            "wiki_id": 357832, 
            "wiki_title": "ONCE"
        }, 
        {
            "annotations": [
                {
                    "begin": 2517, 
                    "end": 2523, 
                    "score": 0.03107658214867115, 
                    "spot": "outrun"
                }, 
                {
                    "begin": 2730, 
                    "end": 2736, 
                    "score": 0.09581053256988525, 
                    "spot": "outrun"
                }
            ], 
            "wiki_id": 35197372, 
            "wiki_title": "Hit and Run (2012 film)"
        }, 
        {
            "annotations": [
                {
                    "begin": 1774, 
                    "end": 1783, 
                    "score": 0.001611298997886479, 
                    "spot": "potential"
                }
            ], 
            "wiki_id": 23703, 
            "wiki_title": "Potential energy"
        }, 
        {
            "annotations": [
                {
                    "begin": 2361, 
                    "end": 2368, 
                    "score": 0.03381903097033501, 
                    "spot": "present"
                }
            ], 
            "wiki_id": 449612, 
            "wiki_title": "Present tense"
        }, 
        {
            "annotations": [
                {
                    "begin": 2856, 
                    "end": 2864, 
                    "score": 0.2026604413986206, 
                    "spot": "equalize"
                }, 
                {
                    "begin": 3024, 
                    "end": 3032, 
                    "score": 0.13927911221981049, 
                    "spot": "equalize"
                }
            ], 
            "wiki_id": 12217254, 
            "wiki_title": "Ear clearing"
        }, 
        {
            "annotations": [
                {
                    "begin": 1436, 
                    "end": 1444, 
                    "score": 0.0047066668048501015, 
                    "spot": "property"
                }
            ], 
            "wiki_id": 47707435, 
            "wiki_title": "Real estate"
        }, 
        {
            "annotations": [
                {
                    "begin": 314, 
                    "end": 327, 
                    "score": 0.1048867255449295, 
                    "spot": "climatologist"
                }
            ], 
            "wiki_id": 142440, 
            "wiki_title": "Climatology"
        }, 
        {
            "annotations": [
                {
                    "begin": 2089, 
                    "end": 2102, 
                    "score": 0.2823190689086914, 
                    "spot": "storm shelter"
                }
            ], 
            "wiki_id": 632312, 
            "wiki_title": "Storm cellar"
        }, 
        {
            "annotations": [
                {
                    "begin": 647, 
                    "end": 652, 
                    "score": 0.05550501495599747, 
                    "spot": "March"
                }
            ], 
            "wiki_id": 4635444, 
            "wiki_title": "March (music)"
        }, 
        {
            "annotations": [
                {
                    "begin": 428, 
                    "end": 432, 
                    "score": 0.08701366186141968, 
                    "spot": "show"
                }
            ], 
            "wiki_id": 236918, 
            "wiki_title": "Concert"
        }, 
        {
            "annotations": [
                {
                    "begin": 1303, 
                    "end": 1314, 
                    "score": 0.04653651639819145, 
                    "spot": "preparation"
                }
            ], 
            "wiki_id": 29969, 
            "wiki_title": "Tea"
        }, 
        {
            "annotations": [
                {
                    "begin": 101, 
                    "end": 105, 
                    "score": 0.033762168139219284, 
                    "spot": "runs"
                }
            ], 
            "wiki_id": 300747, 
            "wiki_title": "Run (baseball)"
        }, 
        {
            "annotations": [
                {
                    "begin": 1733, 
                    "end": 1739, 
                    "score": 0.053900886327028275, 
                    "spot": "people"
                }, 
                {
                    "begin": 2492, 
                    "end": 2498, 
                    "score": 0.002633341820910573, 
                    "spot": "people"
                }, 
                {
                    "begin": 2623, 
                    "end": 2629, 
                    "score": 0.13387608528137207, 
                    "spot": "people"
                }
            ], 
            "wiki_id": 3488351, 
            "wiki_title": "People"
        }, 
        {
            "annotations": [
                {
                    "begin": 2646, 
                    "end": 2650, 
                    "score": 0.01685243658721447, 
                    "spot": "cars"
                }
            ], 
            "wiki_id": 170472, 
            "wiki_title": "The Cars"
        }, 
        {
            "annotations": [
                {
                    "begin": 837, 
                    "end": 839, 
                    "score": 0.059553444385528564, 
                    "spot": "ll"
                }
            ], 
            "wiki_id": 192669, 
            "wiki_title": "Lord Lieutenant"
        }, 
        {
            "annotations": [
                {
                    "begin": 925, 
                    "end": 930, 
                    "score": 0.013136768713593483, 
                    "spot": "Buddy"
                }
            ], 
            "wiki_id": 9368934, 
            "wiki_title": "Brandon Buddy"
        }, 
        {
            "annotations": [
                {
                    "begin": 167, 
                    "end": 173, 
                    "score": 0.1994471698999405, 
                    "spot": "states"
                }
            ], 
            "wiki_id": 21627, 
            "wiki_title": "Nation state"
        }, 
        {
            "annotations": [
                {
                    "begin": 2389, 
                    "end": 2394, 
                    "score": 0.007341467309743166, 
                    "spot": "James"
                }
            ], 
            "wiki_id": 528805, 
            "wiki_title": "James (band)"
        }, 
        {
            "annotations": [
                {
                    "begin": 2055, 
                    "end": 2059, 
                    "score": 0.004019180778414011, 
                    "spot": "stay"
                }
            ], 
            "wiki_id": 5352549, 
            "wiki_title": "Stay (Maurice Williams song)"
        }, 
        {
            "annotations": [
                {
                    "begin": 2568, 
                    "end": 2589, 
                    "score": 0.5, 
                    "spot": "Wichita Falls tornado"
                }
            ], 
            "wiki_id": 701762, 
            "wiki_title": "1979 Red River Valley tornado outbreak"
        }, 
        {
            "annotations": [
                {
                    "begin": 2186, 
                    "end": 2194, 
                    "score": 0.015684153884649277, 
                    "spot": "bathroom"
                }
            ], 
            "wiki_id": 1025150, 
            "wiki_title": "Saw (2004 film)"
        }, 
        {
            "annotations": [
                {
                    "begin": 2865, 
                    "end": 2877, 
                    "score": 0.4360966086387634, 
                    "spot": "air pressure"
                }, 
                {
                    "begin": 3033, 
                    "end": 3045, 
                    "score": 0.4360966086387634, 
                    "spot": "air pressure"
                }
            ], 
            "wiki_id": 47484, 
            "wiki_title": "Atmospheric pressure"
        }, 
        {
            "annotations": [
                {
                    "begin": 552, 
                    "end": 560, 
                    "score": 0.20024046301841736, 
                    "spot": "unstable"
                }
            ], 
            "wiki_id": 166371, 
            "wiki_title": "Baroclinity"
        }, 
        {
            "annotations": [
                {
                    "begin": 1826, 
                    "end": 1829, 
                    "score": 0.0007970848819240928, 
                    "spot": "one"
                }
            ], 
            "wiki_id": 1337436, 
            "wiki_title": "The One (magazine)"
        }, 
        {
            "annotations": [
                {
                    "begin": 1336, 
                    "end": 1351, 
                    "score": 0.01751250959932804, 
                    "spot": "property damage"
                }
            ], 
            "wiki_id": 46698, 
            "wiki_title": "Property damage"
        }, 
        {
            "annotations": [
                {
                    "begin": 1582, 
                    "end": 1589, 
                    "score": 0.2670115828514099, 
                    "spot": "tornado"
                }
            ], 
            "wiki_id": 168682, 
            "wiki_title": "Panavia Tornado"
        }, 
        {
            "annotations": [
                {
                    "begin": 1754, 
                    "end": 1761, 
                    "score": 0.0012970168609172106, 
                    "spot": "careful"
                }
            ], 
            "wiki_id": 8136508, 
            "wiki_title": "Careful (film)"
        }, 
        {
            "annotations": [
                {
                    "begin": 2163, 
                    "end": 2169, 
                    "score": 0.021455727517604828, 
                    "spot": "center"
                }
            ], 
            "wiki_id": 2321562, 
            "wiki_title": "Center (gridiron football)"
        }, 
        {
            "annotations": [
                {
                    "begin": 1970, 
                    "end": 1975, 
                    "score": 0.03801270201802254, 
                    "spot": "safer"
                }
            ], 
            "wiki_id": 28845, 
            "wiki_title": "Safe sex"
        }, 
        {
            "annotations": [
                {
                    "begin": 1874, 
                    "end": 1884, 
                    "score": 0.03189493343234062, 
                    "spot": "Take cover"
                }
            ], 
            "wiki_id": 25413696, 
            "wiki_title": "Cover system"
        }, 
        {
            "annotations": [
                {
                    "begin": 2312, 
                    "end": 2316, 
                    "score": 0.07977449148893356, 
                    "spot": "tell"
                }
            ], 
            "wiki_id": 211183, 
            "wiki_title": "Tell"
        }, 
        {
            "annotations": [
                {
                    "begin": 1540, 
                    "end": 1543, 
                    "score": 0.0007970848819240928, 
                    "spot": "One"
                }
            ], 
            "wiki_id": 22770, 
            "wiki_title": "1 (number)"
        }, 
        {
            "annotations": [
                {
                    "begin": 656, 
                    "end": 661, 
                    "score": 0.16730459034442902, 
                    "spot": "Texas"
                }
            ], 
            "wiki_id": 32031, 
            "wiki_title": "University of Texas at Austin"
        }, 
        {
            "annotations": [
                {
                    "begin": 1007, 
                    "end": 1013, 
                    "score": 0.03291221708059311, 
                    "spot": "killer"
                }
            ], 
            "wiki_id": 20171, 
            "wiki_title": "Murder"
        }, 
        {
            "annotations": [
                {
                    "begin": 2289, 
                    "end": 2295, 
                    "score": 0.1066918671131134, 
                    "spot": "flying"
                }
            ], 
            "wiki_id": 159472, 
            "wiki_title": "Flight"
        }, 
        {
            "annotations": [
                {
                    "begin": 2333, 
                    "end": 2337, 
                    "score": 0.049395978450775146, 
                    "spot": "down"
                }
            ], 
            "wiki_id": 22469549, 
            "wiki_title": "Down (Jay Sean song)"
        }, 
        {
            "annotations": [
                {
                    "begin": 992, 
                    "end": 996, 
                    "score": 0.0010033606085926294, 
                    "spot": "Last"
                }
            ], 
            "wiki_id": 39078347, 
            "wiki_title": "Peter R. Last"
        }, 
        {
            "annotations": [
                {
                    "begin": 81, 
                    "end": 88, 
                    "score": 0.32753002643585205, 
                    "spot": "tornado"
                }, 
                {
                    "begin": 262, 
                    "end": 271, 
                    "score": 0.21798215806484222, 
                    "spot": "tornadoes"
                }, 
                {
                    "begin": 475, 
                    "end": 484, 
                    "score": 0.08276328444480896, 
                    "spot": "tornadoes"
                }, 
                {
                    "begin": 607, 
                    "end": 615, 
                    "score": 0.04659327119588852, 
                    "spot": "twisters"
                }, 
                {
                    "begin": 698, 
                    "end": 705, 
                    "score": 0.40669339895248413, 
                    "spot": "tornado"
                }, 
                {
                    "begin": 846, 
                    "end": 855, 
                    "score": 0.031663328409194946, 
                    "spot": "tornadoes"
                }, 
                {
                    "begin": 1168, 
                    "end": 1177, 
                    "score": 0.1956072598695755, 
                    "spot": "tornadoes"
                }, 
                {
                    "begin": 1239, 
                    "end": 1246, 
                    "score": 0.341985285282135, 
                    "spot": "tornado"
                }, 
                {
                    "begin": 1602, 
                    "end": 1609, 
                    "score": 0.5325961709022522, 
                    "spot": "tornado"
                }, 
                {
                    "begin": 1720, 
                    "end": 1727, 
                    "score": 0.3215620517730713, 
                    "spot": "tornado"
                }, 
                {
                    "begin": 2272, 
                    "end": 2279, 
                    "score": 0.2589905261993408, 
                    "spot": "tornado"
                }, 
                {
                    "begin": 2524, 
                    "end": 2533, 
                    "score": 0.08005313575267792, 
                    "spot": "tornadoes"
                }, 
                {
                    "begin": 3061, 
                    "end": 3068, 
                    "score": 0.17128939926624298, 
                    "spot": "tornado"
                }
            ], 
            "wiki_id": 37530, 
            "wiki_title": "Tornado"
        }, 
        {
            "annotations": [
                {
                    "begin": 1953, 
                    "end": 1961, 
                    "score": 0.10674156993627548, 
                    "spot": "home you"
                }
            ], 
            "wiki_id": 14896442, 
            "wiki_title": "Home to You"
        }, 
        {
            "annotations": [
                {
                    "begin": 181, 
                    "end": 187, 
                    "score": 0.28947728872299194, 
                    "spot": "nation"
                }
            ], 
            "wiki_id": 21754, 
            "wiki_title": "Nation"
        }, 
        {
            "annotations": [
                {
                    "begin": 767, 
                    "end": 776, 
                    "score": 0.06128653883934021, 
                    "spot": "destroyed"
                }
            ], 
            "wiki_id": 8103, 
            "wiki_title": "Deforestation"
        }, 
        {
            "annotations": [
                {
                    "begin": 190, 
                    "end": 199, 
                    "score": 0.14014939963817596, 
                    "spot": "heartland"
                }
            ], 
            "wiki_id": 3952944, 
            "wiki_title": "The Geographical Pivot of History"
        }, 
        {
            "annotations": [
                {
                    "begin": 567, 
                    "end": 574, 
                    "score": 0.08845670521259308, 
                    "spot": "average"
                }
            ], 
            "wiki_id": 33274, 
            "wiki_title": "Weighted arithmetic mean"
        }, 
        {
            "annotations": [
                {
                    "begin": 1269, 
                    "end": 1273, 
                    "score": 0.07838142663240433, 
                    "spot": "kind"
                }
            ], 
            "wiki_id": 246043, 
            "wiki_title": "Kindness"
        }, 
        {
            "annotations": [
                {
                    "begin": 931, 
                    "end": 939, 
                    "score": 0.12641641497612, 
                    "spot": "McIntyre"
                }
            ], 
            "wiki_id": 11959165, 
            "wiki_title": "O. O. McIntyre"
        }, 
        {
            "annotations": [
                {
                    "begin": 247, 
                    "end": 254, 
                    "score": 0.06567306071519852, 
                    "spot": "average"
                }, 
                {
                    "begin": 455, 
                    "end": 462, 
                    "score": 0.1410200595855713, 
                    "spot": "average"
                }
            ], 
            "wiki_id": 60167, 
            "wiki_title": "Average"
        }, 
        {
            "annotations": [
                {
                    "begin": 1784, 
                    "end": 1790, 
                    "score": 0.16640633344650269, 
                    "spot": "funnel"
                }
            ], 
            "wiki_id": 431773, 
            "wiki_title": "Funnel"
        }, 
        {
            "annotations": [
                {
                    "begin": 1492, 
                    "end": 1500, 
                    "score": 0.14842523634433746, 
                    "spot": "governor"
                }
            ], 
            "wiki_id": 56231, 
            "wiki_title": "Governor"
        }, 
        {
            "annotations": [
                {
                    "begin": 1287, 
                    "end": 1293, 
                    "score": 0.09201602637767792, 
                    "spot": "matter"
                }
            ], 
            "wiki_id": 19673093, 
            "wiki_title": "Matter"
        }, 
        {
            "annotations": [
                {
                    "begin": 1059, 
                    "end": 1067, 
                    "score": 0.31154757738113403, 
                    "spot": "Saragosa"
                }
            ], 
            "wiki_id": 24445361, 
            "wiki_title": "Saragosa, Texas"
        }, 
        {
            "annotations": [
                {
                    "begin": 308, 
                    "end": 313, 
                    "score": 0.15013885498046875, 
                    "spot": "state"
                }
            ], 
            "wiki_id": 303, 
            "wiki_title": "Alabama"
        }, 
        {
            "annotations": [
                {
                    "begin": 2031, 
                    "end": 2035, 
                    "score": 0.10653932392597198, 
                    "spot": "home"
                }
            ], 
            "wiki_id": 13946264, 
            "wiki_title": "Home (Michael Bubl\u00e9 song)"
        }, 
        {
            "annotations": [
                {
                    "begin": 1389, 
                    "end": 1400, 
                    "score": 0.003246753243729472, 
                    "spot": "some things"
                }
            ], 
            "wiki_id": 6616522, 
            "wiki_title": "Some Things"
        }, 
        {
            "annotations": [
                {
                    "begin": 2028, 
                    "end": 2035, 
                    "score": 0.058110497891902924, 
                    "spot": "At home"
                }
            ], 
            "wiki_id": 13603, 
            "wiki_title": "Homeschooling"
        }, 
        {
            "annotations": [
                {
                    "begin": 1983, 
                    "end": 1988, 
                    "score": 0.006469025742262602, 
                    "spot": "cover"
                }
            ], 
            "wiki_id": 620412, 
            "wiki_title": "Undercover operation"
        }, 
        {
            "annotations": [
                {
                    "begin": 2317, 
                    "end": 2323, 
                    "score": 0.013044564053416252, 
                    "spot": "people"
                }
            ], 
            "wiki_id": 689457, 
            "wiki_title": "The Sunday People"
        }, 
        {
            "annotations": [
                {
                    "begin": 13, 
                    "end": 19, 
                    "score": 0.1706668734550476, 
                    "spot": "spring"
                }
            ], 
            "wiki_id": 316532, 
            "wiki_title": "Spring (season)"
        }, 
        {
            "annotations": [
                {
                    "begin": 963, 
                    "end": 987, 
                    "score": 0.48643648624420166, 
                    "spot": "National Weather Service"
                }, 
                {
                    "begin": 972, 
                    "end": 987, 
                    "score": 0.0020387358963489532, 
                    "spot": "Weather Service"
                }, 
                {
                    "begin": 1633, 
                    "end": 1648, 
                    "score": 0.1412115842103958, 
                    "spot": "weather service"
                }
            ], 
            "wiki_id": 286989, 
            "wiki_title": "National Weather Service"
        }, 
        {
            "annotations": [
                {
                    "begin": 2510, 
                    "end": 2513, 
                    "score": 0.009006991051137447, 
                    "spot": "try"
                }
            ], 
            "wiki_id": 1177054, 
            "wiki_title": "Turkish lira"
        }, 
        {
            "annotations": [
                {
                    "begin": 2046, 
                    "end": 2059, 
                    "score": 0.0018939394503831863, 
                    "spot": "place to stay"
                }
            ], 
            "wiki_id": 44415833, 
            "wiki_title": "A Place to Stay"
        }, 
        {
            "annotations": [
                {
                    "begin": 520, 
                    "end": 527, 
                    "score": 0.16239376366138458, 
                    "spot": "weather"
                }, 
                {
                    "begin": 1633, 
                    "end": 1640, 
                    "score": 0.28707462549209595, 
                    "spot": "weather"
                }, 
                {
                    "begin": 1667, 
                    "end": 1674, 
                    "score": 0.23112836480140686, 
                    "spot": "weather"
                }
            ], 
            "wiki_id": 33978, 
            "wiki_title": "Weather"
        }, 
        {
            "annotations": [
                {
                    "begin": 1178, 
                    "end": 1185, 
                    "score": 0.035262204706668854, 
                    "spot": "trashed"
                }
            ], 
            "wiki_id": 4197763, 
            "wiki_title": "Trashed (game show)"
        }, 
        {
            "annotations": [
                {
                    "begin": 1361, 
                    "end": 1373, 
                    "score": 0.048134371638298035, 
                    "spot": "loss\nof life"
                }
            ], 
            "wiki_id": 240900, 
            "wiki_title": "World War II casualties"
        }, 
        {
            "annotations": [
                {
                    "begin": 510, 
                    "end": 513, 
                    "score": 0.13776905834674835, 
                    "spot": "May"
                }
            ], 
            "wiki_id": 12532320, 
            "wiki_title": "Maius"
        }, 
        {
            "annotations": [
                {
                    "begin": 2004, 
                    "end": 2009, 
                    "score": 0.06925083696842194, 
                    "spot": "ditch"
                }
            ], 
            "wiki_id": 232403, 
            "wiki_title": "Ditch"
        }, 
        {
            "annotations": [
                {
                    "begin": 53, 
                    "end": 62, 
                    "score": 0.0010877648601308465, 
                    "spot": "beginning"
                }
            ], 
            "wiki_id": 28949805, 
            "wiki_title": "The Beginning (The Black Eyed Peas album)"
        }
    ]
}