{
    "tagme": [
        {
            "annotations": [
                {
                    "begin": 2152, 
                    "end": 2156, 
                    "score": 0.07790785282850266, 
                    "spot": "blew"
                }
            ], 
            "wiki_id": 4543, 
            "wiki_title": "Blue"
        }, 
        {
            "annotations": [
                {
                    "begin": 3001, 
                    "end": 3012, 
                    "score": 0.4263562858104706, 
                    "spot": "Mississippi"
                }
            ], 
            "wiki_id": 16949861, 
            "wiki_title": "Mississippi"
        }, 
        {
            "annotations": [
                {
                    "begin": 1142, 
                    "end": 1147, 
                    "score": 0.0007086638943292201, 
                    "spot": "leave"
                }
            ], 
            "wiki_id": 18973622, 
            "wiki_title": "Leaf"
        }, 
        {
            "annotations": [
                {
                    "begin": 817, 
                    "end": 823, 
                    "score": 0.0945543423295021, 
                    "spot": "search"
                }
            ], 
            "wiki_id": 42474786, 
            "wiki_title": "The Search (2014 film)"
        }, 
        {
            "annotations": [
                {
                    "begin": 296, 
                    "end": 300, 
                    "score": 0.06440851092338562, 
                    "spot": "east"
                }
            ], 
            "wiki_id": 509486, 
            "wiki_title": "Eastern United States"
        }, 
        {
            "annotations": [
                {
                    "begin": 2496, 
                    "end": 2502, 
                    "score": 0.05756495147943497, 
                    "spot": "Malone"
                }
            ], 
            "wiki_id": 109282, 
            "wiki_title": "Malone, Florida"
        }, 
        {
            "annotations": [
                {
                    "begin": 2417, 
                    "end": 2426, 
                    "score": 0.1649976223707199, 
                    "spot": "restoring"
                }
            ], 
            "wiki_id": 1120608, 
            "wiki_title": "Restitution"
        }, 
        {
            "annotations": [
                {
                    "begin": 3924, 
                    "end": 3927, 
                    "score": 0.0007970848819240928, 
                    "spot": "one"
                }
            ], 
            "wiki_id": 28011849, 
            "wiki_title": "One (Swedish House Mafia song)"
        }, 
        {
            "annotations": [
                {
                    "begin": 3645, 
                    "end": 3655, 
                    "score": 0.22898511588573456, 
                    "spot": "Cottonwood"
                }
            ], 
            "wiki_id": 106786, 
            "wiki_title": "Cottonwood, Arizona"
        }, 
        {
            "annotations": [
                {
                    "begin": 264, 
                    "end": 268, 
                    "score": 0.04338102042675018, 
                    "spot": "west"
                }
            ], 
            "wiki_id": 2455857, 
            "wiki_title": "American League West"
        }, 
        {
            "annotations": [
                {
                    "begin": 1282, 
                    "end": 1287, 
                    "score": 0.02490946277976036, 
                    "spot": "units"
                }
            ], 
            "wiki_id": 265567, 
            "wiki_title": "Apartment"
        }, 
        {
            "annotations": [
                {
                    "begin": 2487, 
                    "end": 2492, 
                    "score": 0.04766983166337013, 
                    "spot": "towns"
                }
            ], 
            "wiki_id": 429081, 
            "wiki_title": "Administrative divisions of New York"
        }, 
        {
            "annotations": [
                {
                    "begin": 249, 
                    "end": 257, 
                    "score": 0.010101010091602802, 
                    "spot": "4:30 a.m"
                }
            ], 
            "wiki_id": 435025, 
            "wiki_title": "The Pros and Cons of Hitch Hiking"
        }, 
        {
            "annotations": [
                {
                    "begin": 429, 
                    "end": 434, 
                    "score": 0.08542966097593307, 
                    "spot": "crack"
                }
            ], 
            "wiki_id": 261967, 
            "wiki_title": "Fracture"
        }, 
        {
            "annotations": [
                {
                    "begin": 2990, 
                    "end": 2999, 
                    "score": 0.3913247287273407, 
                    "spot": "Louisiana"
                }
            ], 
            "wiki_id": 18130, 
            "wiki_title": "Louisiana"
        }, 
        {
            "annotations": [
                {
                    "begin": 2651, 
                    "end": 2660, 
                    "score": 0.06929480284452438, 
                    "spot": "destroyed"
                }
            ], 
            "wiki_id": 2044294, 
            "wiki_title": "Lost film"
        }, 
        {
            "annotations": [
                {
                    "begin": 919, 
                    "end": 926, 
                    "score": 0.006181873381137848, 
                    "spot": "trapped"
                }
            ], 
            "wiki_id": 6520040, 
            "wiki_title": "Trapping"
        }, 
        {
            "annotations": [
                {
                    "begin": 344, 
                    "end": 355, 
                    "score": 0.004848656710237265, 
                    "spot": "destruction"
                }
            ], 
            "wiki_id": 58921, 
            "wiki_title": "Natural disaster"
        }, 
        {
            "annotations": [
                {
                    "begin": 3329, 
                    "end": 3338, 
                    "score": 0.19242456555366516, 
                    "spot": "destroyed"
                }, 
                {
                    "begin": 3398, 
                    "end": 3407, 
                    "score": 0.14111794531345367, 
                    "spot": "destroyed"
                }
            ], 
            "wiki_id": 8103, 
            "wiki_title": "Deforestation"
        }, 
        {
            "annotations": [
                {
                    "begin": 3795, 
                    "end": 3803, 
                    "score": 0.18915939331054688, 
                    "spot": "southern"
                }
            ], 
            "wiki_id": 179553, 
            "wiki_title": "Southern United States"
        }, 
        {
            "annotations": [
                {
                    "begin": 3122, 
                    "end": 3131, 
                    "score": 0.050243522971868515, 
                    "spot": "northeast"
                }
            ], 
            "wiki_id": 431669, 
            "wiki_title": "Northeastern United States"
        }, 
        {
            "annotations": [
                {
                    "begin": 2776, 
                    "end": 2782, 
                    "score": 0.043479837477207184, 
                    "spot": "fallen"
                }
            ], 
            "wiki_id": 747934, 
            "wiki_title": "Fall of man"
        }, 
        {
            "annotations": [
                {
                    "begin": 3887, 
                    "end": 3901, 
                    "score": 0.3362531065940857, 
                    "spot": "Bulloch County"
                }
            ], 
            "wiki_id": 96822, 
            "wiki_title": "Bulloch County, Georgia"
        }, 
        {
            "annotations": [
                {
                    "begin": 3060, 
                    "end": 3064, 
                    "score": 0.13835978507995605, 
                    "spot": "rain"
                }
            ], 
            "wiki_id": 19009110, 
            "wiki_title": "Rain"
        }, 
        {
            "annotations": [
                {
                    "begin": 4088, 
                    "end": 4100, 
                    "score": 0.05590304732322693, 
                    "spot": "southeastern"
                }
            ], 
            "wiki_id": 200085, 
            "wiki_title": "Cardinal direction"
        }, 
        {
            "annotations": [
                {
                    "begin": 973, 
                    "end": 985, 
                    "score": 0.1775362640619278, 
                    "spot": "mobile homes"
                }, 
                {
                    "begin": 3419, 
                    "end": 3431, 
                    "score": 0.11239363253116608, 
                    "spot": "mobile homes"
                }, 
                {
                    "begin": 3907, 
                    "end": 3919, 
                    "score": 0.040685225278139114, 
                    "spot": "mobile homes"
                }
            ], 
            "wiki_id": 625015, 
            "wiki_title": "Mobile home"
        }, 
        {
            "annotations": [
                {
                    "begin": 3869, 
                    "end": 3884, 
                    "score": 0.18801617622375488, 
                    "spot": "eastern Georgia"
                }
            ], 
            "wiki_id": 1223018, 
            "wiki_title": "Kingdom of Kartli-Kakheti"
        }, 
        {
            "annotations": [
                {
                    "begin": 1583, 
                    "end": 1588, 
                    "score": 0.3642493486404419, 
                    "spot": "winds"
                }, 
                {
                    "begin": 2980, 
                    "end": 2985, 
                    "score": 0.05078975856304169, 
                    "spot": "winds"
                }, 
                {
                    "begin": 3145, 
                    "end": 3149, 
                    "score": 0.23059046268463135, 
                    "spot": "wind"
                }, 
                {
                    "begin": 3150, 
                    "end": 3155, 
                    "score": 0.25303396582603455, 
                    "spot": "gusts"
                }, 
                {
                    "begin": 3392, 
                    "end": 3397, 
                    "score": 0.20214498043060303, 
                    "spot": "winds"
                }
            ], 
            "wiki_id": 15440316, 
            "wiki_title": "Wind"
        }, 
        {
            "annotations": [
                {
                    "begin": 3494, 
                    "end": 3497, 
                    "score": 0.10047825425863266, 
                    "spot": "one"
                }
            ], 
            "wiki_id": 1795679, 
            "wiki_title": "ONE Campaign"
        }, 
        {
            "annotations": [
                {
                    "begin": 954, 
                    "end": 960, 
                    "score": 0.1314159780740738, 
                    "spot": "deaths"
                }
            ], 
            "wiki_id": 39120733, 
            "wiki_title": "Boston Marathon bombing"
        }, 
        {
            "annotations": [
                {
                    "begin": 1213, 
                    "end": 1217, 
                    "score": 0.0025929224211722612, 
                    "spot": "here"
                }
            ], 
            "wiki_id": 4743708, 
            "wiki_title": "Here TV"
        }, 
        {
            "annotations": [
                {
                    "begin": 523, 
                    "end": 533, 
                    "score": 0.19277381896972656, 
                    "spot": "dispatcher"
                }
            ], 
            "wiki_id": 1157578, 
            "wiki_title": "Dispatcher"
        }, 
        {
            "annotations": [
                {
                    "begin": 4016, 
                    "end": 4023, 
                    "score": 0.1683483123779297, 
                    "spot": "weather"
                }
            ], 
            "wiki_id": 73231, 
            "wiki_title": "Weather forecasting"
        }, 
        {
            "annotations": [
                {
                    "begin": 1627, 
                    "end": 1639, 
                    "score": 0.040685225278139114, 
                    "spot": "mobile homes"
                }
            ], 
            "wiki_id": 1864071, 
            "wiki_title": "New Age travellers"
        }, 
        {
            "annotations": [
                {
                    "begin": 4222, 
                    "end": 4225, 
                    "score": 0.00889560766518116, 
                    "spot": "hit"
                }
            ], 
            "wiki_id": 250879, 
            "wiki_title": "Contract killing"
        }, 
        {
            "annotations": [
                {
                    "begin": 104, 
                    "end": 119, 
                    "score": 0.1520286649465561, 
                    "spot": "college library"
                }
            ], 
            "wiki_id": 6906424, 
            "wiki_title": "Academic library"
        }, 
        {
            "annotations": [
                {
                    "begin": 2198, 
                    "end": 2202, 
                    "score": 0.20204374194145203, 
                    "spot": "cars"
                }
            ], 
            "wiki_id": 13673345, 
            "wiki_title": "Car"
        }, 
        {
            "annotations": [
                {
                    "begin": 498, 
                    "end": 512, 
                    "score": 0.5853832960128784, 
                    "spot": "Madison\nCounty"
                }
            ], 
            "wiki_id": 96098, 
            "wiki_title": "Madison County, Indiana"
        }, 
        {
            "annotations": [
                {
                    "begin": 400, 
                    "end": 404, 
                    "score": 0.043259259313344955, 
                    "spot": "roar"
                }
            ], 
            "wiki_id": 40186398, 
            "wiki_title": "Roar (song)"
        }, 
        {
            "annotations": [
                {
                    "begin": 4270, 
                    "end": 4276, 
                    "score": 0.045869797468185425, 
                    "spot": "injury"
                }
            ], 
            "wiki_id": 788093, 
            "wiki_title": "Major trauma"
        }, 
        {
            "annotations": [
                {
                    "begin": 830, 
                    "end": 837, 
                    "score": 0.1531769186258316, 
                    "spot": "no more"
                }
            ], 
            "wiki_id": 9810308, 
            "wiki_title": "Full Circle (Drowning Pool album)"
        }, 
        {
            "annotations": [
                {
                    "begin": 4062, 
                    "end": 4067, 
                    "score": 0.08345302194356918, 
                    "spot": "still"
                }
            ], 
            "wiki_id": 171165, 
            "wiki_title": "Clyfford Still"
        }, 
        {
            "annotations": [
                {
                    "begin": 435, 
                    "end": 444, 
                    "score": 0.009608332067728043, 
                    "spot": "out\nthere"
                }
            ], 
            "wiki_id": 2197222, 
            "wiki_title": "Out There (Australian TV series)"
        }, 
        {
            "annotations": [
                {
                    "begin": 3014, 
                    "end": 3021, 
                    "score": 0.5721992254257202, 
                    "spot": "Alabama"
                }, 
                {
                    "begin": 3657, 
                    "end": 3660, 
                    "score": 0.11879044771194458, 
                    "spot": "Ala"
                }
            ], 
            "wiki_id": 303, 
            "wiki_title": "Alabama"
        }, 
        {
            "annotations": [
                {
                    "begin": 687, 
                    "end": 691, 
                    "score": 0.11820553988218307, 
                    "spot": "none"
                }
            ], 
            "wiki_id": 323777, 
            "wiki_title": "Irreligion"
        }, 
        {
            "annotations": [
                {
                    "begin": 3077, 
                    "end": 3081, 
                    "score": 0.10753472149372101, 
                    "spot": "hour"
                }
            ], 
            "wiki_id": 22812498, 
            "wiki_title": "The Hour (magazine series)"
        }, 
        {
            "annotations": [
                {
                    "begin": 2507, 
                    "end": 2513, 
                    "score": 0.04693140834569931, 
                    "spot": "Bascom"
                }
            ], 
            "wiki_id": 6579489, 
            "wiki_title": "Bascom, Ohio"
        }, 
        {
            "annotations": [
                {
                    "begin": 2127, 
                    "end": 2136, 
                    "score": 0.009259259328246117, 
                    "spot": "blew away"
                }
            ], 
            "wiki_id": 215236, 
            "wiki_title": "Pisces Iscariot"
        }, 
        {
            "annotations": [
                {
                    "begin": 862, 
                    "end": 866, 
                    "score": 0.006295310333371162, 
                    "spot": "baby"
                }
            ], 
            "wiki_id": 73165, 
            "wiki_title": "Infant"
        }, 
        {
            "annotations": [
                {
                    "begin": 1176, 
                    "end": 1179, 
                    "score": 0.06855960190296173, 
                    "spot": "You"
                }
            ], 
            "wiki_id": 7445875, 
            "wiki_title": "You (Lloyd song)"
        }, 
        {
            "annotations": [
                {
                    "begin": 986, 
                    "end": 991, 
                    "score": 0.041062161326408386, 
                    "spot": "blown"
                }, 
                {
                    "begin": 3358, 
                    "end": 3363, 
                    "score": 0.09960760176181793, 
                    "spot": "blown"
                }
            ], 
            "wiki_id": 298223, 
            "wiki_title": "Glassblowing"
        }, 
        {
            "annotations": [
                {
                    "begin": 2256, 
                    "end": 2262, 
                    "score": 0.02491130493581295, 
                    "spot": "office"
                }
            ], 
            "wiki_id": 382507, 
            "wiki_title": "Office"
        }, 
        {
            "annotations": [
                {
                    "begin": 2277, 
                    "end": 2283, 
                    "score": 0.08707090467214584, 
                    "spot": "damage"
                }
            ], 
            "wiki_id": 15526387, 
            "wiki_title": "Effect of Hurricane Katrina on the Louisiana Superdome"
        }, 
        {
            "annotations": [
                {
                    "begin": 1443, 
                    "end": 1450, 
                    "score": 0.07784954458475113, 
                    "spot": "cleanup"
                }
            ], 
            "wiki_id": 992207, 
            "wiki_title": "Cleanup hitter"
        }, 
        {
            "annotations": [
                {
                    "begin": 3271, 
                    "end": 3282, 
                    "score": 0.16071683168411255, 
                    "spot": "power lines"
                }
            ], 
            "wiki_id": 1355057, 
            "wiki_title": "Overhead power line"
        }, 
        {
            "annotations": [
                {
                    "begin": 1578, 
                    "end": 1588, 
                    "score": 0.3118290901184082, 
                    "spot": "high winds"
                }
            ], 
            "wiki_id": 155110, 
            "wiki_title": "Beaufort scale"
        }, 
        {
            "annotations": [
                {
                    "begin": 14, 
                    "end": 21, 
                    "score": 0.08606179058551788, 
                    "spot": "blasted"
                }
            ], 
            "wiki_id": 13198770, 
            "wiki_title": "Abrasive blasting"
        }, 
        {
            "annotations": [
                {
                    "begin": 2525, 
                    "end": 2530, 
                    "score": 0.048591166734695435, 
                    "spot": "miles"
                }, 
                {
                    "begin": 3116, 
                    "end": 3121, 
                    "score": 0.04831789806485176, 
                    "spot": "miles"
                }
            ], 
            "wiki_id": 19159, 
            "wiki_title": "Mile"
        }, 
        {
            "annotations": [
                {
                    "begin": 1935, 
                    "end": 1940, 
                    "score": 0.19302771985530853, 
                    "spot": "front"
                }
            ], 
            "wiki_id": 1653972, 
            "wiki_title": "Front Street (Toronto)"
        }, 
        {
            "annotations": [
                {
                    "begin": 2818, 
                    "end": 2827, 
                    "score": 0.21903802454471588, 
                    "spot": "surveying"
                }
            ], 
            "wiki_id": 60891, 
            "wiki_title": "Surveying"
        }, 
        {
            "annotations": [
                {
                    "begin": 290, 
                    "end": 295, 
                    "score": 0.07236010581254959, 
                    "spot": "miles"
                }, 
                {
                    "begin": 3828, 
                    "end": 3833, 
                    "score": 0.0032696907874196768, 
                    "spot": "miles"
                }
            ], 
            "wiki_id": 2292327, 
            "wiki_title": "Miles College"
        }, 
        {
            "annotations": [
                {
                    "begin": 1102, 
                    "end": 1110, 
                    "score": 0.00834680162370205, 
                    "spot": "Director"
                }
            ], 
            "wiki_id": 4822, 
            "wiki_title": "Board of directors"
        }, 
        {
            "annotations": [
                {
                    "begin": 1837, 
                    "end": 1850, 
                    "score": 0.23850128054618835, 
                    "spot": "rolling hills"
                }
            ], 
            "wiki_id": 1408983, 
            "wiki_title": "Hill"
        }, 
        {
            "annotations": [
                {
                    "begin": 3065, 
                    "end": 3069, 
                    "score": 0.04956876114010811, 
                    "spot": "fell"
                }
            ], 
            "wiki_id": 102674, 
            "wiki_title": "Fall of Constantinople"
        }, 
        {
            "annotations": [
                {
                    "begin": 624, 
                    "end": 628, 
                    "score": 0.1248544380068779, 
                    "spot": "town"
                }
            ], 
            "wiki_id": 3400990, 
            "wiki_title": "New England town"
        }, 
        {
            "annotations": [
                {
                    "begin": 488, 
                    "end": 494, 
                    "score": 0.027848102152347565, 
                    "spot": "Prince"
                }
            ], 
            "wiki_id": 46721, 
            "wiki_title": "Edward VII"
        }, 
        {
            "annotations": [
                {
                    "begin": 1387, 
                    "end": 1392, 
                    "score": 0.16316597163677216, 
                    "spot": "State"
                }
            ], 
            "wiki_id": 28151, 
            "wiki_title": "State (polity)"
        }, 
        {
            "annotations": [
                {
                    "begin": 1252, 
                    "end": 1255, 
                    "score": 0.04357096925377846, 
                    "spot": "one"
                }
            ], 
            "wiki_id": 23385833, 
            "wiki_title": "Neoplatonism"
        }, 
        {
            "annotations": [
                {
                    "begin": 233, 
                    "end": 245, 
                    "score": 0.0040241447277367115, 
                    "spot": "touched down"
                }
            ], 
            "wiki_id": 9274575, 
            "wiki_title": "2007 Groundhog Day tornado outbreak"
        }, 
        {
            "annotations": [
                {
                    "begin": 1170, 
                    "end": 1174, 
                    "score": 0.013265484012663364, 
                    "spot": "dish"
                }
            ], 
            "wiki_id": 77784, 
            "wiki_title": "Dish Network"
        }, 
        {
            "annotations": [
                {
                    "begin": 3297, 
                    "end": 3307, 
                    "score": 0.005479452200233936, 
                    "spot": "blown\ndown"
                }
            ], 
            "wiki_id": 2368330, 
            "wiki_title": "Blowing down"
        }, 
        {
            "annotations": [
                {
                    "begin": 1347, 
                    "end": 1362, 
                    "score": 0.12665873765945435, 
                    "spot": "law enforcement"
                }
            ], 
            "wiki_id": 18486, 
            "wiki_title": "Law enforcement"
        }, 
        {
            "annotations": [
                {
                    "begin": 2610, 
                    "end": 2615, 
                    "score": 0.06129032373428345, 
                    "spot": "Mader"
                }
            ], 
            "wiki_id": 5645119, 
            "wiki_title": "Rebecca Mader"
        }, 
        {
            "annotations": [
                {
                    "begin": 1205, 
                    "end": 1212, 
                    "score": 0.025779737159609795, 
                    "spot": "trailer"
                }, 
                {
                    "begin": 2638, 
                    "end": 2645, 
                    "score": 0.12682637572288513, 
                    "spot": "trailer"
                }
            ], 
            "wiki_id": 853744, 
            "wiki_title": "Trailer (promotion)"
        }, 
        {
            "annotations": [
                {
                    "begin": 112, 
                    "end": 119, 
                    "score": 0.20472392439842224, 
                    "spot": "library"
                }, 
                {
                    "begin": 2052, 
                    "end": 2059, 
                    "score": 0.1660270243883133, 
                    "spot": "library"
                }
            ], 
            "wiki_id": 17727, 
            "wiki_title": "Library"
        }, 
        {
            "annotations": [
                {
                    "begin": 2840, 
                    "end": 2850, 
                    "score": 0.24081963300704956, 
                    "spot": "helicopter"
                }
            ], 
            "wiki_id": 8286923, 
            "wiki_title": "Helicopter"
        }, 
        {
            "annotations": [
                {
                    "begin": 580, 
                    "end": 586, 
                    "score": 0.10934679955244064, 
                    "spot": "office"
                }
            ], 
            "wiki_id": 2995553, 
            "wiki_title": "The Office (U.S. TV series)"
        }, 
        {
            "annotations": [
                {
                    "begin": 2585, 
                    "end": 2604, 
                    "score": 0.06551723927259445, 
                    "spot": "management director"
                }
            ], 
            "wiki_id": 2621474, 
            "wiki_title": "Professional wrestling authority figures"
        }, 
        {
            "annotations": [
                {
                    "begin": 3877, 
                    "end": 3884, 
                    "score": 0.45374566316604614, 
                    "spot": "Georgia"
                }
            ], 
            "wiki_id": 48768, 
            "wiki_title": "Georgia (country)"
        }, 
        {
            "annotations": [
                {
                    "begin": 759, 
                    "end": 781, 
                    "score": 0.015350877307355404, 
                    "spot": "Hospital administrator"
                }
            ], 
            "wiki_id": 11038718, 
            "wiki_title": "Health administration"
        }, 
        {
            "annotations": [
                {
                    "begin": 3311, 
                    "end": 3315, 
                    "score": 0.10397622734308243, 
                    "spot": "barn"
                }
            ], 
            "wiki_id": 244511, 
            "wiki_title": "Barn owl"
        }, 
        {
            "annotations": [
                {
                    "begin": 1610, 
                    "end": 1615, 
                    "score": 0.14691145718097687, 
                    "spot": "Trees"
                }
            ], 
            "wiki_id": 33908941, 
            "wiki_title": "Aspen"
        }, 
        {
            "annotations": [
                {
                    "begin": 3570, 
                    "end": 3580, 
                    "score": 0.07554945349693298, 
                    "spot": "Bainbridge"
                }
            ], 
            "wiki_id": 80813, 
            "wiki_title": "Beryl Bainbridge"
        }, 
        {
            "annotations": [
                {
                    "begin": 4161, 
                    "end": 4171, 
                    "score": 0.0016048501711338758, 
                    "spot": "five\nhours"
                }
            ], 
            "wiki_id": 43473244, 
            "wiki_title": "Five Hours"
        }, 
        {
            "annotations": [
                {
                    "begin": 782, 
                    "end": 795, 
                    "score": 0.5, 
                    "spot": "Jeannie\nBaker"
                }
            ], 
            "wiki_id": 4682925, 
            "wiki_title": "Jeannie Baker"
        }, 
        {
            "annotations": [
                {
                    "begin": 3375, 
                    "end": 3383, 
                    "score": 0.12996718287467957, 
                    "spot": "building"
                }
            ], 
            "wiki_id": 239038, 
            "wiki_title": "Construction"
        }, 
        {
            "annotations": [
                {
                    "begin": 1429, 
                    "end": 1433, 
                    "score": 0.002006788970902562, 
                    "spot": "help"
                }
            ], 
            "wiki_id": 74934, 
            "wiki_title": "Help! (album)"
        }, 
        {
            "annotations": [
                {
                    "begin": 457, 
                    "end": 459, 
                    "score": 0.07568572461605072, 
                    "spot": "we"
                }
            ], 
            "wiki_id": 65758, 
            "wiki_title": "Western (genre)"
        }, 
        {
            "annotations": [
                {
                    "begin": 49, 
                    "end": 53, 
                    "score": 0.09854042530059814, 
                    "spot": "town"
                }, 
                {
                    "begin": 1715, 
                    "end": 1719, 
                    "score": 0.15979021787643433, 
                    "spot": "town"
                }, 
                {
                    "begin": 2354, 
                    "end": 2358, 
                    "score": 0.01898670196533203, 
                    "spot": "town"
                }
            ], 
            "wiki_id": 52911, 
            "wiki_title": "Town"
        }, 
        {
            "annotations": [
                {
                    "begin": 2575, 
                    "end": 2595, 
                    "score": 0.06910569220781326, 
                    "spot": "emergency\nmanagement"
                }
            ], 
            "wiki_id": 1455589, 
            "wiki_title": "Emergency management"
        }, 
        {
            "annotations": [
                {
                    "begin": 2207, 
                    "end": 2219, 
                    "score": 0.1396339386701584, 
                    "spot": "knocked down"
                }
            ], 
            "wiki_id": 1272663, 
            "wiki_title": "Knock-down kit"
        }, 
        {
            "annotations": [
                {
                    "begin": 647, 
                    "end": 652, 
                    "score": 0.1293020099401474, 
                    "spot": "Peavy"
                }, 
                {
                    "begin": 928, 
                    "end": 933, 
                    "score": 0.10196626931428909, 
                    "spot": "Peavy"
                }, 
                {
                    "begin": 1452, 
                    "end": 1457, 
                    "score": 0.09012110531330109, 
                    "spot": "Peavy"
                }, 
                {
                    "begin": 2100, 
                    "end": 2105, 
                    "score": 0.014957264997065067, 
                    "spot": "Peavy"
                }, 
                {
                    "begin": 2227, 
                    "end": 2232, 
                    "score": 0.014957264997065067, 
                    "spot": "Peavy"
                }, 
                {
                    "begin": 2306, 
                    "end": 2311, 
                    "score": 0.014957264997065067, 
                    "spot": "Peavy"
                }
            ], 
            "wiki_id": 1250542, 
            "wiki_title": "Jake Peavy"
        }, 
        {
            "annotations": [
                {
                    "begin": 2538, 
                    "end": 2542, 
                    "score": 0.0932830348610878, 
                    "spot": "west"
                }
            ], 
            "wiki_id": 174579, 
            "wiki_title": "West Coast of the United States"
        }, 
        {
            "annotations": [
                {
                    "begin": 2765, 
                    "end": 2772, 
                    "score": 0.0015853189397603273, 
                    "spot": "blocked"
                }
            ], 
            "wiki_id": 1829132, 
            "wiki_title": "Block (basketball)"
        }, 
        {
            "annotations": [
                {
                    "begin": 41, 
                    "end": 48, 
                    "score": 0.3033040165901184, 
                    "spot": "Florida"
                }, 
                {
                    "begin": 4129, 
                    "end": 4136, 
                    "score": 0.31905579566955566, 
                    "spot": "Florida"
                }
            ], 
            "wiki_id": 18933066, 
            "wiki_title": "Florida"
        }, 
        {
            "annotations": [
                {
                    "begin": 1376, 
                    "end": 1385, 
                    "score": 0.1569523960351944, 
                    "spot": "officials"
                }
            ], 
            "wiki_id": 725182, 
            "wiki_title": "Official"
        }, 
        {
            "annotations": [
                {
                    "begin": 424, 
                    "end": 428, 
                    "score": 0.09663012623786926, 
                    "spot": "tree"
                }, 
                {
                    "begin": 2220, 
                    "end": 2225, 
                    "score": 0.0183258056640625, 
                    "spot": "trees"
                }, 
                {
                    "begin": 2783, 
                    "end": 2788, 
                    "score": 0.05140376463532448, 
                    "spot": "trees"
                }, 
                {
                    "begin": 3261, 
                    "end": 3266, 
                    "score": 0.07456980645656586, 
                    "spot": "trees"
                }
            ], 
            "wiki_id": 18955875, 
            "wiki_title": "Tree"
        }, 
        {
            "annotations": [
                {
                    "begin": 3183, 
                    "end": 3191, 
                    "score": 0.19554206728935242, 
                    "spot": "Valdosta"
                }
            ], 
            "wiki_id": 110234, 
            "wiki_title": "Valdosta, Georgia"
        }, 
        {
            "annotations": [
                {
                    "begin": 3345, 
                    "end": 3348, 
                    "score": 0.18306267261505127, 
                    "spot": "tin"
                }
            ], 
            "wiki_id": 30042, 
            "wiki_title": "Tin"
        }, 
        {
            "annotations": [
                {
                    "begin": 654, 
                    "end": 661, 
                    "score": 0.07359927147626877, 
                    "spot": "Fifteen"
                }
            ], 
            "wiki_id": 21008804, 
            "wiki_title": "Fifteen (song)"
        }, 
        {
            "annotations": [
                {
                    "begin": 357, 
                    "end": 368, 
                    "score": 0.0008030502940528095, 
                    "spot": "authorities"
                }
            ], 
            "wiki_id": 23727586, 
            "wiki_title": "Posek"
        }, 
        {
            "annotations": [
                {
                    "begin": 2372, 
                    "end": 2382, 
                    "score": 0.0026933851186186075, 
                    "spot": "30 minutes"
                }
            ], 
            "wiki_id": 11925591, 
            "wiki_title": "30 Minutes"
        }, 
        {
            "annotations": [
                {
                    "begin": 2340, 
                    "end": 2345, 
                    "score": 0.009853717871010303, 
                    "spot": "sweep"
                }
            ], 
            "wiki_id": 246851, 
            "wiki_title": "Swept wing"
        }, 
        {
            "annotations": [
                {
                    "begin": 335, 
                    "end": 340, 
                    "score": 0.01409090869128704, 
                    "spot": "swath"
                }
            ], 
            "wiki_id": 1187327, 
            "wiki_title": "Small-waterplane-area twin hull"
        }, 
        {
            "annotations": [
                {
                    "begin": 254, 
                    "end": 257, 
                    "score": 0.06915497779846191, 
                    "spot": "a.m"
                }
            ], 
            "wiki_id": 113509, 
            "wiki_title": "AM broadcasting"
        }, 
        {
            "annotations": [
                {
                    "begin": 1919, 
                    "end": 1923, 
                    "score": 0.2266939878463745, 
                    "spot": "path"
                }
            ], 
            "wiki_id": 1057497, 
            "wiki_title": "PATH (Toronto)"
        }, 
        {
            "annotations": [
                {
                    "begin": 2605, 
                    "end": 2609, 
                    "score": 0.07517670094966888, 
                    "spot": "John"
                }
            ], 
            "wiki_id": 15157915, 
            "wiki_title": "Prostitution"
        }, 
        {
            "annotations": [
                {
                    "begin": 3457, 
                    "end": 3469, 
                    "score": 0.01504230685532093, 
                    "spot": "Monday night"
                }, 
                {
                    "begin": 3726, 
                    "end": 3738, 
                    "score": 0.01504230685532093, 
                    "spot": "Monday night"
                }
            ], 
            "wiki_id": 195068, 
            "wiki_title": "Monday Night Football"
        }, 
        {
            "annotations": [
                {
                    "begin": 1735, 
                    "end": 1741, 
                    "score": 0.023320654407143593, 
                    "spot": "people"
                }
            ], 
            "wiki_id": 3488351, 
            "wiki_title": "People"
        }, 
        {
            "annotations": [
                {
                    "begin": 1545, 
                    "end": 1551, 
                    "score": 0.3275147080421448, 
                    "spot": "struck"
                }, 
                {
                    "begin": 2471, 
                    "end": 2477, 
                    "score": 0.10859186202287674, 
                    "spot": "struck"
                }
            ], 
            "wiki_id": 5016402, 
            "wiki_title": "Landfall"
        }, 
        {
            "annotations": [
                {
                    "begin": 3135, 
                    "end": 3139, 
                    "score": 0.12904779613018036, 
                    "spot": "here"
                }
            ], 
            "wiki_id": 19746798, 
            "wiki_title": "Here (company)"
        }, 
        {
            "annotations": [
                {
                    "begin": 615, 
                    "end": 620, 
                    "score": 0.07568857073783875, 
                    "spot": "north"
                }
            ], 
            "wiki_id": 21650, 
            "wiki_title": "North Carolina"
        }, 
        {
            "annotations": [
                {
                    "begin": 174, 
                    "end": 180, 
                    "score": 0.08928263932466507, 
                    "spot": "people"
                }, 
                {
                    "begin": 596, 
                    "end": 602, 
                    "score": 0.13815069198608398, 
                    "spot": "people"
                }, 
                {
                    "begin": 662, 
                    "end": 668, 
                    "score": 0.09872815757989883, 
                    "spot": "people"
                }, 
                {
                    "begin": 3486, 
                    "end": 3492, 
                    "score": 0.1704903393983841, 
                    "spot": "people"
                }
            ], 
            "wiki_id": 507970, 
            "wiki_title": "People (magazine)"
        }, 
        {
            "annotations": [
                {
                    "begin": 2001, 
                    "end": 2023, 
                    "score": 0.25, 
                    "spot": "Florida Junior\nCollege"
                }
            ], 
            "wiki_id": 986739, 
            "wiki_title": "Florida State College at Jacksonville"
        }, 
        {
            "annotations": [
                {
                    "begin": 838, 
                    "end": 844, 
                    "score": 0.22912436723709106, 
                    "spot": "bodies"
                }
            ], 
            "wiki_id": 5123150, 
            "wiki_title": "Bodies (Drowning Pool song)"
        }, 
        {
            "annotations": [
                {
                    "begin": 1881, 
                    "end": 1888, 
                    "score": 0.26099517941474915, 
                    "spot": "Georgia"
                }, 
                {
                    "begin": 3026, 
                    "end": 3033, 
                    "score": 0.372840940952301, 
                    "spot": "Georgia"
                }, 
                {
                    "begin": 3252, 
                    "end": 3259, 
                    "score": 0.3241812288761139, 
                    "spot": "Georgia"
                }, 
                {
                    "begin": 4101, 
                    "end": 4108, 
                    "score": 0.27070409059524536, 
                    "spot": "Georgia"
                }
            ], 
            "wiki_id": 48830, 
            "wiki_title": "Georgia (U.S. state)"
        }, 
        {
            "annotations": [
                {
                    "begin": 1946, 
                    "end": 1961, 
                    "score": 0.03929657116532326, 
                    "spot": "shopping\ncenter"
                }
            ], 
            "wiki_id": 235723, 
            "wiki_title": "Shopping mall"
        }, 
        {
            "annotations": [
                {
                    "begin": 2404, 
                    "end": 2411, 
                    "score": 0.1848079413175583, 
                    "spot": "workers"
                }
            ], 
            "wiki_id": 314993, 
            "wiki_title": "Employment"
        }, 
        {
            "annotations": [
                {
                    "begin": 2665, 
                    "end": 2669, 
                    "score": 0.03596155717968941, 
                    "spot": "five"
                }
            ], 
            "wiki_id": 28952356, 
            "wiki_title": "Channel 5 (UK)"
        }, 
        {
            "annotations": [
                {
                    "begin": 181, 
                    "end": 185, 
                    "score": 0.07863705605268478, 
                    "spot": "dead"
                }, 
                {
                    "begin": 608, 
                    "end": 614, 
                    "score": 0.04151567071676254, 
                    "spot": "killed"
                }
            ], 
            "wiki_id": 8221, 
            "wiki_title": "Death"
        }, 
        {
            "annotations": [
                {
                    "begin": 2887, 
                    "end": 2891, 
                    "score": 0.06333852559328079, 
                    "spot": "belt"
                }
            ], 
            "wiki_id": 51734, 
            "wiki_title": "Conveyor belt"
        }, 
        {
            "annotations": [
                {
                    "begin": 469, 
                    "end": 473, 
                    "score": 0.002693375339731574, 
                    "spot": "gone"
                }
            ], 
            "wiki_id": 9172229, 
            "wiki_title": "Gone (NSYNC song)"
        }, 
        {
            "annotations": [
                {
                    "begin": 506, 
                    "end": 520, 
                    "score": 0.5205898880958557, 
                    "spot": "County sheriff"
                }, 
                {
                    "begin": 513, 
                    "end": 520, 
                    "score": 0.4162834882736206, 
                    "spot": "sheriff"
                }, 
                {
                    "begin": 635, 
                    "end": 642, 
                    "score": 0.18284021317958832, 
                    "spot": "Sheriff"
                }
            ], 
            "wiki_id": 89516, 
            "wiki_title": "Sheriff"
        }, 
        {
            "annotations": [
                {
                    "begin": 2427, 
                    "end": 2432, 
                    "score": 0.13210612535476685, 
                    "spot": "power"
                }
            ], 
            "wiki_id": 9550, 
            "wiki_title": "Electricity"
        }, 
        {
            "annotations": [
                {
                    "begin": 2927, 
                    "end": 2937, 
                    "score": 0.3942857086658478, 
                    "spot": "cold front"
                }
            ], 
            "wiki_id": 20279444, 
            "wiki_title": "Cold front"
        }, 
        {
            "annotations": [
                {
                    "begin": 3969, 
                    "end": 3973, 
                    "score": 0.07486991584300995, 
                    "spot": "dawn"
                }
            ], 
            "wiki_id": 758638, 
            "wiki_title": "Tony Orlando and Dawn"
        }, 
        {
            "annotations": [
                {
                    "begin": 2895, 
                    "end": 2908, 
                    "score": 0.07689215242862701, 
                    "spot": "thunderstorms"
                }
            ], 
            "wiki_id": 70807, 
            "wiki_title": "Thunderstorm"
        }, 
        {
            "annotations": [
                {
                    "begin": 1367, 
                    "end": 1375, 
                    "score": 0.18567761778831482, 
                    "spot": "forestry"
                }
            ], 
            "wiki_id": 53912, 
            "wiki_title": "Forestry"
        }, 
        {
            "annotations": [
                {
                    "begin": 2747, 
                    "end": 2759, 
                    "score": 0.18908673524856567, 
                    "spot": "county roads"
                }
            ], 
            "wiki_id": 25897, 
            "wiki_title": "Road"
        }, 
        {
            "annotations": [
                {
                    "begin": 1527, 
                    "end": 1539, 
                    "score": 0.24399296939373016, 
                    "spot": "storm system"
                }
            ], 
            "wiki_id": 130312, 
            "wiki_title": "Storm"
        }, 
        {
            "annotations": [
                {
                    "begin": 3052, 
                    "end": 3056, 
                    "score": 0.15767905116081238, 
                    "spot": "inch"
                }
            ], 
            "wiki_id": 14775, 
            "wiki_title": "Inch"
        }, 
        {
            "annotations": [
                {
                    "begin": 3691, 
                    "end": 3694, 
                    "score": 0.0006853084196336567, 
                    "spot": "she"
                }
            ], 
            "wiki_id": 706580, 
            "wiki_title": "S.H.E"
        }, 
        {
            "annotations": [
                {
                    "begin": 1862, 
                    "end": 1875, 
                    "score": 0.17006458342075348, 
                    "spot": "on the border"
                }, 
                {
                    "begin": 1869, 
                    "end": 1875, 
                    "score": 0.17317809164524078, 
                    "spot": "border"
                }
            ], 
            "wiki_id": 1031356, 
            "wiki_title": "On the Border"
        }, 
        {
            "annotations": [
                {
                    "begin": 35, 
                    "end": 48, 
                    "score": 0.33731457591056824, 
                    "spot": "North\nFlorida"
                }
            ], 
            "wiki_id": 23766214, 
            "wiki_title": "North Florida"
        }, 
        {
            "annotations": [
                {
                    "begin": 121, 
                    "end": 132, 
                    "score": 0.005780346691608429, 
                    "spot": "blowing off"
                }
            ], 
            "wiki_id": 11258, 
            "wiki_title": "Fellatio"
        }, 
        {
            "annotations": [
                {
                    "begin": 3539, 
                    "end": 3543, 
                    "score": 0.015235010534524918, 
                    "spot": "wind"
                }
            ], 
            "wiki_id": 43490, 
            "wiki_title": "Windmill"
        }, 
        {
            "annotations": [
                {
                    "begin": 1341, 
                    "end": 1350, 
                    "score": 0.2409738004207611, 
                    "spot": "state law"
                }
            ], 
            "wiki_id": 862851, 
            "wiki_title": "State government"
        }, 
        {
            "annotations": [
                {
                    "begin": 2448, 
                    "end": 2452, 
                    "score": 0.03981288895010948, 
                    "spot": "area"
                }, 
                {
                    "begin": 2832, 
                    "end": 2836, 
                    "score": 0.04603448137640953, 
                    "spot": "area"
                }
            ], 
            "wiki_id": 1209, 
            "wiki_title": "Area"
        }, 
        {
            "annotations": [
                {
                    "begin": 1088, 
                    "end": 1101, 
                    "score": 0.24502643942832947, 
                    "spot": "Civil Defense"
                }
            ], 
            "wiki_id": 7059, 
            "wiki_title": "Civil defense"
        }, 
        {
            "annotations": [
                {
                    "begin": 2560, 
                    "end": 2574, 
                    "score": 0.6695090532302856, 
                    "spot": "Jackson County"
                }
            ], 
            "wiki_id": 90967, 
            "wiki_title": "Jackson County, Wisconsin"
        }, 
        {
            "annotations": [
                {
                    "begin": 750, 
                    "end": 767, 
                    "score": 0.006722951773554087, 
                    "spot": "Memorial Hospital"
                }
            ], 
            "wiki_id": 1464477, 
            "wiki_title": "Memorial Sloan Kettering Cancer Center"
        }, 
        {
            "annotations": [
                {
                    "begin": 2986, 
                    "end": 2989, 
                    "score": 0.050196751952171326, 
                    "spot": "hit"
                }
            ], 
            "wiki_id": 2402033, 
            "wiki_title": "Hit record"
        }, 
        {
            "annotations": [
                {
                    "begin": 3162, 
                    "end": 3165, 
                    "score": 0.009346182458102703, 
                    "spot": "mph"
                }
            ], 
            "wiki_id": 4682876, 
            "wiki_title": "Professional degrees of public health"
        }, 
        {
            "annotations": [
                {
                    "begin": 202, 
                    "end": 211, 
                    "score": 0.06987714767456055, 
                    "spot": "officials"
                }, 
                {
                    "begin": 2803, 
                    "end": 2812, 
                    "score": 0.1108689159154892, 
                    "spot": "officials"
                }
            ], 
            "wiki_id": 234989, 
            "wiki_title": "Northwest Territory"
        }, 
        {
            "annotations": [
                {
                    "begin": 2036, 
                    "end": 2043, 
                    "score": 0.0013357822317630053, 
                    "spot": "totaled"
                }
            ], 
            "wiki_id": 8054500, 
            "wiki_title": "Total loss"
        }, 
        {
            "annotations": [
                {
                    "begin": 1800, 
                    "end": 1807, 
                    "score": 0.23603954911231995, 
                    "spot": "tobacco"
                }
            ], 
            "wiki_id": 30942, 
            "wiki_title": "Tobacco"
        }, 
        {
            "annotations": [
                {
                    "begin": 1111, 
                    "end": 1125, 
                    "score": 0.4333333373069763, 
                    "spot": "Bernard Wilson"
                }
            ], 
            "wiki_id": 30237257, 
            "wiki_title": "Bernard Wilson (singer)"
        }, 
        {
            "annotations": [
                {
                    "begin": 449, 
                    "end": 456, 
                    "score": 0.026673804968595505, 
                    "spot": "thought"
                }
            ], 
            "wiki_id": 557913, 
            "wiki_title": "Freedom of thought"
        }, 
        {
            "annotations": [
                {
                    "begin": 1325, 
                    "end": 1328, 
                    "score": 0.053494103252887726, 
                    "spot": "out"
                }
            ], 
            "wiki_id": 22310, 
            "wiki_title": "Outing"
        }, 
        {
            "annotations": [
                {
                    "begin": 2712, 
                    "end": 2718, 
                    "score": 0.06022562459111214, 
                    "spot": "people"
                }
            ], 
            "wiki_id": 219599, 
            "wiki_title": "Person"
        }, 
        {
            "annotations": [
                {
                    "begin": 1563, 
                    "end": 1572, 
                    "score": 0.26472190022468567, 
                    "spot": "Southeast"
                }
            ], 
            "wiki_id": 816925, 
            "wiki_title": "Southeastern United States"
        }, 
        {
            "annotations": [
                {
                    "begin": 3584, 
                    "end": 3592, 
                    "score": 0.0019480519695207477, 
                    "spot": "25 miles"
                }
            ], 
            "wiki_id": 23811985, 
            "wiki_title": "Twenty-Five Miles"
        }, 
        {
            "annotations": [
                {
                    "begin": 643, 
                    "end": 646, 
                    "score": 0.1485058069229126, 
                    "spot": "Joe"
                }
            ], 
            "wiki_id": 48891, 
            "wiki_title": "Joe DiMaggio"
        }, 
        {
            "annotations": [
                {
                    "begin": 1182, 
                    "end": 1192, 
                    "score": 0.0006587615353055298, 
                    "spot": "never know"
                }
            ], 
            "wiki_id": 1452780, 
            "wiki_title": "In Between Dreams"
        }, 
        {
            "annotations": [
                {
                    "begin": 2187, 
                    "end": 2197, 
                    "score": 0.03337680175900459, 
                    "spot": "overturned"
                }
            ], 
            "wiki_id": 2342619, 
            "wiki_title": "Rescission"
        }, 
        {
            "annotations": [
                {
                    "begin": 2119, 
                    "end": 2126, 
                    "score": 0.14668652415275574, 
                    "spot": "twister"
                }
            ], 
            "wiki_id": 303933, 
            "wiki_title": "Twister (1996 film)"
        }, 
        {
            "annotations": [
                {
                    "begin": 2956, 
                    "end": 2960, 
                    "score": 0.19118545949459076, 
                    "spot": "golf"
                }
            ], 
            "wiki_id": 19568112, 
            "wiki_title": "Golf"
        }, 
        {
            "annotations": [
                {
                    "begin": 3082, 
                    "end": 3094, 
                    "score": 0.32056713104248047, 
                    "spot": "this morning"
                }
            ], 
            "wiki_id": 1814822, 
            "wiki_title": "This Morning (TV programme)"
        }, 
        {
            "annotations": [
                {
                    "begin": 54, 
                    "end": 65, 
                    "score": 0.032088372856378555, 
                    "spot": "before dawn"
                }
            ], 
            "wiki_id": 11107705, 
            "wiki_title": "Before the Dawn (band)"
        }, 
        {
            "annotations": [
                {
                    "begin": 3544, 
                    "end": 3548, 
                    "score": 0.0012792182387784123, 
                    "spot": "left"
                }
            ], 
            "wiki_id": 18183, 
            "wiki_title": "Relative direction"
        }, 
        {
            "annotations": [
                {
                    "begin": 2546, 
                    "end": 2553, 
                    "score": 0.20423898100852966, 
                    "spot": "Madison"
                }
            ], 
            "wiki_id": 97687, 
            "wiki_title": "Madison Parish, Louisiana"
        }, 
        {
            "annotations": [
                {
                    "begin": 1029, 
                    "end": 1035, 
                    "score": 0.12255866825580597, 
                    "spot": "houses"
                }, 
                {
                    "begin": 3928, 
                    "end": 3933, 
                    "score": 0.08808137476444244, 
                    "spot": "house"
                }
            ], 
            "wiki_id": 13590, 
            "wiki_title": "House"
        }, 
        {
            "annotations": [
                {
                    "begin": 143, 
                    "end": 151, 
                    "score": 0.015257628634572029, 
                    "spot": "flipping"
                }
            ], 
            "wiki_id": 2426307, 
            "wiki_title": "Flipping"
        }, 
        {
            "annotations": [
                {
                    "begin": 152, 
                    "end": 156, 
                    "score": 0.07372809201478958, 
                    "spot": "cars"
                }
            ], 
            "wiki_id": 170472, 
            "wiki_title": "The Cars"
        }, 
        {
            "annotations": [
                {
                    "begin": 712, 
                    "end": 720, 
                    "score": 0.1565970629453659, 
                    "spot": "critical"
                }
            ], 
            "wiki_id": 42736966, 
            "wiki_title": "Critical theory"
        }, 
        {
            "annotations": [
                {
                    "begin": 1474, 
                    "end": 1482, 
                    "score": 0.002428818726912141, 
                    "spot": "estimate"
                }
            ], 
            "wiki_id": 336271, 
            "wiki_title": "Approximation"
        }, 
        {
            "annotations": [
                {
                    "begin": 1242, 
                    "end": 1248, 
                    "score": 0.06645531952381134, 
                    "spot": "sister"
                }
            ], 
            "wiki_id": 352169, 
            "wiki_title": "Sibling"
        }, 
        {
            "annotations": [
                {
                    "begin": 246, 
                    "end": 250, 
                    "score": 0.0008501335978507996, 
                    "spot": "at 4"
                }
            ], 
            "wiki_id": 30871763, 
            "wiki_title": "AT4"
        }, 
        {
            "annotations": [
                {
                    "begin": 564, 
                    "end": 570, 
                    "score": 0.08651057630777359, 
                    "spot": "blocks"
                }
            ], 
            "wiki_id": 948686, 
            "wiki_title": "City block"
        }, 
        {
            "annotations": [
                {
                    "begin": 414, 
                    "end": 421, 
                    "score": 0.003292894223704934, 
                    "spot": "I heard"
                }
            ], 
            "wiki_id": 7211748, 
            "wiki_title": "I Heard (film)"
        }, 
        {
            "annotations": [
                {
                    "begin": 4190, 
                    "end": 4193, 
                    "score": 0.00889560766518116, 
                    "spot": "hit"
                }
            ], 
            "wiki_id": 9461535, 
            "wiki_title": "The Hit (1984 film)"
        }, 
        {
            "annotations": [
                {
                    "begin": 3708, 
                    "end": 3713, 
                    "score": 0.12681786715984344, 
                    "spot": "stove"
                }
            ], 
            "wiki_id": 556358, 
            "wiki_title": "Stove"
        }, 
        {
            "annotations": [
                {
                    "begin": 850, 
                    "end": 855, 
                    "score": 0.3333333432674408, 
                    "spot": "a man"
                }
            ], 
            "wiki_id": 2018731, 
            "wiki_title": "Military Intelligence Directorate (Israel)"
        }, 
        {
            "annotations": [
                {
                    "begin": 1855, 
                    "end": 1861, 
                    "score": 0.011837654747068882, 
                    "spot": "swamps"
                }
            ], 
            "wiki_id": 86359, 
            "wiki_title": "Swamp"
        }, 
        {
            "annotations": [
                {
                    "begin": 2387, 
                    "end": 2403, 
                    "score": 0.07274549454450607, 
                    "spot": "Electric company"
                }
            ], 
            "wiki_id": 277750, 
            "wiki_title": "Electric power industry"
        }, 
        {
            "annotations": [
                {
                    "begin": 735, 
                    "end": 749, 
                    "score": 0.4331453740596771, 
                    "spot": "Madison County"
                }, 
                {
                    "begin": 1073, 
                    "end": 1087, 
                    "score": 0.2740503251552582, 
                    "spot": "Madison County"
                }, 
                {
                    "begin": 4198, 
                    "end": 4212, 
                    "score": 0.2740503251552582, 
                    "spot": "Madison County"
                }
            ], 
            "wiki_id": 55140, 
            "wiki_title": "Madison County, New York"
        }, 
        {
            "annotations": [
                {
                    "begin": 1765, 
                    "end": 1779, 
                    "score": 0.46580415964126587, 
                    "spot": "Madison County"
                }
            ], 
            "wiki_id": 95567, 
            "wiki_title": "Madison County, Kentucky"
        }, 
        {
            "annotations": [
                {
                    "begin": 3098, 
                    "end": 3110, 
                    "score": 0.3571428656578064, 
                    "spot": "Waycross, Ga"
                }
            ], 
            "wiki_id": 110305, 
            "wiki_title": "Waycross, Georgia"
        }, 
        {
            "annotations": [
                {
                    "begin": 321, 
                    "end": 324, 
                    "score": 0.10279542952775955, 
                    "spot": "cut"
                }
            ], 
            "wiki_id": 338154, 
            "wiki_title": "Wound"
        }, 
        {
            "annotations": [
                {
                    "begin": 2179, 
                    "end": 2185, 
                    "score": 0.08770860731601715, 
                    "spot": "church"
                }
            ], 
            "wiki_id": 6325, 
            "wiki_title": "Church (building)"
        }, 
        {
            "annotations": [
                {
                    "begin": 1051, 
                    "end": 1058, 
                    "score": 0.001345502445474267, 
                    "spot": "damaged"
                }, 
                {
                    "begin": 1645, 
                    "end": 1652, 
                    "score": 0.001345502445474267, 
                    "spot": "damaged"
                }, 
                {
                    "begin": 2686, 
                    "end": 2693, 
                    "score": 0.001345502445474267, 
                    "spot": "damaged"
                }, 
                {
                    "begin": 3947, 
                    "end": 3954, 
                    "score": 0.001345502445474267, 
                    "spot": "damaged"
                }
            ], 
            "wiki_id": 148054, 
            "wiki_title": "Damaged (Black Flag album)"
        }, 
        {
            "annotations": [
                {
                    "begin": 1490, 
                    "end": 1496, 
                    "score": 0.14054623246192932, 
                    "spot": "damage"
                }
            ], 
            "wiki_id": 46698, 
            "wiki_title": "Property damage"
        }, 
        {
            "annotations": [
                {
                    "begin": 2859, 
                    "end": 2868, 
                    "score": 0.1110270619392395, 
                    "spot": "tornadoes"
                }, 
                {
                    "begin": 4182, 
                    "end": 4189, 
                    "score": 0.17128939926624298, 
                    "spot": "tornado"
                }
            ], 
            "wiki_id": 168682, 
            "wiki_title": "Panavia Tornado"
        }, 
        {
            "annotations": [
                {
                    "begin": 2293, 
                    "end": 2296, 
                    "score": 0.08537638187408447, 
                    "spot": "one"
                }
            ], 
            "wiki_id": 19969891, 
            "wiki_title": "One (Australian TV channel)"
        }, 
        {
            "annotations": [
                {
                    "begin": 1604, 
                    "end": 1608, 
                    "score": 0.23351675271987915, 
                    "spot": "hail"
                }, 
                {
                    "begin": 2939, 
                    "end": 2943, 
                    "score": 0.3075546622276306, 
                    "spot": "Hail"
                }
            ], 
            "wiki_id": 14458, 
            "wiki_title": "Hail"
        }, 
        {
            "annotations": [
                {
                    "begin": 1995, 
                    "end": 2008, 
                    "score": 0.5325704216957092, 
                    "spot": "North Florida"
                }
            ], 
            "wiki_id": 22085871, 
            "wiki_title": "North Florida Ospreys"
        }, 
        {
            "annotations": [
                {
                    "begin": 1393, 
                    "end": 1402, 
                    "score": 0.08175035566091537, 
                    "spot": "prisoners"
                }
            ], 
            "wiki_id": 19008450, 
            "wiki_title": "Prison"
        }, 
        {
            "annotations": [
                {
                    "begin": 66, 
                    "end": 71, 
                    "score": 0.004858291242271662, 
                    "spot": "today"
                }
            ], 
            "wiki_id": 3196646, 
            "wiki_title": "Today (Singapore newspaper)"
        }, 
        {
            "annotations": [
                {
                    "begin": 272, 
                    "end": 279, 
                    "score": 0.14607343077659607, 
                    "spot": "Madison"
                }
            ], 
            "wiki_id": 15950, 
            "wiki_title": "James Madison"
        }, 
        {
            "annotations": [
                {
                    "begin": 4261, 
                    "end": 4269, 
                    "score": 0.0008300276240333915, 
                    "spot": "only one"
                }
            ], 
            "wiki_id": 36855004, 
            "wiki_title": "Only One (BoA album)"
        }, 
        {
            "annotations": [
                {
                    "begin": 3048, 
                    "end": 3051, 
                    "score": 0.08051710575819016, 
                    "spot": "one"
                }, 
                {
                    "begin": 3073, 
                    "end": 3076, 
                    "score": 0.04616351053118706, 
                    "spot": "one"
                }
            ], 
            "wiki_id": 22770, 
            "wiki_title": "1 (number)"
        }, 
        {
            "annotations": [
                {
                    "begin": 6, 
                    "end": 13, 
                    "score": 0.3426777124404907, 
                    "spot": "tornado"
                }, 
                {
                    "begin": 225, 
                    "end": 232, 
                    "score": 0.4281231164932251, 
                    "spot": "tornado"
                }, 
                {
                    "begin": 539, 
                    "end": 546, 
                    "score": 0.3028703033924103, 
                    "spot": "tornado"
                }, 
                {
                    "begin": 1005, 
                    "end": 1012, 
                    "score": 0.26844558119773865, 
                    "spot": "tornado"
                }, 
                {
                    "begin": 1505, 
                    "end": 1512, 
                    "score": 0.4252550005912781, 
                    "spot": "tornado"
                }, 
                {
                    "begin": 1897, 
                    "end": 1904, 
                    "score": 0.21614724397659302, 
                    "spot": "twister"
                }, 
                {
                    "begin": 2297, 
                    "end": 2304, 
                    "score": 0.2288757562637329, 
                    "spot": "tornado"
                }, 
                {
                    "begin": 2461, 
                    "end": 2470, 
                    "score": 0.2087772935628891, 
                    "spot": "tornadoes"
                }, 
                {
                    "begin": 3768, 
                    "end": 3775, 
                    "score": 0.4692176580429077, 
                    "spot": "tornado"
                }, 
                {
                    "begin": 4041, 
                    "end": 4048, 
                    "score": 0.4070514440536499, 
                    "spot": "Tornado"
                }, 
                {
                    "begin": 4235, 
                    "end": 4244, 
                    "score": 0.07245750725269318, 
                    "spot": "tornadoes"
                }
            ], 
            "wiki_id": 37530, 
            "wiki_title": "Tornado"
        }, 
        {
            "annotations": [
                {
                    "begin": 2708, 
                    "end": 2718, 
                    "score": 0.0017682263860478997, 
                    "spot": "two people"
                }
            ], 
            "wiki_id": 22147898, 
            "wiki_title": "Two People (film)"
        }, 
        {
            "annotations": [
                {
                    "begin": 3414, 
                    "end": 3418, 
                    "score": 0.001905793440528214, 
                    "spot": "nine"
                }
            ], 
            "wiki_id": 16002873, 
            "wiki_title": "Nine (2009 live-action film)"
        }, 
        {
            "annotations": [
                {
                    "begin": 2948, 
                    "end": 2952, 
                    "score": 0.09899987280368805, 
                    "spot": "size"
                }
            ], 
            "wiki_id": 32498, 
            "wiki_title": "Volume"
        }, 
        {
            "annotations": [
                {
                    "begin": 3408, 
                    "end": 3410, 
                    "score": 0.02843520976603031, 
                    "spot": "up"
                }
            ], 
            "wiki_id": 42317, 
            "wiki_title": "United Press International"
        }, 
        {
            "annotations": [
                {
                    "begin": 2874, 
                    "end": 2881, 
                    "score": 0.05415668711066246, 
                    "spot": "spawned"
                }
            ], 
            "wiki_id": 19653966, 
            "wiki_title": "Spawn (biology)"
        }, 
        {
            "annotations": [
                {
                    "begin": 1704, 
                    "end": 1711, 
                    "score": 0.05482131987810135, 
                    "spot": "Madison"
                }
            ], 
            "wiki_id": 108798, 
            "wiki_title": "Madison, Connecticut"
        }, 
        {
            "annotations": [
                {
                    "begin": 1824, 
                    "end": 1835, 
                    "score": 0.3363840579986572, 
                    "spot": "piney\nwoods"
                }
            ], 
            "wiki_id": 776697, 
            "wiki_title": "Piney Woods"
        }, 
        {
            "annotations": [
                {
                    "begin": 304, 
                    "end": 315, 
                    "score": 0.28986895084381104, 
                    "spot": "Tallahassee"
                }, 
                {
                    "begin": 3606, 
                    "end": 3617, 
                    "score": 0.25119948387145996, 
                    "spot": "Tallahassee"
                }, 
                {
                    "begin": 3847, 
                    "end": 3857, 
                    "score": 0.6215841770172119, 
                    "spot": "Tallahasse"
                }
            ], 
            "wiki_id": 57700, 
            "wiki_title": "Tallahassee, Florida"
        }, 
        {
            "annotations": [
                {
                    "begin": 1422, 
                    "end": 1425, 
                    "score": 0.0007386371144093573, 
                    "spot": "way"
                }
            ], 
            "wiki_id": 28530363, 
            "wiki_title": "The Way (film)"
        }, 
        {
            "annotations": [
                {
                    "begin": 4229, 
                    "end": 4234, 
                    "score": 0.06280499696731567, 
                    "spot": "seven"
                }
            ], 
            "wiki_id": 208159, 
            "wiki_title": "7 (number)"
        }, 
        {
            "annotations": [
                {
                    "begin": 3513, 
                    "end": 3520, 
                    "score": 0.11644972860813141, 
                    "spot": "sheriff"
                }
            ], 
            "wiki_id": 14287628, 
            "wiki_title": "Sheriffs in the United States"
        }, 
        {
            "annotations": [
                {
                    "begin": 1226, 
                    "end": 1240, 
                    "score": 0.23333333432674408, 
                    "spot": "Dorothy Butler"
                }
            ], 
            "wiki_id": 33310575, 
            "wiki_title": "Dorothy Butler"
        }, 
        {
            "annotations": [
                {
                    "begin": 3974, 
                    "end": 3979, 
                    "score": 0.16424627602100372, 
                    "spot": "today"
                }
            ], 
            "wiki_id": 226675, 
            "wiki_title": "Today (U.S. TV program)"
        }, 
        {
            "annotations": [
                {
                    "begin": 133, 
                    "end": 141, 
                    "score": 0.02054794505238533, 
                    "spot": "rooftops"
                }
            ], 
            "wiki_id": 5673865, 
            "wiki_title": "Rooftops (A Liberation Broadcast)"
        }, 
        {
            "annotations": [
                {
                    "begin": 1617, 
                    "end": 1622, 
                    "score": 0.11216803640127182, 
                    "spot": "roofs"
                }, 
                {
                    "begin": 2073, 
                    "end": 2077, 
                    "score": 0.1346634328365326, 
                    "spot": "roof"
                }, 
                {
                    "begin": 2161, 
                    "end": 2165, 
                    "score": 0.10684219002723694, 
                    "spot": "roof"
                }, 
                {
                    "begin": 3349, 
                    "end": 3353, 
                    "score": 0.05116229131817818, 
                    "spot": "roof"
                }
            ], 
            "wiki_id": 26118, 
            "wiki_title": "Roof"
        }, 
        {
            "annotations": [
                {
                    "begin": 395, 
                    "end": 399, 
                    "score": 0.0005544412415474653, 
                    "spot": "huge"
                }
            ], 
            "wiki_id": 26009763, 
            "wiki_title": "Huge (TV series)"
        }, 
        {
            "annotations": [
                {
                    "begin": 1816, 
                    "end": 1820, 
                    "score": 0.06448839604854584, 
                    "spot": "area"
                }
            ], 
            "wiki_id": 12054839, 
            "wiki_title": "Area (LDS Church)"
        }, 
        {
            "annotations": [
                {
                    "begin": 1750, 
                    "end": 1761, 
                    "score": 0.5186797380447388, 
                    "spot": "county seat"
                }
            ], 
            "wiki_id": 51509, 
            "wiki_title": "County seat"
        }, 
        {
            "annotations": [
                {
                    "begin": 3440, 
                    "end": 3454, 
                    "score": 0.4000000059604645, 
                    "spot": "Bainbridge,\nGa"
                }
            ], 
            "wiki_id": 110028, 
            "wiki_title": "Bainbridge, Georgia"
        }, 
        {
            "annotations": [
                {
                    "begin": 1981, 
                    "end": 1989, 
                    "score": 0.0023934633936733007, 
                    "spot": "straight"
                }
            ], 
            "wiki_id": 1116805, 
            "wiki_title": "Placekicker"
        }, 
        {
            "annotations": [
                {
                    "begin": 3804, 
                    "end": 3818, 
                    "score": 0.5337734222412109, 
                    "spot": "Houston\nCounty"
                }
            ], 
            "wiki_id": 91551, 
            "wiki_title": "Houston County, Texas"
        }, 
        {
            "annotations": [
                {
                    "begin": 3721, 
                    "end": 3725, 
                    "score": 0.08717672526836395, 
                    "spot": "home"
                }
            ], 
            "wiki_id": 249429, 
            "wiki_title": "Home"
        }, 
        {
            "annotations": [
                {
                    "begin": 482, 
                    "end": 487, 
                    "score": 0.004621019121259451, 
                    "spot": "Marie"
                }
            ], 
            "wiki_id": 728775, 
            "wiki_title": "Marie Osmond"
        }, 
        {
            "annotations": [
                {
                    "begin": 1590, 
                    "end": 1599, 
                    "score": 0.3459527790546417, 
                    "spot": "lightning"
                }, 
                {
                    "begin": 3678, 
                    "end": 3687, 
                    "score": 0.08765386044979095, 
                    "spot": "lightning"
                }, 
                {
                    "begin": 3744, 
                    "end": 3753, 
                    "score": 0.2741633355617523, 
                    "spot": "lightning"
                }
            ], 
            "wiki_id": 61344, 
            "wiki_title": "Lightning"
        }, 
        {
            "annotations": [
                {
                    "begin": 3371, 
                    "end": 3374, 
                    "score": 0.07660818099975586, 
                    "spot": "old"
                }
            ], 
            "wiki_id": 22667, 
            "wiki_title": "Old English"
        }, 
        {
            "annotations": [
                {
                    "begin": 1303, 
                    "end": 1311, 
                    "score": 0.13492713868618011, 
                    "spot": "counties"
                }, 
                {
                    "begin": 4137, 
                    "end": 4145, 
                    "score": 0.09581084549427032, 
                    "spot": "counties"
                }
            ], 
            "wiki_id": 88366, 
            "wiki_title": "County (United States)"
        }, 
        {
            "annotations": [
                {
                    "begin": 2086, 
                    "end": 2096, 
                    "score": 0.10419081151485443, 
                    "spot": "auditorium"
                }
            ], 
            "wiki_id": 765209, 
            "wiki_title": "Auditorium"
        }, 
        {
            "annotations": [
                {
                    "begin": 877, 
                    "end": 882, 
                    "score": 0.09670225530862808, 
                    "spot": "freed"
                }
            ], 
            "wiki_id": 4989358, 
            "wiki_title": "Andy Freed"
        }, 
        {
            "annotations": [
                {
                    "begin": 2245, 
                    "end": 2248, 
                    "score": 0.030762363225221634, 
                    "spot": "far"
                }
            ], 
            "wiki_id": 11672, 
            "wiki_title": "Far East"
        }, 
        {
            "annotations": [
                {
                    "begin": 802, 
                    "end": 816, 
                    "score": 0.13971076905727386, 
                    "spot": "house-to-house"
                }
            ], 
            "wiki_id": 319027, 
            "wiki_title": "Urban warfare"
        }, 
        {
            "annotations": [
                {
                    "begin": 2009, 
                    "end": 2023, 
                    "score": 0.08409024029970169, 
                    "spot": "Junior\nCollege"
                }
            ], 
            "wiki_id": 320947, 
            "wiki_title": "Junior college"
        }, 
        {
            "annotations": [
                {
                    "begin": 3210, 
                    "end": 3234, 
                    "score": 0.48643648624420166, 
                    "spot": "National Weather\nService"
                }, 
                {
                    "begin": 4304, 
                    "end": 4328, 
                    "score": 0.48643648624420166, 
                    "spot": "National Weather Service"
                }
            ], 
            "wiki_id": 286989, 
            "wiki_title": "National Weather Service"
        }, 
        {
            "annotations": [
                {
                    "begin": 3239, 
                    "end": 3248, 
                    "score": 0.18981648981571198, 
                    "spot": "Elsewhere"
                }
            ], 
            "wiki_id": 318600, 
            "wiki_title": "Hurricane Isabel"
        }, 
        {
            "annotations": [
                {
                    "begin": 4016, 
                    "end": 4031, 
                    "score": 0.28687024116516113, 
                    "spot": "weather service"
                }
            ], 
            "wiki_id": 2864756, 
            "wiki_title": "NBC Weather Plus"
        }, 
        {
            "annotations": [
                {
                    "begin": 3562, 
                    "end": 3568, 
                    "score": 0.0023076923098415136, 
                    "spot": "shreds"
                }
            ], 
            "wiki_id": 22658233, 
            "wiki_title": "The Shreds"
        }, 
        {
            "annotations": [
                {
                    "begin": 3593, 
                    "end": 3602, 
                    "score": 0.12874116003513336, 
                    "spot": "northwest"
                }, 
                {
                    "begin": 3834, 
                    "end": 3843, 
                    "score": 0.08226348459720612, 
                    "spot": "northwest"
                }
            ], 
            "wiki_id": 1919472, 
            "wiki_title": "Northwestern United States"
        }, 
        {
            "annotations": [
                {
                    "begin": 1062, 
                    "end": 1066, 
                    "score": 0.05509139224886894, 
                    "spot": "well"
                }
            ], 
            "wiki_id": 15105978, 
            "wiki_title": "Water well"
        }, 
        {
            "annotations": [
                {
                    "begin": 3587, 
                    "end": 3592, 
                    "score": 0.07599423825740814, 
                    "spot": "miles"
                }
            ], 
            "wiki_id": 1291705, 
            "wiki_title": "Nelson A. Miles"
        }, 
        {
            "annotations": [
                {
                    "begin": 2521, 
                    "end": 2530, 
                    "score": 0.0019157087663188577, 
                    "spot": "100 miles"
                }
            ], 
            "wiki_id": 24765669, 
            "wiki_title": "100 Miles"
        }, 
        {
            "annotations": [
                {
                    "begin": 1275, 
                    "end": 1281, 
                    "score": 0.08028297871351242, 
                    "spot": "Rescue"
                }
            ], 
            "wiki_id": 172599, 
            "wiki_title": "Search and rescue"
        }, 
        {
            "annotations": [
                {
                    "begin": 3432, 
                    "end": 3436, 
                    "score": 0.07526201009750366, 
                    "spot": "west"
                }
            ], 
            "wiki_id": 252507, 
            "wiki_title": "American frontier"
        }, 
        {
            "annotations": [
                {
                    "begin": 1263, 
                    "end": 1270, 
                    "score": 0.04218054562807083, 
                    "spot": "victims"
                }
            ], 
            "wiki_id": 240900, 
            "wiki_title": "World War II casualties"
        }, 
        {
            "annotations": [
                {
                    "begin": 3635, 
                    "end": 3639, 
                    "score": 0.0625021681189537, 
                    "spot": "girl"
                }
            ], 
            "wiki_id": 1723133, 
            "wiki_title": "Girl"
        }, 
        {
            "annotations": [
                {
                    "begin": 2915, 
                    "end": 2921, 
                    "score": 0.0007276217802427709, 
                    "spot": "pushed"
                }
            ], 
            "wiki_id": 577975, 
            "wiki_title": "Understeer and oversteer"
        }
    ]
}