{
    "tagme": [
        {
            "annotations": [
                {
                    "begin": 119, 
                    "end": 130, 
                    "score": 0.016304347664117813, 
                    "spot": "fire season"
                }, 
                {
                    "begin": 410, 
                    "end": 421, 
                    "score": 0.016304347664117813, 
                    "spot": "fire season"
                }, 
                {
                    "begin": 1131, 
                    "end": 1142, 
                    "score": 0.016304347664117813, 
                    "spot": "fire season"
                }
            ], 
            "wiki_id": 36303946, 
            "wiki_title": "Fire Season"
        }, 
        {
            "annotations": [
                {
                    "begin": 1799, 
                    "end": 1802, 
                    "score": 0.16274519264698029, 
                    "spot": "eye"
                }
            ], 
            "wiki_id": 157898, 
            "wiki_title": "Eye"
        }, 
        {
            "annotations": [
                {
                    "begin": 537, 
                    "end": 549, 
                    "score": 0.529151976108551, 
                    "spot": "Boise, Idaho"
                }
            ], 
            "wiki_id": 37357, 
            "wiki_title": "Boise, Idaho"
        }, 
        {
            "annotations": [
                {
                    "begin": 769, 
                    "end": 775, 
                    "score": 0.0007796851568855345, 
                    "spot": "others"
                }
            ], 
            "wiki_id": 18213, 
            "wiki_title": "Los Angeles Dodgers"
        }, 
        {
            "annotations": [
                {
                    "begin": 1916, 
                    "end": 1918, 
                    "score": 0.13254934549331665, 
                    "spot": "AP"
                }
            ], 
            "wiki_id": 18935732, 
            "wiki_title": "Associated Press"
        }, 
        {
            "annotations": [
                {
                    "begin": 973, 
                    "end": 982, 
                    "score": 0.01452599372714758, 
                    "spot": "blackened"
                }
            ], 
            "wiki_id": 17610088, 
            "wiki_title": "Blackening (cooking)"
        }, 
        {
            "annotations": [
                {
                    "begin": 1196, 
                    "end": 1205, 
                    "score": 0.08874046057462692, 
                    "spot": "committed"
                }
            ], 
            "wiki_id": 1624157, 
            "wiki_title": "Climate commitment"
        }, 
        {
            "annotations": [
                {
                    "begin": 442, 
                    "end": 449, 
                    "score": 0.0251141544431448, 
                    "spot": "gear up"
                }
            ], 
            "wiki_id": 20641385, 
            "wiki_title": "Gaining Early Awareness and Readiness for Undergraduate Programs"
        }, 
        {
            "annotations": [
                {
                    "begin": 1318, 
                    "end": 1322, 
                    "score": 0.10150434821844101, 
                    "spot": "rain"
                }
            ], 
            "wiki_id": 19009110, 
            "wiki_title": "Rain"
        }, 
        {
            "annotations": [
                {
                    "begin": 395, 
                    "end": 404, 
                    "score": 0.030286138877272606, 
                    "spot": "Right now"
                }
            ], 
            "wiki_id": 19382933, 
            "wiki_title": "Right Now (Na Na Na)"
        }, 
        {
            "annotations": [
                {
                    "begin": 1311, 
                    "end": 1317, 
                    "score": 0.01050080731511116, 
                    "spot": "spotty"
                }
            ], 
            "wiki_id": 4321264, 
            "wiki_title": "Spotty (fish)"
        }, 
        {
            "annotations": [
                {
                    "begin": 1383, 
                    "end": 1387, 
                    "score": 0.12886546552181244, 
                    "spot": "high"
                }
            ], 
            "wiki_id": 1481886, 
            "wiki_title": "Cannabis (drug)"
        }, 
        {
            "annotations": [
                {
                    "begin": 250, 
                    "end": 255, 
                    "score": 0.30753716826438904, 
                    "spot": "range"
                }, 
                {
                    "begin": 727, 
                    "end": 732, 
                    "score": 0.2499670833349228, 
                    "spot": "range"
                }
            ], 
            "wiki_id": 877912, 
            "wiki_title": "Rangeland"
        }, 
        {
            "annotations": [
                {
                    "begin": 1092, 
                    "end": 1096, 
                    "score": 0.16008539497852325, 
                    "spot": "West"
                }
            ], 
            "wiki_id": 17617, 
            "wiki_title": "Longitude"
        }, 
        {
            "annotations": [
                {
                    "begin": 668, 
                    "end": 677, 
                    "score": 0.2974326014518738, 
                    "spot": "lightning"
                }, 
                {
                    "begin": 668, 
                    "end": 686, 
                    "score": 0.4446676969528198, 
                    "spot": "lightning.\n   Fire"
                }, 
                {
                    "begin": 1834, 
                    "end": 1843, 
                    "score": 0.36266592144966125, 
                    "spot": "lightning"
                }, 
                {
                    "begin": 1834, 
                    "end": 1851, 
                    "score": 0.45432642102241516, 
                    "spot": "lightning strikes"
                }
            ], 
            "wiki_id": 61344, 
            "wiki_title": "Lightning"
        }, 
        {
            "annotations": [
                {
                    "begin": 80, 
                    "end": 87, 
                    "score": 0.08391813933849335, 
                    "spot": "wrought"
                }
            ], 
            "wiki_id": 266443, 
            "wiki_title": "Metalworking"
        }, 
        {
            "annotations": [
                {
                    "begin": 1601, 
                    "end": 1610, 
                    "score": 0.0030782760586589575, 
                    "spot": "speculate"
                }
            ], 
            "wiki_id": 63088, 
            "wiki_title": "Speculation"
        }, 
        {
            "annotations": [
                {
                    "begin": 1921, 
                    "end": 1930, 
                    "score": 0.07759344577789307, 
                    "spot": "Northwest"
                }
            ], 
            "wiki_id": 1919472, 
            "wiki_title": "Northwestern United States"
        }, 
        {
            "annotations": [
                {
                    "begin": 464, 
                    "end": 470, 
                    "score": 0.016566265374422073, 
                    "spot": "Sacher"
                }, 
                {
                    "begin": 1243, 
                    "end": 1249, 
                    "score": 0.016566265374422073, 
                    "spot": "Sacher"
                }, 
                {
                    "begin": 1355, 
                    "end": 1361, 
                    "score": 0.016566265374422073, 
                    "spot": "Sacher"
                }, 
                {
                    "begin": 1570, 
                    "end": 1576, 
                    "score": 0.016566265374422073, 
                    "spot": "Sacher"
                }
            ], 
            "wiki_id": 47552421, 
            "wiki_title": "John Sacher"
        }, 
        {
            "annotations": [
                {
                    "begin": 1229, 
                    "end": 1241, 
                    "score": 0.028637059032917023, 
                    "spot": "U.S. history"
                }
            ], 
            "wiki_id": 63876, 
            "wiki_title": "History of the United States"
        }, 
        {
            "annotations": [
                {
                    "begin": 346, 
                    "end": 350, 
                    "score": 0.00507361302152276, 
                    "spot": "time"
                }
            ], 
            "wiki_id": 31600, 
            "wiki_title": "Time (magazine)"
        }, 
        {
            "annotations": [
                {
                    "begin": 1931, 
                    "end": 1939, 
                    "score": 0.09897810220718384, 
                    "spot": "regional"
                }
            ], 
            "wiki_id": 4880292, 
            "wiki_title": "Regional sports network"
        }, 
        {
            "annotations": [
                {
                    "begin": 46, 
                    "end": 56, 
                    "score": 0.10294117778539658, 
                    "spot": "can't hold"
                }
            ], 
            "wiki_id": 12646879, 
            "wiki_title": "Devils &amp; Angels"
        }, 
        {
            "annotations": [
                {
                    "begin": 351, 
                    "end": 360, 
                    "score": 0.004724409431219101, 
                    "spot": "last year"
                }, 
                {
                    "begin": 777, 
                    "end": 786, 
                    "score": 0.004724409431219101, 
                    "spot": "Last year"
                }, 
                {
                    "begin": 1626, 
                    "end": 1635, 
                    "score": 0.004724409431219101, 
                    "spot": "Last year"
                }
            ], 
            "wiki_id": 7353934, 
            "wiki_title": "Last Year (song)"
        }, 
        {
            "annotations": [
                {
                    "begin": 872, 
                    "end": 878, 
                    "score": 0.10013937205076218, 
                    "spot": "summer"
                }
            ], 
            "wiki_id": 11890785, 
            "wiki_title": "Summer solstice"
        }, 
        {
            "annotations": [
                {
                    "begin": 1959, 
                    "end": 1966, 
                    "score": 0.30432915687561035, 
                    "spot": "Seattle"
                }
            ], 
            "wiki_id": 11388236, 
            "wiki_title": "Seattle"
        }, 
        {
            "annotations": [
                {
                    "begin": 1274, 
                    "end": 1289, 
                    "score": 0.4000000059604645, 
                    "spot": "drought of 1988"
                }
            ], 
            "wiki_id": 22075996, 
            "wiki_title": "1988\u201389 North American drought"
        }, 
        {
            "annotations": [
                {
                    "begin": 36, 
                    "end": 45, 
                    "score": 0.08553725481033325, 
                    "spot": "wildfires"
                }, 
                {
                    "begin": 512, 
                    "end": 520, 
                    "score": 0.4727310538291931, 
                    "spot": "wildfire"
                }, 
                {
                    "begin": 968, 
                    "end": 972, 
                    "score": 0.008289387449622154, 
                    "spot": "fire"
                }, 
                {
                    "begin": 1078, 
                    "end": 1084, 
                    "score": 0.10899563878774643, 
                    "spot": "burned"
                }
            ], 
            "wiki_id": 56106, 
            "wiki_title": "Wildfire"
        }, 
        {
            "annotations": [
                {
                    "begin": 655, 
                    "end": 664, 
                    "score": 0.05430273711681366, 
                    "spot": "last week"
                }
            ], 
            "wiki_id": 41923028, 
            "wiki_title": "Last Week Tonight with John Oliver"
        }, 
        {
            "annotations": [
                {
                    "begin": 1537, 
                    "end": 1541, 
                    "score": 0.1781170517206192, 
                    "spot": "kind"
                }
            ], 
            "wiki_id": 20627460, 
            "wiki_title": "Kind (type theory)"
        }, 
        {
            "annotations": [
                {
                    "begin": 430, 
                    "end": 438, 
                    "score": 0.0011697103036567569, 
                    "spot": "starting"
                }
            ], 
            "wiki_id": 21504235, 
            "wiki_title": "Actor"
        }, 
        {
            "annotations": [
                {
                    "begin": 626, 
                    "end": 632, 
                    "score": 0.019015660509467125, 
                    "spot": "blazes"
                }
            ], 
            "wiki_id": 1789927, 
            "wiki_title": "Trail blazing"
        }, 
        {
            "annotations": [
                {
                    "begin": 1734, 
                    "end": 1738, 
                    "score": 0.1684863418340683, 
                    "spot": "come"
                }
            ], 
            "wiki_id": 29450657, 
            "wiki_title": "S&amp;M (song)"
        }, 
        {
            "annotations": [
                {
                    "begin": 191, 
                    "end": 195, 
                    "score": 0.20285683870315552, 
                    "spot": "Fire"
                }, 
                {
                    "begin": 362, 
                    "end": 366, 
                    "score": 0.05044320225715637, 
                    "spot": "fire"
                }, 
                {
                    "begin": 892, 
                    "end": 897, 
                    "score": 0.19436463713645935, 
                    "spot": "flame"
                }
            ], 
            "wiki_id": 11145, 
            "wiki_title": "Fire"
        }, 
        {
            "annotations": [
                {
                    "begin": 1125, 
                    "end": 1130, 
                    "score": 0.0009185632225126028, 
                    "spot": "worst"
                }
            ], 
            "wiki_id": 43031240, 
            "wiki_title": "The Worst (Jhen\u00e9 Aiko song)"
        }, 
        {
            "annotations": [
                {
                    "begin": 1022, 
                    "end": 1026, 
                    "score": 0.1450381875038147, 
                    "spot": "park"
                }
            ], 
            "wiki_id": 166459, 
            "wiki_title": "Park"
        }, 
        {
            "annotations": [
                {
                    "begin": 1410, 
                    "end": 1416, 
                    "score": 0.38072389364242554, 
                    "spot": "Oregon"
                }
            ], 
            "wiki_id": 26811621, 
            "wiki_title": "Oregon"
        }, 
        {
            "annotations": [
                {
                    "begin": 804, 
                    "end": 808, 
                    "score": 0.09545090049505234, 
                    "spot": "heat"
                }
            ], 
            "wiki_id": 19593167, 
            "wiki_title": "Heat"
        }, 
        {
            "annotations": [
                {
                    "begin": 200, 
                    "end": 207, 
                    "score": 0.09442267566919327, 
                    "spot": "charred"
                }
            ], 
            "wiki_id": 2004514, 
            "wiki_title": "Charring"
        }, 
        {
            "annotations": [
                {
                    "begin": 28, 
                    "end": 35, 
                    "score": 0.05519454926252365, 
                    "spot": "Western"
                }
            ], 
            "wiki_id": 65758, 
            "wiki_title": "Western (genre)"
        }, 
        {
            "annotations": [
                {
                    "begin": 282, 
                    "end": 306, 
                    "score": 0.4049733579158783, 
                    "spot": "contiguous United States"
                }
            ], 
            "wiki_id": 83759, 
            "wiki_title": "Contiguous United States"
        }, 
        {
            "annotations": [
                {
                    "begin": 1551, 
                    "end": 1562, 
                    "score": 0.06451612710952759, 
                    "spot": "August will"
                }
            ], 
            "wiki_id": 11173255, 
            "wiki_title": "August Will"
        }, 
        {
            "annotations": [
                {
                    "begin": 472, 
                    "end": 483, 
                    "score": 0.04574204236268997, 
                    "spot": "spokeswoman"
                }
            ], 
            "wiki_id": 338047, 
            "wiki_title": "Spokesperson"
        }, 
        {
            "annotations": [
                {
                    "begin": 367, 
                    "end": 376, 
                    "score": 0.042930833995342255, 
                    "spot": "officials"
                }
            ], 
            "wiki_id": 725182, 
            "wiki_title": "Official"
        }, 
        {
            "annotations": [
                {
                    "begin": 1775, 
                    "end": 1777, 
                    "score": 0.0011770633282139897, 
                    "spot": "re"
                }
            ], 
            "wiki_id": 195533, 
            "wiki_title": "Religious education"
        }, 
        {
            "annotations": [
                {
                    "begin": 1053, 
                    "end": 1056, 
                    "score": 0.0017393865855410695, 
                    "spot": "end"
                }
            ], 
            "wiki_id": 492476, 
            "wiki_title": "Wide receiver"
        }, 
        {
            "annotations": [
                {
                    "begin": 882, 
                    "end": 887, 
                    "score": 0.18682673573493958, 
                    "spot": "smoke"
                }
            ], 
            "wiki_id": 27001, 
            "wiki_title": "Smoke"
        }, 
        {
            "annotations": [
                {
                    "begin": 586, 
                    "end": 593, 
                    "score": 0.288875013589859, 
                    "spot": "Western"
                }, 
                {
                    "begin": 586, 
                    "end": 600, 
                    "score": 0.3415769338607788, 
                    "spot": "Western states"
                }
            ], 
            "wiki_id": 21208200, 
            "wiki_title": "Western world"
        }, 
        {
            "annotations": [
                {
                    "begin": 864, 
                    "end": 871, 
                    "score": 0.13888618350028992, 
                    "spot": "hellish"
                }
            ], 
            "wiki_id": 5098574, 
            "wiki_title": "Hell"
        }, 
        {
            "annotations": [
                {
                    "begin": 853, 
                    "end": 861, 
                    "score": 0.041603680700063705, 
                    "spot": "produced"
                }
            ], 
            "wiki_id": 46413, 
            "wiki_title": "Executive producer"
        }, 
        {
            "annotations": [
                {
                    "begin": 382, 
                    "end": 388, 
                    "score": 0.0021803646814078093, 
                    "spot": "Monday"
                }, 
                {
                    "begin": 1470, 
                    "end": 1476, 
                    "score": 0.11577895283699036, 
                    "spot": "Monday"
                }
            ], 
            "wiki_id": 195068, 
            "wiki_title": "Monday Night Football"
        }, 
        {
            "annotations": [
                {
                    "begin": 1173, 
                    "end": 1185, 
                    "score": 0.24962648749351501, 
                    "spot": "firefighting"
                }
            ], 
            "wiki_id": 855608, 
            "wiki_title": "Firefighting"
        }, 
        {
            "annotations": [
                {
                    "begin": 59, 
                    "end": 65, 
                    "score": 0.12178333848714828, 
                    "spot": "candle"
                }
            ], 
            "wiki_id": 44017, 
            "wiki_title": "Candle"
        }, 
        {
            "annotations": [
                {
                    "begin": 581, 
                    "end": 585, 
                    "score": 0.06948332488536835, 
                    "spot": "five"
                }
            ], 
            "wiki_id": 28952356, 
            "wiki_title": "Channel 5 (UK)"
        }, 
        {
            "annotations": [
                {
                    "begin": 1327, 
                    "end": 1332, 
                    "score": 0.09315966069698334, 
                    "spot": "local"
                }
            ], 
            "wiki_id": 1549583, 
            "wiki_title": "Local government in the United States"
        }, 
        {
            "annotations": [
                {
                    "begin": 835, 
                    "end": 840, 
                    "score": 0.01409090869128704, 
                    "spot": "swath"
                }
            ], 
            "wiki_id": 1187327, 
            "wiki_title": "Small-waterplane-area twin hull"
        }, 
        {
            "annotations": [
                {
                    "begin": 565, 
                    "end": 577, 
                    "score": 0.09859739243984222, 
                    "spot": "firefighters"
                }, 
                {
                    "begin": 1368, 
                    "end": 1379, 
                    "score": 0.01937984488904476, 
                    "spot": "Fire danger"
                }
            ], 
            "wiki_id": 146303, 
            "wiki_title": "Firefighter"
        }, 
        {
            "annotations": [
                {
                    "begin": 1880, 
                    "end": 1884, 
                    "score": 0.1647089272737503, 
                    "spot": "TEXT"
                }
            ], 
            "wiki_id": 32977, 
            "wiki_title": "Writing"
        }, 
        {
            "annotations": [
                {
                    "begin": 491, 
                    "end": 509, 
                    "score": 0.042369160801172256, 
                    "spot": "federal government"
                }
            ], 
            "wiki_id": 195149, 
            "wiki_title": "Federal government of the United States"
        }, 
        {
            "annotations": [
                {
                    "begin": 239, 
                    "end": 245, 
                    "score": 0.26672881841659546, 
                    "spot": "forest"
                }, 
                {
                    "begin": 716, 
                    "end": 722, 
                    "score": 0.2647723853588104, 
                    "spot": "forest"
                }
            ], 
            "wiki_id": 11090, 
            "wiki_title": "Forest"
        }, 
        {
            "annotations": [
                {
                    "begin": 91, 
                    "end": 100, 
                    "score": 0.045819249004125595, 
                    "spot": "last year"
                }
            ], 
            "wiki_id": 657196, 
            "wiki_title": "Eurovision Song Contest 2005"
        }, 
        {
            "annotations": [
                {
                    "begin": 1940, 
                    "end": 1948, 
                    "score": 0.09389960020780563, 
                    "spot": "reporter"
                }
            ], 
            "wiki_id": 50100, 
            "wiki_title": "Journalist"
        }, 
        {
            "annotations": [
                {
                    "begin": 103, 
                    "end": 118, 
                    "score": 0.04200434312224388, 
                    "spot": "record-breaking"
                }
            ], 
            "wiki_id": 100796, 
            "wiki_title": "Guinness World Records"
        }, 
        {
            "annotations": [
                {
                    "begin": 73, 
                    "end": 79, 
                    "score": 0.0024916050024330616, 
                    "spot": "damage"
                }
            ], 
            "wiki_id": 4509806, 
            "wiki_title": "Damage (British band)"
        }, 
        {
            "annotations": [
                {
                    "begin": 521, 
                    "end": 533, 
                    "score": 0.09185118228197098, 
                    "spot": "command post"
                }
            ], 
            "wiki_id": 7092305, 
            "wiki_title": "Command and control"
        }, 
        {
            "annotations": [
                {
                    "begin": 614, 
                    "end": 622, 
                    "score": 0.0025398668367415667, 
                    "spot": "hundreds"
                }
            ], 
            "wiki_id": 357346, 
            "wiki_title": "Hundred (county division)"
        }, 
        {
            "annotations": [
                {
                    "begin": 692, 
                    "end": 699, 
                    "score": 0.1783328652381897, 
                    "spot": "natural"
                }
            ], 
            "wiki_id": 21830, 
            "wiki_title": "Nature"
        }, 
        {
            "annotations": [
                {
                    "begin": 169, 
                    "end": 186, 
                    "score": 0.03741496428847313, 
                    "spot": "change everything"
                }
            ], 
            "wiki_id": 5390749, 
            "wiki_title": "Change Everything"
        }, 
        {
            "annotations": [
                {
                    "begin": 935, 
                    "end": 960, 
                    "score": 0.5, 
                    "spot": "Yellowstone National Park"
                }
            ], 
            "wiki_id": 34340, 
            "wiki_title": "Yellowstone National Park"
        }, 
        {
            "annotations": [
                {
                    "begin": 136, 
                    "end": 145, 
                    "score": 0.0007770162774249911, 
                    "spot": "officials"
                }
            ], 
            "wiki_id": 234989, 
            "wiki_title": "Northwest Territory"
        }, 
        {
            "annotations": [
                {
                    "begin": 1593, 
                    "end": 1597, 
                    "score": 0.10000000149011612, 
                    "spot": "arly"
                }
            ], 
            "wiki_id": 1380962, 
            "wiki_title": "Arly"
        }, 
        {
            "annotations": [
                {
                    "begin": 1793, 
                    "end": 1798, 
                    "score": 0.07518590986728668, 
                    "spot": "close"
                }
            ], 
            "wiki_id": 317938, 
            "wiki_title": "Lawn"
        }, 
        {
            "annotations": [
                {
                    "begin": 256, 
                    "end": 260, 
                    "score": 0.33713850378990173, 
                    "spot": "land"
                }, 
                {
                    "begin": 733, 
                    "end": 737, 
                    "score": 0.15506267547607422, 
                    "spot": "land"
                }
            ], 
            "wiki_id": 40083369, 
            "wiki_title": "Land"
        }, 
        {
            "annotations": [
                {
                    "begin": 1481, 
                    "end": 1492, 
                    "score": 0.0646526962518692, 
                    "spot": "Forecasters"
                }
            ], 
            "wiki_id": 19904, 
            "wiki_title": "Meteorology"
        }, 
        {
            "annotations": [
                {
                    "begin": 1614, 
                    "end": 1622, 
                    "score": 0.00160633132327348, 
                    "spot": "she said"
                }
            ], 
            "wiki_id": 26449392, 
            "wiki_title": "She Said"
        }, 
        {
            "annotations": [
                {
                    "begin": 1186, 
                    "end": 1195, 
                    "score": 0.14609993994235992, 
                    "spot": "resources"
                }
            ], 
            "wiki_id": 21675, 
            "wiki_title": "Natural resource"
        }, 
        {
            "annotations": [
                {
                    "begin": 1029, 
                    "end": 1038, 
                    "score": 0.09592660516500473, 
                    "spot": "territory"
                }
            ], 
            "wiki_id": 501364, 
            "wiki_title": "Territory (animal)"
        }, 
        {
            "annotations": [
                {
                    "begin": 605, 
                    "end": 613, 
                    "score": 0.0007148427539505064, 
                    "spot": "battling"
                }
            ], 
            "wiki_id": 4181, 
            "wiki_title": "Battle"
        }, 
        {
            "annotations": [
                {
                    "begin": 789, 
                    "end": 800, 
                    "score": 0.0554269403219223, 
                    "spot": "combination"
                }
            ], 
            "wiki_id": 197342, 
            "wiki_title": "Doomsday device"
        }, 
        {
            "annotations": [
                {
                    "begin": 1418, 
                    "end": 1424, 
                    "score": 0.5767797827720642, 
                    "spot": "Nevada"
                }
            ], 
            "wiki_id": 21216, 
            "wiki_title": "Nevada"
        }, 
        {
            "annotations": [
                {
                    "begin": 4, 
                    "end": 13, 
                    "score": 0.12309565395116806, 
                    "spot": "This week"
                }, 
                {
                    "begin": 1388, 
                    "end": 1397, 
                    "score": 0.21418479084968567, 
                    "spot": "this week"
                }
            ], 
            "wiki_id": 1139893, 
            "wiki_title": "BBC News"
        }, 
        {
            "annotations": [
                {
                    "begin": 1522, 
                    "end": 1528, 
                    "score": 0.1806880086660385, 
                    "spot": "handle"
                }
            ], 
            "wiki_id": 11493669, 
            "wiki_title": "Handle (computing)"
        }, 
        {
            "annotations": [
                {
                    "begin": 1751, 
                    "end": 1763, 
                    "score": 0.5166939496994019, 
                    "spot": "it will rain"
                }
            ], 
            "wiki_id": 33179322, 
            "wiki_title": "It Will Rain"
        }, 
        {
            "annotations": [
                {
                    "begin": 1493, 
                    "end": 1501, 
                    "score": 0.009234828874468803, 
                    "spot": "just now"
                }
            ], 
            "wiki_id": 41037081, 
            "wiki_title": "Just for Now"
        }, 
        {
            "annotations": [
                {
                    "begin": 1729, 
                    "end": 1733, 
                    "score": 0.0018194559961557388, 
                    "spot": "will"
                }
            ], 
            "wiki_id": 47921, 
            "wiki_title": "Free will"
        }, 
        {
            "annotations": [
                {
                    "begin": 1647, 
                    "end": 1656, 
                    "score": 0.12745098769664764, 
                    "spot": "all. This"
                }
            ], 
            "wiki_id": 23121598, 
            "wiki_title": "All for This"
        }, 
        {
            "annotations": [
                {
                    "begin": 1342, 
                    "end": 1345, 
                    "score": 0.3284216523170471, 
                    "spot": "dry"
                }, 
                {
                    "begin": 1342, 
                    "end": 1353, 
                    "score": 0.3296508491039276, 
                    "spot": "dry weather"
                }, 
                {
                    "begin": 1704, 
                    "end": 1707, 
                    "score": 0.003945382311940193, 
                    "spot": "dry"
                }, 
                {
                    "begin": 1817, 
                    "end": 1820, 
                    "score": 0.24141541123390198, 
                    "spot": "dry"
                }, 
                {
                    "begin": 1817, 
                    "end": 1828, 
                    "score": 0.30881011486053467, 
                    "spot": "dry weather"
                }
            ], 
            "wiki_id": 560009, 
            "wiki_title": "Arid"
        }, 
        {
            "annotations": [
                {
                    "begin": 1164, 
                    "end": 1169, 
                    "score": 0.10869507491588593, 
                    "spot": "terms"
                }
            ], 
            "wiki_id": 49400, 
            "wiki_title": "Window"
        }, 
        {
            "annotations": [
                {
                    "begin": 146, 
                    "end": 149, 
                    "score": 0.1351562887430191, 
                    "spot": "say"
                }
            ], 
            "wiki_id": 46789, 
            "wiki_title": "Jean-Baptiste Say"
        }, 
        {
            "annotations": [
                {
                    "begin": 230, 
                    "end": 235, 
                    "score": 0.07760755717754364, 
                    "spot": "acres"
                }, 
                {
                    "begin": 332, 
                    "end": 337, 
                    "score": 0.07322435081005096, 
                    "spot": "acres"
                }, 
                {
                    "begin": 999, 
                    "end": 1004, 
                    "score": 0.11830339580774307, 
                    "spot": "acres"
                }, 
                {
                    "begin": 1068, 
                    "end": 1073, 
                    "score": 0.10511481016874313, 
                    "spot": "acres"
                }
            ], 
            "wiki_id": 1797, 
            "wiki_title": "Acre"
        }, 
        {
            "annotations": [
                {
                    "begin": 1429, 
                    "end": 1434, 
                    "score": 0.544428825378418, 
                    "spot": "Idaho"
                }
            ], 
            "wiki_id": 14607, 
            "wiki_title": "Idaho"
        }, 
        {
            "annotations": [
                {
                    "begin": 655, 
                    "end": 659, 
                    "score": 0.0010033606085926294, 
                    "spot": "last"
                }
            ], 
            "wiki_id": 39078347, 
            "wiki_title": "Peter R. Last"
        }, 
        {
            "annotations": [
                {
                    "begin": 222, 
                    "end": 229, 
                    "score": 0.04502525553107262, 
                    "spot": "million"
                }, 
                {
                    "begin": 324, 
                    "end": 331, 
                    "score": 0.13325642049312592, 
                    "spot": "million"
                }, 
                {
                    "begin": 991, 
                    "end": 998, 
                    "score": 0.04501769691705704, 
                    "spot": "million"
                }, 
                {
                    "begin": 1060, 
                    "end": 1067, 
                    "score": 0.04501769691705704, 
                    "spot": "million"
                }
            ], 
            "wiki_id": 1045999, 
            "wiki_title": "Million"
        }, 
        {
            "annotations": [
                {
                    "begin": 458, 
                    "end": 463, 
                    "score": 0.00712589081376791, 
                    "spot": "Sandi"
                }
            ], 
            "wiki_id": 5808509, 
            "wiki_title": "Sandi, Uttar Pradesh"
        }, 
        {
            "annotations": [
                {
                    "begin": 813, 
                    "end": 820, 
                    "score": 0.15854772925376892, 
                    "spot": "drought"
                }
            ], 
            "wiki_id": 37335, 
            "wiki_title": "Drought"
        }, 
        {
            "annotations": [
                {
                    "begin": 1346, 
                    "end": 1353, 
                    "score": 0.20766015350818634, 
                    "spot": "weather"
                }
            ], 
            "wiki_id": 72585, 
            "wiki_title": "Weathering"
        }, 
        {
            "annotations": [
                {
                    "begin": 1691, 
                    "end": 1694, 
                    "score": 0.0017872207099571824, 
                    "spot": "You"
                }
            ], 
            "wiki_id": 38764608, 
            "wiki_title": "You (Robin Stjernberg song)"
        }, 
        {
            "annotations": [
                {
                    "begin": 1896, 
                    "end": 1908, 
                    "score": 0.44708776473999023, 
                    "spot": "David Foster"
                }
            ], 
            "wiki_id": 469887, 
            "wiki_title": "David Foster"
        }, 
        {
            "annotations": [
                {
                    "begin": 16, 
                    "end": 24, 
                    "score": 0.14232246577739716, 
                    "spot": "flare-up"
                }
            ], 
            "wiki_id": 8072, 
            "wiki_title": "Disease"
        }, 
        {
            "annotations": [
                {
                    "begin": 1101, 
                    "end": 1107, 
                    "score": 0.3958256244659424, 
                    "spot": "Alaska"
                }
            ], 
            "wiki_id": 624, 
            "wiki_title": "Alaska"
        }, 
        {
            "annotations": [
                {
                    "begin": 660, 
                    "end": 664, 
                    "score": 0.054595477879047394, 
                    "spot": "week"
                }
            ], 
            "wiki_id": 2627062, 
            "wiki_title": "The Week"
        }, 
        {
            "annotations": [
                {
                    "begin": 848, 
                    "end": 852, 
                    "score": 0.09259999543428421, 
                    "spot": "West"
                }
            ], 
            "wiki_id": 42206, 
            "wiki_title": "Western Christianity"
        }, 
        {
            "annotations": [
                {
                    "begin": 152, 
                    "end": 155, 
                    "score": 0.20420128107070923, 
                    "spot": "dry"
                }
            ], 
            "wiki_id": 93088, 
            "wiki_title": "Neoliberalism"
        }, 
        {
            "annotations": [
                {
                    "begin": 1708, 
                    "end": 1714, 
                    "score": 0.00854902807623148, 
                    "spot": "period"
                }
            ], 
            "wiki_id": 23523100, 
            "wiki_title": "Full stop"
        }, 
        {
            "annotations": [
                {
                    "begin": 1440, 
                    "end": 1464, 
                    "score": 0.48643648624420166, 
                    "spot": "National\nWeather Service"
                }
            ], 
            "wiki_id": 286989, 
            "wiki_title": "National Weather Service"
        }, 
        {
            "annotations": [
                {
                    "begin": 1723, 
                    "end": 1728, 
                    "score": 0.0018539646407589316, 
                    "spot": "front"
                }
            ], 
            "wiki_id": 2342096, 
            "wiki_title": "The Front (The Simpsons)"
        }, 
        {
            "annotations": [
                {
                    "begin": 1821, 
                    "end": 1828, 
                    "score": 0.28487592935562134, 
                    "spot": "weather"
                }
            ], 
            "wiki_id": 33978, 
            "wiki_title": "Weather"
        }, 
        {
            "annotations": [
                {
                    "begin": 708, 
                    "end": 715, 
                    "score": 0.09439626336097717, 
                    "spot": "Western"
                }
            ], 
            "wiki_id": 33800, 
            "wiki_title": "Western Europe"
        }
    ]
}