{
    "tagme": [
        {
            "annotations": [
                {
                    "begin": 941, 
                    "end": 950, 
                    "score": 0.2866933345794678, 
                    "spot": "communist"
                }
            ], 
            "wiki_id": 9209651, 
            "wiki_title": "Communism"
        }, 
        {
            "annotations": [
                {
                    "begin": 2565, 
                    "end": 2571, 
                    "score": 0.0739528238773346, 
                    "spot": "leaves"
                }
            ], 
            "wiki_id": 18973622, 
            "wiki_title": "Leaf"
        }, 
        {
            "annotations": [
                {
                    "begin": 2190, 
                    "end": 2199, 
                    "score": 0.001611298997886479, 
                    "spot": "potential"
                }
            ], 
            "wiki_id": 29030995, 
            "wiki_title": "Tyga discography"
        }, 
        {
            "annotations": [
                {
                    "begin": 1899, 
                    "end": 1903, 
                    "score": 0.011082452721893787, 
                    "spot": "hope"
                }
            ], 
            "wiki_id": 21000088, 
            "wiki_title": "Hope Summers (comics)"
        }, 
        {
            "annotations": [
                {
                    "begin": 208, 
                    "end": 220, 
                    "score": 0.027680855244398117, 
                    "spot": "police chief"
                }
            ], 
            "wiki_id": 764281, 
            "wiki_title": "Chief of police"
        }, 
        {
            "annotations": [
                {
                    "begin": 140, 
                    "end": 148, 
                    "score": 0.06601172685623169, 
                    "spot": "sweeping"
                }
            ], 
            "wiki_id": 7216031, 
            "wiki_title": "Sweep (martial arts)"
        }, 
        {
            "annotations": [
                {
                    "begin": 865, 
                    "end": 874, 
                    "score": 0.08785685151815414, 
                    "spot": "policeman"
                }, 
                {
                    "begin": 2174, 
                    "end": 2183, 
                    "score": 0.17119355499744415, 
                    "spot": "policeman"
                }
            ], 
            "wiki_id": 310240, 
            "wiki_title": "Police officer"
        }, 
        {
            "annotations": [
                {
                    "begin": 2394, 
                    "end": 2397, 
                    "score": 0.021177303045988083, 
                    "spot": "men"
                }
            ], 
            "wiki_id": 2298105, 
            "wiki_title": "Filipinos"
        }, 
        {
            "annotations": [
                {
                    "begin": 2606, 
                    "end": 2618, 
                    "score": 0.35577836632728577, 
                    "spot": "West\nGermany"
                }
            ], 
            "wiki_id": 33166, 
            "wiki_title": "West Germany"
        }, 
        {
            "annotations": [
                {
                    "begin": 1133, 
                    "end": 1136, 
                    "score": 0.12845054268836975, 
                    "spot": "Col"
                }
            ], 
            "wiki_id": 2989328, 
            "wiki_title": "Colonel (United States)"
        }, 
        {
            "annotations": [
                {
                    "begin": 124, 
                    "end": 139, 
                    "score": 0.2626972198486328, 
                    "spot": "street violence"
                }
            ], 
            "wiki_id": 357980, 
            "wiki_title": "Street fighting"
        }, 
        {
            "annotations": [
                {
                    "begin": 1518, 
                    "end": 1524, 
                    "score": 0.1586783528327942, 
                    "spot": "public"
                }
            ], 
            "wiki_id": 307834, 
            "wiki_title": "Public"
        }, 
        {
            "annotations": [
                {
                    "begin": 81, 
                    "end": 86, 
                    "score": 0.07294122129678726, 
                    "spot": "major"
                }
            ], 
            "wiki_id": 3412697, 
            "wiki_title": "Major (United States)"
        }, 
        {
            "annotations": [
                {
                    "begin": 1655, 
                    "end": 1658, 
                    "score": 0.09724920243024826, 
                    "spot": "who"
                }
            ], 
            "wiki_id": 33583, 
            "wiki_title": "World Health Organization"
        }, 
        {
            "annotations": [
                {
                    "begin": 2483, 
                    "end": 2488, 
                    "score": 0.0005392648163251579, 
                    "spot": "still"
                }
            ], 
            "wiki_id": 23604, 
            "wiki_title": "Photography"
        }, 
        {
            "annotations": [
                {
                    "begin": 2553, 
                    "end": 2556, 
                    "score": 0.0009326880681328475, 
                    "spot": "Mrs"
                }
            ], 
            "wiki_id": 658553, 
            "wiki_title": "Toyota MR2"
        }, 
        {
            "annotations": [
                {
                    "begin": 1307, 
                    "end": 1311, 
                    "score": 0.2822835147380829, 
                    "spot": "Brig"
                }
            ], 
            "wiki_id": 201918, 
            "wiki_title": "Brigadier"
        }, 
        {
            "annotations": [
                {
                    "begin": 1252, 
                    "end": 1260, 
                    "score": 0.11843030154705048, 
                    "spot": "suburban"
                }
            ], 
            "wiki_id": 28908, 
            "wiki_title": "Suburb"
        }, 
        {
            "annotations": [
                {
                    "begin": 2676, 
                    "end": 2684, 
                    "score": 0.43656212091445923, 
                    "spot": "Brussels"
                }
            ], 
            "wiki_id": 3708, 
            "wiki_title": "Brussels"
        }, 
        {
            "annotations": [
                {
                    "begin": 346, 
                    "end": 353, 
                    "score": 0.2057281732559204, 
                    "spot": "pistols"
                }, 
                {
                    "begin": 640, 
                    "end": 646, 
                    "score": 0.1038169115781784, 
                    "spot": "pistol"
                }
            ], 
            "wiki_id": 9958966, 
            "wiki_title": "Handgun"
        }, 
        {
            "annotations": [
                {
                    "begin": 1700, 
                    "end": 1713, 
                    "score": 0.008210526779294014, 
                    "spot": "death\nthreats"
                }
            ], 
            "wiki_id": 13262036, 
            "wiki_title": "Death threat"
        }, 
        {
            "annotations": [
                {
                    "begin": 307, 
                    "end": 316, 
                    "score": 0.14088314771652222, 
                    "spot": "assassins"
                }, 
                {
                    "begin": 1573, 
                    "end": 1586, 
                    "score": 0.14329858124256134, 
                    "spot": "assassination"
                }, 
                {
                    "begin": 1858, 
                    "end": 1881, 
                    "score": 0.04545454680919647, 
                    "spot": "political assassination"
                }, 
                {
                    "begin": 2051, 
                    "end": 2063, 
                    "score": 0.3012433648109436, 
                    "spot": "assasination"
                }
            ], 
            "wiki_id": 2963, 
            "wiki_title": "Assassination"
        }, 
        {
            "annotations": [
                {
                    "begin": 2620, 
                    "end": 2623, 
                    "score": 0.029091183096170425, 
                    "spot": "She"
                }
            ], 
            "wiki_id": 4967070, 
            "wiki_title": "She (1965 film)"
        }, 
        {
            "annotations": [
                {
                    "begin": 614, 
                    "end": 618, 
                    "score": 0.2625880241394043, 
                    "spot": "jeep"
                }
            ], 
            "wiki_id": 15658, 
            "wiki_title": "Jeep"
        }, 
        {
            "annotations": [
                {
                    "begin": 2666, 
                    "end": 2675, 
                    "score": 0.0005514199147000909, 
                    "spot": "departing"
                }
            ], 
            "wiki_id": 30049040, 
            "wiki_title": "Departing (album)"
        }, 
        {
            "annotations": [
                {
                    "begin": 110, 
                    "end": 120, 
                    "score": 0.0076892743818461895, 
                    "spot": "escalation"
                }
            ], 
            "wiki_id": 1423677, 
            "wiki_title": "Conflict escalation"
        }, 
        {
            "annotations": [
                {
                    "begin": 131, 
                    "end": 139, 
                    "score": 0.11055223643779755, 
                    "spot": "violence"
                }
            ], 
            "wiki_id": 46112, 
            "wiki_title": "Violence"
        }, 
        {
            "annotations": [
                {
                    "begin": 1236, 
                    "end": 1248, 
                    "score": 0.19465045630931854, 
                    "spot": "headquarters"
                }
            ], 
            "wiki_id": 745008, 
            "wiki_title": "Headquarters"
        }, 
        {
            "annotations": [
                {
                    "begin": 1337, 
                    "end": 1351, 
                    "score": 0.276088148355484, 
                    "spot": "Capital Region"
                }
            ], 
            "wiki_id": 487390, 
            "wiki_title": "Capital District"
        }, 
        {
            "annotations": [
                {
                    "begin": 745, 
                    "end": 750, 
                    "score": 0.010060809552669525, 
                    "spot": "major"
                }
            ], 
            "wiki_id": 1969886, 
            "wiki_title": "A major"
        }, 
        {
            "annotations": [
                {
                    "begin": 224, 
                    "end": 230, 
                    "score": 0.2577565610408783, 
                    "spot": "Makati"
                }, 
                {
                    "begin": 662, 
                    "end": 668, 
                    "score": 0.36274224519729614, 
                    "spot": "Makati"
                }
            ], 
            "wiki_id": 210279, 
            "wiki_title": "Makati"
        }, 
        {
            "annotations": [
                {
                    "begin": 1444, 
                    "end": 1451, 
                    "score": 0.19044847786426544, 
                    "spot": "capital"
                }
            ], 
            "wiki_id": 5902, 
            "wiki_title": "Capital punishment"
        }, 
        {
            "annotations": [
                {
                    "begin": 1563, 
                    "end": 1569, 
                    "score": 0.20109499990940094, 
                    "spot": "threat"
                }
            ], 
            "wiki_id": 13341876, 
            "wiki_title": "Threat"
        }, 
        {
            "annotations": [
                {
                    "begin": 927, 
                    "end": 935, 
                    "score": 0.14491106569766998, 
                    "spot": "military"
                }, 
                {
                    "begin": 1969, 
                    "end": 1977, 
                    "score": 0.18875110149383545, 
                    "spot": "military"
                }
            ], 
            "wiki_id": 92357, 
            "wiki_title": "Military"
        }, 
        {
            "annotations": [
                {
                    "begin": 821, 
                    "end": 830, 
                    "score": 0.16767728328704834, 
                    "spot": "embassies"
                }
            ], 
            "wiki_id": 8970, 
            "wiki_title": "Diplomatic mission"
        }, 
        {
            "annotations": [
                {
                    "begin": 2079, 
                    "end": 2104, 
                    "score": 0.12377450615167618, 
                    "spot": "National Security Adviser"
                }
            ], 
            "wiki_id": 44028, 
            "wiki_title": "National Security Advisor (United States)"
        }, 
        {
            "annotations": [
                {
                    "begin": 1827, 
                    "end": 1834, 
                    "score": 0.09261142462491989, 
                    "spot": "husband"
                }
            ], 
            "wiki_id": 4318352, 
            "wiki_title": "Husband"
        }, 
        {
            "annotations": [
                {
                    "begin": 395, 
                    "end": 414, 
                    "score": 0.03125, 
                    "spot": "hospital.\n   Police"
                }
            ], 
            "wiki_id": 9719619, 
            "wiki_title": "Hospital police"
        }, 
        {
            "annotations": [
                {
                    "begin": 87, 
                    "end": 103, 
                    "score": 0.019595447927713394, 
                    "spot": "financial center"
                }, 
                {
                    "begin": 763, 
                    "end": 779, 
                    "score": 0.019595447927713394, 
                    "spot": "financial center"
                }
            ], 
            "wiki_id": 6418587, 
            "wiki_title": "Financial centre"
        }, 
        {
            "annotations": [
                {
                    "begin": 479, 
                    "end": 481, 
                    "score": 0.09548474848270416, 
                    "spot": "We"
                }
            ], 
            "wiki_id": 65758, 
            "wiki_title": "Western (genre)"
        }, 
        {
            "annotations": [
                {
                    "begin": 1307, 
                    "end": 1316, 
                    "score": 0.2926032543182373, 
                    "spot": "Brig. Gen"
                }
            ], 
            "wiki_id": 206220, 
            "wiki_title": "Brigadier general"
        }, 
        {
            "annotations": [
                {
                    "begin": 1410, 
                    "end": 1420, 
                    "score": 0.002421307610347867, 
                    "spot": "track down"
                }
            ], 
            "wiki_id": 6299001, 
            "wiki_title": "Track Down"
        }, 
        {
            "annotations": [
                {
                    "begin": 963, 
                    "end": 969, 
                    "score": 0.13170090317726135, 
                    "spot": "killed"
                }
            ], 
            "wiki_id": 368513, 
            "wiki_title": "Killed in action"
        }, 
        {
            "annotations": [
                {
                    "begin": 1759, 
                    "end": 1769, 
                    "score": 0.15364699065685272, 
                    "spot": "sympathize"
                }
            ], 
            "wiki_id": 806023, 
            "wiki_title": "Sympathy"
        }, 
        {
            "annotations": [
                {
                    "begin": 2689, 
                    "end": 2693, 
                    "score": 0.08122838288545609, 
                    "spot": "home"
                }
            ], 
            "wiki_id": 3161392, 
            "wiki_title": "Home (Depeche Mode song)"
        }, 
        {
            "annotations": [
                {
                    "begin": 1456, 
                    "end": 1465, 
                    "score": 0.16802561283111572, 
                    "spot": "President"
                }
            ], 
            "wiki_id": 24113, 
            "wiki_title": "President of the United States"
        }, 
        {
            "annotations": [
                {
                    "begin": 912, 
                    "end": 921, 
                    "score": 0.0012649353593587875, 
                    "spot": "two weeks"
                }
            ], 
            "wiki_id": 39643862, 
            "wiki_title": "Two Weeks (TV series)"
        }, 
        {
            "annotations": [
                {
                    "begin": 796, 
                    "end": 800, 
                    "score": 0.002462400123476982, 
                    "spot": "home"
                }
            ], 
            "wiki_id": 1070567, 
            "wiki_title": "Home advantage"
        }, 
        {
            "annotations": [
                {
                    "begin": 888, 
                    "end": 894, 
                    "score": 0.26702484488487244, 
                    "spot": "Manila"
                }
            ], 
            "wiki_id": 72340, 
            "wiki_title": "Metro Manila"
        }, 
        {
            "annotations": [
                {
                    "begin": 530, 
                    "end": 534, 
                    "score": 0.09878123551607132, 
                    "spot": "Army"
                }
            ], 
            "wiki_id": 1376, 
            "wiki_title": "Army"
        }, 
        {
            "annotations": [
                {
                    "begin": 183, 
                    "end": 186, 
                    "score": 0.19029422104358673, 
                    "spot": "Col"
                }
            ], 
            "wiki_id": 199023, 
            "wiki_title": "Colonel"
        }, 
        {
            "annotations": [
                {
                    "begin": 511, 
                    "end": 516, 
                    "score": 0.12502330541610718, 
                    "spot": "rebel"
                }, 
                {
                    "begin": 1421, 
                    "end": 1426, 
                    "score": 0.0907195582985878, 
                    "spot": "rebel"
                }
            ], 
            "wiki_id": 513246, 
            "wiki_title": "Rebellion"
        }, 
        {
            "annotations": [
                {
                    "begin": 2200, 
                    "end": 2206, 
                    "score": 0.07816851884126663, 
                    "spot": "target"
                }
            ], 
            "wiki_id": 7414152, 
            "wiki_title": "Bullseye (target)"
        }, 
        {
            "annotations": [
                {
                    "begin": 1097, 
                    "end": 1105, 
                    "score": 0.0008897786610759795, 
                    "spot": "April\n21"
                }
            ], 
            "wiki_id": 1667527, 
            "wiki_title": "April 21 (Eastern Orthodox liturgics)"
        }, 
        {
            "annotations": [
                {
                    "begin": 486, 
                    "end": 490, 
                    "score": 0.0555555559694767, 
                    "spot": "NPAs"
                }
            ], 
            "wiki_id": 34289403, 
            "wiki_title": "National Police Air Service"
        }, 
        {
            "annotations": [
                {
                    "begin": 1754, 
                    "end": 1758, 
                    "score": 0.01007535308599472, 
                    "spot": "I do"
                }
            ], 
            "wiki_id": 13376866, 
            "wiki_title": "I Do (Cherish You)"
        }, 
        {
            "annotations": [
                {
                    "begin": 517, 
                    "end": 534, 
                    "score": 0.5, 
                    "spot": "New People's Army"
                }, 
                {
                    "begin": 1043, 
                    "end": 1060, 
                    "score": 0.5, 
                    "spot": "New People's Army"
                }
            ], 
            "wiki_id": 1262096, 
            "wiki_title": "New People's Army"
        }, 
        {
            "annotations": [
                {
                    "begin": 48, 
                    "end": 60, 
                    "score": 0.11262084543704987, 
                    "spot": "police chief"
                }
            ], 
            "wiki_id": 2076117, 
            "wiki_title": "Iraqi Police"
        }, 
        {
            "annotations": [
                {
                    "begin": 31, 
                    "end": 36, 
                    "score": 0.057048432528972626, 
                    "spot": "today"
                }
            ], 
            "wiki_id": 226675, 
            "wiki_title": "Today (U.S. TV program)"
        }, 
        {
            "annotations": [
                {
                    "begin": 2620, 
                    "end": 2628, 
                    "score": 0.0006758126546628773, 
                    "spot": "She will"
                }
            ], 
            "wiki_id": 32749084, 
            "wiki_title": "She Will"
        }, 
        {
            "annotations": [
                {
                    "begin": 1297, 
                    "end": 1306, 
                    "score": 0.024630075320601463, 
                    "spot": "day after"
                }
            ], 
            "wiki_id": 366477, 
            "wiki_title": "Black Friday (shopping)"
        }, 
        {
            "annotations": [
                {
                    "begin": 1835, 
                    "end": 1842, 
                    "score": 0.004118616227060556, 
                    "spot": "Benigno"
                }
            ], 
            "wiki_id": 2717759, 
            "wiki_title": "Joe Benigno"
        }, 
        {
            "annotations": [
                {
                    "begin": 324, 
                    "end": 328, 
                    "score": 0.05848107486963272, 
                    "spot": "fire"
                }
            ], 
            "wiki_id": 11145, 
            "wiki_title": "Fire"
        }, 
        {
            "annotations": [
                {
                    "begin": 317, 
                    "end": 328, 
                    "score": 0.0020762551575899124, 
                    "spot": "opened fire"
                }
            ], 
            "wiki_id": 44647577, 
            "wiki_title": "2014 al-Dalwah attack"
        }, 
        {
            "annotations": [
                {
                    "begin": 2514, 
                    "end": 2519, 
                    "score": 0.11090201884508133, 
                    "spot": "visit"
                }
            ], 
            "wiki_id": 2994571, 
            "wiki_title": "1972 Nixon visit to China"
        }, 
        {
            "annotations": [
                {
                    "begin": 2267, 
                    "end": 2275, 
                    "score": 0.030337078496813774, 
                    "spot": "get hurt"
                }
            ], 
            "wiki_id": 43068840, 
            "wiki_title": "Get Hurt (album)"
        }, 
        {
            "annotations": [
                {
                    "begin": 849, 
                    "end": 853, 
                    "score": 0.04993608593940735, 
                    "spot": "10th"
                }
            ], 
            "wiki_id": 295528, 
            "wiki_title": "10th arrondissement of Paris"
        }, 
        {
            "annotations": [
                {
                    "begin": 1535, 
                    "end": 1539, 
                    "score": 0.06780306249856949, 
                    "spot": "must"
                }
            ], 
            "wiki_id": 466664, 
            "wiki_title": "Must"
        }, 
        {
            "annotations": [
                {
                    "begin": 875, 
                    "end": 880, 
                    "score": 0.0006369426846504211, 
                    "spot": "slain"
                }, 
                {
                    "begin": 1167, 
                    "end": 1172, 
                    "score": 0.0006369426846504211, 
                    "spot": "slain"
                }, 
                {
                    "begin": 1287, 
                    "end": 1292, 
                    "score": 0.0006369426846504211, 
                    "spot": "slain"
                }, 
                {
                    "begin": 1847, 
                    "end": 1852, 
                    "score": 0.0006369426846504211, 
                    "spot": "slain"
                }
            ], 
            "wiki_id": 26956622, 
            "wiki_title": "Nico Slain"
        }, 
        {
            "annotations": [
                {
                    "begin": 1388, 
                    "end": 1406, 
                    "score": 0.3044312000274658, 
                    "spot": "special task\nforce"
                }
            ], 
            "wiki_id": 660290, 
            "wiki_title": "Special Task Force"
        }, 
        {
            "annotations": [
                {
                    "begin": 335, 
                    "end": 345, 
                    "score": 0.22205935418605804, 
                    "spot": "45-caliber"
                }
            ], 
            "wiki_id": 530903, 
            "wiki_title": ".45 ACP"
        }, 
        {
            "annotations": [
                {
                    "begin": 379, 
                    "end": 383, 
                    "score": 0.002810434438288212, 
                    "spot": "hour"
                }
            ], 
            "wiki_id": 14004, 
            "wiki_title": "Hour"
        }, 
        {
            "annotations": [
                {
                    "begin": 699, 
                    "end": 709, 
                    "score": 0.13262072205543518, 
                    "spot": "population"
                }
            ], 
            "wiki_id": 19017269, 
            "wiki_title": "World population"
        }, 
        {
            "annotations": [
                {
                    "begin": 1789, 
                    "end": 1792, 
                    "score": 0.022715458646416664, 
                    "spot": "Col"
                }
            ], 
            "wiki_id": 374673, 
            "wiki_title": "Mountain pass"
        }, 
        {
            "annotations": [
                {
                    "begin": 1518, 
                    "end": 1534, 
                    "score": 0.20873510837554932, 
                    "spot": "public officials"
                }
            ], 
            "wiki_id": 725182, 
            "wiki_title": "Official"
        }, 
        {
            "annotations": [
                {
                    "begin": 854, 
                    "end": 861, 
                    "score": 0.09425033628940582, 
                    "spot": "soldier"
                }, 
                {
                    "begin": 2162, 
                    "end": 2169, 
                    "score": 0.21696963906288147, 
                    "spot": "soldier"
                }
            ], 
            "wiki_id": 37338, 
            "wiki_title": "Soldier"
        }, 
        {
            "annotations": [
                {
                    "begin": 250, 
                    "end": 257, 
                    "score": 0.0592811144888401, 
                    "spot": "jogging"
                }
            ], 
            "wiki_id": 309216, 
            "wiki_title": "Jogging"
        }, 
        {
            "annotations": [
                {
                    "begin": 1106, 
                    "end": 1119, 
                    "score": 0.12296079099178314, 
                    "spot": "assassination"
                }
            ], 
            "wiki_id": 286369, 
            "wiki_title": "Assassination of John F. Kennedy"
        }, 
        {
            "annotations": [
                {
                    "begin": 1601, 
                    "end": 1611, 
                    "score": 0.09836909174919128, 
                    "spot": "government"
                }, 
                {
                    "begin": 1639, 
                    "end": 1646, 
                    "score": 0.3918764591217041, 
                    "spot": "Cabinet"
                }
            ], 
            "wiki_id": 553319, 
            "wiki_title": "Government of Ireland"
        }, 
        {
            "annotations": [
                {
                    "begin": 672, 
                    "end": 681, 
                    "score": 0.25737065076828003, 
                    "spot": "twin city"
                }
            ], 
            "wiki_id": 1155299, 
            "wiki_title": "Twin towns and sister cities"
        }, 
        {
            "annotations": [
                {
                    "begin": 1261, 
                    "end": 1272, 
                    "score": 0.49128592014312744, 
                    "spot": "Quezon City"
                }
            ], 
            "wiki_id": 284223, 
            "wiki_title": "Quezon City"
        }, 
        {
            "annotations": [
                {
                    "begin": 1808, 
                    "end": 1811, 
                    "score": 0.06922882795333862, 
                    "spot": "Mrs"
                }
            ], 
            "wiki_id": 558140, 
            "wiki_title": "Mrs."
        }, 
        {
            "annotations": [
                {
                    "begin": 979, 
                    "end": 987, 
                    "score": 0.13174261152744293, 
                    "spot": "soldiers"
                }, 
                {
                    "begin": 1205, 
                    "end": 1218, 
                    "score": 0.23036977648735046, 
                    "spot": "U.S. Military"
                }
            ], 
            "wiki_id": 32212, 
            "wiki_title": "United States Armed Forces"
        }, 
        {
            "annotations": [
                {
                    "begin": 266, 
                    "end": 272, 
                    "score": 0.14485371112823486, 
                    "spot": "buying"
                }
            ], 
            "wiki_id": 29678, 
            "wiki_title": "Trade"
        }, 
        {
            "annotations": [
                {
                    "begin": 2312, 
                    "end": 2316, 
                    "score": 0.0019397636642679572, 
                    "spot": "sure"
                }
            ], 
            "wiki_id": 9892133, 
            "wiki_title": "Sure (Take That song)"
        }, 
        {
            "annotations": [
                {
                    "begin": 438, 
                    "end": 447, 
                    "score": 0.07835374772548676, 
                    "spot": "witnesses"
                }
            ], 
            "wiki_id": 50956, 
            "wiki_title": "Witness"
        }, 
        {
            "annotations": [
                {
                    "begin": 153, 
                    "end": 160, 
                    "score": 0.10752911865711212, 
                    "spot": "capital"
                }
            ], 
            "wiki_id": 181337, 
            "wiki_title": "Capital city"
        }, 
        {
            "annotations": [
                {
                    "begin": 1187, 
                    "end": 1191, 
                    "score": 0.050196513533592224, 
                    "spot": "work"
                }
            ], 
            "wiki_id": 314993, 
            "wiki_title": "Employment"
        }, 
        {
            "annotations": [
                {
                    "begin": 1410, 
                    "end": 1415, 
                    "score": 0.0041878302581608295, 
                    "spot": "track"
                }
            ], 
            "wiki_id": 125371, 
            "wiki_title": "Continuous track"
        }, 
        {
            "annotations": [
                {
                    "begin": 2634, 
                    "end": 2639, 
                    "score": 0.014682888984680176, 
                    "spot": "visit"
                }
            ], 
            "wiki_id": 4146263, 
            "wiki_title": "Contact (law)"
        }, 
        {
            "annotations": [
                {
                    "begin": 284, 
                    "end": 297, 
                    "score": 0.15349359810352325, 
                    "spot": "public market"
                }
            ], 
            "wiki_id": 9801859, 
            "wiki_title": "Market (place)"
        }, 
        {
            "annotations": [
                {
                    "begin": 241, 
                    "end": 249, 
                    "score": 0.05076420679688454, 
                    "spot": "finished"
                }
            ], 
            "wiki_id": 18802785, 
            "wiki_title": "Finishing (textiles)"
        }, 
        {
            "annotations": [
                {
                    "begin": 2283, 
                    "end": 2290, 
                    "score": 0.0021018607076257467, 
                    "spot": "process"
                }
            ], 
            "wiki_id": 45178, 
            "wiki_title": "Process (computing)"
        }, 
        {
            "annotations": [
                {
                    "begin": 1199, 
                    "end": 1204, 
                    "score": 0.10067819058895111, 
                    "spot": "Joint"
                }
            ], 
            "wiki_id": 2967619, 
            "wiki_title": "Joint warfare"
        }, 
        {
            "annotations": [
                {
                    "begin": 2418, 
                    "end": 2422, 
                    "score": 0.05566723644733429, 
                    "spot": "acts"
                }
            ], 
            "wiki_id": 145166, 
            "wiki_title": "Act of Parliament"
        }, 
        {
            "annotations": [
                {
                    "begin": 677, 
                    "end": 691, 
                    "score": 0.48297446966171265, 
                    "spot": "city of Manila"
                }, 
                {
                    "begin": 685, 
                    "end": 691, 
                    "score": 0.4883989095687866, 
                    "spot": "Manila"
                }
            ], 
            "wiki_id": 184334, 
            "wiki_title": "Manila"
        }, 
        {
            "annotations": [
                {
                    "begin": 2405, 
                    "end": 2412, 
                    "score": 0.03597475588321686, 
                    "spot": "counter"
                }
            ], 
            "wiki_id": 1159409, 
            "wiki_title": "Counterattack"
        }, 
        {
            "annotations": [
                {
                    "begin": 1318, 
                    "end": 1327, 
                    "score": 0.10245703160762787, 
                    "spot": "Alexander"
                }
            ], 
            "wiki_id": 783, 
            "wiki_title": "Alexander the Great"
        }, 
        {
            "annotations": [
                {
                    "begin": 479, 
                    "end": 485, 
                    "score": 0.0010089363204315305, 
                    "spot": "We are"
                }
            ], 
            "wiki_id": 4444245, 
            "wiki_title": "We Are (Ana Johnsson song)"
        }, 
        {
            "annotations": [
                {
                    "begin": 2640, 
                    "end": 2646, 
                    "score": 0.2613200843334198, 
                    "spot": "France"
                }
            ], 
            "wiki_id": 5843419, 
            "wiki_title": "France"
        }, 
        {
            "annotations": [
                {
                    "begin": 2624, 
                    "end": 2628, 
                    "score": 0.0018194559961557388, 
                    "spot": "will"
                }
            ], 
            "wiki_id": 154698, 
            "wiki_title": "Will Smith"
        }, 
        {
            "annotations": [
                {
                    "begin": 1935, 
                    "end": 1943, 
                    "score": 0.007476294878870249, 
                    "spot": "reminder"
                }
            ], 
            "wiki_id": 9365357, 
            "wiki_title": "The Reminder"
        }, 
        {
            "annotations": [
                {
                    "begin": 604, 
                    "end": 613, 
                    "score": 0.08920787274837494, 
                    "spot": "passenger"
                }
            ], 
            "wiki_id": 30598, 
            "wiki_title": "Train"
        }, 
        {
            "annotations": [
                {
                    "begin": 2651, 
                    "end": 2658, 
                    "score": 0.39183738827705383, 
                    "spot": "Belgium"
                }
            ], 
            "wiki_id": 3343, 
            "wiki_title": "Belgium"
        }, 
        {
            "annotations": [
                {
                    "begin": 591, 
                    "end": 603, 
                    "score": 0.0050231837667524815, 
                    "spot": "commandeered"
                }
            ], 
            "wiki_id": 4906019, 
            "wiki_title": "Commandeering"
        }, 
        {
            "annotations": [
                {
                    "begin": 1625, 
                    "end": 1635, 
                    "score": 0.12984606623649597, 
                    "spot": "bodyguards"
                }
            ], 
            "wiki_id": 146695, 
            "wiki_title": "Bodyguard"
        }, 
        {
            "annotations": [
                {
                    "begin": 2210, 
                    "end": 2223, 
                    "score": 0.04378891363739967, 
                    "spot": "assassination"
                }
            ], 
            "wiki_id": 21189400, 
            "wiki_title": "Assassination of Martin Luther King, Jr."
        }, 
        {
            "annotations": [
                {
                    "begin": 2325, 
                    "end": 2335, 
                    "score": 0.12409025430679321, 
                    "spot": "major unit"
                }
            ], 
            "wiki_id": 1390396, 
            "wiki_title": "Front (military formation)"
        }, 
        {
            "annotations": [
                {
                    "begin": 68, 
                    "end": 79, 
                    "score": 0.505031406879425, 
                    "spot": "Philippines"
                }
            ], 
            "wiki_id": 23440, 
            "wiki_title": "Philippines"
        }, 
        {
            "annotations": [
                {
                    "begin": 521, 
                    "end": 534, 
                    "score": 0.13559985160827637, 
                    "spot": "People's Army"
                }, 
                {
                    "begin": 1047, 
                    "end": 1060, 
                    "score": 0.22027072310447693, 
                    "spot": "People's Army"
                }
            ], 
            "wiki_id": 21263, 
            "wiki_title": "Korean People's Army"
        }, 
        {
            "annotations": [
                {
                    "begin": 1006, 
                    "end": 1020, 
                    "score": 0.04244249686598778, 
                    "spot": "capital region"
                }
            ], 
            "wiki_id": 2385591, 
            "wiki_title": "Capital Region (Iceland)"
        }, 
        {
            "annotations": [
                {
                    "begin": 1955, 
                    "end": 1961, 
                    "score": 0.06394177675247192, 
                    "spot": "people"
                }
            ], 
            "wiki_id": 219599, 
            "wiki_title": "Person"
        }, 
        {
            "annotations": [
                {
                    "begin": 426, 
                    "end": 430, 
                    "score": 0.0670766606926918, 
                    "spot": "Zeta"
                }, 
                {
                    "begin": 648, 
                    "end": 652, 
                    "score": 0.0670766606926918, 
                    "spot": "Zeta"
                }
            ], 
            "wiki_id": 2642213, 
            "wiki_title": "Los Zetas"
        }, 
        {
            "annotations": [
                {
                    "begin": 2105, 
                    "end": 2117, 
                    "score": 0.5, 
                    "spot": "Rafael Ileto"
                }, 
                {
                    "begin": 2294, 
                    "end": 2299, 
                    "score": 0.20000000298023224, 
                    "spot": "Ileto"
                }
            ], 
            "wiki_id": 27610849, 
            "wiki_title": "Rafael Ileto"
        }, 
        {
            "annotations": [
                {
                    "begin": 1588, 
                    "end": 1596, 
                    "score": 0.00160633132327348, 
                    "spot": "She said"
                }
            ], 
            "wiki_id": 26449392, 
            "wiki_title": "She Said"
        }, 
        {
            "annotations": [
                {
                    "begin": 970, 
                    "end": 972, 
                    "score": 0.06765113025903702, 
                    "spot": "up"
                }
            ], 
            "wiki_id": 190490, 
            "wiki_title": "University of the Philippines"
        }, 
        {
            "annotations": [
                {
                    "begin": 1540, 
                    "end": 1553, 
                    "score": 0.02801724150776863, 
                    "spot": "learn to live"
                }
            ], 
            "wiki_id": 19285446, 
            "wiki_title": "Learn to Live"
        }, 
        {
            "annotations": [
                {
                    "begin": 2558, 
                    "end": 2564, 
                    "score": 0.0923081636428833, 
                    "spot": "Aquino"
                }
            ], 
            "wiki_id": 336964, 
            "wiki_title": "Melchora Aquino"
        }, 
        {
            "annotations": [
                {
                    "begin": 2498, 
                    "end": 2506, 
                    "score": 0.0054760645143687725, 
                    "spot": "go ahead"
                }
            ], 
            "wiki_id": 1926859, 
            "wiki_title": "Go Ahead Eagles"
        }, 
        {
            "annotations": [
                {
                    "begin": 1074, 
                    "end": 1088, 
                    "score": 0.05514084920287132, 
                    "spot": "responsibility"
                }
            ], 
            "wiki_id": 4112038, 
            "wiki_title": "Command responsibility"
        }, 
        {
            "annotations": [
                {
                    "begin": 1373, 
                    "end": 1382, 
                    "score": 0.22028405964374542, 
                    "spot": "formation"
                }
            ], 
            "wiki_id": 6714405, 
            "wiki_title": "Military organization"
        }, 
        {
            "annotations": [
                {
                    "begin": 1779, 
                    "end": 1785, 
                    "score": 0.1794499158859253, 
                    "spot": "family"
                }
            ], 
            "wiki_id": 10401954, 
            "wiki_title": "Family"
        }, 
        {
            "annotations": [
                {
                    "begin": 1897, 
                    "end": 1903, 
                    "score": 0.0025392428506165743, 
                    "spot": "I hope"
                }
            ], 
            "wiki_id": 8144568, 
            "wiki_title": "I Hope (Dixie Chicks song)"
        }, 
        {
            "annotations": [
                {
                    "begin": 2462, 
                    "end": 2465, 
                    "score": 0.0009326880681328475, 
                    "spot": "Mrs"
                }
            ], 
            "wiki_id": 39473462, 
            "wiki_title": "M.R.S. (Most Requested Show)"
        }, 
        {
            "annotations": [
                {
                    "begin": 2258, 
                    "end": 2263, 
                    "score": 0.002397943986579776, 
                    "spot": "bound"
                }
            ], 
            "wiki_id": 23277840, 
            "wiki_title": "Bookbinding"
        }, 
        {
            "annotations": [
                {
                    "begin": 1352, 
                    "end": 1361, 
                    "score": 0.1447867900133133, 
                    "spot": "commander"
                }, 
                {
                    "begin": 2336, 
                    "end": 2346, 
                    "score": 0.17718371748924255, 
                    "spot": "commanders"
                }
            ], 
            "wiki_id": 226168, 
            "wiki_title": "Commander"
        }, 
        {
            "annotations": [
                {
                    "begin": 2036, 
                    "end": 2040, 
                    "score": 0.17459310591220856, 
                    "spot": "ward"
                }
            ], 
            "wiki_id": 2436117, 
            "wiki_title": "Ward (law)"
        }, 
        {
            "annotations": [
                {
                    "begin": 735, 
                    "end": 742, 
                    "score": 0.15380489826202393, 
                    "spot": "country"
                }
            ], 
            "wiki_id": 21627, 
            "wiki_title": "Nation state"
        }, 
        {
            "annotations": [
                {
                    "begin": 1138, 
                    "end": 1143, 
                    "score": 0.11307654529809952, 
                    "spot": "James"
                }
            ], 
            "wiki_id": 224020, 
            "wiki_title": "James River"
        }, 
        {
            "annotations": [
                {
                    "begin": 992, 
                    "end": 998, 
                    "score": 0.1685924530029297, 
                    "spot": "police"
                }, 
                {
                    "begin": 1982, 
                    "end": 1988, 
                    "score": 0.2425386756658554, 
                    "spot": "police"
                }
            ], 
            "wiki_id": 23627, 
            "wiki_title": "Police"
        }, 
        {
            "annotations": [
                {
                    "begin": 2479, 
                    "end": 2482, 
                    "score": 0.0006853084196336567, 
                    "spot": "she"
                }
            ], 
            "wiki_id": 153895, 
            "wiki_title": "Gender-specific and gender-neutral pronouns"
        }, 
        {
            "annotations": [
                {
                    "begin": 153, 
                    "end": 165, 
                    "score": 0.19768129289150238, 
                    "spot": "capital area"
                }
            ], 
            "wiki_id": 4784983, 
            "wiki_title": "Capital region"
        }, 
        {
            "annotations": [
                {
                    "begin": 415, 
                    "end": 418, 
                    "score": 0.0876975953578949, 
                    "spot": "Sgt"
                }
            ], 
            "wiki_id": 219424, 
            "wiki_title": "Sergeant"
        }, 
        {
            "annotations": [
                {
                    "begin": 2543, 
                    "end": 2548, 
                    "score": 0.07904216647148132, 
                    "spot": "month"
                }
            ], 
            "wiki_id": 20354, 
            "wiki_title": "Month"
        }, 
        {
            "annotations": [
                {
                    "begin": 2588, 
                    "end": 2602, 
                    "score": 0.007027406711131334, 
                    "spot": "official visit"
                }
            ], 
            "wiki_id": 327283, 
            "wiki_title": "State visit"
        }, 
        {
            "annotations": [
                {
                    "begin": 14, 
                    "end": 23, 
                    "score": 0.23008206486701965, 
                    "spot": "communist"
                }
            ], 
            "wiki_id": 7175, 
            "wiki_title": "Communist Party of China"
        }, 
        {
            "annotations": [
                {
                    "begin": 37, 
                    "end": 43, 
                    "score": 0.1283896565437317, 
                    "spot": "killed"
                }, 
                {
                    "begin": 1501, 
                    "end": 1508, 
                    "score": 0.10188549011945724, 
                    "spot": "killing"
                }, 
                {
                    "begin": 2127, 
                    "end": 2134, 
                    "score": 0.0891675278544426, 
                    "spot": "killing"
                }
            ], 
            "wiki_id": 20171, 
            "wiki_title": "Murder"
        }, 
        {
            "annotations": [
                {
                    "begin": 907, 
                    "end": 911, 
                    "score": 0.0010033606085926294, 
                    "spot": "last"
                }
            ], 
            "wiki_id": 39078347, 
            "wiki_title": "Peter R. Last"
        }, 
        {
            "annotations": [
                {
                    "begin": 1466, 
                    "end": 1480, 
                    "score": 0.6461362838745117, 
                    "spot": "Corazon Aquino"
                }, 
                {
                    "begin": 1813, 
                    "end": 1819, 
                    "score": 0.03864428400993347, 
                    "spot": "Aquino"
                }, 
                {
                    "begin": 2467, 
                    "end": 2473, 
                    "score": 0.03864428400993347, 
                    "spot": "Aquino"
                }
            ], 
            "wiki_id": 279605, 
            "wiki_title": "Corazon Aquino"
        }, 
        {
            "annotations": [
                {
                    "begin": 2308, 
                    "end": 2311, 
                    "score": 0.0011050833854824305, 
                    "spot": "I'm"
                }
            ], 
            "wiki_id": 26896036, 
            "wiki_title": "I'm In"
        }, 
        {
            "annotations": [
                {
                    "begin": 581, 
                    "end": 585, 
                    "score": 0.039521344006061554, 
                    "spot": "fled"
                }
            ], 
            "wiki_id": 161911, 
            "wiki_title": "Emigration"
        }, 
        {
            "annotations": [
                {
                    "begin": 273, 
                    "end": 278, 
                    "score": 0.22661040723323822, 
                    "spot": "fruit"
                }
            ], 
            "wiki_id": 10843, 
            "wiki_title": "Fruit"
        }, 
        {
            "annotations": [
                {
                    "begin": 2246, 
                    "end": 2254, 
                    "score": 0.006000774446874857, 
                    "spot": "somebody"
                }
            ], 
            "wiki_id": 3079452, 
            "wiki_title": "Blasphemous Rumours / Somebody"
        }, 
        {
            "annotations": [
                {
                    "begin": 751, 
                    "end": 758, 
                    "score": 0.1340567171573639, 
                    "spot": "banking"
                }
            ], 
            "wiki_id": 19360669, 
            "wiki_title": "Bank"
        }, 
        {
            "annotations": [
                {
                    "begin": 1427, 
                    "end": 1436, 
                    "score": 0.24422237277030945, 
                    "spot": "assassins"
                }
            ], 
            "wiki_id": 46435, 
            "wiki_title": "Assassins"
        }, 
        {
            "annotations": [
                {
                    "begin": 547, 
                    "end": 557, 
                    "score": 0.0033033033832907677, 
                    "spot": "bystanders"
                }
            ], 
            "wiki_id": 2623154, 
            "wiki_title": "Man (band)"
        }, 
        {
            "annotations": [
                {
                    "begin": 1293, 
                    "end": 1300, 
                    "score": 0.005574020091444254, 
                    "spot": "one day"
                }
            ], 
            "wiki_id": 22794, 
            "wiki_title": "Limited overs cricket"
        }, 
        {
            "annotations": [
                {
                    "begin": 895, 
                    "end": 899, 
                    "score": 0.003307982115074992, 
                    "spot": "area"
                }
            ], 
            "wiki_id": 12054839, 
            "wiki_title": "Area (LDS Church)"
        }, 
        {
            "annotations": [
                {
                    "begin": 2363, 
                    "end": 2367, 
                    "score": 0.000726073223631829, 
                    "spot": "best"
                }
            ], 
            "wiki_id": 838246, 
            "wiki_title": "Mclusky"
        }, 
        {
            "annotations": [
                {
                    "begin": 1056, 
                    "end": 1060, 
                    "score": 0.13144658505916595, 
                    "spot": "Army"
                }, 
                {
                    "begin": 1123, 
                    "end": 1132, 
                    "score": 0.45970118045806885, 
                    "spot": "U.S. Army"
                }
            ], 
            "wiki_id": 32087, 
            "wiki_title": "United States Army"
        }, 
        {
            "annotations": [
                {
                    "begin": 1159, 
                    "end": 1162, 
                    "score": 0.001720538828521967, 
                    "spot": "who"
                }
            ], 
            "wiki_id": 36517, 
            "wiki_title": "The Who"
        }, 
        {
            "annotations": [
                {
                    "begin": 2452, 
                    "end": 2460, 
                    "score": 0.02851003035902977, 
                    "spot": "violence"
                }
            ], 
            "wiki_id": 43797, 
            "wiki_title": "Violence against LGBT people"
        }, 
        {
            "annotations": [
                {
                    "begin": 2325, 
                    "end": 2330, 
                    "score": 0.08825249969959259, 
                    "spot": "major"
                }
            ], 
            "wiki_id": 201920, 
            "wiki_title": "Major"
        }, 
        {
            "annotations": [
                {
                    "begin": 565, 
                    "end": 574, 
                    "score": 0.002152620814740658, 
                    "spot": "interfere"
                }
            ], 
            "wiki_id": 15112, 
            "wiki_title": "Interference (wave propagation)"
        }, 
        {
            "annotations": [
                {
                    "begin": 1230, 
                    "end": 1235, 
                    "score": 0.14563897252082825, 
                    "spot": "Group"
                }
            ], 
            "wiki_id": 808296, 
            "wiki_title": "Group (military aviation unit)"
        }, 
        {
            "annotations": [
                {
                    "begin": 1146, 
                    "end": 1157, 
                    "score": 0.21250000596046448, 
                    "spot": "Nick'' Rowe"
                }
            ], 
            "wiki_id": 46429186, 
            "wiki_title": "Nicholas Rowe (producer)"
        }, 
        {
            "annotations": [
                {
                    "begin": 1328, 
                    "end": 1335, 
                    "score": 0.1692889779806137, 
                    "spot": "Aguirre"
                }
            ], 
            "wiki_id": 145103, 
            "wiki_title": "Salinas, Puerto Rico"
        }, 
        {
            "annotations": [
                {
                    "begin": 2230, 
                    "end": 2241, 
                    "score": 0.2607142925262451, 
                    "spot": "This is war"
                }
            ], 
            "wiki_id": 25832532, 
            "wiki_title": "This Is War (song)"
        }, 
        {
            "annotations": [
                {
                    "begin": 1180, 
                    "end": 1183, 
                    "score": 0.0007386371144093573, 
                    "spot": "way"
                }
            ], 
            "wiki_id": 38906878, 
            "wiki_title": "The Way (Ariana Grande song)"
        }, 
        {
            "annotations": [
                {
                    "begin": 14, 
                    "end": 30, 
                    "score": 0.1722804456949234, 
                    "spot": "communist rebels"
                }, 
                {
                    "begin": 941, 
                    "end": 957, 
                    "score": 0.21615543961524963, 
                    "spot": "communist rebels"
                }
            ], 
            "wiki_id": 1789323, 
            "wiki_title": "Malayan Communist Party"
        }, 
        {
            "annotations": [
                {
                    "begin": 2523, 
                    "end": 2537, 
                    "score": 0.3331366181373596, 
                    "spot": "Western Europe"
                }
            ], 
            "wiki_id": 33800, 
            "wiki_title": "Western Europe"
        }, 
        {
            "annotations": [
                {
                    "begin": 462, 
                    "end": 468, 
                    "score": 0.17702525854110718, 
                    "spot": "gunmen"
                }
            ], 
            "wiki_id": 551678, 
            "wiki_title": "Gunfighter"
        }, 
        {
            "annotations": [
                {
                    "begin": 2572, 
                    "end": 2580, 
                    "score": 0.0024017111863940954, 
                    "spot": "Saturday"
                }
            ], 
            "wiki_id": 54631, 
            "wiki_title": "Saturday"
        }
    ]
}