{
    "tagme": [
        {
            "annotations": [
                {
                    "begin": 2052, 
                    "end": 2066, 
                    "score": 0.15166401863098145, 
                    "spot": "out of control"
                }
            ], 
            "wiki_id": 22072991, 
            "wiki_title": "Out of Control (TV series)"
        }, 
        {
            "annotations": [
                {
                    "begin": 4212, 
                    "end": 4223, 
                    "score": 0.016304347664117813, 
                    "spot": "fire season"
                }
            ], 
            "wiki_id": 36303946, 
            "wiki_title": "Fire Season"
        }, 
        {
            "annotations": [
                {
                    "begin": 3631, 
                    "end": 3641, 
                    "score": 0.0021551724057644606, 
                    "spot": "get\nenough"
                }
            ], 
            "wiki_id": 48737277, 
            "wiki_title": "Get Enough"
        }, 
        {
            "annotations": [
                {
                    "begin": 2824, 
                    "end": 2837, 
                    "score": 0.05048859864473343, 
                    "spot": "Fire, burning"
                }
            ], 
            "wiki_id": 23596686, 
            "wiki_title": "Fire Burning"
        }, 
        {
            "annotations": [
                {
                    "begin": 3628, 
                    "end": 3630, 
                    "score": 0.09291409701108932, 
                    "spot": "we"
                }
            ], 
            "wiki_id": 234555, 
            "wiki_title": "We (novel)"
        }, 
        {
            "annotations": [
                {
                    "begin": 1349, 
                    "end": 1367, 
                    "score": 0.48602885007858276, 
                    "spot": "endangered species"
                }
            ], 
            "wiki_id": 532055, 
            "wiki_title": "Endangered Species Act"
        }, 
        {
            "annotations": [
                {
                    "begin": 1271, 
                    "end": 1275, 
                    "score": 0.20971378684043884, 
                    "spot": "wood"
                }
            ], 
            "wiki_id": 66986, 
            "wiki_title": "Woodland"
        }, 
        {
            "annotations": [
                {
                    "begin": 1188, 
                    "end": 1198, 
                    "score": 0.5685594081878662, 
                    "spot": "Gila River"
                }, 
                {
                    "begin": 1543, 
                    "end": 1547, 
                    "score": 0.20990686118602753, 
                    "spot": "Gila"
                }
            ], 
            "wiki_id": 511205, 
            "wiki_title": "Gila River"
        }, 
        {
            "annotations": [
                {
                    "begin": 852, 
                    "end": 858, 
                    "score": 0.18356561660766602, 
                    "spot": "Forest"
                }
            ], 
            "wiki_id": 16012762, 
            "wiki_title": "Forestry in Ethiopia"
        }, 
        {
            "annotations": [
                {
                    "begin": 2421, 
                    "end": 2428, 
                    "score": 0.07976552844047546, 
                    "spot": "reduced"
                }
            ], 
            "wiki_id": 66313, 
            "wiki_title": "Redox"
        }, 
        {
            "annotations": [
                {
                    "begin": 3371, 
                    "end": 3378, 
                    "score": 0.094675213098526, 
                    "spot": "seeding"
                }
            ], 
            "wiki_id": 449660, 
            "wiki_title": "Cloud seeding"
        }, 
        {
            "annotations": [
                {
                    "begin": 1639, 
                    "end": 1646, 
                    "score": 0.05468631535768509, 
                    "spot": "circled"
                }
            ], 
            "wiki_id": 903360, 
            "wiki_title": "Anarchist symbolism"
        }, 
        {
            "annotations": [
                {
                    "begin": 2112, 
                    "end": 2126, 
                    "score": 0.2994687855243683, 
                    "spot": "Camp Pendleton"
                }
            ], 
            "wiki_id": 160340, 
            "wiki_title": "Marine Corps Base Camp Pendleton"
        }, 
        {
            "annotations": [
                {
                    "begin": 2445, 
                    "end": 2454, 
                    "score": 0.060390930622816086, 
                    "spot": "officials"
                }
            ], 
            "wiki_id": 400892, 
            "wiki_title": "Referee"
        }, 
        {
            "annotations": [
                {
                    "begin": 2512, 
                    "end": 2516, 
                    "score": 0.10206074267625809, 
                    "spot": "fire"
                }
            ], 
            "wiki_id": 3520357, 
            "wiki_title": "Fire (The Jimi Hendrix Experience song)"
        }, 
        {
            "annotations": [
                {
                    "begin": 2392, 
                    "end": 2400, 
                    "score": 0.13775038719177246, 
                    "spot": "fighting"
                }
            ], 
            "wiki_id": 23210314, 
            "wiki_title": "Combat"
        }, 
        {
            "annotations": [
                {
                    "begin": 2154, 
                    "end": 2166, 
                    "score": 0.07729126513004303, 
                    "spot": "Firefighters"
                }
            ], 
            "wiki_id": 287735, 
            "wiki_title": "New York City Fire Department"
        }, 
        {
            "annotations": [
                {
                    "begin": 2710, 
                    "end": 2712, 
                    "score": 0.06898774206638336, 
                    "spot": "up"
                }
            ], 
            "wiki_id": 164671, 
            "wiki_title": "Union Pacific Railroad"
        }, 
        {
            "annotations": [
                {
                    "begin": 4, 
                    "end": 8, 
                    "score": 0.2461809664964676, 
                    "spot": "Rain"
                }, 
                {
                    "begin": 3565, 
                    "end": 3569, 
                    "score": 0.01926732249557972, 
                    "spot": "rain"
                }, 
                {
                    "begin": 3671, 
                    "end": 3675, 
                    "score": 0.30582916736602783, 
                    "spot": "rain"
                }, 
                {
                    "begin": 3691, 
                    "end": 3696, 
                    "score": 0.22183868288993835, 
                    "spot": "Rains"
                }
            ], 
            "wiki_id": 19009110, 
            "wiki_title": "Rain"
        }, 
        {
            "annotations": [
                {
                    "begin": 330, 
                    "end": 335, 
                    "score": 0.14298385381698608, 
                    "spot": "mules"
                }
            ], 
            "wiki_id": 50505, 
            "wiki_title": "Mule"
        }, 
        {
            "annotations": [
                {
                    "begin": 1276, 
                    "end": 1283, 
                    "score": 0.12112709134817123, 
                    "spot": "cutting"
                }
            ], 
            "wiki_id": 387961, 
            "wiki_title": "Cutting"
        }, 
        {
            "annotations": [
                {
                    "begin": 1601, 
                    "end": 1605, 
                    "score": 0.2849214971065521, 
                    "spot": "wind"
                }
            ], 
            "wiki_id": 15440316, 
            "wiki_title": "Wind"
        }, 
        {
            "annotations": [
                {
                    "begin": 3484, 
                    "end": 3487, 
                    "score": 0.11470452696084976, 
                    "spot": "old"
                }
            ], 
            "wiki_id": 143913, 
            "wiki_title": "Old World"
        }, 
        {
            "annotations": [
                {
                    "begin": 2940, 
                    "end": 2948, 
                    "score": 0.033269524574279785, 
                    "spot": "Saturday"
                }
            ], 
            "wiki_id": 11391739, 
            "wiki_title": "Sabbath in seventh-day churches"
        }, 
        {
            "annotations": [
                {
                    "begin": 133, 
                    "end": 136, 
                    "score": 0.21997466683387756, 
                    "spot": "ash"
                }
            ], 
            "wiki_id": 47863556, 
            "wiki_title": "Volcanic ash"
        }, 
        {
            "annotations": [
                {
                    "begin": 2500, 
                    "end": 2511, 
                    "score": 0.37562400102615356, 
                    "spot": "Black Tiger"
                }
            ], 
            "wiki_id": 306724, 
            "wiki_title": "Eddie Guerrero"
        }, 
        {
            "annotations": [
                {
                    "begin": 834, 
                    "end": 845, 
                    "score": 0.29089003801345825, 
                    "spot": "Albuquerque"
                }
            ], 
            "wiki_id": 51278, 
            "wiki_title": "Albuquerque, New Mexico"
        }, 
        {
            "annotations": [
                {
                    "begin": 396, 
                    "end": 409, 
                    "score": 0.4118214547634125, 
                    "spot": "Fish Hatchery"
                }
            ], 
            "wiki_id": 3196565, 
            "wiki_title": "Fish hatchery"
        }, 
        {
            "annotations": [
                {
                    "begin": 568, 
                    "end": 576, 
                    "score": 0.21051836013793945, 
                    "spot": "wildlife"
                }
            ], 
            "wiki_id": 144219, 
            "wiki_title": "Wildlife"
        }, 
        {
            "annotations": [
                {
                    "begin": 3728, 
                    "end": 3735, 
                    "score": 0.4501926302909851, 
                    "spot": "Wyoming"
                }, 
                {
                    "begin": 4143, 
                    "end": 4150, 
                    "score": 0.329820454120636, 
                    "spot": "Wyoming"
                }
            ], 
            "wiki_id": 33611, 
            "wiki_title": "Wyoming"
        }, 
        {
            "annotations": [
                {
                    "begin": 558, 
                    "end": 563, 
                    "score": 0.19478842616081238, 
                    "spot": "range"
                }
            ], 
            "wiki_id": 877912, 
            "wiki_title": "Rangeland"
        }, 
        {
            "annotations": [
                {
                    "begin": 2233, 
                    "end": 2237, 
                    "score": 0.11731497943401337, 
                    "spot": "west"
                }
            ], 
            "wiki_id": 17617, 
            "wiki_title": "Longitude"
        }, 
        {
            "annotations": [
                {
                    "begin": 1385, 
                    "end": 1394, 
                    "score": 0.21737919747829437, 
                    "spot": "Lightning"
                }
            ], 
            "wiki_id": 61344, 
            "wiki_title": "Lightning"
        }, 
        {
            "annotations": [
                {
                    "begin": 3444, 
                    "end": 3454, 
                    "score": 0.31647375226020813, 
                    "spot": "pine trees"
                }
            ], 
            "wiki_id": 39389, 
            "wiki_title": "Pine"
        }, 
        {
            "annotations": [
                {
                    "begin": 1717, 
                    "end": 1723, 
                    "score": 0.04223880544304848, 
                    "spot": "scenic"
                }
            ], 
            "wiki_id": 20657585, 
            "wiki_title": "Scenic route"
        }, 
        {
            "annotations": [
                {
                    "begin": 1434, 
                    "end": 1439, 
                    "score": 0.004858291242271662, 
                    "spot": "today"
                }
            ], 
            "wiki_id": 28172957, 
            "wiki_title": "For Today"
        }, 
        {
            "annotations": [
                {
                    "begin": 1253, 
                    "end": 1259, 
                    "score": 0.05143142491579056, 
                    "spot": "ruined"
                }
            ], 
            "wiki_id": 800948, 
            "wiki_title": "Ruins"
        }, 
        {
            "annotations": [
                {
                    "begin": 260, 
                    "end": 263, 
                    "score": 0.0005023122066631913, 
                    "spot": "out"
                }
            ], 
            "wiki_id": 366439, 
            "wiki_title": "Out (magazine)"
        }, 
        {
            "annotations": [
                {
                    "begin": 1132, 
                    "end": 1136, 
                    "score": 0.0009033234091475606, 
                    "spot": "once"
                }
            ], 
            "wiki_id": 9175716, 
            "wiki_title": "Once (film)"
        }, 
        {
            "annotations": [
                {
                    "begin": 2325, 
                    "end": 2333, 
                    "score": 0.22988787293434143, 
                    "spot": "Colorado"
                }, 
                {
                    "begin": 2669, 
                    "end": 2677, 
                    "score": 0.5082717537879944, 
                    "spot": "Colorado"
                }
            ], 
            "wiki_id": 5399, 
            "wiki_title": "Colorado"
        }, 
        {
            "annotations": [
                {
                    "begin": 2624, 
                    "end": 2634, 
                    "score": 0.42623358964920044, 
                    "spot": "Mesa Verde"
                }
            ], 
            "wiki_id": 287702, 
            "wiki_title": "Mesa Verde National Park"
        }, 
        {
            "annotations": [
                {
                    "begin": 2523, 
                    "end": 2530, 
                    "score": 0.09856061637401581, 
                    "spot": "covered"
                }
            ], 
            "wiki_id": 159031, 
            "wiki_title": "Cover version"
        }, 
        {
            "annotations": [
                {
                    "begin": 1045, 
                    "end": 1049, 
                    "score": 0.29920506477355957, 
                    "spot": "fish"
                }
            ], 
            "wiki_id": 2579103, 
            "wiki_title": "Fish as food"
        }, 
        {
            "annotations": [
                {
                    "begin": 1241, 
                    "end": 1248, 
                    "score": 0.2553379535675049, 
                    "spot": "habitat"
                }
            ], 
            "wiki_id": 1596317, 
            "wiki_title": "Habitat"
        }, 
        {
            "annotations": [
                {
                    "begin": 2340, 
                    "end": 2349, 
                    "score": 0.003019489347934723, 
                    "spot": "encircled"
                }
            ], 
            "wiki_id": 1459830, 
            "wiki_title": "Encirclement"
        }, 
        {
            "annotations": [
                {
                    "begin": 3978, 
                    "end": 3984, 
                    "score": 0.04891403764486313, 
                    "spot": "clouds"
                }
            ], 
            "wiki_id": 2457351, 
            "wiki_title": "Clouds (Joni Mitchell album)"
        }, 
        {
            "annotations": [
                {
                    "begin": 821, 
                    "end": 830, 
                    "score": 0.1316787153482437, 
                    "spot": "southwest"
                }
            ], 
            "wiki_id": 179571, 
            "wiki_title": "Southwestern United States"
        }, 
        {
            "annotations": [
                {
                    "begin": 2989, 
                    "end": 3014, 
                    "score": 0.24211224913597107, 
                    "spot": "volunteer fire department"
                }
            ], 
            "wiki_id": 291993, 
            "wiki_title": "Volunteer fire department"
        }, 
        {
            "annotations": [
                {
                    "begin": 1109, 
                    "end": 1116, 
                    "score": 0.07239705324172974, 
                    "spot": "surface"
                }
            ], 
            "wiki_id": 27865, 
            "wiki_title": "Surface"
        }, 
        {
            "annotations": [
                {
                    "begin": 3958, 
                    "end": 3962, 
                    "score": 0.09676027297973633, 
                    "spot": "time"
                }
            ], 
            "wiki_id": 31600, 
            "wiki_title": "Time (magazine)"
        }, 
        {
            "annotations": [
                {
                    "begin": 815, 
                    "end": 820, 
                    "score": 0.1592029482126236, 
                    "spot": "miles"
                }
            ], 
            "wiki_id": 19159, 
            "wiki_title": "Mile"
        }, 
        {
            "annotations": [
                {
                    "begin": 700, 
                    "end": 712, 
                    "score": 0.2620833218097687, 
                    "spot": "contaminated"
                }
            ], 
            "wiki_id": 312266, 
            "wiki_title": "Water pollution"
        }, 
        {
            "annotations": [
                {
                    "begin": 1341, 
                    "end": 1348, 
                    "score": 0.16083411872386932, 
                    "spot": "federal"
                }
            ], 
            "wiki_id": 195149, 
            "wiki_title": "Federal government of the United States"
        }, 
        {
            "annotations": [
                {
                    "begin": 1892, 
                    "end": 1903, 
                    "score": 0.028298204764723778, 
                    "spot": "authorities"
                }
            ], 
            "wiki_id": 20778386, 
            "wiki_title": "National aviation authority"
        }, 
        {
            "annotations": [
                {
                    "begin": 613, 
                    "end": 619, 
                    "score": 0.11616352945566177, 
                    "spot": "Forest"
                }, 
                {
                    "begin": 2284, 
                    "end": 2290, 
                    "score": 0.05157078057527542, 
                    "spot": "Forest"
                }, 
                {
                    "begin": 3288, 
                    "end": 3294, 
                    "score": 0.05157078057527542, 
                    "spot": "Forest"
                }, 
                {
                    "begin": 3798, 
                    "end": 3804, 
                    "score": 0.3293337821960449, 
                    "spot": "Forest"
                }, 
                {
                    "begin": 3906, 
                    "end": 3912, 
                    "score": 0.05157078057527542, 
                    "spot": "forest"
                }
            ], 
            "wiki_id": 11090, 
            "wiki_title": "Forest"
        }, 
        {
            "annotations": [
                {
                    "begin": 101, 
                    "end": 105, 
                    "score": 0.23531076312065125, 
                    "spot": "fire"
                }, 
                {
                    "begin": 753, 
                    "end": 757, 
                    "score": 0.2858520448207855, 
                    "spot": "fire"
                }, 
                {
                    "begin": 785, 
                    "end": 791, 
                    "score": 0.25997838377952576, 
                    "spot": "burned"
                }, 
                {
                    "begin": 1415, 
                    "end": 1420, 
                    "score": 0.005682694725692272, 
                    "spot": "fires"
                }, 
                {
                    "begin": 1974, 
                    "end": 1984, 
                    "score": 0.2676125466823578, 
                    "spot": "brush fire"
                }, 
                {
                    "begin": 2228, 
                    "end": 2232, 
                    "score": 0.10566338151693344, 
                    "spot": "Fire"
                }, 
                {
                    "begin": 2316, 
                    "end": 2321, 
                    "score": 0.07453929632902145, 
                    "spot": "fires"
                }, 
                {
                    "begin": 2616, 
                    "end": 2620, 
                    "score": 0.07017198950052261, 
                    "spot": "fire"
                }, 
                {
                    "begin": 2740, 
                    "end": 2745, 
                    "score": 0.07419552654027939, 
                    "spot": "fires"
                }, 
                {
                    "begin": 3767, 
                    "end": 3771, 
                    "score": 0.23577845096588135, 
                    "spot": "fire"
                }, 
                {
                    "begin": 3814, 
                    "end": 3820, 
                    "score": 0.22483621537685394, 
                    "spot": "burned"
                }
            ], 
            "wiki_id": 56106, 
            "wiki_title": "Wildfire"
        }, 
        {
            "annotations": [
                {
                    "begin": 1501, 
                    "end": 1507, 
                    "score": 0.12118999660015106, 
                    "spot": "Zapata"
                }
            ], 
            "wiki_id": 91396, 
            "wiki_title": "Zapata County, Texas"
        }, 
        {
            "annotations": [
                {
                    "begin": 3533, 
                    "end": 3543, 
                    "score": 0.0882352963089943, 
                    "spot": "Jim Carson"
                }
            ], 
            "wiki_id": 23985357, 
            "wiki_title": "Jim Carson"
        }, 
        {
            "annotations": [
                {
                    "begin": 2265, 
                    "end": 2290, 
                    "score": 0.5, 
                    "spot": "Roosevelt National\nForest"
                }
            ], 
            "wiki_id": 1991956, 
            "wiki_title": "Roosevelt National Forest"
        }, 
        {
            "annotations": [
                {
                    "begin": 502, 
                    "end": 512, 
                    "score": 0.2517921030521393, 
                    "spot": "good shape"
                }, 
                {
                    "begin": 507, 
                    "end": 512, 
                    "score": 0.17018868029117584, 
                    "spot": "shape"
                }
            ], 
            "wiki_id": 9863036, 
            "wiki_title": "Shape (Go)"
        }, 
        {
            "annotations": [
                {
                    "begin": 4402, 
                    "end": 4408, 
                    "score": 0.04494469240307808, 
                    "spot": "relief"
                }
            ], 
            "wiki_id": 586839, 
            "wiki_title": "Terrain"
        }, 
        {
            "annotations": [
                {
                    "begin": 3915, 
                    "end": 3923, 
                    "score": 0.1557970941066742, 
                    "spot": "Pinedale"
                }
            ], 
            "wiki_id": 140202, 
            "wiki_title": "Pinedale, Wyoming"
        }, 
        {
            "annotations": [
                {
                    "begin": 1858, 
                    "end": 1862, 
                    "score": 0.09848856180906296, 
                    "spot": "fire"
                }
            ], 
            "wiki_id": 189002, 
            "wiki_title": "Fire department"
        }, 
        {
            "annotations": [
                {
                    "begin": 2635, 
                    "end": 2652, 
                    "score": 0.08239883184432983, 
                    "spot": "National Monument"
                }
            ], 
            "wiki_id": 211514, 
            "wiki_title": "National Monument (United States)"
        }, 
        {
            "annotations": [
                {
                    "begin": 3514, 
                    "end": 3524, 
                    "score": 0.11999999731779099, 
                    "spot": "Fire Staff"
                }
            ], 
            "wiki_id": 32312231, 
            "wiki_title": "Fire staff"
        }, 
        {
            "annotations": [
                {
                    "begin": 54, 
                    "end": 60, 
                    "score": 0.019015660509467125, 
                    "spot": "blazes"
                }
            ], 
            "wiki_id": 1789927, 
            "wiki_title": "Trail blazing"
        }, 
        {
            "annotations": [
                {
                    "begin": 652, 
                    "end": 659, 
                    "score": 0.03743378072977066, 
                    "spot": "percent"
                }, 
                {
                    "begin": 1650, 
                    "end": 1657, 
                    "score": 0.0006531366379931569, 
                    "spot": "percent"
                }
            ], 
            "wiki_id": 64493, 
            "wiki_title": "Percentage"
        }, 
        {
            "annotations": [
                {
                    "begin": 967, 
                    "end": 969, 
                    "score": 0.09712015837430954, 
                    "spot": "Ms"
                }
            ], 
            "wiki_id": 50603, 
            "wiki_title": "Multiple sclerosis"
        }, 
        {
            "annotations": [
                {
                    "begin": 604, 
                    "end": 619, 
                    "score": 0.09725655615329742, 
                    "spot": "National\nForest"
                }
            ], 
            "wiki_id": 42653, 
            "wiki_title": "United States National Forest"
        }, 
        {
            "annotations": [
                {
                    "begin": 267, 
                    "end": 280, 
                    "score": 0.33125001192092896, 
                    "spot": "Diamond Creek"
                }
            ], 
            "wiki_id": 737498, 
            "wiki_title": "Diamond Creek, Victoria"
        }, 
        {
            "annotations": [
                {
                    "begin": 1482, 
                    "end": 1487, 
                    "score": 0.10582198202610016, 
                    "spot": "today"
                }, 
                {
                    "begin": 1881, 
                    "end": 1886, 
                    "score": 0.004858291242271662, 
                    "spot": "today"
                }, 
                {
                    "begin": 2067, 
                    "end": 2072, 
                    "score": 0.004858291242271662, 
                    "spot": "today"
                }, 
                {
                    "begin": 4070, 
                    "end": 4075, 
                    "score": 0.004858291242271662, 
                    "spot": "today"
                }
            ], 
            "wiki_id": 226675, 
            "wiki_title": "Today (U.S. TV program)"
        }, 
        {
            "annotations": [
                {
                    "begin": 144, 
                    "end": 154, 
                    "score": 0.07557502388954163, 
                    "spot": "biologists"
                }
            ], 
            "wiki_id": 9127632, 
            "wiki_title": "Biology"
        }, 
        {
            "annotations": [
                {
                    "begin": 2682, 
                    "end": 2689, 
                    "score": 0.34607505798339844, 
                    "spot": "Arizona"
                }
            ], 
            "wiki_id": 21883824, 
            "wiki_title": "Arizona"
        }, 
        {
            "annotations": [
                {
                    "begin": 3415, 
                    "end": 3424, 
                    "score": 0.01452599372714758, 
                    "spot": "blackened"
                }
            ], 
            "wiki_id": 164381, 
            "wiki_title": "...And Justice for All (album)"
        }, 
        {
            "annotations": [
                {
                    "begin": 4121, 
                    "end": 4124, 
                    "score": 0.0489887110888958, 
                    "spot": "one"
                }
            ], 
            "wiki_id": 102459, 
            "wiki_title": "One-party state"
        }, 
        {
            "annotations": [
                {
                    "begin": 1670, 
                    "end": 1674, 
                    "score": 0.21641747653484344, 
                    "spot": "fire"
                }, 
                {
                    "begin": 2044, 
                    "end": 2051, 
                    "score": 0.004743632394820452, 
                    "spot": "burning"
                }, 
                {
                    "begin": 2405, 
                    "end": 2409, 
                    "score": 0.1316157728433609, 
                    "spot": "fire"
                }, 
                {
                    "begin": 2760, 
                    "end": 2765, 
                    "score": 0.07202257215976715, 
                    "spot": "blaze"
                }, 
                {
                    "begin": 3081, 
                    "end": 3086, 
                    "score": 0.3406793475151062, 
                    "spot": "blaze"
                }, 
                {
                    "begin": 3136, 
                    "end": 3140, 
                    "score": 0.11841794103384018, 
                    "spot": "fire"
                }, 
                {
                    "begin": 3409, 
                    "end": 3414, 
                    "score": 0.16039997339248657, 
                    "spot": "blaze"
                }, 
                {
                    "begin": 4065, 
                    "end": 4069, 
                    "score": 0.09187623113393784, 
                    "spot": "fire"
                }, 
                {
                    "begin": 4163, 
                    "end": 4167, 
                    "score": 0.12811772525310516, 
                    "spot": "Fire"
                }
            ], 
            "wiki_id": 11145, 
            "wiki_title": "Fire"
        }, 
        {
            "annotations": [
                {
                    "begin": 1617, 
                    "end": 1625, 
                    "score": 0.11395078897476196, 
                    "spot": "humidity"
                }
            ], 
            "wiki_id": 223970, 
            "wiki_title": "Relative humidity"
        }, 
        {
            "annotations": [
                {
                    "begin": 599, 
                    "end": 619, 
                    "score": 0.5, 
                    "spot": "Gila National\nForest"
                }
            ], 
            "wiki_id": 3370728, 
            "wiki_title": "Gila National Forest"
        }, 
        {
            "annotations": [
                {
                    "begin": 3236, 
                    "end": 3245, 
                    "score": 0.0007770162774249911, 
                    "spot": "officials"
                }
            ], 
            "wiki_id": 501260, 
            "wiki_title": "Referee (association football)"
        }, 
        {
            "annotations": [
                {
                    "begin": 3625, 
                    "end": 3627, 
                    "score": 0.09282678365707397, 
                    "spot": "if"
                }
            ], 
            "wiki_id": 155571, 
            "wiki_title": "If (magazine)"
        }, 
        {
            "annotations": [
                {
                    "begin": 1684, 
                    "end": 1691, 
                    "score": 0.09442267566919327, 
                    "spot": "charred"
                }, 
                {
                    "begin": 2079, 
                    "end": 2087, 
                    "score": 0.07284767925739288, 
                    "spot": "charring"
                }, 
                {
                    "begin": 3092, 
                    "end": 3099, 
                    "score": 0.22488929331302643, 
                    "spot": "charred"
                }
            ], 
            "wiki_id": 2004514, 
            "wiki_title": "Charring"
        }, 
        {
            "annotations": [
                {
                    "begin": 3598, 
                    "end": 3600, 
                    "score": 0.027349654585123062, 
                    "spot": "we"
                }, 
                {
                    "begin": 4382, 
                    "end": 4384, 
                    "score": 0.015638791024684906, 
                    "spot": "we"
                }
            ], 
            "wiki_id": 65758, 
            "wiki_title": "Western (genre)"
        }, 
        {
            "annotations": [
                {
                    "begin": 2370, 
                    "end": 2375, 
                    "score": 0.029476569965481758, 
                    "spot": "Seven"
                }
            ], 
            "wiki_id": 494657, 
            "wiki_title": "Seven Network"
        }, 
        {
            "annotations": [
                {
                    "begin": 1368, 
                    "end": 1372, 
                    "score": 0.00369856390170753, 
                    "spot": "list"
                }
            ], 
            "wiki_id": 683459, 
            "wiki_title": "List A cricket"
        }, 
        {
            "annotations": [
                {
                    "begin": 2850, 
                    "end": 2862, 
                    "score": 0.5, 
                    "spot": "Mogollon Rim"
                }
            ], 
            "wiki_id": 300467, 
            "wiki_title": "Mogollon Rim"
        }, 
        {
            "annotations": [
                {
                    "begin": 2713, 
                    "end": 2722, 
                    "score": 0.007220216561108828, 
                    "spot": "hot spots"
                }
            ], 
            "wiki_id": 18654694, 
            "wiki_title": "Hot spot (veterinary medicine)"
        }, 
        {
            "annotations": [
                {
                    "begin": 867, 
                    "end": 878, 
                    "score": 0.005452821031212807, 
                    "spot": "spokeswoman"
                }, 
                {
                    "begin": 2135, 
                    "end": 2144, 
                    "score": 0.007103105075657368, 
                    "spot": "spokesman"
                }, 
                {
                    "begin": 4340, 
                    "end": 4349, 
                    "score": 0.007103105075657368, 
                    "spot": "spokesman"
                }
            ], 
            "wiki_id": 338047, 
            "wiki_title": "Spokesperson"
        }, 
        {
            "annotations": [
                {
                    "begin": 1595, 
                    "end": 1600, 
                    "score": 0.16803009808063507, 
                    "spot": "light"
                }
            ], 
            "wiki_id": 17939, 
            "wiki_title": "Light"
        }, 
        {
            "annotations": [
                {
                    "begin": 938, 
                    "end": 948, 
                    "score": 0.07074576616287231, 
                    "spot": "controlled"
                }, 
                {
                    "begin": 3268, 
                    "end": 3278, 
                    "score": 0.09748274832963943, 
                    "spot": "controlled"
                }
            ], 
            "wiki_id": 1640288, 
            "wiki_title": "Scientific control"
        }, 
        {
            "annotations": [
                {
                    "begin": 4125, 
                    "end": 4133, 
                    "score": 0.08416575193405151, 
                    "spot": "official"
                }
            ], 
            "wiki_id": 725182, 
            "wiki_title": "Official"
        }, 
        {
            "annotations": [
                {
                    "begin": 4350, 
                    "end": 4361, 
                    "score": 0.20000000298023224, 
                    "spot": "Greg Warner"
                }
            ], 
            "wiki_id": 673402, 
            "wiki_title": "Yes, Dear"
        }, 
        {
            "annotations": [
                {
                    "begin": 3331, 
                    "end": 3340, 
                    "score": 0.010861408896744251, 
                    "spot": "attention"
                }
            ], 
            "wiki_id": 64976, 
            "wiki_title": "Attention deficit hyperactivity disorder"
        }, 
        {
            "annotations": [
                {
                    "begin": 1285, 
                    "end": 1296, 
                    "score": 0.2945844829082489, 
                    "spot": "overgrazing"
                }
            ], 
            "wiki_id": 22306, 
            "wiki_title": "Overgrazing"
        }, 
        {
            "annotations": [
                {
                    "begin": 386, 
                    "end": 395, 
                    "score": 0.25868725776672363, 
                    "spot": "Mescalero"
                }
            ], 
            "wiki_id": 1079758, 
            "wiki_title": "Mescalero"
        }, 
        {
            "annotations": [
                {
                    "begin": 68, 
                    "end": 75, 
                    "score": 0.2610808312892914, 
                    "spot": "Western"
                }, 
                {
                    "begin": 68, 
                    "end": 82, 
                    "score": 0.28356558084487915, 
                    "spot": "Western states"
                }
            ], 
            "wiki_id": 21208200, 
            "wiki_title": "Western world"
        }, 
        {
            "annotations": [
                {
                    "begin": 3652, 
                    "end": 3655, 
                    "score": 0.05006388947367668, 
                    "spot": "say"
                }
            ], 
            "wiki_id": 621455, 
            "wiki_title": "Thomas Say"
        }, 
        {
            "annotations": [
                {
                    "begin": 2956, 
                    "end": 2965, 
                    "score": 0.061055541038513184, 
                    "spot": "northwest"
                }
            ], 
            "wiki_id": 78147, 
            "wiki_title": "Pacific Northwest"
        }, 
        {
            "annotations": [
                {
                    "begin": 111, 
                    "end": 119, 
                    "score": 0.2362402081489563, 
                    "spot": "polluted"
                }
            ], 
            "wiki_id": 24872, 
            "wiki_title": "Pollution"
        }, 
        {
            "annotations": [
                {
                    "begin": 3892, 
                    "end": 3898, 
                    "score": 0.03655603528022766, 
                    "spot": "ranger"
                }
            ], 
            "wiki_id": 99050, 
            "wiki_title": "Ranger program"
        }, 
        {
            "annotations": [
                {
                    "begin": 3968, 
                    "end": 3971, 
                    "score": 0.021991964429616928, 
                    "spot": "way"
                }
            ], 
            "wiki_id": 30808, 
            "wiki_title": "Tao"
        }, 
        {
            "annotations": [
                {
                    "begin": 122, 
                    "end": 127, 
                    "score": 0.17613312602043152, 
                    "spot": "creek"
                }, 
                {
                    "begin": 450, 
                    "end": 455, 
                    "score": 0.11312676966190338, 
                    "spot": "creek"
                }, 
                {
                    "begin": 690, 
                    "end": 695, 
                    "score": 0.14507077634334564, 
                    "spot": "creek"
                }
            ], 
            "wiki_id": 18842308, 
            "wiki_title": "Stream"
        }, 
        {
            "annotations": [
                {
                    "begin": 237, 
                    "end": 247, 
                    "score": 0.6752246618270874, 
                    "spot": "Gila trout"
                }, 
                {
                    "begin": 1121, 
                    "end": 1131, 
                    "score": 0.5, 
                    "spot": "Gila trout"
                }
            ], 
            "wiki_id": 1250731, 
            "wiki_title": "Gila trout"
        }, 
        {
            "annotations": [
                {
                    "begin": 188, 
                    "end": 192, 
                    "score": 0.2219991385936737, 
                    "spot": "fish"
                }
            ], 
            "wiki_id": 4699587, 
            "wiki_title": "Fish"
        }, 
        {
            "annotations": [
                {
                    "begin": 4374, 
                    "end": 4380, 
                    "score": 0.002439673524349928, 
                    "spot": "anyway"
                }
            ], 
            "wiki_id": 33797889, 
            "wiki_title": "Anyway (CeeLo Green song)"
        }, 
        {
            "annotations": [
                {
                    "begin": 3389, 
                    "end": 3403, 
                    "score": 0.15146277844905853, 
                    "spot": "planting trees"
                }
            ], 
            "wiki_id": 250491, 
            "wiki_title": "Tree planting"
        }, 
        {
            "annotations": [
                {
                    "begin": 666, 
                    "end": 673, 
                    "score": 0.0009968101512640715, 
                    "spot": "survive"
                }
            ], 
            "wiki_id": 6525272, 
            "wiki_title": "Survive (Much the Same album)"
        }, 
        {
            "annotations": [
                {
                    "begin": 2751, 
                    "end": 2759, 
                    "score": 0.049355823546648026, 
                    "spot": "only one"
                }
            ], 
            "wiki_id": 412702, 
            "wiki_title": "Monotypic taxon"
        }, 
        {
            "annotations": [
                {
                    "begin": 49, 
                    "end": 53, 
                    "score": 0.2024613618850708, 
                    "spot": "whip"
                }
            ], 
            "wiki_id": 410663, 
            "wiki_title": "Whip"
        }, 
        {
            "annotations": [
                {
                    "begin": 2966, 
                    "end": 2974, 
                    "score": 0.3049784302711487, 
                    "spot": "Nebraska"
                }, 
                {
                    "begin": 3308, 
                    "end": 3316, 
                    "score": 0.29064497351646423, 
                    "spot": "Nebraska"
                }
            ], 
            "wiki_id": 21647, 
            "wiki_title": "Nebraska"
        }, 
        {
            "annotations": [
                {
                    "begin": 2838, 
                    "end": 2845, 
                    "score": 0.0007370925159193575, 
                    "spot": "beneath"
                }
            ], 
            "wiki_id": 3932157, 
            "wiki_title": "Beneath (2007 film)"
        }, 
        {
            "annotations": [
                {
                    "begin": 879, 
                    "end": 885, 
                    "score": 0.07849862426519394, 
                    "spot": "Andrea"
                }
            ], 
            "wiki_id": 654353, 
            "wiki_title": "Andrea Corr"
        }, 
        {
            "annotations": [
                {
                    "begin": 4030, 
                    "end": 4034, 
                    "score": 0.10430034250020981, 
                    "spot": "will"
                }
            ], 
            "wiki_id": 79432, 
            "wiki_title": "Will (philosophy)"
        }, 
        {
            "annotations": [
                {
                    "begin": 2218, 
                    "end": 2227, 
                    "score": 0.1360866129398346, 
                    "spot": "Livermore"
                }
            ], 
            "wiki_id": 107337, 
            "wiki_title": "Livermore, California"
        }, 
        {
            "annotations": [
                {
                    "begin": 2575, 
                    "end": 2581, 
                    "score": 0.0013811434619128704, 
                    "spot": "dozens"
                }
            ], 
            "wiki_id": 208154, 
            "wiki_title": "Dozen"
        }, 
        {
            "annotations": [
                {
                    "begin": 209, 
                    "end": 213, 
                    "score": 0.10167509317398071, 
                    "spot": "nets"
                }
            ], 
            "wiki_id": 1137395, 
            "wiki_title": "Fishing net"
        }, 
        {
            "annotations": [
                {
                    "begin": 526, 
                    "end": 534, 
                    "score": 0.10693945735692978, 
                    "spot": "Martinez"
                }, 
                {
                    "begin": 987, 
                    "end": 995, 
                    "score": 0.13168329000473022, 
                    "spot": "Martinez"
                }
            ], 
            "wiki_id": 107407, 
            "wiki_title": "Martinez, California"
        }, 
        {
            "annotations": [
                {
                    "begin": 2386, 
                    "end": 2391, 
                    "score": 0.14353163540363312, 
                    "spot": "crews"
                }, 
                {
                    "begin": 2438, 
                    "end": 2443, 
                    "score": 0.001996577251702547, 
                    "spot": "crews"
                }
            ], 
            "wiki_id": 1001906, 
            "wiki_title": "Aircrew"
        }, 
        {
            "annotations": [
                {
                    "begin": 1931, 
                    "end": 1943, 
                    "score": 0.1393861472606659, 
                    "spot": "temperatures"
                }, 
                {
                    "begin": 4278, 
                    "end": 4281, 
                    "score": 0.0026141046546399593, 
                    "spot": "hot"
                }
            ], 
            "wiki_id": 20647050, 
            "wiki_title": "Temperature"
        }, 
        {
            "annotations": [
                {
                    "begin": 1015, 
                    "end": 1023, 
                    "score": 0.06464250385761261, 
                    "spot": "electric"
                }
            ], 
            "wiki_id": 9550, 
            "wiki_title": "Electricity"
        }, 
        {
            "annotations": [
                {
                    "begin": 36, 
                    "end": 48, 
                    "score": 0.13234589993953705, 
                    "spot": "firefighters"
                }, 
                {
                    "begin": 1445, 
                    "end": 1457, 
                    "score": 0.02002503164112568, 
                    "spot": "firefighters"
                }, 
                {
                    "begin": 1573, 
                    "end": 1585, 
                    "score": 0.09799375385046005, 
                    "spot": "firefighters"
                }, 
                {
                    "begin": 1759, 
                    "end": 1771, 
                    "score": 0.02002503164112568, 
                    "spot": "Firefighters"
                }, 
                {
                    "begin": 2353, 
                    "end": 2365, 
                    "score": 0.0874381884932518, 
                    "spot": "firefighters"
                }, 
                {
                    "begin": 2473, 
                    "end": 2485, 
                    "score": 0.17856818437576294, 
                    "spot": "firefighters"
                }, 
                {
                    "begin": 2690, 
                    "end": 2702, 
                    "score": 0.10801934450864792, 
                    "spot": "firefighters"
                }, 
                {
                    "begin": 3704, 
                    "end": 3716, 
                    "score": 0.15680021047592163, 
                    "spot": "firefighters"
                }
            ], 
            "wiki_id": 146303, 
            "wiki_title": "Firefighter"
        }, 
        {
            "annotations": [
                {
                    "begin": 456, 
                    "end": 461, 
                    "score": 0.15934135019779205, 
                    "spot": "rises"
                }
            ], 
            "wiki_id": 415088, 
            "wiki_title": "River source"
        }, 
        {
            "annotations": [
                {
                    "begin": 1409, 
                    "end": 1414, 
                    "score": 0.06274350732564926, 
                    "spot": "small"
                }
            ], 
            "wiki_id": 1313703, 
            "wiki_title": "Miniaturized satellite"
        }, 
        {
            "annotations": [
                {
                    "begin": 90, 
                    "end": 100, 
                    "score": 0.41885802149772644, 
                    "spot": "New Mexico"
                }, 
                {
                    "begin": 297, 
                    "end": 307, 
                    "score": 0.3011089265346527, 
                    "spot": "New Mexico"
                }, 
                {
                    "begin": 1221, 
                    "end": 1231, 
                    "score": 0.29815343022346497, 
                    "spot": "New Mexico"
                }
            ], 
            "wiki_id": 21649, 
            "wiki_title": "New Mexico"
        }, 
        {
            "annotations": [
                {
                    "begin": 3749, 
                    "end": 3755, 
                    "score": 0.18302305042743683, 
                    "spot": "storms"
                }
            ], 
            "wiki_id": 130312, 
            "wiki_title": "Storm"
        }, 
        {
            "annotations": [
                {
                    "begin": 177, 
                    "end": 187, 
                    "score": 0.18067416548728943, 
                    "spot": "endangered"
                }, 
                {
                    "begin": 1349, 
                    "end": 1372, 
                    "score": 0.3573076128959656, 
                    "spot": "endangered species list"
                }
            ], 
            "wiki_id": 20110668, 
            "wiki_title": "Endangered species"
        }, 
        {
            "annotations": [
                {
                    "begin": 2656, 
                    "end": 2677, 
                    "score": 0.37146231532096863, 
                    "spot": "southwestern Colorado"
                }
            ], 
            "wiki_id": 1862151, 
            "wiki_title": "Southwest Colorado"
        }, 
        {
            "annotations": [
                {
                    "begin": 316, 
                    "end": 326, 
                    "score": 0.22398129105567932, 
                    "spot": "containers"
                }
            ], 
            "wiki_id": 50387, 
            "wiki_title": "Containerization"
        }, 
        {
            "annotations": [
                {
                    "begin": 3057, 
                    "end": 3067, 
                    "score": 0.16842292249202728, 
                    "spot": "smoldering"
                }
            ], 
            "wiki_id": 4583585, 
            "wiki_title": "Smouldering"
        }, 
        {
            "annotations": [
                {
                    "begin": 4369, 
                    "end": 4372, 
                    "score": 0.0009024579776450992, 
                    "spot": "now"
                }
            ], 
            "wiki_id": 1058750, 
            "wiki_title": "Now (newspaper)"
        }, 
        {
            "annotations": [
                {
                    "begin": 3613, 
                    "end": 3618, 
                    "score": 0.03823317214846611, 
                    "spot": "grass"
                }
            ], 
            "wiki_id": 1424431, 
            "wiki_title": "Grass court"
        }, 
        {
            "annotations": [
                {
                    "begin": 4382, 
                    "end": 4388, 
                    "score": 0.0010089363204315305, 
                    "spot": "we are"
                }
            ], 
            "wiki_id": 4444245, 
            "wiki_title": "We Are (Ana Johnsson song)"
        }, 
        {
            "annotations": [
                {
                    "begin": 165, 
                    "end": 173, 
                    "score": 0.010604653507471085, 
                    "spot": "hundreds"
                }
            ], 
            "wiki_id": 357346, 
            "wiki_title": "Hundred (county division)"
        }, 
        {
            "annotations": [
                {
                    "begin": 13, 
                    "end": 19, 
                    "score": 0.14863985776901245, 
                    "spot": "higher"
                }, 
                {
                    "begin": 1610, 
                    "end": 1616, 
                    "score": 0.13023017346858978, 
                    "spot": "higher"
                }, 
                {
                    "begin": 1924, 
                    "end": 1930, 
                    "score": 0.06155789643526077, 
                    "spot": "higher"
                }
            ], 
            "wiki_id": 66966, 
            "wiki_title": "Vascular plant"
        }, 
        {
            "annotations": [
                {
                    "begin": 4224, 
                    "end": 4228, 
                    "score": 0.0018194559961557388, 
                    "spot": "will"
                }
            ], 
            "wiki_id": 154698, 
            "wiki_title": "Will Smith"
        }, 
        {
            "annotations": [
                {
                    "begin": 3579, 
                    "end": 3589, 
                    "score": 0.04126569256186485, 
                    "spot": "experience"
                }
            ], 
            "wiki_id": 147370, 
            "wiki_title": "The Jimi Hendrix Experience"
        }, 
        {
            "annotations": [
                {
                    "begin": 1735, 
                    "end": 1744, 
                    "score": 0.14957886934280396, 
                    "spot": "coastline"
                }
            ], 
            "wiki_id": 5236, 
            "wiki_title": "Coast"
        }, 
        {
            "annotations": [
                {
                    "begin": 624, 
                    "end": 633, 
                    "score": 0.03755766153335571, 
                    "spot": "Officials"
                }
            ], 
            "wiki_id": 160793, 
            "wiki_title": "Civil service"
        }, 
        {
            "annotations": [
                {
                    "begin": 3120, 
                    "end": 3130, 
                    "score": 0.2202916443347931, 
                    "spot": "Pine Ridge"
                }
            ], 
            "wiki_id": 476932, 
            "wiki_title": "Pine Ridge Indian Reservation"
        }, 
        {
            "annotations": [
                {
                    "begin": 577, 
                    "end": 590, 
                    "score": 0.04081295430660248, 
                    "spot": "staff officer"
                }, 
                {
                    "begin": 3519, 
                    "end": 3532, 
                    "score": 0.04081295430660248, 
                    "spot": "Staff Officer"
                }
            ], 
            "wiki_id": 1400838, 
            "wiki_title": "Staff (military)"
        }, 
        {
            "annotations": [
                {
                    "begin": 1626, 
                    "end": 1634, 
                    "score": 0.009437070228159428, 
                    "spot": "Thursday"
                }
            ], 
            "wiki_id": 266139, 
            "wiki_title": "Thursday (band)"
        }, 
        {
            "annotations": [
                {
                    "begin": 1555, 
                    "end": 1565, 
                    "score": 0.2691275477409363, 
                    "spot": "California"
                }, 
                {
                    "begin": 1724, 
                    "end": 1734, 
                    "score": 0.22947363555431366, 
                    "spot": "California"
                }
            ], 
            "wiki_id": 5407, 
            "wiki_title": "California"
        }, 
        {
            "annotations": [
                {
                    "begin": 3295, 
                    "end": 3304, 
                    "score": 0.06714559346437454, 
                    "spot": "officials"
                }
            ], 
            "wiki_id": 234989, 
            "wiki_title": "Northwest Territory"
        }, 
        {
            "annotations": [
                {
                    "begin": 4297, 
                    "end": 4299, 
                    "score": 0.0011683235643431544, 
                    "spot": "we"
                }
            ], 
            "wiki_id": 165128, 
            "wiki_title": "Royal we"
        }, 
        {
            "annotations": [
                {
                    "begin": 429, 
                    "end": 433, 
                    "score": 0.05745082348585129, 
                    "spot": "stay"
                }
            ], 
            "wiki_id": 3028902, 
            "wiki_title": "Stay of execution"
        }, 
        {
            "annotations": [
                {
                    "begin": 4168, 
                    "end": 4180, 
                    "score": 0.06098616495728493, 
                    "spot": "Coordination"
                }
            ], 
            "wiki_id": 7304, 
            "wiki_title": "Coordination complex"
        }, 
        {
            "annotations": [
                {
                    "begin": 1521, 
                    "end": 1539, 
                    "score": 0.125, 
                    "spot": "Service dispatcher"
                }
            ], 
            "wiki_id": 11189005, 
            "wiki_title": "Super-server"
        }, 
        {
            "annotations": [
                {
                    "begin": 898, 
                    "end": 902, 
                    "score": 0.008289387449622154, 
                    "spot": "fire"
                }
            ], 
            "wiki_id": 6126137, 
            "wiki_title": "Fire (The X-Files)"
        }, 
        {
            "annotations": [
                {
                    "begin": 1811, 
                    "end": 1820, 
                    "score": 0.0682707130908966, 
                    "spot": "overnight"
                }
            ], 
            "wiki_id": 206119, 
            "wiki_title": "Night"
        }, 
        {
            "annotations": [
                {
                    "begin": 746, 
                    "end": 752, 
                    "score": 0.11585311591625214, 
                    "spot": "Divide"
                }
            ], 
            "wiki_id": 2518907, 
            "wiki_title": "Drainage divide"
        }, 
        {
            "annotations": [
                {
                    "begin": 360, 
                    "end": 366, 
                    "score": 0.010059133172035217, 
                    "spot": "trucks"
                }
            ], 
            "wiki_id": 4640, 
            "wiki_title": "Bogie"
        }, 
        {
            "annotations": [
                {
                    "begin": 716, 
                    "end": 719, 
                    "score": 0.22128522396087646, 
                    "spot": "ash"
                }
            ], 
            "wiki_id": 1331549, 
            "wiki_title": "Fly ash"
        }, 
        {
            "annotations": [
                {
                    "begin": 4286, 
                    "end": 4289, 
                    "score": 0.003945382311940193, 
                    "spot": "dry"
                }
            ], 
            "wiki_id": 24856, 
            "wiki_title": "Prohibition"
        }, 
        {
            "annotations": [
                {
                    "begin": 1301, 
                    "end": 1311, 
                    "score": 0.2732749581336975, 
                    "spot": "irrigation"
                }
            ], 
            "wiki_id": 42261, 
            "wiki_title": "Irrigation"
        }, 
        {
            "annotations": [
                {
                    "begin": 2241, 
                    "end": 2253, 
                    "score": 0.507259726524353, 
                    "spot": "Fort Collins"
                }, 
                {
                    "begin": 2241, 
                    "end": 2259, 
                    "score": 0.6363636255264282, 
                    "spot": "Fort Collins, Colo"
                }
            ], 
            "wiki_id": 11507, 
            "wiki_title": "Fort Collins, Colorado"
        }, 
        {
            "annotations": [
                {
                    "begin": 1797, 
                    "end": 1810, 
                    "score": 0.006859756074845791, 
                    "spot": "make progress"
                }
            ], 
            "wiki_id": 10592234, 
            "wiki_title": "Make Progress"
        }, 
        {
            "annotations": [
                {
                    "begin": 3856, 
                    "end": 3866, 
                    "score": 0.4296875, 
                    "spot": "real quiet"
                }
            ], 
            "wiki_id": 692905, 
            "wiki_title": "Real Quiet"
        }, 
        {
            "annotations": [
                {
                    "begin": 917, 
                    "end": 923, 
                    "score": 0.0021803646814078093, 
                    "spot": "Monday"
                }
            ], 
            "wiki_id": 440467, 
            "wiki_title": "WWE Raw"
        }, 
        {
            "annotations": [
                {
                    "begin": 3924, 
                    "end": 3930, 
                    "score": 0.01986258290708065, 
                    "spot": "office"
                }
            ], 
            "wiki_id": 382507, 
            "wiki_title": "Office"
        }, 
        {
            "annotations": [
                {
                    "begin": 3434, 
                    "end": 3448, 
                    "score": 0.644111692905426, 
                    "spot": "ponderosa pine"
                }
            ], 
            "wiki_id": 532941, 
            "wiki_title": "Pinus ponderosa"
        }, 
        {
            "annotations": [
                {
                    "begin": 340, 
                    "end": 346, 
                    "score": 0.1777116060256958, 
                    "spot": "horses"
                }
            ], 
            "wiki_id": 1405965, 
            "wiki_title": "Horsecar"
        }, 
        {
            "annotations": [
                {
                    "begin": 2044, 
                    "end": 2055, 
                    "score": 0.004716981202363968, 
                    "spot": "burning out"
                }
            ], 
            "wiki_id": 3142341, 
            "wiki_title": "Burnout (vehicle)"
        }, 
        {
            "annotations": [
                {
                    "begin": 3025, 
                    "end": 3043, 
                    "score": 0.0744466781616211, 
                    "spot": "National Guardsmen"
                }
            ], 
            "wiki_id": 753952, 
            "wiki_title": "National Guard (France)"
        }, 
        {
            "annotations": [
                {
                    "begin": 3642, 
                    "end": 3650, 
                    "score": 0.06531432271003723, 
                    "spot": "moisture"
                }
            ], 
            "wiki_id": 37738, 
            "wiki_title": "Soil"
        }, 
        {
            "annotations": [
                {
                    "begin": 4181, 
                    "end": 4187, 
                    "score": 0.007024150807410479, 
                    "spot": "Center"
                }
            ], 
            "wiki_id": 39619035, 
            "wiki_title": "Centrism"
        }, 
        {
            "annotations": [
                {
                    "begin": 3736, 
                    "end": 3743, 
                    "score": 0.17282608151435852, 
                    "spot": "forests"
                }
            ], 
            "wiki_id": 31302, 
            "wiki_title": "Taiga"
        }, 
        {
            "annotations": [
                {
                    "begin": 1024, 
                    "end": 1032, 
                    "score": 0.049145299941301346, 
                    "spot": "shockers"
                }
            ], 
            "wiki_id": 16619531, 
            "wiki_title": "Wichita State Shockers men's basketball"
        }, 
        {
            "annotations": [
                {
                    "begin": 4389, 
                    "end": 4396, 
                    "score": 0.05234910547733307, 
                    "spot": "getting"
                }
            ], 
            "wiki_id": 40224738, 
            "wiki_title": "Getting On (U.S. TV series)"
        }, 
        {
            "annotations": [
                {
                    "begin": 1494, 
                    "end": 1500, 
                    "score": 0.06443041563034058, 
                    "spot": "Willie"
                }
            ], 
            "wiki_id": 149709, 
            "wiki_title": "Willie Nelson"
        }, 
        {
            "annotations": [
                {
                    "begin": 4308, 
                    "end": 4318, 
                    "score": 0.21624015271663666, 
                    "spot": "right back"
                }
            ], 
            "wiki_id": 649702, 
            "wiki_title": "Defender (association football)"
        }, 
        {
            "annotations": [
                {
                    "begin": 2022, 
                    "end": 2033, 
                    "score": 0.06818182021379471, 
                    "spot": "tracer fire"
                }
            ], 
            "wiki_id": 408239, 
            "wiki_title": "Tracer ammunition"
        }, 
        {
            "annotations": [
                {
                    "begin": 4108, 
                    "end": 4112, 
                    "score": 0.07250485569238663, 
                    "spot": "work"
                }
            ], 
            "wiki_id": 149861, 
            "wiki_title": "Work (physics)"
        }, 
        {
            "annotations": [
                {
                    "begin": 1096, 
                    "end": 1101, 
                    "score": 0.046243440359830856, 
                    "spot": "comes"
                }
            ], 
            "wiki_id": 888207, 
            "wiki_title": "Etymology"
        }, 
        {
            "annotations": [
                {
                    "begin": 805, 
                    "end": 810, 
                    "score": 0.20032745599746704, 
                    "spot": "acres"
                }, 
                {
                    "begin": 1708, 
                    "end": 1713, 
                    "score": 0.027628857642412186, 
                    "spot": "acres"
                }, 
                {
                    "begin": 2103, 
                    "end": 2108, 
                    "score": 0.03510730341076851, 
                    "spot": "acres"
                }, 
                {
                    "begin": 2537, 
                    "end": 2542, 
                    "score": 0.005380380433052778, 
                    "spot": "acres"
                }, 
                {
                    "begin": 2881, 
                    "end": 2886, 
                    "score": 0.06097408011555672, 
                    "spot": "acres"
                }, 
                {
                    "begin": 3107, 
                    "end": 3112, 
                    "score": 0.06667919456958771, 
                    "spot": "acres"
                }, 
                {
                    "begin": 3425, 
                    "end": 3430, 
                    "score": 0.05904291942715645, 
                    "spot": "acres"
                }, 
                {
                    "begin": 3834, 
                    "end": 3839, 
                    "score": 0.08910327404737473, 
                    "spot": "acres"
                }
            ], 
            "wiki_id": 1797, 
            "wiki_title": "Acre"
        }, 
        {
            "annotations": [
                {
                    "begin": 4024, 
                    "end": 4029, 
                    "score": 0.03448494151234627, 
                    "spot": "crews"
                }
            ], 
            "wiki_id": 25736, 
            "wiki_title": "Rowing (sport)"
        }, 
        {
            "annotations": [
                {
                    "begin": 418, 
                    "end": 423, 
                    "score": 0.15430757403373718, 
                    "spot": "trout"
                }, 
                {
                    "begin": 1317, 
                    "end": 1322, 
                    "score": 0.3196101784706116, 
                    "spot": "trout"
                }
            ], 
            "wiki_id": 47326, 
            "wiki_title": "Trout"
        }, 
        {
            "annotations": [
                {
                    "begin": 2296, 
                    "end": 2300, 
                    "score": 0.0010033606085926294, 
                    "spot": "last"
                }
            ], 
            "wiki_id": 39078347, 
            "wiki_title": "Peter R. Last"
        }, 
        {
            "annotations": [
                {
                    "begin": 2892, 
                    "end": 2901, 
                    "score": 0.05637071654200554, 
                    "spot": "officials"
                }
            ], 
            "wiki_id": 9167402, 
            "wiki_title": "Roman magistrate"
        }, 
        {
            "annotations": [
                {
                    "begin": 521, 
                    "end": 525, 
                    "score": 0.07958350330591202, 
                    "spot": "Toby"
                }
            ], 
            "wiki_id": 7646652, 
            "wiki_title": "Tobyhanna Creek"
        }, 
        {
            "annotations": [
                {
                    "begin": 3172, 
                    "end": 3181, 
                    "score": 0.1685396432876587, 
                    "spot": "destroyed"
                }
            ], 
            "wiki_id": 8103, 
            "wiki_title": "Deforestation"
        }, 
        {
            "annotations": [
                {
                    "begin": 2565, 
                    "end": 2574, 
                    "score": 0.0009679910726845264, 
                    "spot": "destroyed"
                }
            ], 
            "wiki_id": 89314, 
            "wiki_title": "Wiping"
        }, 
        {
            "annotations": [
                {
                    "begin": 1592, 
                    "end": 1600, 
                    "score": 0.001287001301534474, 
                    "spot": "by light"
                }
            ], 
            "wiki_id": 12440230, 
            "wiki_title": "By Light"
        }, 
        {
            "annotations": [
                {
                    "begin": 3607, 
                    "end": 3618, 
                    "score": 0.01846153847873211, 
                    "spot": "green grass"
                }
            ], 
            "wiki_id": 664089, 
            "wiki_title": "Yellow Sun (nuclear weapon)"
        }, 
        {
            "annotations": [
                {
                    "begin": 4199, 
                    "end": 4207, 
                    "score": 0.0017069701571017504, 
                    "spot": "break in"
                }
            ], 
            "wiki_id": 170717, 
            "wiki_title": "Burglary"
        }, 
        {
            "annotations": [
                {
                    "begin": 3775, 
                    "end": 3804, 
                    "score": 0.7210289239883423, 
                    "spot": "Bridger-Teton National Forest"
                }
            ], 
            "wiki_id": 2231105, 
            "wiki_title": "Bridger-Teton National Forest"
        }, 
        {
            "annotations": [
                {
                    "begin": 3222, 
                    "end": 3231, 
                    "score": 0.013679658062756062, 
                    "spot": "Wednesday"
                }
            ], 
            "wiki_id": 1822923, 
            "wiki_title": "Wednesday Night Baseball"
        }, 
        {
            "annotations": [
                {
                    "begin": 1421, 
                    "end": 1429, 
                    "score": 0.009437070228159428, 
                    "spot": "Thursday"
                }, 
                {
                    "begin": 2170, 
                    "end": 2178, 
                    "score": 0.0953364223241806, 
                    "spot": "Thursday"
                }, 
                {
                    "begin": 3341, 
                    "end": 3349, 
                    "score": 0.009437070228159428, 
                    "spot": "Thursday"
                }
            ], 
            "wiki_id": 7634921, 
            "wiki_title": "Thursday Night Football"
        }, 
        {
            "annotations": [
                {
                    "begin": 3196, 
                    "end": 3206, 
                    "score": 0.11771280318498611, 
                    "spot": "structures"
                }
            ], 
            "wiki_id": 93545, 
            "wiki_title": "Structure"
        }, 
        {
            "annotations": [
                {
                    "begin": 1750, 
                    "end": 1757, 
                    "score": 0.5104396939277649, 
                    "spot": "Big Sur"
                }
            ], 
            "wiki_id": 240894, 
            "wiki_title": "Big Sur"
        }, 
        {
            "annotations": [
                {
                    "begin": 3950, 
                    "end": 3962, 
                    "score": 0.046981263905763626, 
                    "spot": "all the time"
                }
            ], 
            "wiki_id": 38380129, 
            "wiki_title": "All the Time (The Strokes song)"
        }, 
        {
            "annotations": [
                {
                    "begin": 4328, 
                    "end": 4339, 
                    "score": 0.3333333432674408, 
                    "spot": "said center"
                }
            ], 
            "wiki_id": 7328768, 
            "wiki_title": "Omar Sa'if Center"
        }, 
        {
            "annotations": [
                {
                    "begin": 218, 
                    "end": 227, 
                    "score": 0.0007770162774249911, 
                    "spot": "Officials"
                }
            ], 
            "wiki_id": 11230394, 
            "wiki_title": "Official (basketball)"
        }, 
        {
            "annotations": [
                {
                    "begin": 1664, 
                    "end": 1669, 
                    "score": 0.3017078638076782, 
                    "spot": "arson"
                }
            ], 
            "wiki_id": 184695, 
            "wiki_title": "Arson"
        }, 
        {
            "annotations": [
                {
                    "begin": 424, 
                    "end": 428, 
                    "score": 0.07557526230812073, 
                    "spot": "will"
                }
            ], 
            "wiki_id": 77697, 
            "wiki_title": "Will and testament"
        }, 
        {
            "annotations": [
                {
                    "begin": 3756, 
                    "end": 3764, 
                    "score": 0.12472038716077805, 
                    "spot": "dampened"
                }
            ], 
            "wiki_id": 495563, 
            "wiki_title": "Damping"
        }, 
        {
            "annotations": [
                {
                    "begin": 1164, 
                    "end": 1180, 
                    "score": 0.25, 
                    "spot": "mountain streams"
                }
            ], 
            "wiki_id": 34332631, 
            "wiki_title": "Shanshui poetry"
        }, 
        {
            "annotations": [
                {
                    "begin": 20, 
                    "end": 28, 
                    "score": 0.20037302374839783, 
                    "spot": "humidity"
                }
            ], 
            "wiki_id": 52812, 
            "wiki_title": "Humidity"
        }, 
        {
            "annotations": [
                {
                    "begin": 3355, 
                    "end": 3367, 
                    "score": 0.13383878767490387, 
                    "spot": "firefighting"
                }
            ], 
            "wiki_id": 855608, 
            "wiki_title": "Firefighting"
        }, 
        {
            "annotations": [
                {
                    "begin": 1036, 
                    "end": 1040, 
                    "score": 0.13862435519695282, 
                    "spot": "stun"
                }, 
                {
                    "begin": 1084, 
                    "end": 1091, 
                    "score": 0.0011295954464003444, 
                    "spot": "stunned"
                }
            ], 
            "wiki_id": 2316015, 
            "wiki_title": "Stunning"
        }, 
        {
            "annotations": [
                {
                    "begin": 886, 
                    "end": 892, 
                    "score": 0.1126018762588501, 
                    "spot": "Garcia"
                }, 
                {
                    "begin": 971, 
                    "end": 977, 
                    "score": 0.10954311490058899, 
                    "spot": "Garcia"
                }
            ], 
            "wiki_id": 75758, 
            "wiki_title": "Jerry Garcia"
        }, 
        {
            "annotations": [
                {
                    "begin": 4305, 
                    "end": 4318, 
                    "score": 0.04444444552063942, 
                    "spot": "be right back"
                }
            ], 
            "wiki_id": 44136228, 
            "wiki_title": "Be Right Back (Black Mirror)"
        }, 
        {
            "annotations": [
                {
                    "begin": 1193, 
                    "end": 1204, 
                    "score": 0.5120096206665039, 
                    "spot": "River Basin"
                }, 
                {
                    "begin": 1199, 
                    "end": 1204, 
                    "score": 0.5132882595062256, 
                    "spot": "Basin"
                }
            ], 
            "wiki_id": 191162, 
            "wiki_title": "Drainage basin"
        }, 
        {
            "annotations": [
                {
                    "begin": 2734, 
                    "end": 2739, 
                    "score": 0.05475880578160286, 
                    "spot": "small"
                }
            ], 
            "wiki_id": 276495, 
            "wiki_title": "Small business"
        }, 
        {
            "annotations": [
                {
                    "begin": 348, 
                    "end": 354, 
                    "score": 0.01037498190999031, 
                    "spot": "loaded"
                }
            ], 
            "wiki_id": 16880576, 
            "wiki_title": "Loaded (band)"
        }, 
        {
            "annotations": [
                {
                    "begin": 3379, 
                    "end": 3384, 
                    "score": 0.11969615519046783, 
                    "spot": "grass"
                }
            ], 
            "wiki_id": 56217, 
            "wiki_title": "Poaceae"
        }, 
        {
            "annotations": [
                {
                    "begin": 2310, 
                    "end": 2315, 
                    "score": 0.028975697234272957, 
                    "spot": "major"
                }
            ], 
            "wiki_id": 201920, 
            "wiki_title": "Major"
        }, 
        {
            "annotations": [
                {
                    "begin": 2773, 
                    "end": 2778, 
                    "score": 0.023846888914704323, 
                    "spot": "state"
                }
            ], 
            "wiki_id": 18618239, 
            "wiki_title": "U.S. state"
        }, 
        {
            "annotations": [
                {
                    "begin": 2009, 
                    "end": 2015, 
                    "score": 0.588247537612915, 
                    "spot": "Marine"
                }, 
                {
                    "begin": 2009, 
                    "end": 2021, 
                    "score": 0.4054141342639923, 
                    "spot": "Marine Corps"
                }
            ], 
            "wiki_id": 17349325, 
            "wiki_title": "United States Marine Corps"
        }, 
        {
            "annotations": [
                {
                    "begin": 2546, 
                    "end": 2560, 
                    "score": 0.14772726595401764, 
                    "spot": "Boulder Canyon"
                }
            ], 
            "wiki_id": 46849322, 
            "wiki_title": "Boulder Canyon (Colorado River)"
        }, 
        {
            "annotations": [
                {
                    "begin": 3875, 
                    "end": 3879, 
                    "score": 0.0061574652791023254, 
                    "spot": "Dick"
                }
            ], 
            "wiki_id": 5058628, 
            "wiki_title": "Dick Cheney"
        }, 
        {
            "annotations": [
                {
                    "begin": 2817, 
                    "end": 2823, 
                    "score": 0.042850106954574585, 
                    "spot": "Horton"
                }
            ], 
            "wiki_id": 174203, 
            "wiki_title": "Epsom"
        }, 
        {
            "annotations": [
                {
                    "begin": 3246, 
                    "end": 3255, 
                    "score": 0.0974435955286026, 
                    "spot": "predicted"
                }
            ], 
            "wiki_id": 246066, 
            "wiki_title": "Prediction"
        }, 
        {
            "annotations": [
                {
                    "begin": 1950, 
                    "end": 1956, 
                    "score": 0.011128775775432587, 
                    "spot": "hamper"
                }
            ], 
            "wiki_id": 5252915, 
            "wiki_title": "Hamper"
        }, 
        {
            "annotations": [
                {
                    "begin": 2976, 
                    "end": 2983, 
                    "score": 0.09761182963848114, 
                    "spot": "members"
                }
            ], 
            "wiki_id": 10890716, 
            "wiki_title": "Member state of the European Union"
        }, 
        {
            "annotations": [
                {
                    "begin": 253, 
                    "end": 259, 
                    "score": 0.011880164965987206, 
                    "spot": "fished"
                }
            ], 
            "wiki_id": 36581, 
            "wiki_title": "Fishing"
        }, 
        {
            "annotations": [
                {
                    "begin": 158, 
                    "end": 164, 
                    "score": 0.026557449251413345, 
                    "spot": "rescue"
                }
            ], 
            "wiki_id": 172599, 
            "wiki_title": "Search and rescue"
        }, 
        {
            "annotations": [
                {
                    "begin": 3720, 
                    "end": 3727, 
                    "score": 0.16539673507213593, 
                    "spot": "western"
                }
            ], 
            "wiki_id": 252507, 
            "wiki_title": "American frontier"
        }, 
        {
            "annotations": [
                {
                    "begin": 1001, 
                    "end": 1009, 
                    "score": 0.11254178732633591, 
                    "spot": "rescuers"
                }
            ], 
            "wiki_id": 5040491, 
            "wiki_title": "Mine rescue"
        }, 
        {
            "annotations": [
                {
                    "begin": 4300, 
                    "end": 4304, 
                    "score": 0.0018194559961557388, 
                    "spot": "will"
                }
            ], 
            "wiki_id": 24189482, 
            "wiki_title": "Will Schuester"
        }, 
        {
            "annotations": [
                {
                    "begin": 538, 
                    "end": 557, 
                    "score": 0.37060385942459106, 
                    "spot": "U.S. Forest\nService"
                }, 
                {
                    "begin": 543, 
                    "end": 557, 
                    "score": 0.2517610192298889, 
                    "spot": "Forest\nService"
                }, 
                {
                    "begin": 852, 
                    "end": 866, 
                    "score": 0.1670537143945694, 
                    "spot": "Forest Service"
                }, 
                {
                    "begin": 1509, 
                    "end": 1528, 
                    "score": 0.37060385942459106, 
                    "spot": "U.S.\nForest Service"
                }, 
                {
                    "begin": 1514, 
                    "end": 1528, 
                    "score": 0.0350588895380497, 
                    "spot": "Forest Service"
                }, 
                {
                    "begin": 3494, 
                    "end": 3513, 
                    "score": 0.42500820755958557, 
                    "spot": "U.S. Forest Service"
                }
            ], 
            "wiki_id": 42652, 
            "wiki_title": "United States Forest Service"
        }, 
        {
            "annotations": [
                {
                    "begin": 2130, 
                    "end": 2134, 
                    "score": 0.003099186113104224, 
                    "spot": "base"
                }
            ], 
            "wiki_id": 968099, 
            "wiki_title": "Baseball field"
        }
    ]
}