{
    "tagme": [
        {
            "annotations": [
                {
                    "begin": 1637, 
                    "end": 1645, 
                    "score": 0.41029325127601624, 
                    "spot": "tolerate"
                }
            ], 
            "wiki_id": 338825, 
            "wiki_title": "Toleration"
        }, 
        {
            "annotations": [
                {
                    "begin": 1058, 
                    "end": 1061, 
                    "score": 0.051903437823057175, 
                    "spot": "Bob"
                }
            ], 
            "wiki_id": 2147495, 
            "wiki_title": "Bob Weinstein"
        }, 
        {
            "annotations": [
                {
                    "begin": 261, 
                    "end": 270, 
                    "score": 0.09333595633506775, 
                    "spot": "activists"
                }
            ], 
            "wiki_id": 39766702, 
            "wiki_title": "Activism"
        }, 
        {
            "annotations": [
                {
                    "begin": 1520, 
                    "end": 1531, 
                    "score": 0.001249432098120451, 
                    "spot": "second term"
                }
            ], 
            "wiki_id": 51255, 
            "wiki_title": "Charles de Gaulle"
        }, 
        {
            "annotations": [
                {
                    "begin": 2366, 
                    "end": 2374, 
                    "score": 0.19898559153079987, 
                    "spot": "officers"
                }, 
                {
                    "begin": 2764, 
                    "end": 2772, 
                    "score": 0.08185197412967682, 
                    "spot": "officers"
                }
            ], 
            "wiki_id": 310240, 
            "wiki_title": "Police officer"
        }, 
        {
            "annotations": [
                {
                    "begin": 2996, 
                    "end": 2999, 
                    "score": 0.08382569253444672, 
                    "spot": "I'm"
                }
            ], 
            "wiki_id": 50379, 
            "wiki_title": "Illinois and Michigan Canal"
        }, 
        {
            "annotations": [
                {
                    "begin": 2150, 
                    "end": 2160, 
                    "score": 0.001046682009473443, 
                    "spot": "unpleasant"
                }
            ], 
            "wiki_id": 22499522, 
            "wiki_title": "Disgust"
        }, 
        {
            "annotations": [
                {
                    "begin": 2979, 
                    "end": 2989, 
                    "score": 0.1821497678756714, 
                    "spot": "Washington"
                }
            ], 
            "wiki_id": 13015878, 
            "wiki_title": "Washington (state)"
        }, 
        {
            "annotations": [
                {
                    "begin": 337, 
                    "end": 353, 
                    "score": 0.5, 
                    "spot": "Richard J. Daley"
                }, 
                {
                    "begin": 433, 
                    "end": 438, 
                    "score": 0.10311207175254822, 
                    "spot": "Daley"
                }
            ], 
            "wiki_id": 40221, 
            "wiki_title": "Richard J. Daley"
        }, 
        {
            "annotations": [
                {
                    "begin": 25, 
                    "end": 32, 
                    "score": 0.22890712320804596, 
                    "spot": "charged"
                }, 
                {
                    "begin": 2358, 
                    "end": 2365, 
                    "score": 0.24385692179203033, 
                    "spot": "accused"
                }
            ], 
            "wiki_id": 14559, 
            "wiki_title": "Indictment"
        }, 
        {
            "annotations": [
                {
                    "begin": 1354, 
                    "end": 1370, 
                    "score": 0.1762675642967224, 
                    "spot": "mayoral election"
                }
            ], 
            "wiki_id": 29057913, 
            "wiki_title": "New York City mayoral election, 2013"
        }, 
        {
            "annotations": [
                {
                    "begin": 355, 
                    "end": 358, 
                    "score": 0.12388794869184494, 
                    "spot": "who"
                }, 
                {
                    "begin": 1320, 
                    "end": 1323, 
                    "score": 0.09696602076292038, 
                    "spot": "who"
                }, 
                {
                    "begin": 1485, 
                    "end": 1488, 
                    "score": 0.11276841163635254, 
                    "spot": "who"
                }, 
                {
                    "begin": 2548, 
                    "end": 2551, 
                    "score": 0.03626132383942604, 
                    "spot": "who"
                }
            ], 
            "wiki_id": 33583, 
            "wiki_title": "World Health Organization"
        }, 
        {
            "annotations": [
                {
                    "begin": 1847, 
                    "end": 1855, 
                    "score": 0.17555055022239685, 
                    "spot": "business"
                }
            ], 
            "wiki_id": 39206, 
            "wiki_title": "Business"
        }, 
        {
            "annotations": [
                {
                    "begin": 2752, 
                    "end": 2754, 
                    "score": 0.03822259232401848, 
                    "spot": "up"
                }
            ], 
            "wiki_id": 164671, 
            "wiki_title": "Union Pacific Railroad"
        }, 
        {
            "annotations": [
                {
                    "begin": 219, 
                    "end": 226, 
                    "score": 0.11582449823617935, 
                    "spot": "elected"
                }
            ], 
            "wiki_id": 40567, 
            "wiki_title": "United States presidential election, 1968"
        }, 
        {
            "annotations": [
                {
                    "begin": 1866, 
                    "end": 1873, 
                    "score": 0.1601070612668991, 
                    "spot": "leaders"
                }
            ], 
            "wiki_id": 130918, 
            "wiki_title": "Leadership"
        }, 
        {
            "annotations": [
                {
                    "begin": 942, 
                    "end": 948, 
                    "score": 0.08950693905353546, 
                    "spot": "blacks"
                }
            ], 
            "wiki_id": 273285, 
            "wiki_title": "Race and ethnicity in the United States Census"
        }, 
        {
            "annotations": [
                {
                    "begin": 490, 
                    "end": 498, 
                    "score": 0.04834222048521042, 
                    "spot": "campaign"
                }
            ], 
            "wiki_id": 26561880, 
            "wiki_title": "Advocacy group"
        }, 
        {
            "annotations": [
                {
                    "begin": 1952, 
                    "end": 1959, 
                    "score": 0.07095315307378769, 
                    "spot": "contact"
                }
            ], 
            "wiki_id": 2248979, 
            "wiki_title": "Contact (musical)"
        }, 
        {
            "annotations": [
                {
                    "begin": 1473, 
                    "end": 1478, 
                    "score": 0.14586064219474792, 
                    "spot": "black"
                }, 
                {
                    "begin": 2297, 
                    "end": 2303, 
                    "score": 0.04578183591365814, 
                    "spot": "blacks"
                }, 
                {
                    "begin": 2960, 
                    "end": 2965, 
                    "score": 0.09757685661315918, 
                    "spot": "black"
                }
            ], 
            "wiki_id": 2154, 
            "wiki_title": "African Americans"
        }, 
        {
            "annotations": [
                {
                    "begin": 1420, 
                    "end": 1424, 
                    "score": 0.08461930602788925, 
                    "spot": "term"
                }
            ], 
            "wiki_id": 24909346, 
            "wiki_title": "United States Senate"
        }, 
        {
            "annotations": [
                {
                    "begin": 1006, 
                    "end": 1011, 
                    "score": 0.15879088640213013, 
                    "spot": "white"
                }, 
                {
                    "begin": 2390, 
                    "end": 2395, 
                    "score": 0.2570191025733948, 
                    "spot": "white"
                }, 
                {
                    "begin": 2620, 
                    "end": 2625, 
                    "score": 0.20670375227928162, 
                    "spot": "white"
                }, 
                {
                    "begin": 2758, 
                    "end": 2763, 
                    "score": 0.20878079533576965, 
                    "spot": "white"
                }, 
                {
                    "begin": 2859, 
                    "end": 2864, 
                    "score": 0.14091821014881134, 
                    "spot": "white"
                }
            ], 
            "wiki_id": 166202, 
            "wiki_title": "White people"
        }, 
        {
            "annotations": [
                {
                    "begin": 2330, 
                    "end": 2337, 
                    "score": 0.23047560453414917, 
                    "spot": "victims"
                }
            ], 
            "wiki_id": 18055330, 
            "wiki_title": "Victimisation"
        }, 
        {
            "annotations": [
                {
                    "begin": 1672, 
                    "end": 1679, 
                    "score": 0.5067111849784851, 
                    "spot": "bigotry"
                }
            ], 
            "wiki_id": 240235, 
            "wiki_title": "Bigotry"
        }, 
        {
            "annotations": [
                {
                    "begin": 1566, 
                    "end": 1571, 
                    "score": 0.04576399549841881, 
                    "spot": "Daley"
                }
            ], 
            "wiki_id": 663933, 
            "wiki_title": "William M. Daley"
        }, 
        {
            "annotations": [
                {
                    "begin": 2865, 
                    "end": 2871, 
                    "score": 0.058248892426490784, 
                    "spot": "youths"
                }
            ], 
            "wiki_id": 379472, 
            "wiki_title": "Youth"
        }, 
        {
            "annotations": [
                {
                    "begin": 1860, 
                    "end": 1865, 
                    "score": 0.14832255244255066, 
                    "spot": "civic"
                }
            ], 
            "wiki_id": 178647, 
            "wiki_title": "Civics"
        }, 
        {
            "annotations": [
                {
                    "begin": 403, 
                    "end": 408, 
                    "score": 0.14532551169395447, 
                    "spot": "death"
                }
            ], 
            "wiki_id": 5902, 
            "wiki_title": "Capital punishment"
        }, 
        {
            "annotations": [
                {
                    "begin": 668, 
                    "end": 677, 
                    "score": 0.04432203620672226, 
                    "spot": "defensive"
                }
            ], 
            "wiki_id": 92357, 
            "wiki_title": "Military"
        }, 
        {
            "annotations": [
                {
                    "begin": 1757, 
                    "end": 1761, 
                    "score": 0.13152293860912323, 
                    "spot": "help"
                }
            ], 
            "wiki_id": 2252141, 
            "wiki_title": "Help! (song)"
        }, 
        {
            "annotations": [
                {
                    "begin": 1062, 
                    "end": 1068, 
                    "score": 0.12710566818714142, 
                    "spot": "Starks"
                }
            ], 
            "wiki_id": 33135754, 
            "wiki_title": "Edwin Chapin Starks"
        }, 
        {
            "annotations": [
                {
                    "begin": 3116, 
                    "end": 3122, 
                    "score": 0.09558859467506409, 
                    "spot": "Martin"
                }
            ], 
            "wiki_id": 73627, 
            "wiki_title": "Martin County, Florida"
        }, 
        {
            "annotations": [
                {
                    "begin": 2795, 
                    "end": 2802, 
                    "score": 0.0005621101590804756, 
                    "spot": "dropped"
                }
            ], 
            "wiki_id": 1073770, 
            "wiki_title": "Nolle prosequi"
        }, 
        {
            "annotations": [
                {
                    "begin": 557, 
                    "end": 573, 
                    "score": 0.19665099680423737, 
                    "spot": "general election"
                }
            ], 
            "wiki_id": 12795, 
            "wiki_title": "General election"
        }, 
        {
            "annotations": [
                {
                    "begin": 465, 
                    "end": 475, 
                    "score": 0.23983855545520782, 
                    "spot": "minorities"
                }, 
                {
                    "begin": 584, 
                    "end": 594, 
                    "score": 0.17953313887119293, 
                    "spot": "minorities"
                }
            ], 
            "wiki_id": 437868, 
            "wiki_title": "Minority group"
        }, 
        {
            "annotations": [
                {
                    "begin": 1935, 
                    "end": 1943, 
                    "score": 0.025594476610422134, 
                    "spot": "shocking"
                }
            ], 
            "wiki_id": 1888708, 
            "wiki_title": "Shock value"
        }, 
        {
            "annotations": [
                {
                    "begin": 329, 
                    "end": 335, 
                    "score": 0.12400426715612411, 
                    "spot": "father"
                }
            ], 
            "wiki_id": 8655005, 
            "wiki_title": "Priesthood (Catholic Church)"
        }, 
        {
            "annotations": [
                {
                    "begin": 246, 
                    "end": 251, 
                    "score": 0.07862897962331772, 
                    "spot": "fears"
                }
            ], 
            "wiki_id": 10828, 
            "wiki_title": "Fear"
        }, 
        {
            "annotations": [
                {
                    "begin": 2031, 
                    "end": 2044, 
                    "score": 0.0012770419707521796, 
                    "spot": "investigation"
                }
            ], 
            "wiki_id": 309754, 
            "wiki_title": "Investigative journalism"
        }, 
        {
            "annotations": [
                {
                    "begin": 1093, 
                    "end": 1103, 
                    "score": 0.06266756355762482, 
                    "spot": "inner city"
                }
            ], 
            "wiki_id": 460049, 
            "wiki_title": "Inner city"
        }, 
        {
            "annotations": [
                {
                    "begin": 300, 
                    "end": 316, 
                    "score": 0.16386555135250092, 
                    "spot": "machine politics"
                }
            ], 
            "wiki_id": 407940, 
            "wiki_title": "Political machine"
        }, 
        {
            "annotations": [
                {
                    "begin": 2230, 
                    "end": 2240, 
                    "score": 0.1800498515367508, 
                    "spot": "prosperity"
                }
            ], 
            "wiki_id": 192617, 
            "wiki_title": "Wealth"
        }, 
        {
            "annotations": [
                {
                    "begin": 812, 
                    "end": 821, 
                    "score": 0.07213690876960754, 
                    "spot": "last week"
                }, 
                {
                    "begin": 1796, 
                    "end": 1805, 
                    "score": 0.07213690876960754, 
                    "spot": "last week"
                }
            ], 
            "wiki_id": 41923028, 
            "wiki_title": "Last Week Tonight with John Oliver"
        }, 
        {
            "annotations": [
                {
                    "begin": 1520, 
                    "end": 1526, 
                    "score": 0.05091247707605362, 
                    "spot": "second"
                }
            ], 
            "wiki_id": 428320, 
            "wiki_title": "United States Court of Appeals for the Second Circuit"
        }, 
        {
            "annotations": [
                {
                    "begin": 1981, 
                    "end": 1994, 
                    "score": 0.012935462407767773, 
                    "spot": "ethnic\ngroups"
                }
            ], 
            "wiki_id": 105004, 
            "wiki_title": "Ethnic group"
        }, 
        {
            "annotations": [
                {
                    "begin": 450, 
                    "end": 461, 
                    "score": 0.11709539592266083, 
                    "spot": "empowerment"
                }
            ], 
            "wiki_id": 167703, 
            "wiki_title": "Empowerment"
        }, 
        {
            "annotations": [
                {
                    "begin": 1736, 
                    "end": 1749, 
                    "score": 0.03041144832968712, 
                    "spot": "join together"
                }
            ], 
            "wiki_id": 23523655, 
            "wiki_title": "Join Together (song)"
        }, 
        {
            "annotations": [
                {
                    "begin": 2454, 
                    "end": 2463, 
                    "score": 0.2728502154350281, 
                    "spot": "insulting"
                }
            ], 
            "wiki_id": 167740, 
            "wiki_title": "Insult"
        }, 
        {
            "annotations": [
                {
                    "begin": 241, 
                    "end": 245, 
                    "score": 0.005504511296749115, 
                    "spot": "amid"
                }
            ], 
            "wiki_id": 642286, 
            "wiki_title": "Diyarbak\u0131r"
        }, 
        {
            "annotations": [
                {
                    "begin": 2428, 
                    "end": 2435, 
                    "score": 0.27359539270401, 
                    "spot": "arrests"
                }
            ], 
            "wiki_id": 170638, 
            "wiki_title": "Arrest"
        }, 
        {
            "annotations": [
                {
                    "begin": 2897, 
                    "end": 2905, 
                    "score": 0.01822916604578495, 
                    "spot": "s record"
                }
            ], 
            "wiki_id": 6766701, 
            "wiki_title": "SREC (file format)"
        }, 
        {
            "annotations": [
                {
                    "begin": 1215, 
                    "end": 1220, 
                    "score": 0.04576399549841881, 
                    "spot": "Daley"
                }
            ], 
            "wiki_id": 29703216, 
            "wiki_title": "Daley (musician)"
        }, 
        {
            "annotations": [
                {
                    "begin": 892, 
                    "end": 896, 
                    "score": 0.06707844883203506, 
                    "spot": "look"
                }
            ], 
            "wiki_id": 5557770, 
            "wiki_title": "Look (American magazine)"
        }, 
        {
            "annotations": [
                {
                    "begin": 2818, 
                    "end": 2830, 
                    "score": 0.1536637246608734, 
                    "spot": "neighborhood"
                }
            ], 
            "wiki_id": 18611050, 
            "wiki_title": "Local government in New Jersey"
        }, 
        {
            "annotations": [
                {
                    "begin": 2210, 
                    "end": 2225, 
                    "score": 0.05106135085225105, 
                    "spot": "economic growth"
                }
            ], 
            "wiki_id": 12594, 
            "wiki_title": "Gross domestic product"
        }, 
        {
            "annotations": [
                {
                    "begin": 2533, 
                    "end": 2539, 
                    "score": 0.004440497141331434, 
                    "spot": "Callie"
                }
            ], 
            "wiki_id": 9999355, 
            "wiki_title": "Ashley Callie"
        }, 
        {
            "annotations": [
                {
                    "begin": 1467, 
                    "end": 1472, 
                    "score": 0.11642003059387207, 
                    "spot": "first"
                }
            ], 
            "wiki_id": 263257, 
            "wiki_title": "First language"
        }, 
        {
            "annotations": [
                {
                    "begin": 1115, 
                    "end": 1147, 
                    "score": 0.5, 
                    "spot": "Northeastern Illinois\nUniversity"
                }
            ], 
            "wiki_id": 16601408, 
            "wiki_title": "Northeastern Illinois University"
        }, 
        {
            "annotations": [
                {
                    "begin": 3040, 
                    "end": 3042, 
                    "score": 0.12215667217969894, 
                    "spot": "if"
                }
            ], 
            "wiki_id": 83139, 
            "wiki_title": "Intermediate frequency"
        }, 
        {
            "annotations": [
                {
                    "begin": 45, 
                    "end": 61, 
                    "score": 0.39798426628112793, 
                    "spot": "police\nbrutality"
                }, 
                {
                    "begin": 917, 
                    "end": 933, 
                    "score": 0.20578230917453766, 
                    "spot": "police brutality"
                }, 
                {
                    "begin": 1598, 
                    "end": 1614, 
                    "score": 0.20578230917453766, 
                    "spot": "police brutality"
                }, 
                {
                    "begin": 1646, 
                    "end": 1662, 
                    "score": 0.6331995129585266, 
                    "spot": "police brutality"
                }, 
                {
                    "begin": 2341, 
                    "end": 2357, 
                    "score": 0.6364316940307617, 
                    "spot": "police brutality"
                }
            ], 
            "wiki_id": 166029, 
            "wiki_title": "Police brutality"
        }, 
        {
            "annotations": [
                {
                    "begin": 2412, 
                    "end": 2420, 
                    "score": 0.23620599508285522, 
                    "spot": "beatings"
                }, 
                {
                    "begin": 2593, 
                    "end": 2602, 
                    "score": 0.0029828485567122698, 
                    "spot": "beaten up"
                }
            ], 
            "wiki_id": 1466, 
            "wiki_title": "Assault"
        }, 
        {
            "annotations": [
                {
                    "begin": 2886, 
                    "end": 2898, 
                    "score": 0.013978682458400726, 
                    "spot": "department's"
                }
            ], 
            "wiki_id": 2289806, 
            "wiki_title": "Department S (TV series)"
        }, 
        {
            "annotations": [
                {
                    "begin": 641, 
                    "end": 646, 
                    "score": 0.04576399549841881, 
                    "spot": "Daley"
                }
            ], 
            "wiki_id": 5355280, 
            "wiki_title": "Jim Daley"
        }, 
        {
            "annotations": [
                {
                    "begin": 526, 
                    "end": 537, 
                    "score": 0.02109581045806408, 
                    "spot": "challengers"
                }
            ], 
            "wiki_id": 1353195, 
            "wiki_title": "The Challengers (band)"
        }, 
        {
            "annotations": [
                {
                    "begin": 68, 
                    "end": 74, 
                    "score": 0.18398866057395935, 
                    "spot": "report"
                }
            ], 
            "wiki_id": 4692150, 
            "wiki_title": "Report"
        }, 
        {
            "annotations": [
                {
                    "begin": 1070, 
                    "end": 1089, 
                    "score": 0.11431722342967987, 
                    "spot": "associate\nprofessor"
                }
            ], 
            "wiki_id": 20646803, 
            "wiki_title": "Professor"
        }, 
        {
            "annotations": [
                {
                    "begin": 162, 
                    "end": 166, 
                    "score": 0.09506417065858841, 
                    "spot": "must"
                }, 
                {
                    "begin": 3174, 
                    "end": 3178, 
                    "score": 0.0005572407389990985, 
                    "spot": "must"
                }
            ], 
            "wiki_id": 466664, 
            "wiki_title": "Must"
        }, 
        {
            "annotations": [
                {
                    "begin": 2254, 
                    "end": 2266, 
                    "score": 0.16210749745368958, 
                    "spot": "City Council"
                }
            ], 
            "wiki_id": 1813418, 
            "wiki_title": "New York City Council"
        }, 
        {
            "annotations": [
                {
                    "begin": 2705, 
                    "end": 2709, 
                    "score": 0.19054961204528809, 
                    "spot": "boys"
                }
            ], 
            "wiki_id": 194253, 
            "wiki_title": "Boy"
        }, 
        {
            "annotations": [
                {
                    "begin": 1276, 
                    "end": 1294, 
                    "score": 0.3376891016960144, 
                    "spot": "political rhetoric"
                }, 
                {
                    "begin": 1286, 
                    "end": 1294, 
                    "score": 0.3106542229652405, 
                    "spot": "rhetoric"
                }
            ], 
            "wiki_id": 25447, 
            "wiki_title": "Rhetoric"
        }, 
        {
            "annotations": [
                {
                    "begin": 690, 
                    "end": 701, 
                    "score": 0.11042182892560959, 
                    "spot": "politicians"
                }
            ], 
            "wiki_id": 55959, 
            "wiki_title": "Politician"
        }, 
        {
            "annotations": [
                {
                    "begin": 1012, 
                    "end": 1022, 
                    "score": 0.06194281578063965, 
                    "spot": "leadership"
                }
            ], 
            "wiki_id": 163123, 
            "wiki_title": "Chabad"
        }, 
        {
            "annotations": [
                {
                    "begin": 1137, 
                    "end": 1147, 
                    "score": 0.0515720508992672, 
                    "spot": "University"
                }
            ], 
            "wiki_id": 19725260, 
            "wiki_title": "University"
        }, 
        {
            "annotations": [
                {
                    "begin": 1328, 
                    "end": 1341, 
                    "score": 0.0535714291036129, 
                    "spot": "looking ahead"
                }
            ], 
            "wiki_id": 42330670, 
            "wiki_title": "Looking Ahead (Makanda Ken McIntyre album)"
        }, 
        {
            "annotations": [
                {
                    "begin": 984, 
                    "end": 990, 
                    "score": 0.038252461701631546, 
                    "spot": "change"
                }
            ], 
            "wiki_id": 329948, 
            "wiki_title": "Social change"
        }, 
        {
            "annotations": [
                {
                    "begin": 902, 
                    "end": 913, 
                    "score": 0.0005661399336531758, 
                    "spot": "allegations"
                }, 
                {
                    "begin": 1590, 
                    "end": 1597, 
                    "score": 0.09340550005435944, 
                    "spot": "alleged"
                }, 
                {
                    "begin": 2308, 
                    "end": 2315, 
                    "score": 0.11907241493463516, 
                    "spot": "alleged"
                }
            ], 
            "wiki_id": 2434267, 
            "wiki_title": "Allegation"
        }, 
        {
            "annotations": [
                {
                    "begin": 2774, 
                    "end": 2781, 
                    "score": 0.0036900369450449944, 
                    "spot": "roughed"
                }
            ], 
            "wiki_id": 11519858, 
            "wiki_title": "Roughing"
        }, 
        {
            "annotations": [
                {
                    "begin": 173, 
                    "end": 177, 
                    "score": 0.005953224841505289, 
                    "spot": "heal"
                }
            ], 
            "wiki_id": 1857784, 
            "wiki_title": "Marc Heal"
        }, 
        {
            "annotations": [
                {
                    "begin": 3087, 
                    "end": 3094, 
                    "score": 0.09154929220676422, 
                    "spot": "I'm bad"
                }
            ], 
            "wiki_id": 7650920, 
            "wiki_title": "I'm Bad"
        }, 
        {
            "annotations": [
                {
                    "begin": 611, 
                    "end": 628, 
                    "score": 0.13160809874534607, 
                    "spot": "Cabinet positions"
                }
            ], 
            "wiki_id": 739237, 
            "wiki_title": "Minister (government)"
        }, 
        {
            "annotations": [
                {
                    "begin": 320, 
                    "end": 335, 
                    "score": 0.0023894861806184053, 
                    "spot": "his late\nfather"
                }
            ], 
            "wiki_id": 7893, 
            "wiki_title": "Dale Earnhardt"
        }, 
        {
            "annotations": [
                {
                    "begin": 2183, 
                    "end": 2195, 
                    "score": 0.005940594244748354, 
                    "spot": "antithetical"
                }
            ], 
            "wiki_id": 77695, 
            "wiki_title": "Antithesis"
        }, 
        {
            "annotations": [
                {
                    "begin": 772, 
                    "end": 779, 
                    "score": 0.0017628911882638931, 
                    "spot": "stop it"
                }
            ], 
            "wiki_id": 19102076, 
            "wiki_title": "Stop It"
        }, 
        {
            "annotations": [
                {
                    "begin": 2540, 
                    "end": 2546, 
                    "score": 0.10631336271762848, 
                    "spot": "Bryant"
                }
            ], 
            "wiki_id": 232024, 
            "wiki_title": "William Cullen Bryant"
        }, 
        {
            "annotations": [
                {
                    "begin": 817, 
                    "end": 821, 
                    "score": 0.054595477879047394, 
                    "spot": "week"
                }, 
                {
                    "begin": 1801, 
                    "end": 1805, 
                    "score": 0.07242964953184128, 
                    "spot": "week"
                }
            ], 
            "wiki_id": 2627062, 
            "wiki_title": "The Week"
        }, 
        {
            "annotations": [
                {
                    "begin": 285, 
                    "end": 295, 
                    "score": 0.0014701951295137405, 
                    "spot": "bring back"
                }
            ], 
            "wiki_id": 5507656, 
            "wiki_title": "Bring Back..."
        }, 
        {
            "annotations": [
                {
                    "begin": 363, 
                    "end": 368, 
                    "score": 0.16144362092018127, 
                    "spot": "mayor"
                }, 
                {
                    "begin": 1479, 
                    "end": 1484, 
                    "score": 0.21195074915885925, 
                    "spot": "mayor"
                }
            ], 
            "wiki_id": 206327, 
            "wiki_title": "Mayor of New York City"
        }, 
        {
            "annotations": [
                {
                    "begin": 837, 
                    "end": 844, 
                    "score": 0.16288763284683228, 
                    "spot": "special"
                }, 
                {
                    "begin": 879, 
                    "end": 888, 
                    "score": 0.0017163846641778946, 
                    "spot": "committee"
                }
            ], 
            "wiki_id": 158196, 
            "wiki_title": "Committee"
        }, 
        {
            "annotations": [
                {
                    "begin": 795, 
                    "end": 800, 
                    "score": 0.15643249452114105, 
                    "spot": "issue"
                }
            ], 
            "wiki_id": 2345894, 
            "wiki_title": "Social issue"
        }, 
        {
            "annotations": [
                {
                    "begin": 183, 
                    "end": 193, 
                    "score": 0.02601156011223793, 
                    "spot": "old wounds"
                }
            ], 
            "wiki_id": 45182164, 
            "wiki_title": "Old Wounds (album)"
        }, 
        {
            "annotations": [
                {
                    "begin": 167, 
                    "end": 172, 
                    "score": 0.09504619240760803, 
                    "spot": "still"
                }
            ], 
            "wiki_id": 430398, 
            "wiki_title": "Still"
        }, 
        {
            "annotations": [
                {
                    "begin": 138, 
                    "end": 142, 
                    "score": 0.09386523067951202, 
                    "spot": "city"
                }
            ], 
            "wiki_id": 2879687, 
            "wiki_title": "City (New Jersey)"
        }, 
        {
            "annotations": [
                {
                    "begin": 1437, 
                    "end": 1454, 
                    "score": 0.3692946135997772, 
                    "spot": "Harold Washington"
                }
            ], 
            "wiki_id": 40305, 
            "wiki_title": "Harold Washington"
        }, 
        {
            "annotations": [
                {
                    "begin": 2304, 
                    "end": 2307, 
                    "score": 0.12543103098869324, 
                    "spot": "who"
                }, 
                {
                    "begin": 2642, 
                    "end": 2645, 
                    "score": 0.1021801233291626, 
                    "spot": "who"
                }
            ], 
            "wiki_id": 36517, 
            "wiki_title": "The Who"
        }, 
        {
            "annotations": [
                {
                    "begin": 2657, 
                    "end": 2665, 
                    "score": 0.7066274881362915, 
                    "spot": "the sign"
                }
            ], 
            "wiki_id": 1712219, 
            "wiki_title": "The Sign (song)"
        }, 
        {
            "annotations": [
                {
                    "begin": 2552, 
                    "end": 2561, 
                    "score": 0.036222122609615326, 
                    "spot": "testified"
                }, 
                {
                    "begin": 2710, 
                    "end": 2719, 
                    "score": 0.076421357691288, 
                    "spot": "testified"
                }
            ], 
            "wiki_id": 75696, 
            "wiki_title": "Testimony"
        }, 
        {
            "annotations": [
                {
                    "begin": 1039, 
                    "end": 1042, 
                    "score": 0.0017393865855410695, 
                    "spot": "end"
                }
            ], 
            "wiki_id": 20892116, 
            "wiki_title": "The E.N.D"
        }, 
        {
            "annotations": [
                {
                    "begin": 3004, 
                    "end": 3008, 
                    "score": 0.13118122518062592, 
                    "spot": "head"
                }
            ], 
            "wiki_id": 1803364, 
            "wiki_title": "Head-on collision"
        }, 
        {
            "annotations": [
                {
                    "begin": 2922, 
                    "end": 2943, 
                    "score": 0.03163016960024834, 
                    "spot": "Police\nSuperintendent"
                }
            ], 
            "wiki_id": 3627099, 
            "wiki_title": "Superintendent (police)"
        }, 
        {
            "annotations": [
                {
                    "begin": 3098, 
                    "end": 3112, 
                    "score": 0.031035475432872772, 
                    "spot": "superintendent"
                }
            ], 
            "wiki_id": 2855844, 
            "wiki_title": "Building superintendent"
        }, 
        {
            "annotations": [
                {
                    "begin": 742, 
                    "end": 748, 
                    "score": 0.1889827847480774, 
                    "spot": "racism"
                }, 
                {
                    "begin": 788, 
                    "end": 794, 
                    "score": 0.15898120403289795, 
                    "spot": "racial"
                }, 
                {
                    "begin": 2059, 
                    "end": 2073, 
                    "score": 0.053670745342969894, 
                    "spot": "race\nrelations"
                }
            ], 
            "wiki_id": 2162835, 
            "wiki_title": "Racism in the United States"
        }, 
        {
            "annotations": [
                {
                    "begin": 1262, 
                    "end": 1275, 
                    "score": 0.0017058377852663398, 
                    "spot": "irresponsible"
                }
            ], 
            "wiki_id": 16305475, 
            "wiki_title": "Stargate Atlantis (season 3)"
        }, 
        {
            "annotations": [
                {
                    "begin": 2567, 
                    "end": 2570, 
                    "score": 0.0006853084196336567, 
                    "spot": "she"
                }
            ], 
            "wiki_id": 2330347, 
            "wiki_title": "She (Green Day song)"
        }, 
        {
            "annotations": [
                {
                    "begin": 801, 
                    "end": 811, 
                    "score": 0.05483714118599892, 
                    "spot": "resurfaced"
                }
            ], 
            "wiki_id": 241387, 
            "wiki_title": "Road surface"
        }, 
        {
            "annotations": [
                {
                    "begin": 1777, 
                    "end": 1784, 
                    "score": 0.08847098052501678, 
                    "spot": "problem"
                }
            ], 
            "wiki_id": 42604958, 
            "wiki_title": "Problem (Ariana Grande song)"
        }, 
        {
            "annotations": [
                {
                    "begin": 1381, 
                    "end": 1388, 
                    "score": 0.001825372688472271, 
                    "spot": "filling"
                }
            ], 
            "wiki_id": 1078092, 
            "wiki_title": "Dental restoration"
        }, 
        {
            "annotations": [
                {
                    "begin": 3200, 
                    "end": 3205, 
                    "score": 0.0013730735518038273, 
                    "spot": "wrong"
                }
            ], 
            "wiki_id": 20809766, 
            "wiki_title": "Wrong (Depeche Mode song)"
        }, 
        {
            "annotations": [
                {
                    "begin": 1621, 
                    "end": 1627, 
                    "score": 0.005139817483723164, 
                    "spot": "I will"
                }
            ], 
            "wiki_id": 2246724, 
            "wiki_title": "I Will"
        }, 
        {
            "annotations": [
                {
                    "begin": 1921, 
                    "end": 1927, 
                    "score": 0.0010994697222486138, 
                    "spot": "fueled"
                }
            ], 
            "wiki_id": 23574219, 
            "wiki_title": "Fueled"
        }, 
        {
            "annotations": [
                {
                    "begin": 2847, 
                    "end": 2855, 
                    "score": 0.002278338186442852, 
                    "spot": "attacked"
                }
            ], 
            "wiki_id": 3249996, 
            "wiki_title": "Battle of Quebec (1690)"
        }, 
        {
            "annotations": [
                {
                    "begin": 198, 
                    "end": 214, 
                    "score": 0.7041865587234497, 
                    "spot": "Richard M. Daley"
                }, 
                {
                    "begin": 1706, 
                    "end": 1711, 
                    "score": 0.20027223229408264, 
                    "spot": "Daley"
                }
            ], 
            "wiki_id": 40222, 
            "wiki_title": "Richard M. Daley"
        }, 
        {
            "annotations": [
                {
                    "begin": 1720, 
                    "end": 1728, 
                    "score": 0.011019243858754635, 
                    "spot": "Everyone"
                }
            ], 
            "wiki_id": 10858841, 
            "wiki_title": "Video game content rating system"
        }, 
        {
            "annotations": [
                {
                    "begin": 611, 
                    "end": 618, 
                    "score": 0.22853657603263855, 
                    "spot": "Cabinet"
                }
            ], 
            "wiki_id": 32187890, 
            "wiki_title": "Cabinet (government)"
        }, 
        {
            "annotations": [
                {
                    "begin": 1362, 
                    "end": 1370, 
                    "score": 0.1335514336824417, 
                    "spot": "election"
                }
            ], 
            "wiki_id": 155434, 
            "wiki_title": "By-election"
        }, 
        {
            "annotations": [
                {
                    "begin": 1308, 
                    "end": 1319, 
                    "score": 0.11199164390563965, 
                    "spot": "politicians"
                }
            ], 
            "wiki_id": 31726, 
            "wiki_title": "Politics of the United Kingdom"
        }, 
        {
            "annotations": [
                {
                    "begin": 425, 
                    "end": 432, 
                    "score": 0.10921557992696762, 
                    "spot": "younger"
                }
            ], 
            "wiki_id": 75150, 
            "wiki_title": "Seneca the Younger"
        }, 
        {
            "annotations": [
                {
                    "begin": 1841, 
                    "end": 1843, 
                    "score": 0.1256095916032791, 
                    "spot": "up"
                }, 
                {
                    "begin": 2782, 
                    "end": 2784, 
                    "score": 0.023598143830895424, 
                    "spot": "up"
                }
            ], 
            "wiki_id": 190490, 
            "wiki_title": "University of the Philippines"
        }, 
        {
            "annotations": [
                {
                    "begin": 96, 
                    "end": 107, 
                    "score": 0.19422678649425507, 
                    "spot": "segregation"
                }
            ], 
            "wiki_id": 26316, 
            "wiki_title": "Racial segregation"
        }, 
        {
            "annotations": [
                {
                    "begin": 1023, 
                    "end": 1035, 
                    "score": 0.004435483831912279, 
                    "spot": "in this city"
                }
            ], 
            "wiki_id": 19757118, 
            "wiki_title": "In This City (Iglu &amp; Hartly song)"
        }, 
        {
            "annotations": [
                {
                    "begin": 4, 
                    "end": 12, 
                    "score": 0.0007121695671230555, 
                    "spot": "Two days"
                }, 
                {
                    "begin": 825, 
                    "end": 833, 
                    "score": 0.0007121695671230555, 
                    "spot": "two days"
                }
            ], 
            "wiki_id": 6629327, 
            "wiki_title": "Two-A-Days"
        }, 
        {
            "annotations": [
                {
                    "begin": 3179, 
                    "end": 3188, 
                    "score": 0.0014150943607091904, 
                    "spot": "defend it"
                }
            ], 
            "wiki_id": 39864718, 
            "wiki_title": "Defend It"
        }, 
        {
            "annotations": [
                {
                    "begin": 2097, 
                    "end": 2106, 
                    "score": 0.08268484473228455, 
                    "spot": "divisions"
                }
            ], 
            "wiki_id": 19294750, 
            "wiki_title": "Phylum"
        }, 
        {
            "annotations": [
                {
                    "begin": 2673, 
                    "end": 2685, 
                    "score": 0.5, 
                    "spot": "Ku Klux Klan"
                }
            ], 
            "wiki_id": 16779, 
            "wiki_title": "Ku Klux Klan"
        }, 
        {
            "annotations": [
                {
                    "begin": 1191, 
                    "end": 1198, 
                    "score": 0.021514274179935455, 
                    "spot": "getting"
                }, 
                {
                    "begin": 1243, 
                    "end": 1250, 
                    "score": 0.021514274179935455, 
                    "spot": "getting"
                }
            ], 
            "wiki_id": 40224738, 
            "wiki_title": "Getting On (U.S. TV series)"
        }, 
        {
            "annotations": [
                {
                    "begin": 1031, 
                    "end": 1035, 
                    "score": 0.0339648500084877, 
                    "spot": "city"
                }
            ], 
            "wiki_id": 234044, 
            "wiki_title": "City (TV network)"
        }, 
        {
            "annotations": [
                {
                    "begin": 2626, 
                    "end": 2632, 
                    "score": 0.2325388342142105, 
                    "spot": "police"
                }, 
                {
                    "begin": 2626, 
                    "end": 2641, 
                    "score": 0.32810842990875244, 
                    "spot": "police officers"
                }, 
                {
                    "begin": 3017, 
                    "end": 3023, 
                    "score": 0.2509344816207886, 
                    "spot": "police"
                }, 
                {
                    "begin": 3017, 
                    "end": 3034, 
                    "score": 0.3596436679363251, 
                    "spot": "police department"
                }, 
                {
                    "begin": 3048, 
                    "end": 3054, 
                    "score": 0.3299528956413269, 
                    "spot": "police"
                }, 
                {
                    "begin": 3048, 
                    "end": 3065, 
                    "score": 0.3229023516178131, 
                    "spot": "police\ndepartment"
                }, 
                {
                    "begin": 3141, 
                    "end": 3147, 
                    "score": 0.224953755736351, 
                    "spot": "police"
                }, 
                {
                    "begin": 3141, 
                    "end": 3158, 
                    "score": 0.32067254185676575, 
                    "spot": "police department"
                }
            ], 
            "wiki_id": 23627, 
            "wiki_title": "Police"
        }, 
        {
            "annotations": [
                {
                    "begin": 1687, 
                    "end": 1702, 
                    "score": 0.3370792269706726, 
                    "spot": "city of Chicago"
                }, 
                {
                    "begin": 1695, 
                    "end": 1702, 
                    "score": 0.5148552656173706, 
                    "spot": "Chicago"
                }, 
                {
                    "begin": 1909, 
                    "end": 1916, 
                    "score": 0.20001934468746185, 
                    "spot": "Chicago"
                }, 
                {
                    "begin": 2126, 
                    "end": 2133, 
                    "score": 0.1741565614938736, 
                    "spot": "Chicago"
                }
            ], 
            "wiki_id": 6886, 
            "wiki_title": "Chicago"
        }, 
        {
            "annotations": [
                {
                    "begin": 33, 
                    "end": 41, 
                    "score": 0.13265171647071838, 
                    "spot": "hearings"
                }, 
                {
                    "begin": 845, 
                    "end": 853, 
                    "score": 0.21209058165550232, 
                    "spot": "hearings"
                }, 
                {
                    "begin": 2267, 
                    "end": 2275, 
                    "score": 0.003745072288438678, 
                    "spot": "hearings"
                }
            ], 
            "wiki_id": 1097011, 
            "wiki_title": "Hearing (law)"
        }, 
        {
            "annotations": [
                {
                    "begin": 1043, 
                    "end": 1049, 
                    "score": 0.15493500232696533, 
                    "spot": "racism"
                }, 
                {
                    "begin": 1899, 
                    "end": 1905, 
                    "score": 0.2516631484031677, 
                    "spot": "racism"
                }
            ], 
            "wiki_id": 25613, 
            "wiki_title": "Racism"
        }, 
        {
            "annotations": [
                {
                    "begin": 2276, 
                    "end": 2284, 
                    "score": 0.009437070228159428, 
                    "spot": "Thursday"
                }
            ], 
            "wiki_id": 54633, 
            "wiki_title": "Thursday"
        }, 
        {
            "annotations": [
                {
                    "begin": 702, 
                    "end": 705, 
                    "score": 0.026197850704193115, 
                    "spot": "say"
                }
            ], 
            "wiki_id": 46789, 
            "wiki_title": "Jean-Baptiste Say"
        }, 
        {
            "annotations": [
                {
                    "begin": 2579, 
                    "end": 2587, 
                    "score": 0.0009956586873158813, 
                    "spot": "daughter"
                }
            ], 
            "wiki_id": 74390, 
            "wiki_title": "Decay product"
        }, 
        {
            "annotations": [
                {
                    "begin": 233, 
                    "end": 240, 
                    "score": 0.0009276437922380865, 
                    "spot": "April 4"
                }
            ], 
            "wiki_id": 1644635, 
            "wiki_title": "April 4 (Eastern Orthodox liturgics)"
        }, 
        {
            "annotations": [
                {
                    "begin": 1165, 
                    "end": 1170, 
                    "score": 0.04112172871828079, 
                    "spot": "stuff"
                }
            ], 
            "wiki_id": 6599113, 
            "wiki_title": "Stuff (cloth)"
        }, 
        {
            "annotations": [
                {
                    "begin": 812, 
                    "end": 816, 
                    "score": 0.0010033606085926294, 
                    "spot": "last"
                }, 
                {
                    "begin": 1796, 
                    "end": 1800, 
                    "score": 0.0010033606085926294, 
                    "spot": "last"
                }
            ], 
            "wiki_id": 39078347, 
            "wiki_title": "Peter R. Last"
        }, 
        {
            "annotations": [
                {
                    "begin": 255, 
                    "end": 260, 
                    "score": 0.10863706469535828, 
                    "spot": "black"
                }, 
                {
                    "begin": 520, 
                    "end": 525, 
                    "score": 0.11002690345048904, 
                    "spot": "black"
                }, 
                {
                    "begin": 684, 
                    "end": 689, 
                    "score": 0.04013824462890625, 
                    "spot": "black"
                }, 
                {
                    "begin": 1302, 
                    "end": 1307, 
                    "score": 0.1410587877035141, 
                    "spot": "black"
                }
            ], 
            "wiki_id": 4745, 
            "wiki_title": "Black people"
        }, 
        {
            "annotations": [
                {
                    "begin": 2437, 
                    "end": 2449, 
                    "score": 0.2553213834762573, 
                    "spot": "intimidation"
                }
            ], 
            "wiki_id": 494675, 
            "wiki_title": "Intimidation"
        }, 
        {
            "annotations": [
                {
                    "begin": 115, 
                    "end": 121, 
                    "score": 0.09844886511564255, 
                    "spot": "nation"
                }
            ], 
            "wiki_id": 21754, 
            "wiki_title": "Nation"
        }, 
        {
            "annotations": [
                {
                    "begin": 16, 
                    "end": 24, 
                    "score": 0.12658795714378357, 
                    "spot": "racially"
                }, 
                {
                    "begin": 2090, 
                    "end": 2096, 
                    "score": 0.22458679974079132, 
                    "spot": "racial"
                }, 
                {
                    "begin": 2474, 
                    "end": 2480, 
                    "score": 0.2301417887210846, 
                    "spot": "racial"
                }
            ], 
            "wiki_id": 25614, 
            "wiki_title": "Race (human categorization)"
        }, 
        {
            "annotations": [
                {
                    "begin": 2481, 
                    "end": 2486, 
                    "score": 0.2545446455478668, 
                    "spot": "slurs"
                }
            ], 
            "wiki_id": 23658801, 
            "wiki_title": "Pejorative"
        }, 
        {
            "annotations": [
                {
                    "begin": 2812, 
                    "end": 2817, 
                    "score": 0.2728557586669922, 
                    "spot": "white"
                }
            ], 
            "wiki_id": 2495537, 
            "wiki_title": "White Americans"
        }, 
        {
            "annotations": [
                {
                    "begin": 866, 
                    "end": 878, 
                    "score": 0.2789023816585541, 
                    "spot": "City Council"
                }
            ], 
            "wiki_id": 225016, 
            "wiki_title": "City council"
        }, 
        {
            "annotations": [
                {
                    "begin": 3162, 
                    "end": 3170, 
                    "score": 0.11855042725801468, 
                    "spot": "attacked"
                }
            ], 
            "wiki_id": 2185939, 
            "wiki_title": "7 July 2005 London bombings"
        }, 
        {
            "annotations": [
                {
                    "begin": 2161, 
                    "end": 2174, 
                    "score": 0.006830601021647453, 
                    "spot": "place to live"
                }
            ], 
            "wiki_id": 18705980, 
            "wiki_title": "A Place to Live"
        }, 
        {
            "annotations": [
                {
                    "begin": 1236, 
                    "end": 1242, 
                    "score": 0.024147726595401764, 
                    "spot": "what's"
                }
            ], 
            "wiki_id": 6729234, 
            "wiki_title": "What's On"
        }, 
        {
            "annotations": [
                {
                    "begin": 637, 
                    "end": 640, 
                    "score": 0.0009024579776450992, 
                    "spot": "now"
                }
            ], 
            "wiki_id": 8536948, 
            "wiki_title": "National Organization for Women"
        }, 
        {
            "annotations": [
                {
                    "begin": 1456, 
                    "end": 1464, 
                    "score": 0.3125, 
                    "spot": "the city"
                }, 
                {
                    "begin": 1683, 
                    "end": 1691, 
                    "score": 0.35499557852745056, 
                    "spot": "the city"
                }, 
                {
                    "begin": 1970, 
                    "end": 1978, 
                    "score": 0.41195303201675415, 
                    "spot": "the city"
                }, 
                {
                    "begin": 2048, 
                    "end": 2056, 
                    "score": 0.3125, 
                    "spot": "the city"
                }, 
                {
                    "begin": 2199, 
                    "end": 2207, 
                    "score": 0.3125, 
                    "spot": "the city"
                }, 
                {
                    "begin": 2250, 
                    "end": 2258, 
                    "score": 0.4231700301170349, 
                    "spot": "the City"
                }
            ], 
            "wiki_id": 149109, 
            "wiki_title": "Carole King"
        }, 
        {
            "annotations": [
                {
                    "begin": 1885, 
                    "end": 1891, 
                    "score": 0.14899638295173645, 
                    "spot": "report"
                }
            ], 
            "wiki_id": 455350, 
            "wiki_title": "School discipline"
        }, 
        {
            "annotations": [
                {
                    "begin": 1576, 
                    "end": 1585, 
                    "score": 0.125096395611763, 
                    "spot": "denounced"
                }
            ], 
            "wiki_id": 30432, 
            "wiki_title": "Treaty"
        }, 
        {
            "annotations": [
                {
                    "begin": 143, 
                    "end": 147, 
                    "score": 0.028954898938536644, 
                    "spot": "show"
                }
            ], 
            "wiki_id": 1139577, 
            "wiki_title": "Agricultural show"
        }, 
        {
            "annotations": [
                {
                    "begin": 2003, 
                    "end": 2009, 
                    "score": 0.08485224843025208, 
                    "spot": "report"
                }
            ], 
            "wiki_id": 44960129, 
            "wiki_title": "List of Goods Produced by Child Labor or Forced Labor"
        }, 
        {
            "annotations": [
                {
                    "begin": 1825, 
                    "end": 1835, 
                    "score": 0.019807174801826477, 
                    "spot": "task force"
                }
            ], 
            "wiki_id": 205394, 
            "wiki_title": "Task force"
        }, 
        {
            "annotations": [
                {
                    "begin": 2289, 
                    "end": 2295, 
                    "score": 0.006413811352103949, 
                    "spot": "Friday"
                }
            ], 
            "wiki_id": 38252, 
            "wiki_title": "Radiohead"
        }, 
        {
            "annotations": [
                {
                    "begin": 483, 
                    "end": 489, 
                    "score": 0.08760101348161697, 
                    "spot": "spring"
                }
            ], 
            "wiki_id": 316532, 
            "wiki_title": "Spring (season)"
        }, 
        {
            "annotations": [
                {
                    "begin": 2422, 
                    "end": 2427, 
                    "score": 0.16801206767559052, 
                    "spot": "false"
                }
            ], 
            "wiki_id": 6725068, 
            "wiki_title": "Falsity"
        }, 
        {
            "annotations": [
                {
                    "begin": 772, 
                    "end": 776, 
                    "score": 0.002251984318718314, 
                    "spot": "stop"
                }
            ], 
            "wiki_id": 557643, 
            "wiki_title": "Stop sign"
        }, 
        {
            "annotations": [
                {
                    "begin": 2944, 
                    "end": 2956, 
                    "score": 0.1666666716337204, 
                    "spot": "LeRoy Martin"
                }
            ], 
            "wiki_id": 40536581, 
            "wiki_title": "LeRoy Martin"
        }, 
        {
            "annotations": [
                {
                    "begin": 156, 
                    "end": 161, 
                    "score": 0.0898391529917717, 
                    "spot": "mayor"
                }, 
                {
                    "begin": 227, 
                    "end": 232, 
                    "score": 0.08743753284215927, 
                    "spot": "mayor"
                }, 
                {
                    "begin": 710, 
                    "end": 715, 
                    "score": 0.11111047118902206, 
                    "spot": "mayor"
                }
            ], 
            "wiki_id": 101146, 
            "wiki_title": "Mayor"
        }, 
        {
            "annotations": [
                {
                    "begin": 1664, 
                    "end": 1668, 
                    "score": 0.46381765604019165, 
                    "spot": "bias"
                }
            ], 
            "wiki_id": 40786, 
            "wiki_title": "Bias"
        }, 
        {
            "annotations": [
                {
                    "begin": 719, 
                    "end": 729, 
                    "score": 0.07975924760103226, 
                    "spot": "indirectly"
                }
            ], 
            "wiki_id": 652583, 
            "wiki_title": "Indirect election"
        }, 
        {
            "annotations": [
                {
                    "begin": 2614, 
                    "end": 2619, 
                    "score": 0.045916151255369186, 
                    "spot": "seven"
                }
            ], 
            "wiki_id": 1065956, 
            "wiki_title": "Seventh grade"
        }, 
        {
            "annotations": [
                {
                    "begin": 2520, 
                    "end": 2531, 
                    "score": 0.12209813296794891, 
                    "spot": "grandmother"
                }
            ], 
            "wiki_id": 787971, 
            "wiki_title": "Grandparent"
        }, 
        {
            "annotations": [
                {
                    "begin": 2696, 
                    "end": 2704, 
                    "score": 0.5054154992103577, 
                    "spot": "teen-age"
                }, 
                {
                    "begin": 2696, 
                    "end": 2709, 
                    "score": 0.39260467886924744, 
                    "spot": "teen-age boys"
                }
            ], 
            "wiki_id": 83859, 
            "wiki_title": "Adolescence"
        }, 
        {
            "annotations": [
                {
                    "begin": 1372, 
                    "end": 1377, 
                    "score": 0.04576399549841881, 
                    "spot": "Daley"
                }
            ], 
            "wiki_id": 2443227, 
            "wiki_title": null
        }, 
        {
            "annotations": [
                {
                    "begin": 1809, 
                    "end": 1824, 
                    "score": 0.01975416950881481, 
                    "spot": "human relations"
                }
            ], 
            "wiki_id": 161744, 
            "wiki_title": "Interpersonal relationship"
        }, 
        {
            "annotations": [
                {
                    "begin": 545, 
                    "end": 552, 
                    "score": 0.20003163814544678, 
                    "spot": "primary"
                }
            ], 
            "wiki_id": 169131, 
            "wiki_title": "Primary election"
        }
    ]
}