{
    "tagme": [
        {
            "annotations": [
                {
                    "begin": 534, 
                    "end": 541, 
                    "score": 0.0022568795830011368, 
                    "spot": "qualify"
                }
            ], 
            "wiki_id": 46901920, 
            "wiki_title": "Qualify (horse)"
        }, 
        {
            "annotations": [
                {
                    "begin": 591, 
                    "end": 598, 
                    "score": 0.1965498924255371, 
                    "spot": "enacted"
                }
            ], 
            "wiki_id": 208645, 
            "wiki_title": "Promulgation"
        }, 
        {
            "annotations": [
                {
                    "begin": 1143, 
                    "end": 1152, 
                    "score": 0.10289306938648224, 
                    "spot": "violation"
                }, 
                {
                    "begin": 1524, 
                    "end": 1531, 
                    "score": 0.19048377871513367, 
                    "spot": "illegal"
                }
            ], 
            "wiki_id": 5785, 
            "wiki_title": "Crime"
        }, 
        {
            "annotations": [
                {
                    "begin": 249, 
                    "end": 256, 
                    "score": 0.3302672505378723, 
                    "spot": "firearm"
                }, 
                {
                    "begin": 1139, 
                    "end": 1142, 
                    "score": 0.21260417997837067, 
                    "spot": "gun"
                }, 
                {
                    "begin": 1548, 
                    "end": 1551, 
                    "score": 0.20267899334430695, 
                    "spot": "gun"
                }, 
                {
                    "begin": 1922, 
                    "end": 1929, 
                    "score": 0.22468839585781097, 
                    "spot": "firearm"
                }
            ], 
            "wiki_id": 11966, 
            "wiki_title": "Firearm"
        }, 
        {
            "annotations": [
                {
                    "begin": 211, 
                    "end": 220, 
                    "score": 0.09714857488870621, 
                    "spot": "dismissed"
                }, 
                {
                    "begin": 1721, 
                    "end": 1738, 
                    "score": 0.07575757801532745, 
                    "spot": "motion to dismiss"
                }
            ], 
            "wiki_id": 465051, 
            "wiki_title": "Motion in United States law"
        }, 
        {
            "annotations": [
                {
                    "begin": 904, 
                    "end": 912, 
                    "score": 0.09958169609308243, 
                    "spot": "appealed"
                }
            ], 
            "wiki_id": 35925403, 
            "wiki_title": "Appeal"
        }, 
        {
            "annotations": [
                {
                    "begin": 125, 
                    "end": 130, 
                    "score": 0.12572252750396729, 
                    "spot": "judge"
                }
            ], 
            "wiki_id": 70235, 
            "wiki_title": "United States district court"
        }, 
        {
            "annotations": [
                {
                    "begin": 1345, 
                    "end": 1353, 
                    "score": 0.07270455360412598, 
                    "spot": "declared"
                }
            ], 
            "wiki_id": 14696, 
            "wiki_title": "Israeli Declaration of Independence"
        }, 
        {
            "annotations": [
                {
                    "begin": 1511, 
                    "end": 1515, 
                    "score": 0.052633073180913925, 
                    "spot": "well"
                }
            ], 
            "wiki_id": 198570, 
            "wiki_title": "Oil well"
        }, 
        {
            "annotations": [
                {
                    "begin": 833, 
                    "end": 849, 
                    "score": 0.1748020350933075, 
                    "spot": "Attorney General"
                }
            ], 
            "wiki_id": 54376, 
            "wiki_title": "Attorney general"
        }, 
        {
            "annotations": [
                {
                    "begin": 292, 
                    "end": 302, 
                    "score": 0.23601336777210236, 
                    "spot": "Cumberland"
                }
            ], 
            "wiki_id": 93447, 
            "wiki_title": "Cumberland County, New Jersey"
        }, 
        {
            "annotations": [
                {
                    "begin": 411, 
                    "end": 416, 
                    "score": 0.18563072383403778, 
                    "spot": "judge"
                }
            ], 
            "wiki_id": 44719, 
            "wiki_title": "Judge"
        }, 
        {
            "annotations": [
                {
                    "begin": 890, 
                    "end": 894, 
                    "score": 0.10098455846309662, 
                    "spot": "case"
                }
            ], 
            "wiki_id": 1704112, 
            "wiki_title": "Legal case"
        }, 
        {
            "annotations": [
                {
                    "begin": 948, 
                    "end": 955, 
                    "score": 0.014135167934000492, 
                    "spot": "Justice"
                }
            ], 
            "wiki_id": 52563, 
            "wiki_title": "United States Department of Justice"
        }, 
        {
            "annotations": [
                {
                    "begin": 1576, 
                    "end": 1585, 
                    "score": 0.17852452397346497, 
                    "spot": "convicted"
                }
            ], 
            "wiki_id": 146762, 
            "wiki_title": "Conviction"
        }, 
        {
            "annotations": [
                {
                    "begin": 996, 
                    "end": 1014, 
                    "score": 0.4736842215061188, 
                    "spot": "Maine constitution"
                }
            ], 
            "wiki_id": 11445376, 
            "wiki_title": "Constitution of Maine"
        }, 
        {
            "annotations": [
                {
                    "begin": 980, 
                    "end": 985, 
                    "score": 0.0013730735518038273, 
                    "spot": "wrong"
                }
            ], 
            "wiki_id": 35314883, 
            "wiki_title": "Wrong (film)"
        }, 
        {
            "annotations": [
                {
                    "begin": 1083, 
                    "end": 1090, 
                    "score": 0.16836272180080414, 
                    "spot": "defense"
                }, 
                {
                    "begin": 1181, 
                    "end": 1188, 
                    "score": 0.16624625027179718, 
                    "spot": "defense"
                }
            ], 
            "wiki_id": 92357, 
            "wiki_title": "Military"
        }, 
        {
            "annotations": [
                {
                    "begin": 1291, 
                    "end": 1297, 
                    "score": 0.06456632167100906, 
                    "spot": "voters"
                }
            ], 
            "wiki_id": 99860, 
            "wiki_title": "Voting"
        }, 
        {
            "annotations": [
                {
                    "begin": 437, 
                    "end": 446, 
                    "score": 0.19211268424987793, 
                    "spot": "amendment"
                }, 
                {
                    "begin": 725, 
                    "end": 734, 
                    "score": 0.005888329353183508, 
                    "spot": "amendment"
                }
            ], 
            "wiki_id": 18949668, 
            "wiki_title": "Law"
        }, 
        {
            "annotations": [
                {
                    "begin": 503, 
                    "end": 511, 
                    "score": 0.14517742395401, 
                    "spot": "citizens"
                }, 
                {
                    "begin": 1363, 
                    "end": 1370, 
                    "score": 0.24063383042812347, 
                    "spot": "citizen"
                }
            ], 
            "wiki_id": 6784, 
            "wiki_title": "Citizenship"
        }, 
        {
            "annotations": [
                {
                    "begin": 522, 
                    "end": 530, 
                    "score": 0.0005122294533066452, 
                    "spot": "restrict"
                }
            ], 
            "wiki_id": 8869115, 
            "wiki_title": "Restrict"
        }, 
        {
            "annotations": [
                {
                    "begin": 233, 
                    "end": 243, 
                    "score": 0.1105002611875534, 
                    "spot": "possession"
                }, 
                {
                    "begin": 1532, 
                    "end": 1542, 
                    "score": 0.14510704576969147, 
                    "spot": "possession"
                }
            ], 
            "wiki_id": 24189, 
            "wiki_title": "Possession (law)"
        }, 
        {
            "annotations": [
                {
                    "begin": 182, 
                    "end": 189, 
                    "score": 0.10247363895177841, 
                    "spot": "Stephen"
                }
            ], 
            "wiki_id": 26954, 
            "wiki_title": "Stephen King"
        }, 
        {
            "annotations": [
                {
                    "begin": 1596, 
                    "end": 1601, 
                    "score": 0.1697266399860382, 
                    "spot": "state"
                }
            ], 
            "wiki_id": 28151, 
            "wiki_title": "State (polity)"
        }, 
        {
            "annotations": [
                {
                    "begin": 1704, 
                    "end": 1711, 
                    "score": 0.03783135116100311, 
                    "spot": "Perkins"
                }
            ], 
            "wiki_id": 491403, 
            "wiki_title": "William Perkins (theologian)"
        }, 
        {
            "annotations": [
                {
                    "begin": 351, 
                    "end": 358, 
                    "score": 0.0007432181155309081, 
                    "spot": "backers"
                }
            ], 
            "wiki_id": 14851783, 
            "wiki_title": "Americus Backers"
        }, 
        {
            "annotations": [
                {
                    "begin": 307, 
                    "end": 318, 
                    "score": 0.20428800582885742, 
                    "spot": "Prosecutors"
                }
            ], 
            "wiki_id": 440936, 
            "wiki_title": "Prosecutor"
        }, 
        {
            "annotations": [
                {
                    "begin": 1467, 
                    "end": 1474, 
                    "score": 0.1822529286146164, 
                    "spot": "accused"
                }
            ], 
            "wiki_id": 14559, 
            "wiki_title": "Indictment"
        }, 
        {
            "annotations": [
                {
                    "begin": 616, 
                    "end": 625, 
                    "score": 0.0011737548047676682, 
                    "spot": "provision"
                }
            ], 
            "wiki_id": 8879931, 
            "wiki_title": "Provision (accounting)"
        }, 
        {
            "annotations": [
                {
                    "begin": 193, 
                    "end": 200, 
                    "score": 0.11557991057634354, 
                    "spot": "Perkins"
                }
            ], 
            "wiki_id": 333680, 
            "wiki_title": "Elizabeth Perkins"
        }, 
        {
            "annotations": [
                {
                    "begin": 422, 
                    "end": 429, 
                    "score": 0.08374759554862976, 
                    "spot": "nothing"
                }
            ], 
            "wiki_id": 72197, 
            "wiki_title": "Nothing"
        }, 
        {
            "annotations": [
                {
                    "begin": 478, 
                    "end": 480, 
                    "score": 0.0010810111416503787, 
                    "spot": "If"
                }
            ], 
            "wiki_id": 658808, 
            "wiki_title": "Material conditional"
        }, 
        {
            "annotations": [
                {
                    "begin": 747, 
                    "end": 752, 
                    "score": 0.001970157027244568, 
                    "spot": "broad"
                }
            ], 
            "wiki_id": 1977670, 
            "wiki_title": "Broad River (Carolinas)"
        }, 
        {
            "annotations": [
                {
                    "begin": 1414, 
                    "end": 1419, 
                    "score": 0.13563446700572968, 
                    "spot": "right"
                }
            ], 
            "wiki_id": 51490, 
            "wiki_title": "Rights"
        }, 
        {
            "annotations": [
                {
                    "begin": 1642, 
                    "end": 1655, 
                    "score": 0.08089786022901535, 
                    "spot": "motor vehicle"
                }
            ], 
            "wiki_id": 145095, 
            "wiki_title": "Motor vehicle"
        }, 
        {
            "annotations": [
                {
                    "begin": 763, 
                    "end": 774, 
                    "score": 0.0013865779619663954, 
                    "spot": "restrictive"
                }
            ], 
            "wiki_id": 302644, 
            "wiki_title": "Restrictiveness"
        }, 
        {
            "annotations": [
                {
                    "begin": 42, 
                    "end": 52, 
                    "score": 0.0011887779692187905, 
                    "spot": "broadening"
                }
            ], 
            "wiki_id": 177320, 
            "wiki_title": "Spectral line"
        }, 
        {
            "annotations": [
                {
                    "begin": 1110, 
                    "end": 1129, 
                    "score": 0.28260868787765503, 
                    "spot": "Maine Supreme Court"
                }
            ], 
            "wiki_id": 2182795, 
            "wiki_title": "Maine Supreme Judicial Court"
        }, 
        {
            "annotations": [
                {
                    "begin": 141, 
                    "end": 158, 
                    "score": 0.5118328332901001, 
                    "spot": "Cumberland County"
                }
            ], 
            "wiki_id": 93320, 
            "wiki_title": "Cumberland County, North Carolina"
        }, 
        {
            "annotations": [
                {
                    "begin": 1023, 
                    "end": 1033, 
                    "score": 0.002590841380879283, 
                    "spot": "guaranteed"
                }
            ], 
            "wiki_id": 9922309, 
            "wiki_title": "Guaranteed (Level 42 album)"
        }, 
        {
            "annotations": [
                {
                    "begin": 481, 
                    "end": 486, 
                    "score": 0.28161168098449707, 
                    "spot": "Maine"
                }, 
                {
                    "begin": 689, 
                    "end": 694, 
                    "score": 0.36834484338760376, 
                    "spot": "Maine"
                }
            ], 
            "wiki_id": 19977, 
            "wiki_title": "Maine"
        }, 
        {
            "annotations": [
                {
                    "begin": 276, 
                    "end": 288, 
                    "score": 0.08280254900455475, 
                    "spot": "Edward Brown"
                }
            ], 
            "wiki_id": 848654, 
            "wiki_title": "Edward Brown (Manitoba politician)"
        }, 
        {
            "annotations": [
                {
                    "begin": 601, 
                    "end": 615, 
                    "score": 0.199415922164917, 
                    "spot": "constitutional"
                }
            ], 
            "wiki_id": 5253, 
            "wiki_title": "Constitution"
        }, 
        {
            "annotations": [
                {
                    "begin": 174, 
                    "end": 181, 
                    "score": 0.04282952845096588, 
                    "spot": "Justice"
                }
            ], 
            "wiki_id": 16369, 
            "wiki_title": "Justice"
        }, 
        {
            "annotations": [
                {
                    "begin": 1841, 
                    "end": 1849, 
                    "score": 0.02014354057610035, 
                    "spot": "rational"
                }
            ], 
            "wiki_id": 63753, 
            "wiki_title": "Rationalism"
        }, 
        {
            "annotations": [
                {
                    "begin": 1666, 
                    "end": 1682, 
                    "score": 0.15709459781646729, 
                    "spot": "driver's license"
                }
            ], 
            "wiki_id": 39527321, 
            "wiki_title": "Driver's license"
        }, 
        {
            "annotations": [
                {
                    "begin": 92, 
                    "end": 108, 
                    "score": 0.3190761208534241, 
                    "spot": "convicted felons"
                }, 
                {
                    "begin": 102, 
                    "end": 108, 
                    "score": 0.2526944875717163, 
                    "spot": "felons"
                }, 
                {
                    "begin": 262, 
                    "end": 267, 
                    "score": 0.20039783418178558, 
                    "spot": "felon"
                }, 
                {
                    "begin": 383, 
                    "end": 389, 
                    "score": 0.22477200627326965, 
                    "spot": "felons"
                }
            ], 
            "wiki_id": 11293, 
            "wiki_title": "Felony"
        }, 
        {
            "annotations": [
                {
                    "begin": 1871, 
                    "end": 1876, 
                    "score": 0.13777455687522888, 
                    "spot": "Brown"
                }
            ], 
            "wiki_id": 7518888, 
            "wiki_title": "Brown (racial classification)"
        }, 
        {
            "annotations": [
                {
                    "begin": 512, 
                    "end": 518, 
                    "score": 0.06520149856805801, 
                    "spot": "wanted"
                }
            ], 
            "wiki_id": 406792, 
            "wiki_title": "Fugitive"
        }, 
        {
            "annotations": [
                {
                    "begin": 339, 
                    "end": 348, 
                    "score": 0.22194823622703552, 
                    "spot": "amendment"
                }
            ], 
            "wiki_id": 1511828, 
            "wiki_title": "Repeal"
        }, 
        {
            "annotations": [
                {
                    "begin": 965, 
                    "end": 967, 
                    "score": 0.0011683235643431544, 
                    "spot": "we"
                }
            ], 
            "wiki_id": 165128, 
            "wiki_title": "Royal we"
        }, 
        {
            "annotations": [
                {
                    "begin": 1076, 
                    "end": 1082, 
                    "score": 0.3303782641887665, 
                    "spot": "common"
                }, 
                {
                    "begin": 1174, 
                    "end": 1180, 
                    "score": 0.21402081847190857, 
                    "spot": "common"
                }
            ], 
            "wiki_id": 5254, 
            "wiki_title": "Common law"
        }, 
        {
            "annotations": [
                {
                    "begin": 1692, 
                    "end": 1699, 
                    "score": 0.0010542168747633696, 
                    "spot": "revoked"
                }
            ], 
            "wiki_id": 296365, 
            "wiki_title": "Revocation list"
        }, 
        {
            "annotations": [
                {
                    "begin": 1277, 
                    "end": 1285, 
                    "score": 0.04087900370359421, 
                    "spot": "language"
                }
            ], 
            "wiki_id": 17524, 
            "wiki_title": "Language"
        }, 
        {
            "annotations": [
                {
                    "begin": 204, 
                    "end": 210, 
                    "score": 0.006413811352103949, 
                    "spot": "Friday"
                }
            ], 
            "wiki_id": 58009, 
            "wiki_title": "Good Friday"
        }, 
        {
            "annotations": [
                {
                    "begin": 1782, 
                    "end": 1785, 
                    "score": 0.07896171510219574, 
                    "spot": "out"
                }
            ], 
            "wiki_id": 22310, 
            "wiki_title": "Outing"
        }, 
        {
            "annotations": [
                {
                    "begin": 800, 
                    "end": 805, 
                    "score": 0.15815278887748718, 
                    "spot": "state"
                }
            ], 
            "wiki_id": 58598, 
            "wiki_title": "State court (United States)"
        }, 
        {
            "annotations": [
                {
                    "begin": 653, 
                    "end": 665, 
                    "score": 0.039032287895679474, 
                    "spot": "restrictions"
                }
            ], 
            "wiki_id": 1105954, 
            "wiki_title": "United States embargo against Cuba"
        }, 
        {
            "annotations": [
                {
                    "begin": 1888, 
                    "end": 1898, 
                    "score": 0.135273277759552, 
                    "spot": "conviction"
                }
            ], 
            "wiki_id": 420724, 
            "wiki_title": "Verdict"
        }, 
        {
            "annotations": [
                {
                    "begin": 1604, 
                    "end": 1625, 
                    "score": 0.6189407706260681, 
                    "spot": "habitual offender law"
                }
            ], 
            "wiki_id": 615732, 
            "wiki_title": "Three-strikes law"
        }, 
        {
            "annotations": [
                {
                    "begin": 968, 
                    "end": 973, 
                    "score": 0.0019739822018891573, 
                    "spot": "think"
                }
            ], 
            "wiki_id": 173045, 
            "wiki_title": "Think Global"
        }, 
        {
            "annotations": [
                {
                    "begin": 11, 
                    "end": 41, 
                    "score": 0.5355330109596252, 
                    "spot": "state constitutional amendment"
                }, 
                {
                    "begin": 17, 
                    "end": 41, 
                    "score": 0.09043578803539276, 
                    "spot": "constitutional amendment"
                }, 
                {
                    "begin": 806, 
                    "end": 816, 
                    "score": 0.22124247252941132, 
                    "spot": "amendments"
                }, 
                {
                    "begin": 1335, 
                    "end": 1344, 
                    "score": 0.1130528599023819, 
                    "spot": "amendment"
                }
            ], 
            "wiki_id": 261586, 
            "wiki_title": "Constitutional amendment"
        }, 
        {
            "annotations": [
                {
                    "begin": 1604, 
                    "end": 1621, 
                    "score": 0.6259973049163818, 
                    "spot": "habitual offender"
                }
            ], 
            "wiki_id": 2400005, 
            "wiki_title": "Habitual offender"
        }, 
        {
            "annotations": [
                {
                    "begin": 397, 
                    "end": 401, 
                    "score": 0.1490711271762848, 
                    "spot": "guns"
                }, 
                {
                    "begin": 1790, 
                    "end": 1804, 
                    "score": 0.019999999552965164, 
                    "spot": "gun possession"
                }
            ], 
            "wiki_id": 12686, 
            "wiki_title": "Overview of gun laws by nation"
        }, 
        {
            "annotations": [
                {
                    "begin": 956, 
                    "end": 963, 
                    "score": 0.03783135116100311, 
                    "spot": "Perkins"
                }
            ], 
            "wiki_id": 98513, 
            "wiki_title": "Carl Perkins"
        }, 
        {
            "annotations": [
                {
                    "begin": 465, 
                    "end": 471, 
                    "score": 0.10890237241983414, 
                    "spot": "intent"
                }
            ], 
            "wiki_id": 3347504, 
            "wiki_title": "Intention (criminal law)"
        }, 
        {
            "annotations": [
                {
                    "begin": 850, 
                    "end": 855, 
                    "score": 0.007341467309743166, 
                    "spot": "James"
                }
            ], 
            "wiki_id": 224020, 
            "wiki_title": "James River"
        }, 
        {
            "annotations": [
                {
                    "begin": 223, 
                    "end": 229, 
                    "score": 0.0059742252342402935, 
                    "spot": "charge"
                }, 
                {
                    "begin": 1764, 
                    "end": 1770, 
                    "score": 0.12664732336997986, 
                    "spot": "charge"
                }, 
                {
                    "begin": 1805, 
                    "end": 1811, 
                    "score": 0.14056353271007538, 
                    "spot": "charge"
                }
            ], 
            "wiki_id": 474957, 
            "wiki_title": "Charge (warfare)"
        }, 
        {
            "annotations": [
                {
                    "begin": 1850, 
                    "end": 1860, 
                    "score": 0.0031917348969727755, 
                    "spot": "connection"
                }
            ], 
            "wiki_id": 706412, 
            "wiki_title": "Connection form"
        }, 
        {
            "annotations": [
                {
                    "begin": 669, 
                    "end": 676, 
                    "score": 0.15965300798416138, 
                    "spot": "Perkins"
                }
            ], 
            "wiki_id": 150512, 
            "wiki_title": "Perkins Township, Maine"
        }, 
        {
            "annotations": [
                {
                    "begin": 109, 
                    "end": 112, 
                    "score": 0.035635799169540405, 
                    "spot": "may"
                }
            ], 
            "wiki_id": 311205, 
            "wiki_title": "May 1968 events in France"
        }, 
        {
            "annotations": [
                {
                    "begin": 1478, 
                    "end": 1498, 
                    "score": 0.44833630323410034, 
                    "spot": "criminal threatening"
                }, 
                {
                    "begin": 1743, 
                    "end": 1763, 
                    "score": 0.5746795535087585, 
                    "spot": "criminal threatening"
                }
            ], 
            "wiki_id": 494675, 
            "wiki_title": "Intimidation"
        }, 
        {
            "annotations": [
                {
                    "begin": 1907, 
                    "end": 1916, 
                    "score": 0.08253256231546402, 
                    "spot": "ownership"
                }
            ], 
            "wiki_id": 213897, 
            "wiki_title": "Ownership"
        }, 
        {
            "annotations": [
                {
                    "begin": 1156, 
                    "end": 1164, 
                    "score": 0.0009524394990876317, 
                    "spot": "focusing"
                }
            ], 
            "wiki_id": 911776, 
            "wiki_title": "Focusing"
        }, 
        {
            "annotations": [
                {
                    "begin": 924, 
                    "end": 944, 
                    "score": 0.30603447556495667, 
                    "spot": "With all due respect"
                }, 
                {
                    "begin": 929, 
                    "end": 944, 
                    "score": 0.5270270109176636, 
                    "spot": "all due respect"
                }
            ], 
            "wiki_id": 44719210, 
            "wiki_title": "With All Due Respect (TV series)"
        }, 
        {
            "annotations": [
                {
                    "begin": 487, 
                    "end": 498, 
                    "score": 0.17947283387184143, 
                    "spot": "legislators"
                }, 
                {
                    "begin": 1216, 
                    "end": 1227, 
                    "score": 0.28237295150756836, 
                    "spot": "Legislature"
                }
            ], 
            "wiki_id": 44421, 
            "wiki_title": "Legislature"
        }, 
        {
            "annotations": [
                {
                    "begin": 872, 
                    "end": 880, 
                    "score": 0.038194864988327026, 
                    "spot": "Saturday"
                }
            ], 
            "wiki_id": 28809, 
            "wiki_title": "Shabbat"
        }, 
        {
            "annotations": [
                {
                    "begin": 1452, 
                    "end": 1457, 
                    "score": 0.14573749899864197, 
                    "spot": "Brown"
                }
            ], 
            "wiki_id": 13076, 
            "wiki_title": "Gordon Brown"
        }, 
        {
            "annotations": [
                {
                    "begin": 159, 
                    "end": 173, 
                    "score": 0.2573689818382263, 
                    "spot": "Superior Court"
                }
            ], 
            "wiki_id": 307028, 
            "wiki_title": "Superior court"
        }, 
        {
            "annotations": [
                {
                    "begin": 1228, 
                    "end": 1235, 
                    "score": 0.22427348792552948, 
                    "spot": "enacted"
                }
            ], 
            "wiki_id": 74746, 
            "wiki_title": "Act of Congress"
        }, 
        {
            "annotations": [
                {
                    "begin": 57, 
                    "end": 75, 
                    "score": 0.14107884466648102, 
                    "spot": "right to bear arms"
                }, 
                {
                    "begin": 66, 
                    "end": 75, 
                    "score": 0.25422996282577515, 
                    "spot": "bear arms"
                }, 
                {
                    "begin": 546, 
                    "end": 573, 
                    "score": 0.36513158679008484, 
                    "spot": "right to keep and bear arms"
                }, 
                {
                    "begin": 555, 
                    "end": 573, 
                    "score": 0.034574467688798904, 
                    "spot": "keep and bear arms"
                }, 
                {
                    "begin": 564, 
                    "end": 573, 
                    "score": 0.26149702072143555, 
                    "spot": "bear arms"
                }, 
                {
                    "begin": 697, 
                    "end": 724, 
                    "score": 0.36513158679008484, 
                    "spot": "right to keep and bear arms"
                }, 
                {
                    "begin": 706, 
                    "end": 724, 
                    "score": 0.034574467688798904, 
                    "spot": "keep and bear arms"
                }, 
                {
                    "begin": 715, 
                    "end": 724, 
                    "score": 0.19771094620227814, 
                    "spot": "bear arms"
                }, 
                {
                    "begin": 1038, 
                    "end": 1065, 
                    "score": 0.36513158679008484, 
                    "spot": "right to keep and\nbear arms"
                }, 
                {
                    "begin": 1377, 
                    "end": 1404, 
                    "score": 0.6228015422821045, 
                    "spot": "right to keep and\nbear arms"
                }
            ], 
            "wiki_id": 219243, 
            "wiki_title": "Right to keep and bear arms"
        }, 
        {
            "annotations": [
                {
                    "begin": 117, 
                    "end": 121, 
                    "score": 0.01868419721722603, 
                    "spot": "guns"
                }
            ], 
            "wiki_id": 7053, 
            "wiki_title": "Cannon"
        }, 
        {
            "annotations": [
                {
                    "begin": 859, 
                    "end": 866, 
                    "score": 0.04438405856490135, 
                    "spot": "Tierney"
                }
            ], 
            "wiki_id": 1558389, 
            "wiki_title": "John Tierney (journalist)"
        }, 
        {
            "annotations": [
                {
                    "begin": 1191, 
                    "end": 1197, 
                    "score": 0.1556405872106552, 
                    "spot": "phrase"
                }
            ], 
            "wiki_id": 44975, 
            "wiki_title": "Phrase"
        }, 
        {
            "annotations": [
                {
                    "begin": 1238, 
                    "end": 1262, 
                    "score": 0.35632771253585815, 
                    "spot": "constitutional amendment"
                }
            ], 
            "wiki_id": 31650, 
            "wiki_title": "Article Five of the United States Constitution"
        }
    ]
}