{
    "tagme": [
        {
            "annotations": [
                {
                    "begin": 890, 
                    "end": 895, 
                    "score": 0.11487922072410583, 
                    "spot": "Fault"
                }
            ], 
            "wiki_id": 6499752, 
            "wiki_title": "Fault (power engineering)"
        }, 
        {
            "annotations": [
                {
                    "begin": 1447, 
                    "end": 1452, 
                    "score": 0.10635457932949066, 
                    "spot": "heavy"
                }
            ], 
            "wiki_id": 47671, 
            "wiki_title": "Toxic heavy metal"
        }, 
        {
            "annotations": [
                {
                    "begin": 1938, 
                    "end": 1940, 
                    "score": 0.08688411861658096, 
                    "spot": "ll"
                }
            ], 
            "wiki_id": 58045, 
            "wiki_title": "LL parser"
        }, 
        {
            "annotations": [
                {
                    "begin": 2499, 
                    "end": 2517, 
                    "score": 0.25149065256118774, 
                    "spot": "central California"
                }
            ], 
            "wiki_id": 2049537, 
            "wiki_title": "Central California"
        }, 
        {
            "annotations": [
                {
                    "begin": 1720, 
                    "end": 1725, 
                    "score": 0.0977666974067688, 
                    "spot": "Allen"
                }, 
                {
                    "begin": 2095, 
                    "end": 2100, 
                    "score": 0.15496312081813812, 
                    "spot": "Allen"
                }
            ], 
            "wiki_id": 32901, 
            "wiki_title": "Woody Allen"
        }, 
        {
            "annotations": [
                {
                    "begin": 1929, 
                    "end": 1934, 
                    "score": 0.07874558866024017, 
                    "spot": "think"
                }
            ], 
            "wiki_id": 27748226, 
            "wiki_title": "Jeopardy!"
        }, 
        {
            "annotations": [
                {
                    "begin": 1901, 
                    "end": 1908, 
                    "score": 0.038675978779792786, 
                    "spot": "reading"
                }
            ], 
            "wiki_id": 131393, 
            "wiki_title": "Reading, Pennsylvania"
        }, 
        {
            "annotations": [
                {
                    "begin": 2582, 
                    "end": 2591, 
                    "score": 0.27649760246276855, 
                    "spot": "magnitude"
                }
            ], 
            "wiki_id": 577301, 
            "wiki_title": "Magnitude (mathematics)"
        }, 
        {
            "annotations": [
                {
                    "begin": 364, 
                    "end": 384, 
                    "score": 0.5, 
                    "spot": "Santa Cruz mountains"
                }
            ], 
            "wiki_id": 206763, 
            "wiki_title": "Santa Cruz Mountains"
        }, 
        {
            "annotations": [
                {
                    "begin": 1973, 
                    "end": 1986, 
                    "score": 0.17346954345703125, 
                    "spot": "point of view"
                }
            ], 
            "wiki_id": 380405, 
            "wiki_title": "Perspective (graphical)"
        }, 
        {
            "annotations": [
                {
                    "begin": 700, 
                    "end": 702, 
                    "score": 0.07659628987312317, 
                    "spot": "do"
                }
            ], 
            "wiki_id": 1096360, 
            "wiki_title": "Oxygen saturation"
        }, 
        {
            "annotations": [
                {
                    "begin": 1568, 
                    "end": 1575, 
                    "score": 0.2125129997730255, 
                    "spot": "masonry"
                }
            ], 
            "wiki_id": 20857, 
            "wiki_title": "Masonry"
        }, 
        {
            "annotations": [
                {
                    "begin": 268, 
                    "end": 278, 
                    "score": 0.3771578073501587, 
                    "spot": "earthquake"
                }, 
                {
                    "begin": 485, 
                    "end": 495, 
                    "score": 0.2803097367286682, 
                    "spot": "earthquake"
                }, 
                {
                    "begin": 673, 
                    "end": 683, 
                    "score": 0.2439078539609909, 
                    "spot": "earthquake"
                }, 
                {
                    "begin": 730, 
                    "end": 740, 
                    "score": 0.16878733038902283, 
                    "spot": "earthquake"
                }, 
                {
                    "begin": 835, 
                    "end": 846, 
                    "score": 0.2385903298854828, 
                    "spot": "Earthquakes"
                }, 
                {
                    "begin": 1098, 
                    "end": 1108, 
                    "score": 0.18615460395812988, 
                    "spot": "Earthquake"
                }, 
                {
                    "begin": 1410, 
                    "end": 1420, 
                    "score": 0.34498950839042664, 
                    "spot": "earthquake"
                }, 
                {
                    "begin": 1609, 
                    "end": 1619, 
                    "score": 0.284193217754364, 
                    "spot": "earthquake"
                }, 
                {
                    "begin": 2594, 
                    "end": 2604, 
                    "score": 0.20162338018417358, 
                    "spot": "earthquake"
                }
            ], 
            "wiki_id": 10106, 
            "wiki_title": "Earthquake"
        }, 
        {
            "annotations": [
                {
                    "begin": 1576, 
                    "end": 1585, 
                    "score": 0.22708962857723236, 
                    "spot": "buildings"
                }
            ], 
            "wiki_id": 45995, 
            "wiki_title": "Building"
        }, 
        {
            "annotations": [
                {
                    "begin": 1344, 
                    "end": 1348, 
                    "score": 0.0005415573832578957, 
                    "spot": "of 6"
                }
            ], 
            "wiki_id": 7956483, 
            "wiki_title": "One-star rank"
        }, 
        {
            "annotations": [
                {
                    "begin": 286, 
                    "end": 295, 
                    "score": 0.42768365144729614, 
                    "spot": "magnitude"
                }, 
                {
                    "begin": 1387, 
                    "end": 1396, 
                    "score": 0.18481065332889557, 
                    "spot": "magnitude"
                }
            ], 
            "wiki_id": 631494, 
            "wiki_title": "Moment magnitude scale"
        }, 
        {
            "annotations": [
                {
                    "begin": 2518, 
                    "end": 2522, 
                    "score": 0.04455965757369995, 
                    "spot": "town"
                }
            ], 
            "wiki_id": 24228929, 
            "wiki_title": "The Town (2010 film)"
        }, 
        {
            "annotations": [
                {
                    "begin": 1551, 
                    "end": 1559, 
                    "score": 0.048414021730422974, 
                    "spot": "highways"
                }
            ], 
            "wiki_id": 43950, 
            "wiki_title": "Interstate Highway System"
        }, 
        {
            "annotations": [
                {
                    "begin": 449, 
                    "end": 455, 
                    "score": 0.18066327273845673, 
                    "spot": "length"
                }
            ], 
            "wiki_id": 18542, 
            "wiki_title": "Length"
        }, 
        {
            "annotations": [
                {
                    "begin": 1349, 
                    "end": 1352, 
                    "score": 0.03498139604926109, 
                    "spot": "can"
                }
            ], 
            "wiki_id": 250680, 
            "wiki_title": "Africa Cup of Nations"
        }, 
        {
            "annotations": [
                {
                    "begin": 1513, 
                    "end": 1520, 
                    "score": 0.004530130419880152, 
                    "spot": "Tuesday"
                }
            ], 
            "wiki_id": 20537366, 
            "wiki_title": "Tuesday (You Am I song)"
        }, 
        {
            "annotations": [
                {
                    "begin": 2414, 
                    "end": 2420, 
                    "score": 0.08012311905622482, 
                    "spot": "higher"
                }
            ], 
            "wiki_id": 14423, 
            "wiki_title": "Higher education"
        }, 
        {
            "annotations": [
                {
                    "begin": 1366, 
                    "end": 1372, 
                    "score": 0.13944335281848907, 
                    "spot": "damage"
                }, 
                {
                    "begin": 1739, 
                    "end": 1745, 
                    "score": 0.05134577676653862, 
                    "spot": "damage"
                }
            ], 
            "wiki_id": 15526387, 
            "wiki_title": "Effect of Hurricane Katrina on the Louisiana Superdome"
        }, 
        {
            "annotations": [
                {
                    "begin": 878, 
                    "end": 895, 
                    "score": 0.5, 
                    "spot": "San Andreas Fault"
                }
            ], 
            "wiki_id": 64460, 
            "wiki_title": "San Andreas Fault"
        }, 
        {
            "annotations": [
                {
                    "begin": 2438, 
                    "end": 2443, 
                    "score": 0.13827696442604065, 
                    "spot": "major"
                }
            ], 
            "wiki_id": 526101, 
            "wiki_title": "Major (academic)"
        }, 
        {
            "annotations": [
                {
                    "begin": 2070, 
                    "end": 2080, 
                    "score": 0.14116649329662323, 
                    "spot": "structures"
                }
            ], 
            "wiki_id": 93545, 
            "wiki_title": "Structure"
        }, 
        {
            "annotations": [
                {
                    "begin": 1280, 
                    "end": 1287, 
                    "score": 0.0806180089712143, 
                    "spot": "measure"
                }
            ], 
            "wiki_id": 19022, 
            "wiki_title": "Measurement"
        }, 
        {
            "annotations": [
                {
                    "begin": 202, 
                    "end": 208, 
                    "score": 0.05553940311074257, 
                    "spot": "report"
                }
            ], 
            "wiki_id": 4243210, 
            "wiki_title": "IPCC Fourth Assessment Report"
        }, 
        {
            "annotations": [
                {
                    "begin": 507, 
                    "end": 511, 
                    "score": 0.003307982115074992, 
                    "spot": "area"
                }, 
                {
                    "begin": 749, 
                    "end": 753, 
                    "score": 0.06192950904369354, 
                    "spot": "area"
                }, 
                {
                    "begin": 1216, 
                    "end": 1220, 
                    "score": 0.08279982209205627, 
                    "spot": "area"
                }, 
                {
                    "begin": 1641, 
                    "end": 1645, 
                    "score": 0.18569043278694153, 
                    "spot": "area"
                }, 
                {
                    "begin": 2295, 
                    "end": 2299, 
                    "score": 0.003307982115074992, 
                    "spot": "area"
                }
            ], 
            "wiki_id": 1209, 
            "wiki_title": "Area"
        }, 
        {
            "annotations": [
                {
                    "begin": 1320, 
                    "end": 1332, 
                    "score": 0.20084406435489655, 
                    "spot": "seismographs"
                }
            ], 
            "wiki_id": 231826, 
            "wiki_title": "Seismometer"
        }, 
        {
            "annotations": [
                {
                    "begin": 2187, 
                    "end": 2200, 
                    "score": 0.2815225124359131, 
                    "spot": "San Francisco"
                }
            ], 
            "wiki_id": 49728, 
            "wiki_title": "San Francisco"
        }, 
        {
            "annotations": [
                {
                    "begin": 1231, 
                    "end": 1236, 
                    "score": 0.17957039177417755, 
                    "spot": "south"
                }
            ], 
            "wiki_id": 17616, 
            "wiki_title": "Latitude"
        }, 
        {
            "annotations": [
                {
                    "begin": 323, 
                    "end": 330, 
                    "score": 0.0549989677965641, 
                    "spot": "percent"
                }, 
                {
                    "begin": 2557, 
                    "end": 2564, 
                    "score": 0.06656079739332199, 
                    "spot": "percent"
                }
            ], 
            "wiki_id": 64493, 
            "wiki_title": "Percentage"
        }, 
        {
            "annotations": [
                {
                    "begin": 1222, 
                    "end": 1230, 
                    "score": 0.09702517837285995, 
                    "spot": "75 miles"
                }
            ], 
            "wiki_id": 35974, 
            "wiki_title": "1 myriametre"
        }, 
        {
            "annotations": [
                {
                    "begin": 1791, 
                    "end": 1801, 
                    "score": 0.006530389189720154, 
                    "spot": "structures"
                }
            ], 
            "wiki_id": 1809181, 
            "wiki_title": "Mathematical structure"
        }, 
        {
            "annotations": [
                {
                    "begin": 216, 
                    "end": 238, 
                    "score": 0.2553490996360779, 
                    "spot": "U.S. Geological Survey"
                }, 
                {
                    "begin": 1073, 
                    "end": 1095, 
                    "score": 0.2553490996360779, 
                    "spot": "U.S. Geological Survey"
                }, 
                {
                    "begin": 2478, 
                    "end": 2482, 
                    "score": 0.31525611877441406, 
                    "spot": "USGS"
                }
            ], 
            "wiki_id": 23814944, 
            "wiki_title": "United States Geological Survey"
        }, 
        {
            "annotations": [
                {
                    "begin": 1839, 
                    "end": 1844, 
                    "score": 0.1492011398077011, 
                    "spot": "quake"
                }
            ], 
            "wiki_id": 25266, 
            "wiki_title": "Quake (video game)"
        }, 
        {
            "annotations": [
                {
                    "begin": 1298, 
                    "end": 1304, 
                    "score": 0.19325020909309387, 
                    "spot": "motion"
                }
            ], 
            "wiki_id": 20580, 
            "wiki_title": "Motion (physics)"
        }, 
        {
            "annotations": [
                {
                    "begin": 41, 
                    "end": 63, 
                    "score": 0.32415086030960083, 
                    "spot": "San\nFrancisco Bay area"
                }, 
                {
                    "begin": 55, 
                    "end": 63, 
                    "score": 0.04946305230259895, 
                    "spot": "Bay area"
                }, 
                {
                    "begin": 1753, 
                    "end": 1761, 
                    "score": 0.1960255652666092, 
                    "spot": "Bay area"
                }
            ], 
            "wiki_id": 19283806, 
            "wiki_title": "San Francisco Bay Area"
        }, 
        {
            "annotations": [
                {
                    "begin": 1464, 
                    "end": 1471, 
                    "score": 0.035779181867837906, 
                    "spot": "Initial"
                }
            ], 
            "wiki_id": 1052571, 
            "wiki_title": "Acronym"
        }, 
        {
            "annotations": [
                {
                    "begin": 1961, 
                    "end": 1972, 
                    "score": 0.18756870925426483, 
                    "spot": "engineering"
                }
            ], 
            "wiki_id": 9251, 
            "wiki_title": "Engineering"
        }, 
        {
            "annotations": [
                {
                    "begin": 1382, 
                    "end": 1386, 
                    "score": 0.000543441332411021, 
                    "spot": "of 7"
                }
            ], 
            "wiki_id": 7956145, 
            "wiki_title": "Two-star rank"
        }, 
        {
            "annotations": [
                {
                    "begin": 107, 
                    "end": 115, 
                    "score": 0.0006378536927513778, 
                    "spot": "targeted"
                }
            ], 
            "wiki_id": 24834, 
            "wiki_title": "Protein targeting"
        }, 
        {
            "annotations": [
                {
                    "begin": 2330, 
                    "end": 2342, 
                    "score": 0.13958126306533813, 
                    "spot": "construction"
                }
            ], 
            "wiki_id": 239038, 
            "wiki_title": "Construction"
        }, 
        {
            "annotations": [
                {
                    "begin": 1852, 
                    "end": 1863, 
                    "score": 0.21769386529922485, 
                    "spot": "Los\nAngeles"
                }, 
                {
                    "begin": 2219, 
                    "end": 2230, 
                    "score": 0.45156025886535645, 
                    "spot": "Los Angeles"
                }
            ], 
            "wiki_id": 18110, 
            "wiki_title": "Los Angeles"
        }, 
        {
            "annotations": [
                {
                    "begin": 221, 
                    "end": 238, 
                    "score": 0.008714726194739342, 
                    "spot": "Geological Survey"
                }, 
                {
                    "begin": 1078, 
                    "end": 1095, 
                    "score": 0.16821135580539703, 
                    "spot": "Geological Survey"
                }
            ], 
            "wiki_id": 1750814, 
            "wiki_title": "Geological survey"
        }, 
        {
            "annotations": [
                {
                    "begin": 1056, 
                    "end": 1069, 
                    "score": 0.5, 
                    "spot": "Frank Baldwin"
                }
            ], 
            "wiki_id": 2788141, 
            "wiki_title": "Frank Baldwin"
        }, 
        {
            "annotations": [
                {
                    "begin": 656, 
                    "end": 658, 
                    "score": 0.008099459111690521, 
                    "spot": "we"
                }, 
                {
                    "begin": 1684, 
                    "end": 1686, 
                    "score": 0.0011683235643431544, 
                    "spot": "we"
                }, 
                {
                    "begin": 1935, 
                    "end": 1937, 
                    "score": 0.0740969181060791, 
                    "spot": "we"
                }
            ], 
            "wiki_id": 65758, 
            "wiki_title": "Western (genre)"
        }, 
        {
            "annotations": [
                {
                    "begin": 1046, 
                    "end": 1051, 
                    "score": 0.02114042267203331, 
                    "spot": "steps"
                }
            ], 
            "wiki_id": 256015, 
            "wiki_title": "Stairs"
        }, 
        {
            "annotations": [
                {
                    "begin": 1240, 
                    "end": 1243, 
                    "score": 0.12773610651493073, 
                    "spot": "San"
                }
            ], 
            "wiki_id": 18691665, 
            "wiki_title": "Sana'a"
        }, 
        {
            "annotations": [
                {
                    "begin": 430, 
                    "end": 437, 
                    "score": 0.21085552871227264, 
                    "spot": "factors"
                }
            ], 
            "wiki_id": 49492, 
            "wiki_title": "Divisor"
        }, 
        {
            "annotations": [
                {
                    "begin": 542, 
                    "end": 551, 
                    "score": 0.1867491453886032, 
                    "spot": "professor"
                }
            ], 
            "wiki_id": 20646803, 
            "wiki_title": "Professor"
        }, 
        {
            "annotations": [
                {
                    "begin": 1017, 
                    "end": 1026, 
                    "score": 0.07711073756217957, 
                    "spot": "officials"
                }
            ], 
            "wiki_id": 725182, 
            "wiki_title": "Official"
        }, 
        {
            "annotations": [
                {
                    "begin": 1674, 
                    "end": 1683, 
                    "score": 0.05086231231689453, 
                    "spot": "something"
                }
            ], 
            "wiki_id": 91420, 
            "wiki_title": "Existential quantification"
        }, 
        {
            "annotations": [
                {
                    "begin": 899, 
                    "end": 908, 
                    "score": 0.07044142484664917, 
                    "spot": "presented"
                }
            ], 
            "wiki_id": 545607, 
            "wiki_title": "Sponsor (commercial)"
        }, 
        {
            "annotations": [
                {
                    "begin": 2350, 
                    "end": 2360, 
                    "score": 0.229612797498703, 
                    "spot": "Bay Bridge"
                }
            ], 
            "wiki_id": 165926, 
            "wiki_title": "San Francisco\u2013Oakland Bay Bridge"
        }, 
        {
            "annotations": [
                {
                    "begin": 2277, 
                    "end": 2287, 
                    "score": 0.12219493836164474, 
                    "spot": "overpasses"
                }
            ], 
            "wiki_id": 410419, 
            "wiki_title": "Overpass"
        }, 
        {
            "annotations": [
                {
                    "begin": 393, 
                    "end": 409, 
                    "score": 0.15289749205112457, 
                    "spot": "high probability"
                }
            ], 
            "wiki_id": 45454942, 
            "wiki_title": "With high probability"
        }, 
        {
            "annotations": [
                {
                    "begin": 138, 
                    "end": 149, 
                    "score": 0.12540459632873535, 
                    "spot": "probability"
                }, 
                {
                    "begin": 250, 
                    "end": 261, 
                    "score": 0.19616647064685822, 
                    "spot": "probability"
                }, 
                {
                    "begin": 398, 
                    "end": 409, 
                    "score": 0.2872089445590973, 
                    "spot": "probability"
                }, 
                {
                    "begin": 712, 
                    "end": 723, 
                    "score": 0.14674803614616394, 
                    "spot": "probability"
                }, 
                {
                    "begin": 812, 
                    "end": 825, 
                    "score": 0.13108952343463898, 
                    "spot": "Probabilities"
                }, 
                {
                    "begin": 2421, 
                    "end": 2432, 
                    "score": 0.13586032390594482, 
                    "spot": "probability"
                }, 
                {
                    "begin": 2565, 
                    "end": 2576, 
                    "score": 0.1865580528974533, 
                    "spot": "probability"
                }
            ], 
            "wiki_id": 22934, 
            "wiki_title": "Probability"
        }, 
        {
            "annotations": [
                {
                    "begin": 496, 
                    "end": 502, 
                    "score": 0.050267577171325684, 
                    "spot": "struck"
                }
            ], 
            "wiki_id": 5016402, 
            "wiki_title": "Landfall"
        }, 
        {
            "annotations": [
                {
                    "begin": 64, 
                    "end": 71, 
                    "score": 0.004530130419880152, 
                    "spot": "Tuesday"
                }
            ], 
            "wiki_id": 54635, 
            "wiki_title": "Tuesday"
        }, 
        {
            "annotations": [
                {
                    "begin": 171, 
                    "end": 190, 
                    "score": 0.2341439425945282, 
                    "spot": "Northern California"
                }
            ], 
            "wiki_id": 147675, 
            "wiki_title": "Northern California"
        }, 
        {
            "annotations": [
                {
                    "begin": 1997, 
                    "end": 2007, 
                    "score": 0.08324703574180603, 
                    "spot": "earthquake"
                }
            ], 
            "wiki_id": 515217, 
            "wiki_title": "Earthquake (film)"
        }, 
        {
            "annotations": [
                {
                    "begin": 608, 
                    "end": 618, 
                    "score": 0.07849882543087006, 
                    "spot": "Technology"
                }
            ], 
            "wiki_id": 29816, 
            "wiki_title": "Technology"
        }, 
        {
            "annotations": [
                {
                    "begin": 1564, 
                    "end": 1567, 
                    "score": 0.08502626419067383, 
                    "spot": "old"
                }
            ], 
            "wiki_id": 229060, 
            "wiki_title": "Old age"
        }, 
        {
            "annotations": [
                {
                    "begin": 30, 
                    "end": 36, 
                    "score": 0.13536302745342255, 
                    "spot": "struck"
                }
            ], 
            "wiki_id": 155134, 
            "wiki_title": "Strike action"
        }, 
        {
            "annotations": [
                {
                    "begin": 2063, 
                    "end": 2069, 
                    "score": 0.08604666590690613, 
                    "spot": "modern"
                }
            ], 
            "wiki_id": 19547, 
            "wiki_title": "Modernism"
        }, 
        {
            "annotations": [
                {
                    "begin": 1109, 
                    "end": 1115, 
                    "score": 0.007024150807410479, 
                    "spot": "Center"
                }
            ], 
            "wiki_id": 4850775, 
            "wiki_title": "Centre (geometry)"
        }, 
        {
            "annotations": [
                {
                    "begin": 969, 
                    "end": 974, 
                    "score": 0.09133225679397583, 
                    "spot": "Allen"
                }
            ], 
            "wiki_id": 96147, 
            "wiki_title": "Allen County, Indiana"
        }, 
        {
            "annotations": [
                {
                    "begin": 555, 
                    "end": 562, 
                    "score": 0.2633872628211975, 
                    "spot": "Geology"
                }
            ], 
            "wiki_id": 12207, 
            "wiki_title": "Geology"
        }, 
        {
            "annotations": [
                {
                    "begin": 1308, 
                    "end": 1316, 
                    "score": 0.08453886955976486, 
                    "spot": "recorded"
                }
            ], 
            "wiki_id": 2417230, 
            "wiki_title": "Sound recording and reproduction"
        }, 
        {
            "annotations": [
                {
                    "begin": 180, 
                    "end": 190, 
                    "score": 0.27405261993408203, 
                    "spot": "California"
                }, 
                {
                    "begin": 585, 
                    "end": 595, 
                    "score": 0.24466507136821747, 
                    "spot": "California"
                }, 
                {
                    "begin": 860, 
                    "end": 870, 
                    "score": 0.30502012372016907, 
                    "spot": "California"
                }, 
                {
                    "begin": 1208, 
                    "end": 1213, 
                    "score": 0.018361762166023254, 
                    "spot": "Calif"
                }, 
                {
                    "begin": 2391, 
                    "end": 2401, 
                    "score": 0.29086071252822876, 
                    "spot": "California"
                }, 
                {
                    "begin": 2507, 
                    "end": 2517, 
                    "score": 0.29377081990242004, 
                    "spot": "California"
                }
            ], 
            "wiki_id": 5407, 
            "wiki_title": "California"
        }, 
        {
            "annotations": [
                {
                    "begin": 93, 
                    "end": 106, 
                    "score": 0.20142778754234314, 
                    "spot": "seismologists"
                }
            ], 
            "wiki_id": 28935, 
            "wiki_title": "Seismology"
        }, 
        {
            "annotations": [
                {
                    "begin": 2022, 
                    "end": 2034, 
                    "score": 0.003994673956185579, 
                    "spot": "What will be"
                }
            ], 
            "wiki_id": 45016170, 
            "wiki_title": "What Will Be (EP)"
        }, 
        {
            "annotations": [
                {
                    "begin": 162, 
                    "end": 167, 
                    "score": 0.11729490011930466, 
                    "spot": "quake"
                }, 
                {
                    "begin": 1125, 
                    "end": 1130, 
                    "score": 0.25375881791114807, 
                    "spot": "quake"
                }, 
                {
                    "begin": 2444, 
                    "end": 2449, 
                    "score": 0.13179728388786316, 
                    "spot": "quake"
                }
            ], 
            "wiki_id": 7900613, 
            "wiki_title": "Quake (natural phenomenon)"
        }, 
        {
            "annotations": [
                {
                    "begin": 1910, 
                    "end": 1915, 
                    "score": 0.028070662170648575, 
                    "spot": "Allen"
                }
            ], 
            "wiki_id": 5256569, 
            "wiki_title": "Oliver Allen (footballer)"
        }, 
        {
            "annotations": [
                {
                    "begin": 1876, 
                    "end": 1886, 
                    "score": 0.0056220898404717445, 
                    "spot": "registered"
                }
            ], 
            "wiki_id": 2367169, 
            "wiki_title": "Aircraft registration"
        }, 
        {
            "annotations": [
                {
                    "begin": 526, 
                    "end": 540, 
                    "score": 0.41662168502807617, 
                    "spot": "Clarence Allen"
                }
            ], 
            "wiki_id": 12609988, 
            "wiki_title": "Clarence Allen (geologist)"
        }, 
        {
            "annotations": [
                {
                    "begin": 957, 
                    "end": 967, 
                    "score": 0.12276844680309296, 
                    "spot": "scientists"
                }
            ], 
            "wiki_id": 26700, 
            "wiki_title": "Science"
        }, 
        {
            "annotations": [
                {
                    "begin": 1941, 
                    "end": 1946, 
                    "score": 0.07543868571519852, 
                    "spot": "learn"
                }
            ], 
            "wiki_id": 233488, 
            "wiki_title": "Machine learning"
        }, 
        {
            "annotations": [
                {
                    "begin": 459, 
                    "end": 463, 
                    "score": 0.1131729930639267, 
                    "spot": "time"
                }
            ], 
            "wiki_id": 30012, 
            "wiki_title": "Time"
        }, 
        {
            "annotations": [
                {
                    "begin": 8, 
                    "end": 24, 
                    "score": 0.27754440903663635, 
                    "spot": "major earthquake"
                }, 
                {
                    "begin": 303, 
                    "end": 316, 
                    "score": 0.523977518081665, 
                    "spot": "Richter scale"
                }, 
                {
                    "begin": 479, 
                    "end": 495, 
                    "score": 0.31988874077796936, 
                    "spot": "major earthquake"
                }, 
                {
                    "begin": 1133, 
                    "end": 1142, 
                    "score": 0.40826213359832764, 
                    "spot": "magnitude"
                }, 
                {
                    "begin": 1158, 
                    "end": 1171, 
                    "score": 0.47658997774124146, 
                    "spot": "Richter scale"
                }, 
                {
                    "begin": 1261, 
                    "end": 1274, 
                    "score": 0.4528731405735016, 
                    "spot": "Richter scale"
                }, 
                {
                    "begin": 1402, 
                    "end": 1420, 
                    "score": 0.41964051127433777, 
                    "spot": "major'' earthquake"
                }, 
                {
                    "begin": 1893, 
                    "end": 1900, 
                    "score": 0.03989312797784805, 
                    "spot": "Richter"
                }
            ], 
            "wiki_id": 19467352, 
            "wiki_title": "Richter magnitude scale"
        }, 
        {
            "annotations": [
                {
                    "begin": 1035, 
                    "end": 1045, 
                    "score": 0.02818905934691429, 
                    "spot": "preventive"
                }
            ], 
            "wiki_id": 105219, 
            "wiki_title": "Cancer"
        }, 
        {
            "annotations": [
                {
                    "begin": 1830, 
                    "end": 1838, 
                    "score": 0.09950248897075653, 
                    "spot": "Whittier"
                }
            ], 
            "wiki_id": 20614490, 
            "wiki_title": "The Whittier (Detroit, Michigan)"
        }, 
        {
            "annotations": [
                {
                    "begin": 1196, 
                    "end": 1206, 
                    "score": 0.32548004388809204, 
                    "spot": "Santa Cruz"
                }
            ], 
            "wiki_id": 81726, 
            "wiki_title": "Santa Cruz, California"
        }, 
        {
            "annotations": [
                {
                    "begin": 375, 
                    "end": 384, 
                    "score": 0.0023682129103690386, 
                    "spot": "mountains"
                }
            ], 
            "wiki_id": 1719212, 
            "wiki_title": "Mountains classification in the Tour de France"
        }, 
        {
            "annotations": [
                {
                    "begin": 909, 
                    "end": 920, 
                    "score": 0.12497249990701675, 
                    "spot": "information"
                }, 
                {
                    "begin": 985, 
                    "end": 996, 
                    "score": 0.09816329181194305, 
                    "spot": "information"
                }
            ], 
            "wiki_id": 18985062, 
            "wiki_title": "Information"
        }, 
        {
            "annotations": [
                {
                    "begin": 1353, 
                    "end": 1358, 
                    "score": 0.10669886320829391, 
                    "spot": "cause"
                }
            ], 
            "wiki_id": 34254, 
            "wiki_title": "Yellow fever"
        }, 
        {
            "annotations": [
                {
                    "begin": 1359, 
                    "end": 1372, 
                    "score": 0.20981332659721375, 
                    "spot": "severe damage"
                }
            ], 
            "wiki_id": 2585879, 
            "wiki_title": "Hurricane Katrina effects by region"
        }, 
        {
            "annotations": [
                {
                    "begin": 622, 
                    "end": 630, 
                    "score": 0.1766001135110855, 
                    "spot": "Pasadena"
                }
            ], 
            "wiki_id": 92408, 
            "wiki_title": "Pasadena, California"
        }, 
        {
            "annotations": [
                {
                    "begin": 1707, 
                    "end": 1712, 
                    "score": 0.0022075448650866747, 
                    "spot": "ready"
                }
            ], 
            "wiki_id": 27813251, 
            "wiki_title": "Ready (2011 film)"
        }, 
        {
            "annotations": [
                {
                    "begin": 1810, 
                    "end": 1817, 
                    "score": 0.001345502445474267, 
                    "spot": "damaged"
                }, 
                {
                    "begin": 2176, 
                    "end": 2183, 
                    "score": 0.06101034954190254, 
                    "spot": "damaged"
                }
            ], 
            "wiki_id": 148054, 
            "wiki_title": "Damaged (Black Flag album)"
        }, 
        {
            "annotations": [
                {
                    "begin": 1453, 
                    "end": 1459, 
                    "score": 0.0693514496088028, 
                    "spot": "damage"
                }
            ], 
            "wiki_id": 46698, 
            "wiki_title": "Property damage"
        }, 
        {
            "annotations": [
                {
                    "begin": 355, 
                    "end": 363, 
                    "score": 0.1222931370139122, 
                    "spot": "Southern"
                }, 
                {
                    "begin": 2382, 
                    "end": 2401, 
                    "score": 0.35516077280044556, 
                    "spot": "Southern California"
                }
            ], 
            "wiki_id": 62520, 
            "wiki_title": "Southern California"
        }, 
        {
            "annotations": [
                {
                    "begin": 795, 
                    "end": 801, 
                    "score": 0.13318416476249695, 
                    "spot": "report"
                }
            ], 
            "wiki_id": 18993857, 
            "wiki_title": "Explosion"
        }, 
        {
            "annotations": [
                {
                    "begin": 474, 
                    "end": 478, 
                    "score": 0.0010033606085926294, 
                    "spot": "last"
                }
            ], 
            "wiki_id": 39078347, 
            "wiki_title": "Peter R. Last"
        }, 
        {
            "annotations": [
                {
                    "begin": 14, 
                    "end": 24, 
                    "score": 0.3364952802658081, 
                    "spot": "earthquake"
                }
            ], 
            "wiki_id": 20110714, 
            "wiki_title": "1906 San Francisco earthquake"
        }, 
        {
            "annotations": [
                {
                    "begin": 2264, 
                    "end": 2272, 
                    "score": 0.17239902913570404, 
                    "spot": "roadways"
                }
            ], 
            "wiki_id": 3478614, 
            "wiki_title": "Carriageway"
        }, 
        {
            "annotations": [
                {
                    "begin": 1783, 
                    "end": 1787, 
                    "score": 0.0005715259467251599, 
                    "spot": "kind"
                }, 
                {
                    "begin": 2322, 
                    "end": 2326, 
                    "score": 0.05747940018773079, 
                    "spot": "kind"
                }
            ], 
            "wiki_id": 3624256, 
            "wiki_title": "In kind"
        }, 
        {
            "annotations": [
                {
                    "begin": 1628, 
                    "end": 1632, 
                    "score": 0.19600562751293182, 
                    "spot": "size"
                }
            ], 
            "wiki_id": 32498, 
            "wiki_title": "Volume"
        }, 
        {
            "annotations": [
                {
                    "begin": 567, 
                    "end": 577, 
                    "score": 0.37928569316864014, 
                    "spot": "Geophysics"
                }
            ], 
            "wiki_id": 54962, 
            "wiki_title": "Geophysics"
        }, 
        {
            "annotations": [
                {
                    "begin": 86, 
                    "end": 92, 
                    "score": 0.05214517563581467, 
                    "spot": "region"
                }
            ], 
            "wiki_id": 55633, 
            "wiki_title": "Region"
        }, 
        {
            "annotations": [
                {
                    "begin": 757, 
                    "end": 762, 
                    "score": 0.028070662170648575, 
                    "spot": "Allen"
                }
            ], 
            "wiki_id": 33531, 
            "wiki_title": "William Allen (governor)"
        }, 
        {
            "annotations": [
                {
                    "begin": 652, 
                    "end": 655, 
                    "score": 0.0016523596132174134, 
                    "spot": "say"
                }
            ], 
            "wiki_id": 621455, 
            "wiki_title": "Thomas Say"
        }, 
        {
            "annotations": [
                {
                    "begin": 1949, 
                    "end": 1952, 
                    "score": 0.032611552625894547, 
                    "spot": "lot"
                }
            ], 
            "wiki_id": 19288053, 
            "wiki_title": "Sortition"
        }, 
        {
            "annotations": [
                {
                    "begin": 1662, 
                    "end": 1667, 
                    "score": 0.14577502012252808, 
                    "spot": "event"
                }
            ], 
            "wiki_id": 22961, 
            "wiki_title": "Event (probability theory)"
        }, 
        {
            "annotations": [
                {
                    "begin": 2526, 
                    "end": 2535, 
                    "score": 0.16376370191574097, 
                    "spot": "Parkfield"
                }
            ], 
            "wiki_id": 664606, 
            "wiki_title": "Parkfield, California"
        }, 
        {
            "annotations": [
                {
                    "begin": 2242, 
                    "end": 2250, 
                    "score": 0.000590000650845468, 
                    "spot": "addition"
                }
            ], 
            "wiki_id": 1117907, 
            "wiki_title": "Epenthesis"
        }, 
        {
            "annotations": [
                {
                    "begin": 1376, 
                    "end": 1381, 
                    "score": 0.11729490011930466, 
                    "spot": "quake"
                }, 
                {
                    "begin": 1523, 
                    "end": 1528, 
                    "score": 0.11729490011930466, 
                    "spot": "quake"
                }
            ], 
            "wiki_id": 4372285, 
            "wiki_title": "Daisy Johnson"
        }, 
        {
            "annotations": [
                {
                    "begin": 155, 
                    "end": 161, 
                    "score": 0.08118745684623718, 
                    "spot": "strong"
                }
            ], 
            "wiki_id": 1982496, 
            "wiki_title": "Nuclear force"
        }, 
        {
            "annotations": [
                {
                    "begin": 659, 
                    "end": 668, 
                    "score": 0.05511937662959099, 
                    "spot": "predicted"
                }
            ], 
            "wiki_id": 246066, 
            "wiki_title": "Prediction"
        }, 
        {
            "annotations": [
                {
                    "begin": 1291, 
                    "end": 1297, 
                    "score": 0.17563338577747345, 
                    "spot": "ground"
                }
            ], 
            "wiki_id": 9228, 
            "wiki_title": "Earth"
        }, 
        {
            "annotations": [
                {
                    "begin": 1336, 
                    "end": 1343, 
                    "score": 0.07323847711086273, 
                    "spot": "reading"
                }
            ], 
            "wiki_id": 719715, 
            "wiki_title": "Reading and Leeds Festivals"
        }, 
        {
            "annotations": [
                {
                    "begin": 338, 
                    "end": 347, 
                    "score": 0.014492753893136978, 
                    "spot": "year 2018"
                }, 
                {
                    "begin": 2612, 
                    "end": 2621, 
                    "score": 0.014492753893136978, 
                    "spot": "year 2018"
                }
            ], 
            "wiki_id": 51390, 
            "wiki_title": null
        }
    ]
}