{
    "tagme": [
        {
            "annotations": [
                {
                    "begin": 688, 
                    "end": 693, 
                    "score": 0.1932154893875122, 
                    "spot": "germs"
                }
            ], 
            "wiki_id": 31525, 
            "wiki_title": "Germs (band)"
        }, 
        {
            "annotations": [
                {
                    "begin": 955, 
                    "end": 960, 
                    "score": 0.07837621122598648, 
                    "spot": "Peter"
                }
            ], 
            "wiki_id": 31665644, 
            "wiki_title": "Saint Peter"
        }, 
        {
            "annotations": [
                {
                    "begin": 1435, 
                    "end": 1445, 
                    "score": 0.23216883838176727, 
                    "spot": "resistance"
                }
            ], 
            "wiki_id": 1914, 
            "wiki_title": "Antimicrobial resistance"
        }, 
        {
            "annotations": [
                {
                    "begin": 350, 
                    "end": 357, 
                    "score": 0.2985725700855255, 
                    "spot": "Journal"
                }
            ], 
            "wiki_id": 324572, 
            "wiki_title": "Academic journal"
        }, 
        {
            "annotations": [
                {
                    "begin": 151, 
                    "end": 160, 
                    "score": 0.11480392515659332, 
                    "spot": "published"
                }
            ], 
            "wiki_id": 68761, 
            "wiki_title": "Publishing"
        }, 
        {
            "annotations": [
                {
                    "begin": 800, 
                    "end": 809, 
                    "score": 0.21473881602287292, 
                    "spot": "treatment"
                }
            ], 
            "wiki_id": 427922, 
            "wiki_title": "Drug rehabilitation"
        }, 
        {
            "annotations": [
                {
                    "begin": 2228, 
                    "end": 2233, 
                    "score": 0.0016137325437739491, 
                    "spot": "seven"
                }
            ], 
            "wiki_id": 206818, 
            "wiki_title": "Seven (1995 film)"
        }, 
        {
            "annotations": [
                {
                    "begin": 636, 
                    "end": 643, 
                    "score": 0.14017589390277863, 
                    "spot": "addicts"
                }
            ], 
            "wiki_id": 1778796, 
            "wiki_title": "Substance dependence"
        }, 
        {
            "annotations": [
                {
                    "begin": 145, 
                    "end": 150, 
                    "score": 0.10252637416124344, 
                    "spot": "study"
                }, 
                {
                    "begin": 1405, 
                    "end": 1410, 
                    "score": 0.18395595252513885, 
                    "spot": "study"
                }, 
                {
                    "begin": 1525, 
                    "end": 1530, 
                    "score": 0.12261983752250671, 
                    "spot": "study"
                }
            ], 
            "wiki_id": 25524, 
            "wiki_title": "Research"
        }, 
        {
            "annotations": [
                {
                    "begin": 747, 
                    "end": 759, 
                    "score": 0.0013417521258816123, 
                    "spot": "other people"
                }
            ], 
            "wiki_id": 35911569, 
            "wiki_title": "The Other People"
        }, 
        {
            "annotations": [
                {
                    "begin": 1949, 
                    "end": 1954, 
                    "score": 0.0940115675330162, 
                    "spot": "eight"
                }
            ], 
            "wiki_id": 208174, 
            "wiki_title": "8 (number)"
        }, 
        {
            "annotations": [
                {
                    "begin": 2155, 
                    "end": 2164, 
                    "score": 0.6891489624977112, 
                    "spot": "isoniazid"
                }
            ], 
            "wiki_id": 599463, 
            "wiki_title": "Isoniazid"
        }, 
        {
            "annotations": [
                {
                    "begin": 1858, 
                    "end": 1863, 
                    "score": 0.04504694044589996, 
                    "spot": "eight"
                }
            ], 
            "wiki_id": 1000193, 
            "wiki_title": "Robert Henri"
        }, 
        {
            "annotations": [
                {
                    "begin": 43, 
                    "end": 47, 
                    "score": 0.45464426279067993, 
                    "spot": "AIDS"
                }, 
                {
                    "begin": 274, 
                    "end": 278, 
                    "score": 0.3272155523300171, 
                    "spot": "AIDS"
                }, 
                {
                    "begin": 525, 
                    "end": 529, 
                    "score": 0.45464426279067993, 
                    "spot": "AIDS"
                }, 
                {
                    "begin": 1044, 
                    "end": 1048, 
                    "score": 0.4277818202972412, 
                    "spot": "AIDS"
                }, 
                {
                    "begin": 1144, 
                    "end": 1148, 
                    "score": 0.4131999611854553, 
                    "spot": "AIDS"
                }, 
                {
                    "begin": 1179, 
                    "end": 1214, 
                    "score": 0.2759999930858612, 
                    "spot": "acquired immune deficiency syndrome"
                }, 
                {
                    "begin": 1342, 
                    "end": 1346, 
                    "score": 0.41593682765960693, 
                    "spot": "AIDS"
                }, 
                {
                    "begin": 1773, 
                    "end": 1777, 
                    "score": 0.3902930021286011, 
                    "spot": "AIDS"
                }, 
                {
                    "begin": 1931, 
                    "end": 1934, 
                    "score": 0.35327762365341187, 
                    "spot": "HIV"
                }
            ], 
            "wiki_id": 5069516, 
            "wiki_title": "HIV/AIDS"
        }, 
        {
            "annotations": [
                {
                    "begin": 826, 
                    "end": 837, 
                    "score": 0.3871394395828247, 
                    "spot": "intravenous"
                }
            ], 
            "wiki_id": 178769, 
            "wiki_title": "Intravenous therapy"
        }, 
        {
            "annotations": [
                {
                    "begin": 321, 
                    "end": 330, 
                    "score": 0.13585610687732697, 
                    "spot": "published"
                }
            ], 
            "wiki_id": 324570, 
            "wiki_title": "Academic publishing"
        }, 
        {
            "annotations": [
                {
                    "begin": 103, 
                    "end": 111, 
                    "score": 0.1301603615283966, 
                    "spot": "medicine"
                }, 
                {
                    "begin": 361, 
                    "end": 369, 
                    "score": 0.25986143946647644, 
                    "spot": "Medicine"
                }, 
                {
                    "begin": 904, 
                    "end": 912, 
                    "score": 0.284086674451828, 
                    "spot": "clinical"
                }, 
                {
                    "begin": 2289, 
                    "end": 2297, 
                    "score": 0.2830061912536621, 
                    "spot": "medicine"
                }
            ], 
            "wiki_id": 18957, 
            "wiki_title": "Medicine"
        }, 
        {
            "annotations": [
                {
                    "begin": 457, 
                    "end": 466, 
                    "score": 0.07762259989976883, 
                    "spot": "exposures"
                }
            ], 
            "wiki_id": 6690902, 
            "wiki_title": "Exposure assessment"
        }, 
        {
            "annotations": [
                {
                    "begin": 1291, 
                    "end": 1298, 
                    "score": 0.1210862249135971, 
                    "spot": "percent"
                }, 
                {
                    "begin": 1621, 
                    "end": 1628, 
                    "score": 0.12817928194999695, 
                    "spot": "percent"
                }, 
                {
                    "begin": 1674, 
                    "end": 1681, 
                    "score": 0.19262534379959106, 
                    "spot": "percent"
                }, 
                {
                    "begin": 1735, 
                    "end": 1742, 
                    "score": 0.07237955182790756, 
                    "spot": "percent"
                }
            ], 
            "wiki_id": 64493, 
            "wiki_title": "Percentage"
        }, 
        {
            "annotations": [
                {
                    "begin": 1368, 
                    "end": 1372, 
                    "score": 0.18209730088710785, 
                    "spot": "body"
                }
            ], 
            "wiki_id": 54176, 
            "wiki_title": "Human body"
        }, 
        {
            "annotations": [
                {
                    "begin": 2150, 
                    "end": 2154, 
                    "score": 0.24400320649147034, 
                    "spot": "drug"
                }, 
                {
                    "begin": 2335, 
                    "end": 2339, 
                    "score": 0.12303372472524643, 
                    "spot": "drug"
                }
            ], 
            "wiki_id": 9311172, 
            "wiki_title": "Drug"
        }, 
        {
            "annotations": [
                {
                    "begin": 315, 
                    "end": 320, 
                    "score": 0.17644186317920685, 
                    "spot": "study"
                }, 
                {
                    "begin": 1605, 
                    "end": 1610, 
                    "score": 0.188704714179039, 
                    "spot": "study"
                }, 
                {
                    "begin": 2047, 
                    "end": 2052, 
                    "score": 0.19471509754657745, 
                    "spot": "study"
                }, 
                {
                    "begin": 2417, 
                    "end": 2422, 
                    "score": 0.14457331597805023, 
                    "spot": "study"
                }
            ], 
            "wiki_id": 241717, 
            "wiki_title": "Clinical trial"
        }, 
        {
            "annotations": [
                {
                    "begin": 338, 
                    "end": 369, 
                    "score": 0.3920612931251526, 
                    "spot": "New England Journal of Medicine"
                }
            ], 
            "wiki_id": 486492, 
            "wiki_title": "The New England Journal of Medicine"
        }, 
        {
            "annotations": [
                {
                    "begin": 17, 
                    "end": 20, 
                    "score": 0.29183095693588257, 
                    "spot": "who"
                }, 
                {
                    "begin": 494, 
                    "end": 497, 
                    "score": 0.23579269647598267, 
                    "spot": "who"
                }, 
                {
                    "begin": 644, 
                    "end": 647, 
                    "score": 0.25401875376701355, 
                    "spot": "who"
                }, 
                {
                    "begin": 1223, 
                    "end": 1226, 
                    "score": 0.0965077206492424, 
                    "spot": "who"
                }, 
                {
                    "begin": 1563, 
                    "end": 1566, 
                    "score": 0.24239134788513184, 
                    "spot": "who"
                }, 
                {
                    "begin": 1752, 
                    "end": 1755, 
                    "score": 0.11680325865745544, 
                    "spot": "who"
                }, 
                {
                    "begin": 1914, 
                    "end": 1917, 
                    "score": 0.1748608946800232, 
                    "spot": "who"
                }, 
                {
                    "begin": 1983, 
                    "end": 1986, 
                    "score": 0.1986914873123169, 
                    "spot": "who"
                }, 
                {
                    "begin": 2096, 
                    "end": 2099, 
                    "score": 0.18184950947761536, 
                    "spot": "who"
                }, 
                {
                    "begin": 2268, 
                    "end": 2271, 
                    "score": 0.24297474324703217, 
                    "spot": "who"
                }
            ], 
            "wiki_id": 33583, 
            "wiki_title": "World Health Organization"
        }, 
        {
            "annotations": [
                {
                    "begin": 261, 
                    "end": 270, 
                    "score": 0.14229954779148102, 
                    "spot": "high risk"
                }, 
                {
                    "begin": 581, 
                    "end": 585, 
                    "score": 0.032227739691734314, 
                    "spot": "risk"
                }, 
                {
                    "begin": 1309, 
                    "end": 1313, 
                    "score": 0.1328282654285431, 
                    "spot": "risk"
                }, 
                {
                    "begin": 1506, 
                    "end": 1510, 
                    "score": 0.1191621869802475, 
                    "spot": "risk"
                }
            ], 
            "wiki_id": 24462958, 
            "wiki_title": "Risk"
        }, 
        {
            "annotations": [
                {
                    "begin": 43, 
                    "end": 53, 
                    "score": 0.43259650468826294, 
                    "spot": "AIDS virus"
                }, 
                {
                    "begin": 525, 
                    "end": 535, 
                    "score": 0.39833489060401917, 
                    "spot": "AIDS virus"
                }, 
                {
                    "begin": 1044, 
                    "end": 1054, 
                    "score": 0.43259650468826294, 
                    "spot": "AIDS virus"
                }, 
                {
                    "begin": 1144, 
                    "end": 1154, 
                    "score": 0.3916188180446625, 
                    "spot": "AIDS\nvirus"
                }, 
                {
                    "begin": 1332, 
                    "end": 1335, 
                    "score": 0.4632212519645691, 
                    "spot": "HIV"
                }, 
                {
                    "begin": 1656, 
                    "end": 1659, 
                    "score": 0.34911033511161804, 
                    "spot": "HIV"
                }, 
                {
                    "begin": 1696, 
                    "end": 1699, 
                    "score": 0.3367001712322235, 
                    "spot": "HIV"
                }, 
                {
                    "begin": 1773, 
                    "end": 1783, 
                    "score": 0.36021873354911804, 
                    "spot": "AIDS virus"
                }, 
                {
                    "begin": 2108, 
                    "end": 2111, 
                    "score": 0.4524698853492737, 
                    "spot": "HIV"
                }
            ], 
            "wiki_id": 14170, 
            "wiki_title": "HIV"
        }, 
        {
            "annotations": [
                {
                    "begin": 917, 
                    "end": 930, 
                    "score": 0.33744731545448303, 
                    "spot": "public health"
                }
            ], 
            "wiki_id": 463734, 
            "wiki_title": "Public health"
        }, 
        {
            "annotations": [
                {
                    "begin": 1003, 
                    "end": 1011, 
                    "score": 0.08544794470071793, 
                    "spot": "New York"
                }
            ], 
            "wiki_id": 72855, 
            "wiki_title": "New York Knicks"
        }, 
        {
            "annotations": [
                {
                    "begin": 2400, 
                    "end": 2406, 
                    "score": 0.13769662380218506, 
                    "spot": "clinic"
                }
            ], 
            "wiki_id": 832314, 
            "wiki_title": "Clinic"
        }, 
        {
            "annotations": [
                {
                    "begin": 25, 
                    "end": 33, 
                    "score": 0.33220726251602173, 
                    "spot": "infected"
                }, 
                {
                    "begin": 437, 
                    "end": 447, 
                    "score": 0.29156312346458435, 
                    "spot": "infections"
                }, 
                {
                    "begin": 507, 
                    "end": 515, 
                    "score": 0.33220726251602173, 
                    "spot": "infected"
                }, 
                {
                    "begin": 873, 
                    "end": 882, 
                    "score": 0.3391607105731964, 
                    "spot": "infection"
                }, 
                {
                    "begin": 1642, 
                    "end": 1650, 
                    "score": 0.2688714265823364, 
                    "spot": "infected"
                }, 
                {
                    "begin": 2000, 
                    "end": 2008, 
                    "score": 0.2582077383995056, 
                    "spot": "infected"
                }, 
                {
                    "begin": 2257, 
                    "end": 2267, 
                    "score": 0.15951064229011536, 
                    "spot": "infections"
                }
            ], 
            "wiki_id": 37220, 
            "wiki_title": "Infection"
        }, 
        {
            "annotations": [
                {
                    "begin": 781, 
                    "end": 795, 
                    "score": 0.11762462556362152, 
                    "spot": "identification"
                }
            ], 
            "wiki_id": 474009, 
            "wiki_title": "Chemical structure"
        }, 
        {
            "annotations": [
                {
                    "begin": 704, 
                    "end": 713, 
                    "score": 0.007223326712846756, 
                    "spot": "they live"
                }
            ], 
            "wiki_id": 342556, 
            "wiki_title": "They Live"
        }, 
        {
            "annotations": [
                {
                    "begin": 48, 
                    "end": 53, 
                    "score": 0.3836398124694824, 
                    "spot": "virus"
                }, 
                {
                    "begin": 530, 
                    "end": 535, 
                    "score": 0.2843407690525055, 
                    "spot": "virus"
                }, 
                {
                    "begin": 1049, 
                    "end": 1054, 
                    "score": 0.3836398124694824, 
                    "spot": "virus"
                }, 
                {
                    "begin": 1149, 
                    "end": 1154, 
                    "score": 0.29532021284103394, 
                    "spot": "virus"
                }, 
                {
                    "begin": 1778, 
                    "end": 1783, 
                    "score": 0.3976520299911499, 
                    "spot": "virus"
                }
            ], 
            "wiki_id": 19167679, 
            "wiki_title": "Virus"
        }, 
        {
            "annotations": [
                {
                    "begin": 1587, 
                    "end": 1594, 
                    "score": 0.08126980811357498, 
                    "spot": "program"
                }
            ], 
            "wiki_id": 9252, 
            "wiki_title": "Education"
        }, 
        {
            "annotations": [
                {
                    "begin": 1206, 
                    "end": 1214, 
                    "score": 0.0920943021774292, 
                    "spot": "syndrome"
                }
            ], 
            "wiki_id": 277102, 
            "wiki_title": "Syndrome"
        }, 
        {
            "annotations": [
                {
                    "begin": 58, 
                    "end": 70, 
                    "score": 0.5538751482963562, 
                    "spot": "tuberculosis"
                }, 
                {
                    "begin": 216, 
                    "end": 228, 
                    "score": 0.4962316155433655, 
                    "spot": "tuberculosis"
                }, 
                {
                    "begin": 375, 
                    "end": 377, 
                    "score": 0.3570735454559326, 
                    "spot": "TB"
                }, 
                {
                    "begin": 424, 
                    "end": 436, 
                    "score": 0.5110601186752319, 
                    "spot": "tuberculosis"
                }, 
                {
                    "begin": 597, 
                    "end": 609, 
                    "score": 0.4748114347457886, 
                    "spot": "tuberculosis"
                }, 
                {
                    "begin": 658, 
                    "end": 660, 
                    "score": 0.20657947659492493, 
                    "spot": "TB"
                }, 
                {
                    "begin": 861, 
                    "end": 872, 
                    "score": 0.30768781900405884, 
                    "spot": "tuberculous"
                }, 
                {
                    "begin": 1058, 
                    "end": 1070, 
                    "score": 0.483375608921051, 
                    "spot": "tuberculosis"
                }, 
                {
                    "begin": 1237, 
                    "end": 1249, 
                    "score": 0.5170167684555054, 
                    "spot": "tuberculosis"
                }, 
                {
                    "begin": 1325, 
                    "end": 1327, 
                    "score": 0.17190143465995789, 
                    "spot": "TB"
                }, 
                {
                    "begin": 1453, 
                    "end": 1465, 
                    "score": 0.5195629000663757, 
                    "spot": "tuberculosis"
                }, 
                {
                    "begin": 1514, 
                    "end": 1516, 
                    "score": 0.10146298259496689, 
                    "spot": "TB"
                }, 
                {
                    "begin": 1713, 
                    "end": 1715, 
                    "score": 0.2503703832626343, 
                    "spot": "TB"
                }, 
                {
                    "begin": 1832, 
                    "end": 1844, 
                    "score": 0.49040457606315613, 
                    "spot": "tuberculosis"
                }, 
                {
                    "begin": 2014, 
                    "end": 2026, 
                    "score": 0.6005524396896362, 
                    "spot": "tuberculosis"
                }, 
                {
                    "begin": 2116, 
                    "end": 2118, 
                    "score": 0.31075066328048706, 
                    "spot": "TB"
                }, 
                {
                    "begin": 2205, 
                    "end": 2217, 
                    "score": 0.3393228054046631, 
                    "spot": "tuberculosis"
                }, 
                {
                    "begin": 2302, 
                    "end": 2304, 
                    "score": 0.28602513670921326, 
                    "spot": "TB"
                }
            ], 
            "wiki_id": 30653, 
            "wiki_title": "Tuberculosis"
        }, 
        {
            "annotations": [
                {
                    "begin": 854, 
                    "end": 860, 
                    "score": 0.22984929382801056, 
                    "spot": "latent"
                }
            ], 
            "wiki_id": 3783315, 
            "wiki_title": "Virus latency"
        }, 
        {
            "annotations": [
                {
                    "begin": 1661, 
                    "end": 1673, 
                    "score": 0.08721397072076797, 
                    "spot": "Twenty-three"
                }
            ], 
            "wiki_id": 362203, 
            "wiki_title": "23 (number)"
        }, 
        {
            "annotations": [
                {
                    "begin": 770, 
                    "end": 780, 
                    "score": 0.1409771591424942, 
                    "spot": "aggressive"
                }
            ], 
            "wiki_id": 58687, 
            "wiki_title": "Aggression"
        }, 
        {
            "annotations": [
                {
                    "begin": 161, 
                    "end": 166, 
                    "score": 0.03909250721335411, 
                    "spot": "today"
                }
            ], 
            "wiki_id": 162647, 
            "wiki_title": "Today (BBC Radio 4)"
        }, 
        {
            "annotations": [
                {
                    "begin": 1936, 
                    "end": 1941, 
                    "score": 0.04424804076552391, 
                    "spot": "Seven"
                }
            ], 
            "wiki_id": 494657, 
            "wiki_title": "Seven Network"
        }, 
        {
            "annotations": [
                {
                    "begin": 171, 
                    "end": 178, 
                    "score": 0.17667214572429657, 
                    "spot": "Doctors"
                }, 
                {
                    "begin": 544, 
                    "end": 551, 
                    "score": 0.12076491117477417, 
                    "spot": "doctors"
                }, 
                {
                    "begin": 951, 
                    "end": 953, 
                    "score": 0.03221234679222107, 
                    "spot": "Dr"
                }, 
                {
                    "begin": 2067, 
                    "end": 2074, 
                    "score": 0.15067878365516663, 
                    "spot": "doctors"
                }, 
                {
                    "begin": 2313, 
                    "end": 2320, 
                    "score": 0.28654998540878296, 
                    "spot": "doctors"
                }
            ], 
            "wiki_id": 23315, 
            "wiki_title": "Physician"
        }, 
        {
            "annotations": [
                {
                    "begin": 1535, 
                    "end": 1544, 
                    "score": 0.060944367200136185, 
                    "spot": "conducted"
                }, 
                {
                    "begin": 2427, 
                    "end": 2436, 
                    "score": 0.024930104613304138, 
                    "spot": "conducted"
                }
            ], 
            "wiki_id": 199162, 
            "wiki_title": "Conducting"
        }, 
        {
            "annotations": [
                {
                    "begin": 2343, 
                    "end": 2359, 
                    "score": 0.0042372881434857845, 
                    "spot": "now administered"
                }
            ], 
            "wiki_id": 380440, 
            "wiki_title": "Soviet Military Administration in Germany"
        }, 
        {
            "annotations": [
                {
                    "begin": 578, 
                    "end": 585, 
                    "score": 0.001994379563257098, 
                    "spot": "at risk"
                }
            ], 
            "wiki_id": 10711041, 
            "wiki_title": "At-risk students"
        }, 
        {
            "annotations": [
                {
                    "begin": 1845, 
                    "end": 1854, 
                    "score": 0.07644961029291153, 
                    "spot": "developed"
                }
            ], 
            "wiki_id": 3218783, 
            "wiki_title": "Drug development"
        }, 
        {
            "annotations": [
                {
                    "begin": 1885, 
                    "end": 1891, 
                    "score": 0.002633341820910573, 
                    "spot": "people"
                }
            ], 
            "wiki_id": 15559466, 
            "wiki_title": "Outlook.com"
        }, 
        {
            "annotations": [
                {
                    "begin": 2371, 
                    "end": 2376, 
                    "score": 0.038489826023578644, 
                    "spot": "daily"
                }
            ], 
            "wiki_id": 235688, 
            "wiki_title": "Daily Mirror"
        }, 
        {
            "annotations": [
                {
                    "begin": 1111, 
                    "end": 1115, 
                    "score": 0.14825262129306793, 
                    "spot": "sick"
                }, 
                {
                    "begin": 1392, 
                    "end": 1399, 
                    "score": 0.2326054871082306, 
                    "spot": "disease"
                }
            ], 
            "wiki_id": 8072, 
            "wiki_title": "Disease"
        }, 
        {
            "annotations": [
                {
                    "begin": 675, 
                    "end": 678, 
                    "score": 0.09677012264728546, 
                    "spot": "may"
                }
            ], 
            "wiki_id": 42069, 
            "wiki_title": "Brian May"
        }, 
        {
            "annotations": [
                {
                    "begin": 1375, 
                    "end": 1383, 
                    "score": 0.15586581826210022, 
                    "spot": "defenses"
                }
            ], 
            "wiki_id": 465009, 
            "wiki_title": "Defence mechanisms"
        }, 
        {
            "annotations": [
                {
                    "begin": 753, 
                    "end": 759, 
                    "score": 0.0702466070652008, 
                    "spot": "people"
                }, 
                {
                    "begin": 1484, 
                    "end": 1490, 
                    "score": 0.051293905824422836, 
                    "spot": "people"
                }, 
                {
                    "begin": 1976, 
                    "end": 1982, 
                    "score": 0.12401361763477325, 
                    "spot": "people"
                }, 
                {
                    "begin": 2240, 
                    "end": 2246, 
                    "score": 0.06844116747379303, 
                    "spot": "people"
                }
            ], 
            "wiki_id": 219599, 
            "wiki_title": "Person"
        }, 
        {
            "annotations": [
                {
                    "begin": 1499, 
                    "end": 1505, 
                    "score": 0.06892412155866623, 
                    "spot": "higher"
                }
            ], 
            "wiki_id": 66966, 
            "wiki_title": "Vascular plant"
        }, 
        {
            "annotations": [
                {
                    "begin": 964, 
                    "end": 970, 
                    "score": 0.1240166574716568, 
                    "spot": "Selwyn"
                }
            ], 
            "wiki_id": 7575226, 
            "wiki_title": "George Selwyn (bishop of Lichfield)"
        }, 
        {
            "annotations": [
                {
                    "begin": 134, 
                    "end": 136, 
                    "score": 0.13025419414043427, 
                    "spot": "TB"
                }, 
                {
                    "begin": 1955, 
                    "end": 1957, 
                    "score": 0.1874111294746399, 
                    "spot": "TB"
                }
            ], 
            "wiki_id": 30657, 
            "wiki_title": "Terabyte"
        }, 
        {
            "annotations": [
                {
                    "begin": 251, 
                    "end": 257, 
                    "score": 0.0915301963686943, 
                    "spot": "people"
                }
            ], 
            "wiki_id": 35907803, 
            "wiki_title": "The People (1891)"
        }, 
        {
            "annotations": [
                {
                    "begin": 1577, 
                    "end": 1586, 
                    "score": 0.5812646150588989, 
                    "spot": "methadone"
                }, 
                {
                    "begin": 2377, 
                    "end": 2386, 
                    "score": 0.6458175182342529, 
                    "spot": "methadone"
                }
            ], 
            "wiki_id": 20962, 
            "wiki_title": "Methadone"
        }, 
        {
            "annotations": [
                {
                    "begin": 2387, 
                    "end": 2392, 
                    "score": 0.08925260603427887, 
                    "spot": "doses"
                }
            ], 
            "wiki_id": 10449471, 
            "wiki_title": "Dose (biochemistry)"
        }, 
        {
            "annotations": [
                {
                    "begin": 291, 
                    "end": 303, 
                    "score": 0.2820320129394531, 
                    "spot": "drug\naddicts"
                }
            ], 
            "wiki_id": 27158894, 
            "wiki_title": "Addiction"
        }, 
        {
            "annotations": [
                {
                    "begin": 838, 
                    "end": 848, 
                    "score": 0.010317460633814335, 
                    "spot": "drug users"
                }, 
                {
                    "begin": 1552, 
                    "end": 1556, 
                    "score": 0.25781792402267456, 
                    "spot": "drug"
                }, 
                {
                    "begin": 1552, 
                    "end": 1562, 
                    "score": 0.2855542004108429, 
                    "spot": "drug users"
                }
            ], 
            "wiki_id": 102959, 
            "wiki_title": "Substance abuse"
        }, 
        {
            "annotations": [
                {
                    "begin": 1900, 
                    "end": 1904, 
                    "score": 0.0581175722181797, 
                    "spot": "none"
                }, 
                {
                    "begin": 2170, 
                    "end": 2174, 
                    "score": 0.05134396255016327, 
                    "spot": "none"
                }
            ], 
            "wiki_id": 323777, 
            "wiki_title": "Irreligion"
        }, 
        {
            "annotations": [
                {
                    "begin": 648, 
                    "end": 653, 
                    "score": 0.22523556649684906, 
                    "spot": "carry"
                }, 
                {
                    "begin": 1027, 
                    "end": 1032, 
                    "score": 0.16103118658065796, 
                    "spot": "carry"
                }
            ], 
            "wiki_id": 679680, 
            "wiki_title": "Asymptomatic carrier"
        }, 
        {
            "annotations": [
                {
                    "begin": 123, 
                    "end": 133, 
                    "score": 0.1666666716337204, 
                    "spot": "full-blown"
                }
            ], 
            "wiki_id": 20301501, 
            "wiki_title": "Lil Italy"
        }, 
        {
            "annotations": [
                {
                    "begin": 723, 
                    "end": 742, 
                    "score": 0.3364335894584656, 
                    "spot": "health\ncare workers"
                }
            ], 
            "wiki_id": 6142110, 
            "wiki_title": "Health professional"
        }, 
        {
            "annotations": [
                {
                    "begin": 1016, 
                    "end": 1022, 
                    "score": 0.16901905834674835, 
                    "spot": "People"
                }
            ], 
            "wiki_id": 689457, 
            "wiki_title": "The Sunday People"
        }, 
        {
            "annotations": [
                {
                    "begin": 202, 
                    "end": 212, 
                    "score": 0.15354181826114655, 
                    "spot": "prevalence"
                }
            ], 
            "wiki_id": 126688, 
            "wiki_title": "Prevalence"
        }, 
        {
            "annotations": [
                {
                    "begin": 974, 
                    "end": 999, 
                    "score": 0.5, 
                    "spot": "Montefiore Medical Center"
                }
            ], 
            "wiki_id": 2682363, 
            "wiki_title": "Montefiore Medical Center"
        }, 
        {
            "annotations": [
                {
                    "begin": 1958, 
                    "end": 1963, 
                    "score": 0.14430715143680573, 
                    "spot": "cases"
                }
            ], 
            "wiki_id": 113258, 
            "wiki_title": "Lawsuit"
        }, 
        {
            "annotations": [
                {
                    "begin": 1227, 
                    "end": 1232, 
                    "score": 0.06577854603528976, 
                    "spot": "carry"
                }
            ], 
            "wiki_id": 36999, 
            "wiki_title": "Carry On (franchise)"
        }, 
        {
            "annotations": [
                {
                    "begin": 4, 
                    "end": 8, 
                    "score": 0.23805183172225952, 
                    "spot": "Drug"
                }, 
                {
                    "begin": 826, 
                    "end": 848, 
                    "score": 0.3644088804721832, 
                    "spot": "intravenous drug users"
                }
            ], 
            "wiki_id": 25949, 
            "wiki_title": "Recreational drug use"
        }, 
        {
            "annotations": [
                {
                    "begin": 400, 
                    "end": 410, 
                    "score": 0.24723844230175018, 
                    "spot": "activation"
                }
            ], 
            "wiki_id": 170417, 
            "wiki_title": "T cell"
        }, 
        {
            "annotations": [
                {
                    "begin": 1761, 
                    "end": 1765, 
                    "score": 0.04702619090676308, 
                    "spot": "free"
                }
            ], 
            "wiki_id": 269523, 
            "wiki_title": "Free (band)"
        }, 
        {
            "annotations": [
                {
                    "begin": 723, 
                    "end": 734, 
                    "score": 0.36838698387145996, 
                    "spot": "health\ncare"
                }
            ], 
            "wiki_id": 261925, 
            "wiki_title": "Health care"
        }, 
        {
            "annotations": [
                {
                    "begin": 487, 
                    "end": 493, 
                    "score": 0.003450064454227686, 
                    "spot": "people"
                }, 
                {
                    "begin": 697, 
                    "end": 703, 
                    "score": 0.07395859807729721, 
                    "spot": "people"
                }, 
                {
                    "begin": 1128, 
                    "end": 1134, 
                    "score": 0.14373986423015594, 
                    "spot": "people"
                }, 
                {
                    "begin": 1216, 
                    "end": 1222, 
                    "score": 0.04466841369867325, 
                    "spot": "people"
                }, 
                {
                    "begin": 2089, 
                    "end": 2095, 
                    "score": 0.027404874563217163, 
                    "spot": "people"
                }
            ], 
            "wiki_id": 507970, 
            "wiki_title": "People (magazine)"
        }, 
        {
            "annotations": [
                {
                    "begin": 1166, 
                    "end": 1168, 
                    "score": 0.040266312658786774, 
                    "spot": "go"
                }
            ], 
            "wiki_id": 585172, 
            "wiki_title": "Go (1999 film)"
        }, 
        {
            "annotations": [
                {
                    "begin": 1023, 
                    "end": 1026, 
                    "score": 0.1765892058610916, 
                    "spot": "may"
                }
            ], 
            "wiki_id": 6857956, 
            "wiki_title": "May Wright"
        }, 
        {
            "annotations": [
                {
                    "begin": 985, 
                    "end": 999, 
                    "score": 0.009364916943013668, 
                    "spot": "Medical Center"
                }
            ], 
            "wiki_id": 1557143, 
            "wiki_title": "Medical Center (TV series)"
        }, 
        {
            "annotations": [
                {
                    "begin": 679, 
                    "end": 683, 
                    "score": 0.033902835100889206, 
                    "spot": "pass"
                }
            ], 
            "wiki_id": 7705854, 
            "wiki_title": "Passing (racial identity)"
        }, 
        {
            "annotations": [
                {
                    "begin": 735, 
                    "end": 742, 
                    "score": 0.1307365894317627, 
                    "spot": "workers"
                }
            ], 
            "wiki_id": 314993, 
            "wiki_title": "Employment"
        }, 
        {
            "annotations": [
                {
                    "begin": 71, 
                    "end": 79, 
                    "score": 0.3441060185432434, 
                    "spot": "bacteria"
                }, 
                {
                    "begin": 474, 
                    "end": 482, 
                    "score": 0.2812351882457733, 
                    "spot": "bacteria"
                }, 
                {
                    "begin": 661, 
                    "end": 669, 
                    "score": 0.28231081366539, 
                    "spot": "bacteria"
                }, 
                {
                    "begin": 1071, 
                    "end": 1079, 
                    "score": 0.3638370633125305, 
                    "spot": "bacteria"
                }, 
                {
                    "begin": 1250, 
                    "end": 1258, 
                    "score": 0.28098922967910767, 
                    "spot": "bacteria"
                }, 
                {
                    "begin": 1466, 
                    "end": 1474, 
                    "score": 0.4033360481262207, 
                    "spot": "bacteria"
                }, 
                {
                    "begin": 1716, 
                    "end": 1724, 
                    "score": 0.36154574155807495, 
                    "spot": "bacteria"
                }, 
                {
                    "begin": 2027, 
                    "end": 2035, 
                    "score": 0.46477198600769043, 
                    "spot": "bacteria"
                }, 
                {
                    "begin": 2119, 
                    "end": 2127, 
                    "score": 0.4164562225341797, 
                    "spot": "bacteria"
                }
            ], 
            "wiki_id": 9028799, 
            "wiki_title": "Bacteria"
        }, 
        {
            "annotations": [
                {
                    "begin": 589, 
                    "end": 596, 
                    "score": 0.021514274179935455, 
                    "spot": "getting"
                }, 
                {
                    "begin": 1103, 
                    "end": 1110, 
                    "score": 0.06730306148529053, 
                    "spot": "getting"
                }, 
                {
                    "begin": 1317, 
                    "end": 1324, 
                    "score": 0.021514274179935455, 
                    "spot": "getting"
                }
            ], 
            "wiki_id": 40224738, 
            "wiki_title": "Getting On (U.S. TV series)"
        }
    ]
}