{
    "tagme": [
        {
            "annotations": [
                {
                    "begin": 1187, 
                    "end": 1194, 
                    "score": 0.0456303171813488, 
                    "spot": "someday"
                }
            ], 
            "wiki_id": 1832762, 
            "wiki_title": "Someday (Mariah Carey song)"
        }, 
        {
            "annotations": [
                {
                    "begin": 964, 
                    "end": 973, 
                    "score": 0.3343571722507477, 
                    "spot": "bacterial"
                }
            ], 
            "wiki_id": 15464966, 
            "wiki_title": "Pathogenic bacteria"
        }, 
        {
            "annotations": [
                {
                    "begin": 672, 
                    "end": 677, 
                    "score": 0.07506012171506882, 
                    "spot": "seven"
                }
            ], 
            "wiki_id": 6979207, 
            "wiki_title": "Estuary TV"
        }, 
        {
            "annotations": [
                {
                    "begin": 211, 
                    "end": 222, 
                    "score": 0.12184593826532364, 
                    "spot": "Researchers"
                }
            ], 
            "wiki_id": 25524, 
            "wiki_title": "Research"
        }, 
        {
            "annotations": [
                {
                    "begin": 1958, 
                    "end": 1967, 
                    "score": 0.06485593318939209, 
                    "spot": "confirmed"
                }
            ], 
            "wiki_id": 31737, 
            "wiki_title": "Supreme Court of the United States"
        }, 
        {
            "annotations": [
                {
                    "begin": 1702, 
                    "end": 1714, 
                    "score": 0.0008090615156106651, 
                    "spot": "transferring"
                }
            ], 
            "wiki_id": 2643292, 
            "wiki_title": "Transfer (association football)"
        }, 
        {
            "annotations": [
                {
                    "begin": 2165, 
                    "end": 2177, 
                    "score": 0.0013417521258816123, 
                    "spot": "other people"
                }
            ], 
            "wiki_id": 35911569, 
            "wiki_title": "The Other People"
        }, 
        {
            "annotations": [
                {
                    "begin": 2139, 
                    "end": 2150, 
                    "score": 0.12167727202177048, 
                    "spot": "susceptible"
                }
            ], 
            "wiki_id": 931668, 
            "wiki_title": "Susceptible individual"
        }, 
        {
            "annotations": [
                {
                    "begin": 21, 
                    "end": 25, 
                    "score": 0.15125174820423126, 
                    "spot": "rate"
                }
            ], 
            "wiki_id": 163115, 
            "wiki_title": "Interest rate"
        }, 
        {
            "annotations": [
                {
                    "begin": 1619, 
                    "end": 1629, 
                    "score": 0.11585333198308945, 
                    "spot": "new prison"
                }
            ], 
            "wiki_id": 9226940, 
            "wiki_title": "New Prison"
        }, 
        {
            "annotations": [
                {
                    "begin": 1195, 
                    "end": 1202, 
                    "score": 0.06003838777542114, 
                    "spot": "develop"
                }
            ], 
            "wiki_id": 23572959, 
            "wiki_title": "Real estate development"
        }, 
        {
            "annotations": [
                {
                    "begin": 1503, 
                    "end": 1511, 
                    "score": 0.08845126628875732, 
                    "spot": "visitors"
                }
            ], 
            "wiki_id": 29789, 
            "wiki_title": "Tourism"
        }, 
        {
            "annotations": [
                {
                    "begin": 807, 
                    "end": 815, 
                    "score": 0.004249291960150003, 
                    "spot": "11 times"
                }
            ], 
            "wiki_id": 2700872, 
            "wiki_title": "OVW Southern Tag Team Championship"
        }, 
        {
            "annotations": [
                {
                    "begin": 1076, 
                    "end": 1080, 
                    "score": 0.16918253898620605, 
                    "spot": "drug"
                }
            ], 
            "wiki_id": 9311172, 
            "wiki_title": "Drug"
        }, 
        {
            "annotations": [
                {
                    "begin": 187, 
                    "end": 191, 
                    "score": 0.03529493510723114, 
                    "spot": "curb"
                }
            ], 
            "wiki_id": 860923, 
            "wiki_title": "Mike Curb"
        }, 
        {
            "annotations": [
                {
                    "begin": 745, 
                    "end": 755, 
                    "score": 0.26799261569976807, 
                    "spot": "New Jersey"
                }, 
                {
                    "begin": 840, 
                    "end": 850, 
                    "score": 0.26224806904792786, 
                    "spot": "New Jersey"
                }
            ], 
            "wiki_id": 21648, 
            "wiki_title": "New Jersey"
        }, 
        {
            "annotations": [
                {
                    "begin": 155, 
                    "end": 164, 
                    "score": 0.08137557655572891, 
                    "spot": "isolation"
                }, 
                {
                    "begin": 1878, 
                    "end": 1887, 
                    "score": 0.2414330244064331, 
                    "spot": "isolation"
                }
            ], 
            "wiki_id": 962509, 
            "wiki_title": "Solitude"
        }, 
        {
            "annotations": [
                {
                    "begin": 268, 
                    "end": 274, 
                    "score": 0.07813192903995514, 
                    "spot": "survey"
                }
            ], 
            "wiki_id": 60891, 
            "wiki_title": "Surveying"
        }, 
        {
            "annotations": [
                {
                    "begin": 1801, 
                    "end": 1805, 
                    "score": 0.0009033234091475606, 
                    "spot": "once"
                }
            ], 
            "wiki_id": 24352817, 
            "wiki_title": "Once (Roy Harper album)"
        }, 
        {
            "annotations": [
                {
                    "begin": 1065, 
                    "end": 1070, 
                    "score": 0.09709221124649048, 
                    "spot": "cured"
                }
            ], 
            "wiki_id": 18909227, 
            "wiki_title": "Curing of tobacco"
        }, 
        {
            "annotations": [
                {
                    "begin": 281, 
                    "end": 287, 
                    "score": 0.13438165187835693, 
                    "spot": "states"
                }
            ], 
            "wiki_id": 28151, 
            "wiki_title": "State (polity)"
        }, 
        {
            "annotations": [
                {
                    "begin": 1205, 
                    "end": 1209, 
                    "score": 0.05347316339612007, 
                    "spot": "case"
                }
            ], 
            "wiki_id": 8931454, 
            "wiki_title": "Theodore Case"
        }, 
        {
            "annotations": [
                {
                    "begin": 515, 
                    "end": 522, 
                    "score": 0.06796000152826309, 
                    "spot": "systems"
                }
            ], 
            "wiki_id": 8286675, 
            "wiki_title": "System"
        }, 
        {
            "annotations": [
                {
                    "begin": 774, 
                    "end": 778, 
                    "score": 0.09520769119262695, 
                    "spot": "rate"
                }, 
                {
                    "begin": 882, 
                    "end": 886, 
                    "score": 0.06655140966176987, 
                    "spot": "rate"
                }
            ], 
            "wiki_id": 856250, 
            "wiki_title": "Rates (tax)"
        }, 
        {
            "annotations": [
                {
                    "begin": 1100, 
                    "end": 1104, 
                    "score": 0.0009633911540731788, 
                    "spot": "as 7"
                }
            ], 
            "wiki_id": 10690611, 
            "wiki_title": "Kh-23 Grom"
        }, 
        {
            "annotations": [
                {
                    "begin": 1826, 
                    "end": 1832, 
                    "score": 0.3227557837963104, 
                    "spot": "X-rays"
                }
            ], 
            "wiki_id": 6856496, 
            "wiki_title": "Medical radiography"
        }, 
        {
            "annotations": [
                {
                    "begin": 2091, 
                    "end": 2095, 
                    "score": 0.3691328167915344, 
                    "spot": "AIDS"
                }, 
                {
                    "begin": 2221, 
                    "end": 2225, 
                    "score": 0.31669577956199646, 
                    "spot": "AIDS"
                }
            ], 
            "wiki_id": 5069516, 
            "wiki_title": "HIV/AIDS"
        }, 
        {
            "annotations": [
                {
                    "begin": 1820, 
                    "end": 1832, 
                    "score": 0.3036341667175293, 
                    "spot": "chest X-rays"
                }
            ], 
            "wiki_id": 1502182, 
            "wiki_title": "Chest radiograph"
        }, 
        {
            "annotations": [
                {
                    "begin": 1105, 
                    "end": 1112, 
                    "score": 0.006681401282548904, 
                    "spot": "percent"
                }, 
                {
                    "begin": 1166, 
                    "end": 1173, 
                    "score": 0.047565583139657974, 
                    "spot": "percent"
                }
            ], 
            "wiki_id": 64493, 
            "wiki_title": "Percentage"
        }, 
        {
            "annotations": [
                {
                    "begin": 2130, 
                    "end": 2138, 
                    "score": 0.11535192281007767, 
                    "spot": "patients"
                }
            ], 
            "wiki_id": 437724, 
            "wiki_title": "Patient"
        }, 
        {
            "annotations": [
                {
                    "begin": 1915, 
                    "end": 1917, 
                    "score": 0.05861939117312431, 
                    "spot": "if"
                }
            ], 
            "wiki_id": 8882040, 
            "wiki_title": "International Forum Design"
        }, 
        {
            "annotations": [
                {
                    "begin": 83, 
                    "end": 97, 
                    "score": 0.0017522340640425682, 
                    "spot": "on the outside"
                }
            ], 
            "wiki_id": 2474078, 
            "wiki_title": "On the Outside (Starsailor album)"
        }, 
        {
            "annotations": [
                {
                    "begin": 8, 
                    "end": 20, 
                    "score": 0.43193525075912476, 
                    "spot": "tuberculosis"
                }, 
                {
                    "begin": 192, 
                    "end": 194, 
                    "score": 0.14507561922073364, 
                    "spot": "TB"
                }, 
                {
                    "begin": 315, 
                    "end": 327, 
                    "score": 0.448106050491333, 
                    "spot": "tuberculosis"
                }, 
                {
                    "begin": 541, 
                    "end": 543, 
                    "score": 0.20750084519386292, 
                    "spot": "TB"
                }, 
                {
                    "begin": 633, 
                    "end": 635, 
                    "score": 0.153276264667511, 
                    "spot": "TB"
                }, 
                {
                    "begin": 771, 
                    "end": 773, 
                    "score": 0.11489711701869965, 
                    "spot": "TB"
                }, 
                {
                    "begin": 936, 
                    "end": 948, 
                    "score": 0.5660154223442078, 
                    "spot": "Tuberculosis"
                }, 
                {
                    "begin": 1213, 
                    "end": 1225, 
                    "score": 0.4288350045681, 
                    "spot": "tuberculosis"
                }, 
                {
                    "begin": 1315, 
                    "end": 1317, 
                    "score": 0.20929279923439026, 
                    "spot": "TB"
                }, 
                {
                    "begin": 1570, 
                    "end": 1582, 
                    "score": 0.5942976474761963, 
                    "spot": "Tuberculosis"
                }, 
                {
                    "begin": 1599, 
                    "end": 1601, 
                    "score": 0.37460482120513916, 
                    "spot": "TB"
                }, 
                {
                    "begin": 1980, 
                    "end": 1982, 
                    "score": 0.1826145052909851, 
                    "spot": "TB"
                }, 
                {
                    "begin": 2062, 
                    "end": 2064, 
                    "score": 0.15825441479682922, 
                    "spot": "TB"
                }, 
                {
                    "begin": 2204, 
                    "end": 2216, 
                    "score": 0.5056375861167908, 
                    "spot": "tuberculosis"
                }, 
                {
                    "begin": 2276, 
                    "end": 2278, 
                    "score": 0.24119094014167786, 
                    "spot": "TB"
                }
            ], 
            "wiki_id": 30653, 
            "wiki_title": "Tuberculosis"
        }, 
        {
            "annotations": [
                {
                    "begin": 636, 
                    "end": 641, 
                    "score": 0.09615028649568558, 
                    "spot": "cases"
                }, 
                {
                    "begin": 712, 
                    "end": 717, 
                    "score": 0.07734796404838562, 
                    "spot": "cases"
                }
            ], 
            "wiki_id": 113258, 
            "wiki_title": "Lawsuit"
        }, 
        {
            "annotations": [
                {
                    "begin": 851, 
                    "end": 861, 
                    "score": 0.019186124205589294, 
                    "spot": "population"
                }
            ], 
            "wiki_id": 19017269, 
            "wiki_title": "World population"
        }, 
        {
            "annotations": [
                {
                    "begin": 252, 
                    "end": 259, 
                    "score": 0.07555745542049408, 
                    "spot": "Control"
                }
            ], 
            "wiki_id": 1640288, 
            "wiki_title": "Scientific control"
        }, 
        {
            "annotations": [
                {
                    "begin": 1786, 
                    "end": 1791, 
                    "score": 0.1287500262260437, 
                    "spot": "tests"
                }, 
                {
                    "begin": 2226, 
                    "end": 2231, 
                    "score": 0.14656712114810944, 
                    "spot": "tests"
                }
            ], 
            "wiki_id": 30284, 
            "wiki_title": "Statistical hypothesis testing"
        }, 
        {
            "annotations": [
                {
                    "begin": 1038, 
                    "end": 1051, 
                    "score": 0.20469510555267334, 
                    "spot": "United States"
                }, 
                {
                    "begin": 1116, 
                    "end": 1125, 
                    "score": 0.027121733874082565, 
                    "spot": "Americans"
                }
            ], 
            "wiki_id": 3434750, 
            "wiki_title": "United States"
        }, 
        {
            "annotations": [
                {
                    "begin": 502, 
                    "end": 514, 
                    "score": 0.06820040196180344, 
                    "spot": "correctional"
                }
            ], 
            "wiki_id": 146766, 
            "wiki_title": "Corrections"
        }, 
        {
            "annotations": [
                {
                    "begin": 1905, 
                    "end": 1913, 
                    "score": 0.18512199819087982, 
                    "spot": "property"
                }
            ], 
            "wiki_id": 23626, 
            "wiki_title": "Property"
        }, 
        {
            "annotations": [
                {
                    "begin": 328, 
                    "end": 333, 
                    "score": 0.1873628944158554, 
                    "spot": "cases"
                }
            ], 
            "wiki_id": 23004, 
            "wiki_title": "Precedent"
        }, 
        {
            "annotations": [
                {
                    "begin": 1318, 
                    "end": 1321, 
                    "score": 0.07532939314842224, 
                    "spot": "can"
                }
            ], 
            "wiki_id": 507190, 
            "wiki_title": "Tin can"
        }, 
        {
            "annotations": [
                {
                    "begin": 1528, 
                    "end": 1546, 
                    "score": 0.30404990911483765, 
                    "spot": "Advisory Committee"
                }, 
                {
                    "begin": 1537, 
                    "end": 1546, 
                    "score": 0.20356209576129913, 
                    "spot": "Committee"
                }, 
                {
                    "begin": 1756, 
                    "end": 1765, 
                    "score": 0.036895424127578735, 
                    "spot": "committee"
                }
            ], 
            "wiki_id": 158196, 
            "wiki_title": "Committee"
        }, 
        {
            "annotations": [
                {
                    "begin": 452, 
                    "end": 458, 
                    "score": 0.08937780559062958, 
                    "spot": "states"
                }
            ], 
            "wiki_id": 18618239, 
            "wiki_title": "U.S. state"
        }, 
        {
            "annotations": [
                {
                    "begin": 1271, 
                    "end": 1276, 
                    "score": 0.0621098056435585, 
                    "spot": "close"
                }
            ], 
            "wiki_id": 594771, 
            "wiki_title": "Close vowel"
        }, 
        {
            "annotations": [
                {
                    "begin": 528, 
                    "end": 537, 
                    "score": 0.19702082872390747, 
                    "spot": "incidence"
                }
            ], 
            "wiki_id": 167008, 
            "wiki_title": "Incidence (epidemiology)"
        }, 
        {
            "annotations": [
                {
                    "begin": 1555, 
                    "end": 1566, 
                    "score": 0.06075355410575867, 
                    "spot": "Elimination"
                }
            ], 
            "wiki_id": 2402393, 
            "wiki_title": "Clearance (medicine)"
        }, 
        {
            "annotations": [
                {
                    "begin": 386, 
                    "end": 391, 
                    "score": 0.08703015744686127, 
                    "spot": "cases"
                }, 
                {
                    "begin": 1015, 
                    "end": 1020, 
                    "score": 0.007832272909581661, 
                    "spot": "cases"
                }, 
                {
                    "begin": 1983, 
                    "end": 1988, 
                    "score": 0.1502961963415146, 
                    "spot": "cases"
                }
            ], 
            "wiki_id": 304471, 
            "wiki_title": "Case study"
        }, 
        {
            "annotations": [
                {
                    "begin": 146, 
                    "end": 153, 
                    "score": 0.14415857195854187, 
                    "spot": "testing"
                }
            ], 
            "wiki_id": 59861, 
            "wiki_title": "Experiment"
        }, 
        {
            "annotations": [
                {
                    "begin": 974, 
                    "end": 986, 
                    "score": 0.06550218164920807, 
                    "spot": "lung disease"
                }
            ], 
            "wiki_id": 30206738, 
            "wiki_title": "Chronic obstructive pulmonary disease"
        }, 
        {
            "annotations": [
                {
                    "begin": 2029, 
                    "end": 2032, 
                    "score": 0.0005396732012741268, 
                    "spot": "may"
                }
            ], 
            "wiki_id": 41993335, 
            "wiki_title": "Steven W. May"
        }, 
        {
            "annotations": [
                {
                    "begin": 175, 
                    "end": 183, 
                    "score": 0.01423580851405859, 
                    "spot": "measures"
                }
            ], 
            "wiki_id": 21347678, 
            "wiki_title": "Units of measurement"
        }, 
        {
            "annotations": [
                {
                    "begin": 1058, 
                    "end": 1061, 
                    "score": 0.0007124306866899133, 
                    "spot": "can"
                }
            ], 
            "wiki_id": 198153, 
            "wiki_title": "Canning"
        }, 
        {
            "annotations": [
                {
                    "begin": 1277, 
                    "end": 1285, 
                    "score": 0.07334029674530029, 
                    "spot": "contacts"
                }
            ], 
            "wiki_id": 74845, 
            "wiki_title": "Contact lens"
        }, 
        {
            "annotations": [
                {
                    "begin": 1676, 
                    "end": 1685, 
                    "score": 0.0010440904879942536, 
                    "spot": "exception"
                }
            ], 
            "wiki_id": 59231, 
            "wiki_title": "Exception handling"
        }, 
        {
            "annotations": [
                {
                    "begin": 952, 
                    "end": 962, 
                    "score": 0.3425179421901703, 
                    "spot": "contagious"
                }, 
                {
                    "begin": 1141, 
                    "end": 1151, 
                    "score": 0.17454931139945984, 
                    "spot": "infections"
                }, 
                {
                    "begin": 1468, 
                    "end": 1477, 
                    "score": 0.2491302788257599, 
                    "spot": "infection"
                }, 
                {
                    "begin": 2018, 
                    "end": 2028, 
                    "score": 0.14593982696533203, 
                    "spot": "infections"
                }, 
                {
                    "begin": 2154, 
                    "end": 2164, 
                    "score": 0.1698223501443863, 
                    "spot": "infections"
                }, 
                {
                    "begin": 2279, 
                    "end": 2289, 
                    "score": 0.24739740788936615, 
                    "spot": "infections"
                }
            ], 
            "wiki_id": 37220, 
            "wiki_title": "Infection"
        }, 
        {
            "annotations": [
                {
                    "begin": 114, 
                    "end": 123, 
                    "score": 0.0007770162774249911, 
                    "spot": "officials"
                }
            ], 
            "wiki_id": 160793, 
            "wiki_title": "Civil service"
        }, 
        {
            "annotations": [
                {
                    "begin": 866, 
                    "end": 876, 
                    "score": 0.1626938283443451, 
                    "spot": "California"
                }
            ], 
            "wiki_id": 5407, 
            "wiki_title": "California"
        }, 
        {
            "annotations": [
                {
                    "begin": 757, 
                    "end": 764, 
                    "score": 0.05687713250517845, 
                    "spot": "inmates"
                }, 
                {
                    "begin": 1484, 
                    "end": 1491, 
                    "score": 0.16046909987926483, 
                    "spot": "inmates"
                }
            ], 
            "wiki_id": 31392139, 
            "wiki_title": "Prisoner"
        }, 
        {
            "annotations": [
                {
                    "begin": 71, 
                    "end": 77, 
                    "score": 0.05263418331742287, 
                    "spot": "higher"
                }, 
                {
                    "begin": 816, 
                    "end": 822, 
                    "score": 0.05056489259004593, 
                    "spot": "higher"
                }, 
                {
                    "begin": 908, 
                    "end": 914, 
                    "score": 0.07148338854312897, 
                    "spot": "higher"
                }
            ], 
            "wiki_id": 497117, 
            "wiki_title": "Higher (Scottish)"
        }, 
        {
            "annotations": [
                {
                    "begin": 1864, 
                    "end": 1872, 
                    "score": 0.20527532696723938, 
                    "spot": "symptoms"
                }, 
                {
                    "begin": 1968, 
                    "end": 1979, 
                    "score": 0.08933400362730026, 
                    "spot": "symptomatic"
                }
            ], 
            "wiki_id": 20107078, 
            "wiki_title": "Symptom"
        }, 
        {
            "annotations": [
                {
                    "begin": 232, 
                    "end": 259, 
                    "score": 0.11268829554319382, 
                    "spot": "Centers for Disease Control"
                }, 
                {
                    "begin": 578, 
                    "end": 581, 
                    "score": 0.24459171295166016, 
                    "spot": "CDC"
                }, 
                {
                    "begin": 1293, 
                    "end": 1296, 
                    "score": 0.260856568813324, 
                    "spot": "CDC"
                }, 
                {
                    "begin": 1522, 
                    "end": 1525, 
                    "score": 0.22810828685760498, 
                    "spot": "CDC"
                }, 
                {
                    "begin": 1752, 
                    "end": 1755, 
                    "score": 0.17639575898647308, 
                    "spot": "CDC"
                }, 
                {
                    "begin": 2081, 
                    "end": 2084, 
                    "score": 0.3363015055656433, 
                    "spot": "CDC"
                }, 
                {
                    "begin": 2295, 
                    "end": 2298, 
                    "score": 0.35028567910194397, 
                    "spot": "CDC"
                }
            ], 
            "wiki_id": 6811, 
            "wiki_title": "Centers for Disease Control and Prevention"
        }, 
        {
            "annotations": [
                {
                    "begin": 65, 
                    "end": 70, 
                    "score": 0.13120371103286743, 
                    "spot": "times"
                }, 
                {
                    "begin": 678, 
                    "end": 683, 
                    "score": 0.17204676568508148, 
                    "spot": "times"
                }, 
                {
                    "begin": 810, 
                    "end": 815, 
                    "score": 0.07148848474025726, 
                    "spot": "times"
                }, 
                {
                    "begin": 902, 
                    "end": 907, 
                    "score": 0.1428665816783905, 
                    "spot": "times"
                }
            ], 
            "wiki_id": 39127, 
            "wiki_title": "The Times"
        }, 
        {
            "annotations": [
                {
                    "begin": 1689, 
                    "end": 1696, 
                    "score": 0.1316063404083252, 
                    "spot": "inmates"
                }
            ], 
            "wiki_id": 3489555, 
            "wiki_title": "The Inmates"
        }, 
        {
            "annotations": [
                {
                    "begin": 436, 
                    "end": 442, 
                    "score": 0.2034059464931488, 
                    "spot": "adults"
                }
            ], 
            "wiki_id": 862311, 
            "wiki_title": "Age of majority"
        }, 
        {
            "annotations": [
                {
                    "begin": 1814, 
                    "end": 1819, 
                    "score": 0.0039826142601668835, 
                    "spot": "rapid"
                }
            ], 
            "wiki_id": 1240318, 
            "wiki_title": "FC Rapid Bucure\u0219ti"
        }, 
        {
            "annotations": [
                {
                    "begin": 1239, 
                    "end": 1246, 
                    "score": 0.11006760597229004, 
                    "spot": "Persons"
                }, 
                {
                    "begin": 1849, 
                    "end": 1855, 
                    "score": 0.05385478213429451, 
                    "spot": "people"
                }, 
                {
                    "begin": 2171, 
                    "end": 2177, 
                    "score": 0.12550675868988037, 
                    "spot": "people"
                }
            ], 
            "wiki_id": 219599, 
            "wiki_title": "Person"
        }, 
        {
            "annotations": [
                {
                    "begin": 1380, 
                    "end": 1392, 
                    "score": 0.1407044380903244, 
                    "spot": "overcrowding"
                }
            ], 
            "wiki_id": 4599275, 
            "wiki_title": "Human overpopulation"
        }, 
        {
            "annotations": [
                {
                    "begin": 612, 
                    "end": 617, 
                    "score": 0.12763984501361847, 
                    "spot": "state"
                }
            ], 
            "wiki_id": 23604120, 
            "wiki_title": "Sovereign state"
        }, 
        {
            "annotations": [
                {
                    "begin": 2184, 
                    "end": 2188, 
                    "score": 0.16304370760917664, 
                    "spot": "ward"
                }
            ], 
            "wiki_id": 2436117, 
            "wiki_title": "Ward (law)"
        }, 
        {
            "annotations": [
                {
                    "begin": 603, 
                    "end": 611, 
                    "score": 0.3769194781780243, 
                    "spot": "New York"
                }, 
                {
                    "begin": 603, 
                    "end": 617, 
                    "score": 0.5517441034317017, 
                    "spot": "New York\nstate"
                }
            ], 
            "wiki_id": 8210131, 
            "wiki_title": "New York"
        }, 
        {
            "annotations": [
                {
                    "begin": 42, 
                    "end": 45, 
                    "score": 0.06889882683753967, 
                    "spot": "may"
                }
            ], 
            "wiki_id": 6857956, 
            "wiki_title": "May Wright"
        }, 
        {
            "annotations": [
                {
                    "begin": 107, 
                    "end": 113, 
                    "score": 0.00771106593310833, 
                    "spot": "health"
                }
            ], 
            "wiki_id": 13075446, 
            "wiki_title": "Health (band)"
        }, 
        {
            "annotations": [
                {
                    "begin": 1322, 
                    "end": 1326, 
                    "score": 0.0552966333925724, 
                    "spot": "pose"
                }
            ], 
            "wiki_id": 28167, 
            "wiki_title": "Sejm"
        }, 
        {
            "annotations": [
                {
                    "begin": 195, 
                    "end": 206, 
                    "score": 0.10912428796291351, 
                    "spot": "behind bars"
                }, 
                {
                    "begin": 295, 
                    "end": 302, 
                    "score": 0.19353745877742767, 
                    "spot": "prisons"
                }, 
                {
                    "begin": 346, 
                    "end": 353, 
                    "score": 0.21737925708293915, 
                    "spot": "inmates"
                }, 
                {
                    "begin": 654, 
                    "end": 661, 
                    "score": 0.10080064088106155, 
                    "spot": "inmates"
                }, 
                {
                    "begin": 1350, 
                    "end": 1357, 
                    "score": 0.06275548785924911, 
                    "spot": "prisons"
                }, 
                {
                    "begin": 1623, 
                    "end": 1637, 
                    "score": 0.3840729892253876, 
                    "spot": "prison inmates"
                }, 
                {
                    "begin": 1630, 
                    "end": 1637, 
                    "score": 0.3593025505542755, 
                    "spot": "inmates"
                }, 
                {
                    "begin": 1898, 
                    "end": 1904, 
                    "score": 0.15444354712963104, 
                    "spot": "prison"
                }, 
                {
                    "begin": 2068, 
                    "end": 2075, 
                    "score": 0.09808987379074097, 
                    "spot": "prisons"
                }, 
                {
                    "begin": 2257, 
                    "end": 2264, 
                    "score": 0.12657533586025238, 
                    "spot": "inmates"
                }
            ], 
            "wiki_id": 19008450, 
            "wiki_title": "Prison"
        }, 
        {
            "annotations": [
                {
                    "begin": 1443, 
                    "end": 1464, 
                    "score": 0.26050296425819397, 
                    "spot": "airborne transmission"
                }
            ], 
            "wiki_id": 729317, 
            "wiki_title": "Transmission (medicine)"
        }, 
        {
            "annotations": [
                {
                    "begin": 2299, 
                    "end": 2305, 
                    "score": 0.11218965798616409, 
                    "spot": "report"
                }
            ], 
            "wiki_id": 18993857, 
            "wiki_title": "Explosion"
        }, 
        {
            "annotations": [
                {
                    "begin": 99, 
                    "end": 106, 
                    "score": 0.10151685774326324, 
                    "spot": "federal"
                }
            ], 
            "wiki_id": 156371, 
            "wiki_title": "Federation"
        }, 
        {
            "annotations": [
                {
                    "begin": 1409, 
                    "end": 1420, 
                    "score": 0.2127578854560852, 
                    "spot": "environment"
                }
            ], 
            "wiki_id": 558685, 
            "wiki_title": "Natural environment"
        }, 
        {
            "annotations": [
                {
                    "begin": 698, 
                    "end": 705, 
                    "score": 0.09420032799243927, 
                    "spot": "average"
                }
            ], 
            "wiki_id": 33274, 
            "wiki_title": "Weighted arithmetic mean"
        }, 
        {
            "annotations": [
                {
                    "begin": 129, 
                    "end": 137, 
                    "score": 0.009437070228159428, 
                    "spot": "Thursday"
                }
            ], 
            "wiki_id": 7634921, 
            "wiki_title": "Thursday Night Football"
        }, 
        {
            "annotations": [
                {
                    "begin": 2033, 
                    "end": 2037, 
                    "score": 0.045595020055770874, 
                    "spot": "play"
                }
            ], 
            "wiki_id": 18006808, 
            "wiki_title": "Play (activity)"
        }, 
        {
            "annotations": [
                {
                    "begin": 1131, 
                    "end": 1140, 
                    "score": 0.08605857193470001, 
                    "spot": "latent TB"
                }
            ], 
            "wiki_id": 4271984, 
            "wiki_title": "Latent tuberculosis"
        }, 
        {
            "annotations": [
                {
                    "begin": 1182, 
                    "end": 1186, 
                    "score": 0.04274197667837143, 
                    "spot": "will"
                }
            ], 
            "wiki_id": 77697, 
            "wiki_title": "Will and testament"
        }, 
        {
            "annotations": [
                {
                    "begin": 832, 
                    "end": 839, 
                    "score": 0.07582912594079971, 
                    "spot": "general"
                }
            ], 
            "wiki_id": 2965165, 
            "wiki_title": "General (United States)"
        }, 
        {
            "annotations": [
                {
                    "begin": 202, 
                    "end": 206, 
                    "score": 0.1169077605009079, 
                    "spot": "bars"
                }
            ], 
            "wiki_id": 501560, 
            "wiki_title": "Gay bar"
        }, 
        {
            "annotations": [
                {
                    "begin": 1739, 
                    "end": 1743, 
                    "score": 0.04034561291337013, 
                    "spot": "week"
                }
            ], 
            "wiki_id": 2627062, 
            "wiki_title": "The Week"
        }, 
        {
            "annotations": [
                {
                    "begin": 1602, 
                    "end": 1609, 
                    "score": 0.2103862762451172, 
                    "spot": "testing"
                }
            ], 
            "wiki_id": 339553, 
            "wiki_title": "Diagnosis of HIV/AIDS"
        }, 
        {
            "annotations": [
                {
                    "begin": 1648, 
                    "end": 1655, 
                    "score": 0.0009448592900298536, 
                    "spot": "members"
                }
            ], 
            "wiki_id": 1183846, 
            "wiki_title": "The Members"
        }, 
        {
            "annotations": [
                {
                    "begin": 1076, 
                    "end": 1090, 
                    "score": 0.16542620956897736, 
                    "spot": "drug treatment"
                }
            ], 
            "wiki_id": 27158894, 
            "wiki_title": "Addiction"
        }, 
        {
            "annotations": [
                {
                    "begin": 1258, 
                    "end": 1262, 
                    "score": 0.1191621869802475, 
                    "spot": "risk"
                }
            ], 
            "wiki_id": 24462958, 
            "wiki_title": "Risk"
        }, 
        {
            "annotations": [
                {
                    "begin": 475, 
                    "end": 481, 
                    "score": 0.06023085489869118, 
                    "spot": "period"
                }
            ], 
            "wiki_id": 38203, 
            "wiki_title": "Menstruation"
        }, 
        {
            "annotations": [
                {
                    "begin": 1493, 
                    "end": 1498, 
                    "score": 0.19036535918712616, 
                    "spot": "staff"
                }, 
                {
                    "begin": 1642, 
                    "end": 1647, 
                    "score": 0.13828811049461365, 
                    "spot": "staff"
                }
            ], 
            "wiki_id": 314993, 
            "wiki_title": "Employment"
        }, 
        {
            "annotations": [
                {
                    "begin": 29, 
                    "end": 41, 
                    "score": 0.06818182021379471, 
                    "spot": "U.S. prisons"
                }
            ], 
            "wiki_id": 1021698, 
            "wiki_title": "Incarceration in the United States"
        }, 
        {
            "annotations": [
                {
                    "begin": 1997, 
                    "end": 2003, 
                    "score": 0.20443522930145264, 
                    "spot": "spread"
                }, 
                {
                    "begin": 2052, 
                    "end": 2058, 
                    "score": 0.06930570304393768, 
                    "spot": "spread"
                }
            ], 
            "wiki_id": 152509, 
            "wiki_title": "Metastasis"
        }, 
        {
            "annotations": [
                {
                    "begin": 2108, 
                    "end": 2121, 
                    "score": 0.49131715297698975, 
                    "spot": "immune\nsystem"
                }
            ], 
            "wiki_id": 14958, 
            "wiki_title": "Immune system"
        }, 
        {
            "annotations": [
                {
                    "begin": 380, 
                    "end": 385, 
                    "score": 0.14361640810966492, 
                    "spot": "eight"
                }
            ], 
            "wiki_id": 31660, 
            "wiki_title": "Eighth Amendment to the United States Constitution"
        }
    ]
}