{
    "tagme": [
        {
            "annotations": [
                {
                    "begin": 726, 
                    "end": 736, 
                    "score": 0.08753101527690887, 
                    "spot": "tolerating"
                }
            ], 
            "wiki_id": 338825, 
            "wiki_title": "Toleration"
        }, 
        {
            "annotations": [
                {
                    "begin": 216, 
                    "end": 220, 
                    "score": 0.06225438416004181, 
                    "spot": "Miss"
                }, 
                {
                    "begin": 605, 
                    "end": 609, 
                    "score": 0.0700843408703804, 
                    "spot": "Miss"
                }, 
                {
                    "begin": 961, 
                    "end": 965, 
                    "score": 0.11381662636995316, 
                    "spot": "Miss"
                }, 
                {
                    "begin": 1230, 
                    "end": 1234, 
                    "score": 0.014515168964862823, 
                    "spot": "Miss"
                }, 
                {
                    "begin": 1554, 
                    "end": 1558, 
                    "score": 0.028674103319644928, 
                    "spot": "Miss"
                }, 
                {
                    "begin": 1785, 
                    "end": 1789, 
                    "score": 0.07988067716360092, 
                    "spot": "Miss"
                }
            ], 
            "wiki_id": 16949861, 
            "wiki_title": "Mississippi"
        }, 
        {
            "annotations": [
                {
                    "begin": 610, 
                    "end": 616, 
                    "score": 0.07860445976257324, 
                    "spot": "Taylor"
                }
            ], 
            "wiki_id": 350913, 
            "wiki_title": "Maxwell D. Taylor"
        }, 
        {
            "annotations": [
                {
                    "begin": 1202, 
                    "end": 1217, 
                    "score": 0.23361310362815857, 
                    "spot": "news conference"
                }
            ], 
            "wiki_id": 28730792, 
            "wiki_title": "News conference"
        }, 
        {
            "annotations": [
                {
                    "begin": 627, 
                    "end": 637, 
                    "score": 0.06316568702459335, 
                    "spot": "contracted"
                }
            ], 
            "wiki_id": 1110611, 
            "wiki_title": "Muscle contraction"
        }, 
        {
            "annotations": [
                {
                    "begin": 1584, 
                    "end": 1587, 
                    "score": 0.02914387173950672, 
                    "spot": "one"
                }
            ], 
            "wiki_id": 23385833, 
            "wiki_title": "Neoplatonism"
        }, 
        {
            "annotations": [
                {
                    "begin": 814, 
                    "end": 818, 
                    "score": 0.0020556426607072353, 
                    "spot": "Miss"
                }
            ], 
            "wiki_id": 1288291, 
            "wiki_title": "Man in Space Soonest"
        }, 
        {
            "annotations": [
                {
                    "begin": 4, 
                    "end": 20, 
                    "score": 0.5, 
                    "spot": "Elizabeth Taylor"
                }
            ], 
            "wiki_id": 42357, 
            "wiki_title": "Elizabeth Taylor"
        }, 
        {
            "annotations": [
                {
                    "begin": 802, 
                    "end": 810, 
                    "score": 0.04834314063191414, 
                    "spot": "progress"
                }
            ], 
            "wiki_id": 26636309, 
            "wiki_title": "Progressivism"
        }, 
        {
            "annotations": [
                {
                    "begin": 259, 
                    "end": 274, 
                    "score": 0.26744186878204346, 
                    "spot": "viral\npneumonia"
                }, 
                {
                    "begin": 589, 
                    "end": 604, 
                    "score": 0.4318172037601471, 
                    "spot": "viral pneumonia"
                }, 
                {
                    "begin": 1534, 
                    "end": 1549, 
                    "score": 0.5597842931747437, 
                    "spot": "viral pneumonia"
                }
            ], 
            "wiki_id": 2459830, 
            "wiki_title": "Viral pneumonia"
        }, 
        {
            "annotations": [
                {
                    "begin": 1013, 
                    "end": 1032, 
                    "score": 0.17763157188892365, 
                    "spot": "intensive care unit"
                }
            ], 
            "wiki_id": 6332859, 
            "wiki_title": "Intensive care unit"
        }, 
        {
            "annotations": [
                {
                    "begin": 176, 
                    "end": 183, 
                    "score": 0.08614887297153473, 
                    "spot": "doctors"
                }, 
                {
                    "begin": 346, 
                    "end": 353, 
                    "score": 0.0351860485970974, 
                    "spot": "doctors"
                }, 
                {
                    "begin": 773, 
                    "end": 780, 
                    "score": 0.07490632683038712, 
                    "spot": "doctors"
                }, 
                {
                    "begin": 1244, 
                    "end": 1251, 
                    "score": 0.14491528272628784, 
                    "spot": "doctors"
                }
            ], 
            "wiki_id": 23315, 
            "wiki_title": "Physician"
        }, 
        {
            "annotations": [
                {
                    "begin": 1437, 
                    "end": 1452, 
                    "score": 0.16153846681118011, 
                    "spot": "sinus infection"
                }
            ], 
            "wiki_id": 28598, 
            "wiki_title": "Sinusitis"
        }, 
        {
            "annotations": [
                {
                    "begin": 240, 
                    "end": 249, 
                    "score": 0.0012649353593587875, 
                    "spot": "two weeks"
                }
            ], 
            "wiki_id": 21115040, 
            "wiki_title": "Two Weeks (All That Remains song)"
        }, 
        {
            "annotations": [
                {
                    "begin": 390, 
                    "end": 393, 
                    "score": 0.0006853084196336567, 
                    "spot": "she"
                }
            ], 
            "wiki_id": 7785570, 
            "wiki_title": "She"
        }, 
        {
            "annotations": [
                {
                    "begin": 860, 
                    "end": 867, 
                    "score": 0.2467716783285141, 
                    "spot": "talking"
                }
            ], 
            "wiki_id": 70318, 
            "wiki_title": "Sound film"
        }, 
        {
            "annotations": [
                {
                    "begin": 1314, 
                    "end": 1318, 
                    "score": 0.09083342552185059, 
                    "spot": "star"
                }
            ], 
            "wiki_id": 7767613, 
            "wiki_title": "Star! (film)"
        }, 
        {
            "annotations": [
                {
                    "begin": 828, 
                    "end": 837, 
                    "score": 0.09935780614614487, 
                    "spot": "publicist"
                }
            ], 
            "wiki_id": 24389, 
            "wiki_title": "Public relations"
        }, 
        {
            "annotations": [
                {
                    "begin": 742, 
                    "end": 749, 
                    "score": 0.1793314665555954, 
                    "spot": "therapy"
                }
            ], 
            "wiki_id": 24022, 
            "wiki_title": "Physical therapy"
        }, 
        {
            "annotations": [
                {
                    "begin": 1790, 
                    "end": 1796, 
                    "score": 0.12039467692375183, 
                    "spot": "Taylor"
                }
            ], 
            "wiki_id": 75111, 
            "wiki_title": "Taylor County, Florida"
        }, 
        {
            "annotations": [
                {
                    "begin": 288, 
                    "end": 295, 
                    "score": 0.006191950291395187, 
                    "spot": "setback"
                }
            ], 
            "wiki_id": 2667192, 
            "wiki_title": "Setback (architecture)"
        }, 
        {
            "annotations": [
                {
                    "begin": 189, 
                    "end": 195, 
                    "score": 0.06011117622256279, 
                    "spot": "Friday"
                }
            ], 
            "wiki_id": 38252, 
            "wiki_title": "Radiohead"
        }, 
        {
            "annotations": [
                {
                    "begin": 719, 
                    "end": 722, 
                    "score": 0.0006853084196336567, 
                    "spot": "She"
                }
            ], 
            "wiki_id": 1876070, 
            "wiki_title": "Static Age"
        }, 
        {
            "annotations": [
                {
                    "begin": 1689, 
                    "end": 1693, 
                    "score": 0.003307982115074992, 
                    "spot": "area"
                }
            ], 
            "wiki_id": 1209, 
            "wiki_title": "Area"
        }, 
        {
            "annotations": [
                {
                    "begin": 492, 
                    "end": 500, 
                    "score": 0.24925348162651062, 
                    "spot": "Hospital"
                }, 
                {
                    "begin": 1410, 
                    "end": 1418, 
                    "score": 0.01440734788775444, 
                    "spot": "Hospital"
                }, 
                {
                    "begin": 1595, 
                    "end": 1603, 
                    "score": 0.08184932172298431, 
                    "spot": "hospital"
                }, 
                {
                    "begin": 1799, 
                    "end": 1814, 
                    "score": 0.13899004459381104, 
                    "spot": "hospitalization"
                }
            ], 
            "wiki_id": 18994221, 
            "wiki_title": "Hospital"
        }, 
        {
            "annotations": [
                {
                    "begin": 1095, 
                    "end": 1102, 
                    "score": 0.09765714406967163, 
                    "spot": "actress"
                }, 
                {
                    "begin": 1738, 
                    "end": 1745, 
                    "score": 0.06699521094560623, 
                    "spot": "actress"
                }
            ], 
            "wiki_id": 21504235, 
            "wiki_title": "Actor"
        }, 
        {
            "annotations": [
                {
                    "begin": 1261, 
                    "end": 1264, 
                    "score": 0.032800815999507904, 
                    "spot": "she"
                }
            ], 
            "wiki_id": 354398, 
            "wiki_title": "She: A History of Adventure"
        }, 
        {
            "annotations": [
                {
                    "begin": 125, 
                    "end": 129, 
                    "score": 0.10770656913518906, 
                    "spot": "will"
                }, 
                {
                    "begin": 394, 
                    "end": 398, 
                    "score": 0.03854448348283768, 
                    "spot": "will"
                }
            ], 
            "wiki_id": 77697, 
            "wiki_title": "Will and testament"
        }, 
        {
            "annotations": [
                {
                    "begin": 229, 
                    "end": 239, 
                    "score": 0.004499735310673714, 
                    "spot": "near death"
                }
            ], 
            "wiki_id": 33461264, 
            "wiki_title": "Near Death (comics)"
        }, 
        {
            "annotations": [
                {
                    "begin": 839, 
                    "end": 843, 
                    "score": 0.08868949860334396, 
                    "spot": "Chen"
                }
            ], 
            "wiki_id": 19650583, 
            "wiki_title": "John S. Chen"
        }, 
        {
            "annotations": [
                {
                    "begin": 390, 
                    "end": 398, 
                    "score": 0.0006758126546628773, 
                    "spot": "she will"
                }
            ], 
            "wiki_id": 32749084, 
            "wiki_title": "She Will"
        }, 
        {
            "annotations": [
                {
                    "begin": 1697, 
                    "end": 1701, 
                    "score": 0.12896892428398132, 
                    "spot": "Weir"
                }
            ], 
            "wiki_id": 11266125, 
            "wiki_title": "The Weir"
        }, 
        {
            "annotations": [
                {
                    "begin": 1422, 
                    "end": 1429, 
                    "score": 0.0005812110612168908, 
                    "spot": "April 9"
                }
            ], 
            "wiki_id": 1644856, 
            "wiki_title": "April 9 (Eastern Orthodox liturgics)"
        }, 
        {
            "annotations": [
                {
                    "begin": 936, 
                    "end": 945, 
                    "score": 0.0026420080102980137, 
                    "spot": "go beyond"
                }
            ], 
            "wiki_id": 1123288, 
            "wiki_title": "Enya (album)"
        }, 
        {
            "annotations": [
                {
                    "begin": 705, 
                    "end": 712, 
                    "score": 0.10195217281579971, 
                    "spot": "viruses"
                }
            ], 
            "wiki_id": 19167679, 
            "wiki_title": "Virus"
        }, 
        {
            "annotations": [
                {
                    "begin": 1957, 
                    "end": 1962, 
                    "score": 0.20903421938419342, 
                    "spot": "visit"
                }
            ], 
            "wiki_id": 24101956, 
            "wiki_title": "The Beatles in India"
        }, 
        {
            "annotations": [
                {
                    "begin": 505, 
                    "end": 518, 
                    "score": 0.13110709190368652, 
                    "spot": "Health Center"
                }
            ], 
            "wiki_id": 30048845, 
            "wiki_title": "Community health center"
        }, 
        {
            "annotations": [
                {
                    "begin": 892, 
                    "end": 903, 
                    "score": 0.005452821031212807, 
                    "spot": "spokeswoman"
                }
            ], 
            "wiki_id": 338047, 
            "wiki_title": "Spokesperson"
        }, 
        {
            "annotations": [
                {
                    "begin": 904, 
                    "end": 912, 
                    "score": 0.014322916977107525, 
                    "spot": "Paulette"
                }
            ], 
            "wiki_id": 2250667, 
            "wiki_title": "Paulette (tax)"
        }, 
        {
            "annotations": [
                {
                    "begin": 1462, 
                    "end": 1471, 
                    "score": 0.13432931900024414, 
                    "spot": "condition"
                }
            ], 
            "wiki_id": 8072, 
            "wiki_title": "Disease"
        }, 
        {
            "annotations": [
                {
                    "begin": 697, 
                    "end": 704, 
                    "score": 0.46666666865348816, 
                    "spot": "but not"
                }
            ], 
            "wiki_id": 26600080, 
            "wiki_title": "For but not with"
        }, 
        {
            "annotations": [
                {
                    "begin": 1252, 
                    "end": 1260, 
                    "score": 0.031239725649356842, 
                    "spot": "revealed"
                }
            ], 
            "wiki_id": 26400, 
            "wiki_title": "Retroactive continuity"
        }, 
        {
            "annotations": [
                {
                    "begin": 1929, 
                    "end": 1944, 
                    "score": 0.6698358654975891, 
                    "spot": "Michael Jackson"
                }
            ], 
            "wiki_id": 14995351, 
            "wiki_title": "Michael Jackson"
        }, 
        {
            "annotations": [
                {
                    "begin": 1148, 
                    "end": 1156, 
                    "score": 0.0641770213842392, 
                    "spot": "hospital"
                }
            ], 
            "wiki_id": 74381, 
            "wiki_title": "The Hospital"
        }, 
        {
            "annotations": [
                {
                    "begin": 1235, 
                    "end": 1241, 
                    "score": 0.16626930236816406, 
                    "spot": "Taylor"
                }
            ], 
            "wiki_id": 499509, 
            "wiki_title": "Joseph Hooton Taylor, Jr."
        }, 
        {
            "annotations": [
                {
                    "begin": 1223, 
                    "end": 1228, 
                    "score": 0.0008726121159270406, 
                    "spot": "month"
                }
            ], 
            "wiki_id": 20354, 
            "wiki_title": "Month"
        }, 
        {
            "annotations": [
                {
                    "begin": 1181, 
                    "end": 1188, 
                    "score": 0.13334113359451294, 
                    "spot": "at home"
                }
            ], 
            "wiki_id": 435128, 
            "wiki_title": "Home birth"
        }, 
        {
            "annotations": [
                {
                    "begin": 988, 
                    "end": 995, 
                    "score": 0.0804816484451294, 
                    "spot": "private"
                }
            ], 
            "wiki_id": 24795, 
            "wiki_title": "Private (rank)"
        }, 
        {
            "annotations": [
                {
                    "begin": 1184, 
                    "end": 1188, 
                    "score": 0.06858440488576889, 
                    "spot": "home"
                }
            ], 
            "wiki_id": 249429, 
            "wiki_title": "Home"
        }, 
        {
            "annotations": [
                {
                    "begin": 1606, 
                    "end": 1612, 
                    "score": 0.06716806441545486, 
                    "spot": "suites"
                }, 
                {
                    "begin": 1755, 
                    "end": 1760, 
                    "score": 0.011459162458777428, 
                    "spot": "suite"
                }
            ], 
            "wiki_id": 980400, 
            "wiki_title": "Suite (hotel)"
        }, 
        {
            "annotations": [
                {
                    "begin": 977, 
                    "end": 982, 
                    "score": 0.04688427969813347, 
                    "spot": "still"
                }
            ], 
            "wiki_id": 430398, 
            "wiki_title": "Still"
        }, 
        {
            "annotations": [
                {
                    "begin": 1506, 
                    "end": 1516, 
                    "score": 0.07011017948389053, 
                    "spot": "St. John's"
                }
            ], 
            "wiki_id": 70581, 
            "wiki_title": "St. John's, Newfoundland and Labrador"
        }, 
        {
            "annotations": [
                {
                    "begin": 1364, 
                    "end": 1377, 
                    "score": 0.5, 
                    "spot": "Butterfield 8"
                }
            ], 
            "wiki_id": 193867, 
            "wiki_title": "BUtterfield 8"
        }, 
        {
            "annotations": [
                {
                    "begin": 204, 
                    "end": 212, 
                    "score": 0.0797419473528862, 
                    "spot": "recovery"
                }
            ], 
            "wiki_id": 427922, 
            "wiki_title": "Drug rehabilitation"
        }, 
        {
            "annotations": [
                {
                    "begin": 819, 
                    "end": 825, 
                    "score": 0.0978558212518692, 
                    "spot": "Taylor"
                }, 
                {
                    "begin": 966, 
                    "end": 972, 
                    "score": 0.14552552998065948, 
                    "spot": "Taylor"
                }
            ], 
            "wiki_id": 19729624, 
            "wiki_title": "Zachary Taylor"
        }, 
        {
            "annotations": [
                {
                    "begin": 505, 
                    "end": 511, 
                    "score": 0.24456650018692017, 
                    "spot": "Health"
                }
            ], 
            "wiki_id": 80381, 
            "wiki_title": "Health"
        }, 
        {
            "annotations": [
                {
                    "begin": 407, 
                    "end": 426, 
                    "score": 0.5, 
                    "spot": "intravenous therapy"
                }
            ], 
            "wiki_id": 178769, 
            "wiki_title": "Intravenous therapy"
        }, 
        {
            "annotations": [
                {
                    "begin": 221, 
                    "end": 227, 
                    "score": 0.09749144315719604, 
                    "spot": "Taylor"
                }
            ], 
            "wiki_id": 119280, 
            "wiki_title": "Taylor, Michigan"
        }, 
        {
            "annotations": [
                {
                    "begin": 1661, 
                    "end": 1673, 
                    "score": 0.026799388229846954, 
                    "spot": "sitting room"
                }, 
                {
                    "begin": 1677, 
                    "end": 1688, 
                    "score": 0.02563854493200779, 
                    "spot": "living room"
                }
            ], 
            "wiki_id": 825977, 
            "wiki_title": "Living room"
        }, 
        {
            "annotations": [
                {
                    "begin": 1637, 
                    "end": 1648, 
                    "score": 0.018018018454313278, 
                    "spot": "small hotel"
                }
            ], 
            "wiki_id": 28178332, 
            "wiki_title": "Small Hotel"
        }, 
        {
            "annotations": [
                {
                    "begin": 1643, 
                    "end": 1648, 
                    "score": 0.2694243788719177, 
                    "spot": "hotel"
                }, 
                {
                    "begin": 1643, 
                    "end": 1653, 
                    "score": 0.2557532787322998, 
                    "spot": "hotel room"
                }
            ], 
            "wiki_id": 14276, 
            "wiki_title": "Hotel"
        }, 
        {
            "annotations": [
                {
                    "begin": 58, 
                    "end": 68, 
                    "score": 0.10505753010511398, 
                    "spot": "infections"
                }
            ], 
            "wiki_id": 37220, 
            "wiki_title": "Infection"
        }, 
        {
            "annotations": [
                {
                    "begin": 481, 
                    "end": 518, 
                    "score": 0.30000001192092896, 
                    "spot": "St. John's\nHospital and Health Center"
                }
            ], 
            "wiki_id": 10072475, 
            "wiki_title": "Saint John's Health Center"
        }, 
        {
            "annotations": [
                {
                    "begin": 654, 
                    "end": 665, 
                    "score": 0.3860809803009033, 
                    "spot": "antibiotics"
                }
            ], 
            "wiki_id": 1805, 
            "wiki_title": "Antibiotics"
        }, 
        {
            "annotations": [
                {
                    "begin": 1521, 
                    "end": 1530, 
                    "score": 0.26053592562675476, 
                    "spot": "treatment"
                }
            ], 
            "wiki_id": 13311819, 
            "wiki_title": "Therapy"
        }, 
        {
            "annotations": [
                {
                    "begin": 1833, 
                    "end": 1841, 
                    "score": 0.06151638180017471, 
                    "spot": "children"
                }
            ], 
            "wiki_id": 128987, 
            "wiki_title": "Child"
        }, 
        {
            "annotations": [
                {
                    "begin": 1864, 
                    "end": 1868, 
                    "score": 0.10452285408973694, 
                    "spot": "Liza"
                }
            ], 
            "wiki_id": 59216, 
            "wiki_title": "Liza Minnelli"
        }, 
        {
            "annotations": [
                {
                    "begin": 110, 
                    "end": 119, 
                    "score": 0.4127843379974365, 
                    "spot": "pneumonia"
                }, 
                {
                    "begin": 595, 
                    "end": 604, 
                    "score": 0.4325277805328369, 
                    "spot": "pneumonia"
                }, 
                {
                    "begin": 1540, 
                    "end": 1549, 
                    "score": 0.47337180376052856, 
                    "spot": "pneumonia"
                }
            ], 
            "wiki_id": 52135, 
            "wiki_title": "Pneumonia"
        }, 
        {
            "annotations": [
                {
                    "begin": 1034, 
                    "end": 1042, 
                    "score": 0.09649349749088287, 
                    "spot": "she said"
                }
            ], 
            "wiki_id": 26449392, 
            "wiki_title": "She Said"
        }, 
        {
            "annotations": [
                {
                    "begin": 1559, 
                    "end": 1565, 
                    "score": 0.07900741696357727, 
                    "spot": "Taylor"
                }
            ], 
            "wiki_id": 182494, 
            "wiki_title": "Roger Taylor (Queen drummer)"
        }, 
        {
            "annotations": [
                {
                    "begin": 299, 
                    "end": 318, 
                    "score": 0.6216416358947754, 
                    "spot": "bacterial pneumonia"
                }, 
                {
                    "begin": 523, 
                    "end": 542, 
                    "score": 0.8005566596984863, 
                    "spot": "Bacterial pneumonia"
                }
            ], 
            "wiki_id": 966915, 
            "wiki_title": "Bacterial pneumonia"
        }, 
        {
            "annotations": [
                {
                    "begin": 30, 
                    "end": 43, 
                    "score": 0.14964047074317932, 
                    "spot": "complications"
                }
            ], 
            "wiki_id": 1479393, 
            "wiki_title": "Complication (medicine)"
        }, 
        {
            "annotations": [
                {
                    "begin": 1340, 
                    "end": 1354, 
                    "score": 0.44951140880584717, 
                    "spot": "Virginia Woolf"
                }
            ], 
            "wiki_id": 32742, 
            "wiki_title": "Virginia Woolf"
        }, 
        {
            "annotations": [
                {
                    "begin": 988, 
                    "end": 1000, 
                    "score": 0.008241758681833744, 
                    "spot": "private room"
                }
            ], 
            "wiki_id": 6016453, 
            "wiki_title": "Private Room (album)"
        }, 
        {
            "annotations": [
                {
                    "begin": 1917, 
                    "end": 1928, 
                    "score": 0.12227758765220642, 
                    "spot": "Entertainer"
                }
            ], 
            "wiki_id": 10962912, 
            "wiki_title": "The Entertainer (Garth Brooks video album)"
        }, 
        {
            "annotations": [
                {
                    "begin": 1055, 
                    "end": 1064, 
                    "score": 0.1587204933166504, 
                    "spot": "this week"
                }, 
                {
                    "begin": 1157, 
                    "end": 1166, 
                    "score": 0.07157178968191147, 
                    "spot": "this week"
                }
            ], 
            "wiki_id": 1139893, 
            "wiki_title": "BBC News"
        }, 
        {
            "annotations": [
                {
                    "begin": 1900, 
                    "end": 1915, 
                    "score": 0.7067283391952515, 
                    "spot": "Michael Wilding"
                }
            ], 
            "wiki_id": 502289, 
            "wiki_title": "Michael Wilding (actor)"
        }, 
        {
            "annotations": [
                {
                    "begin": 844, 
                    "end": 847, 
                    "score": 0.09673875570297241, 
                    "spot": "Sam"
                }
            ], 
            "wiki_id": 635048, 
            "wiki_title": "Sam Warner"
        }, 
        {
            "annotations": [
                {
                    "begin": 1324, 
                    "end": 1354, 
                    "score": 0.5, 
                    "spot": "Who's Afraid of Virginia Woolf"
                }
            ], 
            "wiki_id": 44885, 
            "wiki_title": "Who's Afraid of Virginia Woolf?"
        }, 
        {
            "annotations": [
                {
                    "begin": 1388, 
                    "end": 1418, 
                    "score": 0.5, 
                    "spot": "Daniel Freeman Marina Hospital"
                }
            ], 
            "wiki_id": 10609255, 
            "wiki_title": "Marina Del Rey Hospital"
        }, 
        {
            "annotations": [
                {
                    "begin": 1765, 
                    "end": 1773, 
                    "score": 0.035584140568971634, 
                    "spot": "Visitors"
                }
            ], 
            "wiki_id": 3963385, 
            "wiki_title": "Visitors (V franchise)"
        }, 
        {
            "annotations": [
                {
                    "begin": 459, 
                    "end": 468, 
                    "score": 0.0016476957825943828, 
                    "spot": "statement"
                }
            ], 
            "wiki_id": 938656, 
            "wiki_title": "Statement (computer science)"
        }, 
        {
            "annotations": [
                {
                    "begin": 670, 
                    "end": 679, 
                    "score": 0.1478801965713501, 
                    "spot": "effective"
                }
            ], 
            "wiki_id": 896469, 
            "wiki_title": "Efficacy"
        }, 
        {
            "annotations": [
                {
                    "begin": 1218, 
                    "end": 1222, 
                    "score": 0.0010033606085926294, 
                    "spot": "last"
                }
            ], 
            "wiki_id": 39078347, 
            "wiki_title": "Peter R. Last"
        }, 
        {
            "annotations": [
                {
                    "begin": 325, 
                    "end": 340, 
                    "score": 0.4774034917354584, 
                    "spot": "yeast\ninfection"
                }
            ], 
            "wiki_id": 7038, 
            "wiki_title": "Candidiasis"
        }, 
        {
            "annotations": [
                {
                    "begin": 913, 
                    "end": 917, 
                    "score": 0.19515404105186462, 
                    "spot": "Weir"
                }
            ], 
            "wiki_id": 598993, 
            "wiki_title": "Bob Weir"
        }, 
        {
            "annotations": [
                {
                    "begin": 1170, 
                    "end": 1180, 
                    "score": 0.16899746656417847, 
                    "spot": "recuperate"
                }
            ], 
            "wiki_id": 239217, 
            "wiki_title": "Healing"
        }, 
        {
            "annotations": [
                {
                    "begin": 1843, 
                    "end": 1848, 
                    "score": 0.00764710595831275, 
                    "spot": "Maria"
                }
            ], 
            "wiki_id": 3500236, 
            "wiki_title": "Maria (West Side Story song)"
        }, 
        {
            "annotations": [
                {
                    "begin": 785, 
                    "end": 792, 
                    "score": 0.19117647409439087, 
                    "spot": "pleased"
                }
            ], 
            "wiki_id": 20124563, 
            "wiki_title": "The Pleased"
        }, 
        {
            "annotations": [
                {
                    "begin": 936, 
                    "end": 938, 
                    "score": 0.11434121429920197, 
                    "spot": "go"
                }
            ], 
            "wiki_id": 4637364, 
            "wiki_title": "The Go"
        }, 
        {
            "annotations": [
                {
                    "begin": 1269, 
                    "end": 1279, 
                    "score": 0.07988332211971283, 
                    "spot": "near death"
                }
            ], 
            "wiki_id": 19008500, 
            "wiki_title": "Near-death experience"
        }, 
        {
            "annotations": [
                {
                    "begin": 1066, 
                    "end": 1073, 
                    "score": 0.3333333432674408, 
                    "spot": "Ms. Sam"
                }
            ], 
            "wiki_id": 26174389, 
            "wiki_title": "Microsoft text-to-speech voices"
        }, 
        {
            "annotations": [
                {
                    "begin": 923, 
                    "end": 935, 
                    "score": 0.110322967171669, 
                    "spot": "she couldn't"
                }
            ], 
            "wiki_id": 18646, 
            "wiki_title": "Linkin Park"
        }, 
        {
            "annotations": [
                {
                    "begin": 82, 
                    "end": 86, 
                    "score": 0.15359126031398773, 
                    "spot": "week"
                }
            ], 
            "wiki_id": 2627062, 
            "wiki_title": "The Week"
        }, 
        {
            "annotations": [
                {
                    "begin": 871, 
                    "end": 891, 
                    "score": 0.21052631735801697, 
                    "spot": "doctors.\n   Hospital"
                }
            ], 
            "wiki_id": 28525689, 
            "wiki_title": "Doctors Hospital (Manhattan)"
        }, 
        {
            "annotations": [
                {
                    "begin": 1884, 
                    "end": 1895, 
                    "score": 0.16313889622688293, 
                    "spot": "Christopher"
                }
            ], 
            "wiki_id": 177840, 
            "wiki_title": "Christopher Nolan"
        }, 
        {
            "annotations": [
                {
                    "begin": 1485, 
                    "end": 1496, 
                    "score": 0.0007201558910310268, 
                    "spot": "and\nshe was"
                }
            ], 
            "wiki_id": 4267960, 
            "wiki_title": "And She Was"
        }, 
        {
            "annotations": [
                {
                    "begin": 1300, 
                    "end": 1313, 
                    "score": 0.17680244147777557, 
                    "spot": "Oscar-winning"
                }
            ], 
            "wiki_id": 324, 
            "wiki_title": "Academy Awards"
        }, 
        {
            "annotations": [
                {
                    "begin": 950, 
                    "end": 959, 
                    "score": 0.05648520588874817, 
                    "spot": "statement"
                }
            ], 
            "wiki_id": 476008, 
            "wiki_title": "The Statement (film)"
        }, 
        {
            "annotations": [
                {
                    "begin": 1283, 
                    "end": 1291, 
                    "score": 0.055795442312955856, 
                    "spot": "April 22"
                }
            ], 
            "wiki_id": 158548, 
            "wiki_title": "Earth Day"
        }, 
        {
            "annotations": [
                {
                    "begin": 90, 
                    "end": 105, 
                    "score": 0.16557177901268005, 
                    "spot": "hospitalization"
                }, 
                {
                    "begin": 137, 
                    "end": 149, 
                    "score": 0.12440907210111618, 
                    "spot": "hospitalized"
                }
            ], 
            "wiki_id": 38722, 
            "wiki_title": "Psychiatric hospital"
        }, 
        {
            "annotations": [
                {
                    "begin": 760, 
                    "end": 764, 
                    "score": 0.04893731698393822, 
                    "spot": "well"
                }
            ], 
            "wiki_id": 15105978, 
            "wiki_title": "Water well"
        }, 
        {
            "annotations": [
                {
                    "begin": 374, 
                    "end": 378, 
                    "score": 0.001524612889625132, 
                    "spot": "next"
                }
            ], 
            "wiki_id": 722792, 
            "wiki_title": "Next plc"
        }, 
        {
            "annotations": [
                {
                    "begin": 76, 
                    "end": 81, 
                    "score": 0.08366218209266663, 
                    "spot": "fifth"
                }
            ], 
            "wiki_id": 33125693, 
            "wiki_title": "Breaking Bad (season 5)"
        }, 
        {
            "annotations": [
                {
                    "begin": 169, 
                    "end": 174, 
                    "score": 0.0007660030387341976, 
                    "spot": "weeks"
                }
            ], 
            "wiki_id": 1504219, 
            "wiki_title": "Honeysuckle Weeks"
        }, 
        {
            "annotations": [
                {
                    "begin": 688, 
                    "end": 696, 
                    "score": 0.3827866315841675, 
                    "spot": "bacteria"
                }
            ], 
            "wiki_id": 9028799, 
            "wiki_title": "Bacteria"
        }
    ]
}