{
    "tagme": [
        {
            "annotations": [
                {
                    "begin": 228, 
                    "end": 234, 
                    "score": 0.03719422221183777, 
                    "spot": "Taylor"
                }
            ], 
            "wiki_id": 9713660, 
            "wiki_title": "Taylor (surname)"
        }, 
        {
            "annotations": [
                {
                    "begin": 367, 
                    "end": 371, 
                    "score": 0.13261127471923828, 
                    "spot": "Miss"
                }, 
                {
                    "begin": 710, 
                    "end": 714, 
                    "score": 0.11485961079597473, 
                    "spot": "Miss"
                }, 
                {
                    "begin": 755, 
                    "end": 759, 
                    "score": 0.1725635528564453, 
                    "spot": "Miss"
                }, 
                {
                    "begin": 1111, 
                    "end": 1115, 
                    "score": 0.0020556426607072353, 
                    "spot": "Miss"
                }, 
                {
                    "begin": 1403, 
                    "end": 1407, 
                    "score": 0.03384130820631981, 
                    "spot": "Miss"
                }
            ], 
            "wiki_id": 16949861, 
            "wiki_title": "Mississippi"
        }, 
        {
            "annotations": [
                {
                    "begin": 467, 
                    "end": 478, 
                    "score": 0.04767255112528801, 
                    "spot": "transferred"
                }
            ], 
            "wiki_id": 42175, 
            "wiki_title": "Population transfer"
        }, 
        {
            "annotations": [
                {
                    "begin": 925, 
                    "end": 929, 
                    "score": 0.08564825356006622, 
                    "spot": "bout"
                }
            ], 
            "wiki_id": 4243, 
            "wiki_title": "Boxing"
        }, 
        {
            "annotations": [
                {
                    "begin": 1168, 
                    "end": 1173, 
                    "score": 0.10134235769510269, 
                    "spot": "horse"
                }
            ], 
            "wiki_id": 13645, 
            "wiki_title": "Horse"
        }, 
        {
            "annotations": [
                {
                    "begin": 1342, 
                    "end": 1354, 
                    "score": 0.056603774428367615, 
                    "spot": "pain killers"
                }
            ], 
            "wiki_id": 2246, 
            "wiki_title": "Analgesic"
        }, 
        {
            "annotations": [
                {
                    "begin": 1048, 
                    "end": 1051, 
                    "score": 0.15784822404384613, 
                    "spot": "air"
                }
            ], 
            "wiki_id": 202898, 
            "wiki_title": "Atmosphere of Earth"
        }, 
        {
            "annotations": [
                {
                    "begin": 12, 
                    "end": 28, 
                    "score": 0.5760811567306519, 
                    "spot": "Elizabeth Taylor"
                }
            ], 
            "wiki_id": 42357, 
            "wiki_title": "Elizabeth Taylor"
        }, 
        {
            "annotations": [
                {
                    "begin": 1436, 
                    "end": 1443, 
                    "score": 0.21663826704025269, 
                    "spot": "alcohol"
                }
            ], 
            "wiki_id": 18948043, 
            "wiki_title": "Alcoholic beverage"
        }, 
        {
            "annotations": [
                {
                    "begin": 446, 
                    "end": 452, 
                    "score": 0.10024076700210571, 
                    "spot": "Marina"
                }
            ], 
            "wiki_id": 202696, 
            "wiki_title": "Marina"
        }, 
        {
            "annotations": [
                {
                    "begin": 1116, 
                    "end": 1122, 
                    "score": 0.03719422221183777, 
                    "spot": "Taylor"
                }
            ], 
            "wiki_id": 182494, 
            "wiki_title": "Roger Taylor (Queen drummer)"
        }, 
        {
            "annotations": [
                {
                    "begin": 516, 
                    "end": 526, 
                    "score": 0.03815252706408501, 
                    "spot": "persistent"
                }
            ], 
            "wiki_id": 1410400, 
            "wiki_title": "Persistent organic pollutant"
        }, 
        {
            "annotations": [
                {
                    "begin": 176, 
                    "end": 178, 
                    "score": 0.03034561686217785, 
                    "spot": "OK"
                }
            ], 
            "wiki_id": 22489, 
            "wiki_title": "Oklahoma"
        }, 
        {
            "annotations": [
                {
                    "begin": 1021, 
                    "end": 1032, 
                    "score": 0.551122784614563, 
                    "spot": "tracheotomy"
                }
            ], 
            "wiki_id": 286403, 
            "wiki_title": "Tracheotomy"
        }, 
        {
            "annotations": [
                {
                    "begin": 647, 
                    "end": 649, 
                    "score": 0.1087929755449295, 
                    "spot": "Dr"
                }, 
                {
                    "begin": 818, 
                    "end": 827, 
                    "score": 0.22966569662094116, 
                    "spot": "physician"
                }, 
                {
                    "begin": 1001, 
                    "end": 1008, 
                    "score": 0.13790495693683624, 
                    "spot": "Doctors"
                }
            ], 
            "wiki_id": 23315, 
            "wiki_title": "Physician"
        }, 
        {
            "annotations": [
                {
                    "begin": 660, 
                    "end": 666, 
                    "score": 0.0998019427061081, 
                    "spot": "Murray"
                }
            ], 
            "wiki_id": 96729, 
            "wiki_title": "Murray County, Georgia"
        }, 
        {
            "annotations": [
                {
                    "begin": 1179, 
                    "end": 1182, 
                    "score": 0.06062226742506027, 
                    "spot": "she"
                }, 
                {
                    "begin": 1233, 
                    "end": 1236, 
                    "score": 0.1378219723701477, 
                    "spot": "She"
                }
            ], 
            "wiki_id": 4967070, 
            "wiki_title": "She (1965 film)"
        }, 
        {
            "annotations": [
                {
                    "begin": 1323, 
                    "end": 1337, 
                    "score": 0.43345749378204346, 
                    "spot": "sleeping pills"
                }
            ], 
            "wiki_id": 14269, 
            "wiki_title": "Hypnotic"
        }, 
        {
            "annotations": [
                {
                    "begin": 1377, 
                    "end": 1382, 
                    "score": 0.048544708639383316, 
                    "spot": "range"
                }
            ], 
            "wiki_id": 27588, 
            "wiki_title": "Range (statistics)"
        }, 
        {
            "annotations": [
                {
                    "begin": 1355, 
                    "end": 1365, 
                    "score": 0.14314661920070648, 
                    "spot": "prescribed"
                }
            ], 
            "wiki_id": 359238, 
            "wiki_title": "Prescription drug"
        }, 
        {
            "annotations": [
                {
                    "begin": 1090, 
                    "end": 1094, 
                    "score": 0.002006788970902562, 
                    "spot": "help"
                }
            ], 
            "wiki_id": 2252141, 
            "wiki_title": "Help! (song)"
        }, 
        {
            "annotations": [
                {
                    "begin": 1448, 
                    "end": 1458, 
                    "score": 0.4202832877635956, 
                    "spot": "drug abuse"
                }
            ], 
            "wiki_id": 102959, 
            "wiki_title": "Substance abuse"
        }, 
        {
            "annotations": [
                {
                    "begin": 209, 
                    "end": 213, 
                    "score": 0.06194980442523956, 
                    "spot": "Lisa"
                }
            ], 
            "wiki_id": 64277, 
            "wiki_title": "Lisa Simpson"
        }, 
        {
            "annotations": [
                {
                    "begin": 135, 
                    "end": 144, 
                    "score": 0.058916740119457245, 
                    "spot": "publicist"
                }, 
                {
                    "begin": 276, 
                    "end": 292, 
                    "score": 0.2112244963645935, 
                    "spot": "public\nrelations"
                }
            ], 
            "wiki_id": 24389, 
            "wiki_title": "Public relations"
        }, 
        {
            "annotations": [
                {
                    "begin": 496, 
                    "end": 502, 
                    "score": 0.0021803646814078093, 
                    "spot": "Monday"
                }
            ], 
            "wiki_id": 1629312, 
            "wiki_title": "Holy Monday"
        }, 
        {
            "annotations": [
                {
                    "begin": 252, 
                    "end": 256, 
                    "score": 0.10630433261394501, 
                    "spot": "Chen"
                }
            ], 
            "wiki_id": 852502, 
            "wiki_title": "Julie Chen"
        }, 
        {
            "annotations": [
                {
                    "begin": 30, 
                    "end": 42, 
                    "score": 0.12434704601764679, 
                    "spot": "hospitalized"
                }, 
                {
                    "begin": 103, 
                    "end": 111, 
                    "score": 0.24925348162651062, 
                    "spot": "Hospital"
                }, 
                {
                    "begin": 328, 
                    "end": 336, 
                    "score": 0.04629309102892876, 
                    "spot": "hospital"
                }, 
                {
                    "begin": 453, 
                    "end": 461, 
                    "score": 0.09355570375919342, 
                    "spot": "Hospital"
                }, 
                {
                    "begin": 631, 
                    "end": 643, 
                    "score": 0.13184534013271332, 
                    "spot": "hospitalized"
                }, 
                {
                    "begin": 838, 
                    "end": 850, 
                    "score": 0.1011631041765213, 
                    "spot": "hospitalized"
                }
            ], 
            "wiki_id": 18994221, 
            "wiki_title": "Hospital"
        }, 
        {
            "annotations": [
                {
                    "begin": 4, 
                    "end": 11, 
                    "score": 0.18806198239326477, 
                    "spot": "Actress"
                }, 
                {
                    "begin": 898, 
                    "end": 905, 
                    "score": 0.08045566827058792, 
                    "spot": "actress"
                }
            ], 
            "wiki_id": 21504235, 
            "wiki_title": "Actor"
        }, 
        {
            "annotations": [
                {
                    "begin": 170, 
                    "end": 173, 
                    "score": 0.0006853084196336567, 
                    "spot": "She"
                }
            ], 
            "wiki_id": 354398, 
            "wiki_title": "She: A History of Adventure"
        }, 
        {
            "annotations": [
                {
                    "begin": 857, 
                    "end": 863, 
                    "score": 0.014560671523213387, 
                    "spot": "expect"
                }
            ], 
            "wiki_id": 9653, 
            "wiki_title": "Expected value"
        }, 
        {
            "annotations": [
                {
                    "begin": 73, 
                    "end": 79, 
                    "score": 0.06669581681489944, 
                    "spot": "stable"
                }
            ], 
            "wiki_id": 501478, 
            "wiki_title": "Stable"
        }, 
        {
            "annotations": [
                {
                    "begin": 965, 
                    "end": 968, 
                    "score": 0.038056373596191406, 
                    "spot": "won"
                }
            ], 
            "wiki_id": 372769, 
            "wiki_title": "Treaty of K\u00fc\u00e7\u00fck Kaynarca"
        }, 
        {
            "annotations": [
                {
                    "begin": 311, 
                    "end": 320, 
                    "score": 0.0487913116812706, 
                    "spot": "Inquiries"
                }
            ], 
            "wiki_id": 826604, 
            "wiki_title": "Public inquiry"
        }, 
        {
            "annotations": [
                {
                    "begin": 296, 
                    "end": 309, 
                    "score": 0.30578452348709106, 
                    "spot": "New York City"
                }
            ], 
            "wiki_id": 645042, 
            "wiki_title": "New York City"
        }, 
        {
            "annotations": [
                {
                    "begin": 1125, 
                    "end": 1131, 
                    "score": 0.00771106593310833, 
                    "spot": "health"
                }
            ], 
            "wiki_id": 463734, 
            "wiki_title": "Public health"
        }, 
        {
            "annotations": [
                {
                    "begin": 420, 
                    "end": 427, 
                    "score": 0.0005812110612168908, 
                    "spot": "April 9"
                }
            ], 
            "wiki_id": 1644856, 
            "wiki_title": "April 9 (Eastern Orthodox liturgics)"
        }, 
        {
            "annotations": [
                {
                    "begin": 743, 
                    "end": 750, 
                    "score": 0.14282922446727753, 
                    "spot": "Tuesday"
                }
            ], 
            "wiki_id": 1050340, 
            "wiki_title": "Election Day (United States)"
        }, 
        {
            "annotations": [
                {
                    "begin": 116, 
                    "end": 129, 
                    "score": 0.13110709190368652, 
                    "spot": "Health Center"
                }
            ], 
            "wiki_id": 30048845, 
            "wiki_title": "Community health center"
        }, 
        {
            "annotations": [
                {
                    "begin": 235, 
                    "end": 246, 
                    "score": 0.08445997536182404, 
                    "spot": "spokeswoman"
                }
            ], 
            "wiki_id": 338047, 
            "wiki_title": "Spokesperson"
        }, 
        {
            "annotations": [
                {
                    "begin": 1064, 
                    "end": 1072, 
                    "score": 0.42274209856987, 
                    "spot": "windpipe"
                }
            ], 
            "wiki_id": 70289, 
            "wiki_title": "Trachea"
        }, 
        {
            "annotations": [
                {
                    "begin": 1156, 
                    "end": 1160, 
                    "score": 0.08303236216306686, 
                    "spot": "fall"
                }
            ], 
            "wiki_id": 3049, 
            "wiki_title": "Autumn"
        }, 
        {
            "annotations": [
                {
                    "begin": 1408, 
                    "end": 1414, 
                    "score": 0.03719422221183777, 
                    "spot": "Taylor"
                }
            ], 
            "wiki_id": 11911841, 
            "wiki_title": "Shelley E. Taylor"
        }, 
        {
            "annotations": [
                {
                    "begin": 1466, 
                    "end": 1483, 
                    "score": 0.4833333194255829, 
                    "spot": "Betty Ford Clinic"
                }
            ], 
            "wiki_id": 472507, 
            "wiki_title": "Betty Ford Center"
        }, 
        {
            "annotations": [
                {
                    "begin": 482, 
                    "end": 492, 
                    "score": 0.07011017948389053, 
                    "spot": "St. John's"
                }
            ], 
            "wiki_id": 70581, 
            "wiki_title": "St. John's, Newfoundland and Labrador"
        }, 
        {
            "annotations": [
                {
                    "begin": 984, 
                    "end": 997, 
                    "score": 0.6002082824707031, 
                    "spot": "Butterfield 8"
                }
            ], 
            "wiki_id": 193867, 
            "wiki_title": "BUtterfield 8"
        }, 
        {
            "annotations": [
                {
                    "begin": 879, 
                    "end": 887, 
                    "score": 0.09193851798772812, 
                    "spot": "recovery"
                }
            ], 
            "wiki_id": 427922, 
            "wiki_title": "Drug rehabilitation"
        }, 
        {
            "annotations": [
                {
                    "begin": 214, 
                    "end": 217, 
                    "score": 0.08566506952047348, 
                    "spot": "Del"
                }
            ], 
            "wiki_id": 7930, 
            "wiki_title": "Delaware"
        }, 
        {
            "annotations": [
                {
                    "begin": 372, 
                    "end": 378, 
                    "score": 0.1488533318042755, 
                    "spot": "Taylor"
                }, 
                {
                    "begin": 715, 
                    "end": 721, 
                    "score": 0.11239686608314514, 
                    "spot": "Taylor"
                }, 
                {
                    "begin": 760, 
                    "end": 766, 
                    "score": 0.2410426288843155, 
                    "spot": "Taylor"
                }
            ], 
            "wiki_id": 19729624, 
            "wiki_title": "Zachary Taylor"
        }, 
        {
            "annotations": [
                {
                    "begin": 1194, 
                    "end": 1201, 
                    "score": 0.14920710027217865, 
                    "spot": "filming"
                }
            ], 
            "wiki_id": 195718, 
            "wiki_title": "Cinematography"
        }, 
        {
            "annotations": [
                {
                    "begin": 116, 
                    "end": 122, 
                    "score": 0.24456650018692017, 
                    "spot": "Health"
                }
            ], 
            "wiki_id": 80381, 
            "wiki_title": "Health"
        }, 
        {
            "annotations": [
                {
                    "begin": 671, 
                    "end": 689, 
                    "score": 0.5239633321762085, 
                    "spot": "infectious\ndisease"
                }, 
                {
                    "begin": 671, 
                    "end": 700, 
                    "score": 0.6176470518112183, 
                    "spot": "infectious\ndisease specialist"
                }
            ], 
            "wiki_id": 37220, 
            "wiki_title": "Infection"
        }, 
        {
            "annotations": [
                {
                    "begin": 584, 
                    "end": 597, 
                    "score": 0.26730841398239136, 
                    "spot": "intravenously"
                }
            ], 
            "wiki_id": 178769, 
            "wiki_title": "Intravenous therapy"
        }, 
        {
            "annotations": [
                {
                    "begin": 300, 
                    "end": 309, 
                    "score": 0.00933048501610756, 
                    "spot": "York City"
                }
            ], 
            "wiki_id": 451170, 
            "wiki_title": "York City F.C."
        }, 
        {
            "annotations": [
                {
                    "begin": 265, 
                    "end": 275, 
                    "score": 0.07017038762569427, 
                    "spot": "Associates"
                }
            ], 
            "wiki_id": 223220, 
            "wiki_title": "Associate degree"
        }, 
        {
            "annotations": [
                {
                    "begin": 156, 
                    "end": 159, 
                    "score": 0.0006853084196336567, 
                    "spot": "She"
                }, 
                {
                    "begin": 553, 
                    "end": 556, 
                    "score": 0.0006853084196336567, 
                    "spot": "She"
                }, 
                {
                    "begin": 961, 
                    "end": 964, 
                    "score": 0.0006853084196336567, 
                    "spot": "she"
                }, 
                {
                    "begin": 1283, 
                    "end": 1286, 
                    "score": 0.0006853084196336567, 
                    "spot": "she"
                }
            ], 
            "wiki_id": 706580, 
            "wiki_title": "S.H.E"
        }, 
        {
            "annotations": [
                {
                    "begin": 1347, 
                    "end": 1354, 
                    "score": 0.16114643216133118, 
                    "spot": "killers"
                }
            ], 
            "wiki_id": 804238, 
            "wiki_title": "The Killers"
        }, 
        {
            "annotations": [
                {
                    "begin": 92, 
                    "end": 129, 
                    "score": 0.30000001192092896, 
                    "spot": "St.\nJohn's Hospital and Health Center"
                }
            ], 
            "wiki_id": 10072475, 
            "wiki_title": "Saint John's Health Center"
        }, 
        {
            "annotations": [
                {
                    "begin": 603, 
                    "end": 614, 
                    "score": 0.33207646012306213, 
                    "spot": "antibiotics"
                }
            ], 
            "wiki_id": 1805, 
            "wiki_title": "Antibiotics"
        }, 
        {
            "annotations": [
                {
                    "begin": 701, 
                    "end": 709, 
                    "score": 0.0011418889043852687, 
                    "spot": "treating"
                }
            ], 
            "wiki_id": 13311819, 
            "wiki_title": "Therapy"
        }, 
        {
            "annotations": [
                {
                    "begin": 80, 
                    "end": 88, 
                    "score": 0.009437070228159428, 
                    "spot": "Thursday"
                }
            ], 
            "wiki_id": 266139, 
            "wiki_title": "Thursday (band)"
        }, 
        {
            "annotations": [
                {
                    "begin": 1052, 
                    "end": 1056, 
                    "score": 0.2782182991504669, 
                    "spot": "tube"
                }
            ], 
            "wiki_id": 291838, 
            "wiki_title": "Catheter"
        }, 
        {
            "annotations": [
                {
                    "begin": 1080, 
                    "end": 1084, 
                    "score": 0.22957244515419006, 
                    "spot": "neck"
                }
            ], 
            "wiki_id": 53235, 
            "wiki_title": "Neck"
        }, 
        {
            "annotations": [
                {
                    "begin": 779, 
                    "end": 788, 
                    "score": 0.09192575514316559, 
                    "spot": "statement"
                }
            ], 
            "wiki_id": 304097, 
            "wiki_title": "Press release"
        }, 
        {
            "annotations": [
                {
                    "begin": 180, 
                    "end": 182, 
                    "score": 0.0011683235643431544, 
                    "spot": "We"
                }
            ], 
            "wiki_id": 231184, 
            "wiki_title": "WE tv"
        }, 
        {
            "annotations": [
                {
                    "begin": 48, 
                    "end": 57, 
                    "score": 0.338087260723114, 
                    "spot": "pneumonia"
                }, 
                {
                    "begin": 537, 
                    "end": 546, 
                    "score": 0.44959354400634766, 
                    "spot": "pneumonia"
                }, 
                {
                    "begin": 933, 
                    "end": 942, 
                    "score": 0.3047838509082794, 
                    "spot": "pneumonia"
                }
            ], 
            "wiki_id": 52135, 
            "wiki_title": "Pneumonia"
        }, 
        {
            "annotations": [
                {
                    "begin": 218, 
                    "end": 224, 
                    "score": 0.06338027864694595, 
                    "spot": "Favaro"
                }
            ], 
            "wiki_id": 26088509, 
            "wiki_title": "Davide Favaro"
        }, 
        {
            "annotations": [
                {
                    "begin": 1487, 
                    "end": 1500, 
                    "score": 0.14851485192775726, 
                    "spot": "Rancho Mirage"
                }
            ], 
            "wiki_id": 107941, 
            "wiki_title": "Rancho Mirage, California"
        }, 
        {
            "annotations": [
                {
                    "begin": 188, 
                    "end": 200, 
                    "score": 0.000884329667314887, 
                    "spot": "nothing else"
                }
            ], 
            "wiki_id": 46534372, 
            "wiki_title": "Nothing Else"
        }, 
        {
            "annotations": [
                {
                    "begin": 1386, 
                    "end": 1392, 
                    "score": 0.1871231645345688, 
                    "spot": "health"
                }
            ], 
            "wiki_id": 261925, 
            "wiki_title": "Health care"
        }, 
        {
            "annotations": [
                {
                    "begin": 1214, 
                    "end": 1229, 
                    "score": 0.6233251094818115, 
                    "spot": "National Velvet"
                }
            ], 
            "wiki_id": 4766483, 
            "wiki_title": "National Velvet (film)"
        }, 
        {
            "annotations": [
                {
                    "begin": 359, 
                    "end": 362, 
                    "score": 0.04357355833053589, 
                    "spot": "Sam"
                }
            ], 
            "wiki_id": 635048, 
            "wiki_title": "Sam Warner"
        }, 
        {
            "annotations": [
                {
                    "begin": 1310, 
                    "end": 1319, 
                    "score": 0.2848793864250183, 
                    "spot": "addiction"
                }
            ], 
            "wiki_id": 1778796, 
            "wiki_title": "Substance dependence"
        }, 
        {
            "annotations": [
                {
                    "begin": 404, 
                    "end": 419, 
                    "score": 0.16153846681118011, 
                    "spot": "sinus infection"
                }
            ], 
            "wiki_id": 28598, 
            "wiki_title": "Sinusitis"
        }, 
        {
            "annotations": [
                {
                    "begin": 431, 
                    "end": 461, 
                    "score": 0.5, 
                    "spot": "Daniel Freeman Marina Hospital"
                }
            ], 
            "wiki_id": 10609255, 
            "wiki_title": "Marina Del Rey Hospital"
        }, 
        {
            "annotations": [
                {
                    "begin": 1099, 
                    "end": 1106, 
                    "score": 0.054459620267152786, 
                    "spot": "breathe"
                }
            ], 
            "wiki_id": 32430695, 
            "wiki_title": "A Class (album)"
        }, 
        {
            "annotations": [
                {
                    "begin": 527, 
                    "end": 532, 
                    "score": 0.1438329815864563, 
                    "spot": "fever"
                }
            ], 
            "wiki_id": 46253, 
            "wiki_title": "Fever"
        }, 
        {
            "annotations": [
                {
                    "begin": 162, 
                    "end": 168, 
                    "score": 0.049570538103580475, 
                    "spot": "stable"
                }
            ], 
            "wiki_id": 40588530, 
            "wiki_title": "Stable isotope ratio"
        }, 
        {
            "annotations": [
                {
                    "begin": 257, 
                    "end": 260, 
                    "score": 0.06411822885274887, 
                    "spot": "Sam"
                }
            ], 
            "wiki_id": 976269, 
            "wiki_title": "Sam Seaborn"
        }, 
        {
            "annotations": [
                {
                    "begin": 188, 
                    "end": 195, 
                    "score": 0.0013219035463407636, 
                    "spot": "nothing"
                }
            ], 
            "wiki_id": 1813173, 
            "wiki_title": "Ex nihilo"
        }, 
        {
            "annotations": [
                {
                    "begin": 619, 
                    "end": 623, 
                    "score": 0.12005661427974701, 
                    "spot": "will"
                }
            ], 
            "wiki_id": 77697, 
            "wiki_title": "Will and testament"
        }, 
        {
            "annotations": [
                {
                    "begin": 63, 
                    "end": 69, 
                    "score": 0.06089262291789055, 
                    "spot": "listed"
                }
            ], 
            "wiki_id": 202009, 
            "wiki_title": "Listed building"
        }, 
        {
            "annotations": [
                {
                    "begin": 919, 
                    "end": 924, 
                    "score": 0.03486410155892372, 
                    "spot": "fatal"
                }
            ], 
            "wiki_id": 4681495, 
            "wiki_title": "Hussein Fatal"
        }, 
        {
            "annotations": [
                {
                    "begin": 972, 
                    "end": 977, 
                    "score": 0.1166282370686531, 
                    "spot": "Oscar"
                }
            ], 
            "wiki_id": 324, 
            "wiki_title": "Academy Awards"
        }, 
        {
            "annotations": [
                {
                    "begin": 651, 
                    "end": 659, 
                    "score": 0.0025563989765942097, 
                    "spot": "Patricia"
                }
            ], 
            "wiki_id": 400595, 
            "wiki_title": "Patricia Arquette"
        }, 
        {
            "annotations": [
                {
                    "begin": 733, 
                    "end": 742, 
                    "score": 0.038206037133932114, 
                    "spot": "statement"
                }
            ], 
            "wiki_id": 476008, 
            "wiki_title": "The Statement (film)"
        }, 
        {
            "annotations": [
                {
                    "begin": 384, 
                    "end": 396, 
                    "score": 0.13463059067726135, 
                    "spot": "hospitalized"
                }
            ], 
            "wiki_id": 38722, 
            "wiki_title": "Psychiatric hospital"
        }, 
        {
            "annotations": [
                {
                    "begin": 354, 
                    "end": 358, 
                    "score": 0.027297180145978928, 
                    "spot": "Chen"
                }
            ], 
            "wiki_id": 49173747, 
            "wiki_title": "Chen (entertainer)"
        }, 
        {
            "annotations": [
                {
                    "begin": 1245, 
                    "end": 1258, 
                    "score": 0.0041841003112494946, 
                    "spot": "back problems"
                }
            ], 
            "wiki_id": 153807, 
            "wiki_title": "Back pain"
        }, 
        {
            "annotations": [
                {
                    "begin": 1206, 
                    "end": 1211, 
                    "score": 0.14444246888160706, 
                    "spot": "movie"
                }
            ], 
            "wiki_id": 21555729, 
            "wiki_title": "Film"
        }
    ]
}