{
    "tagme": [
        {
            "annotations": [
                {
                    "begin": 2561, 
                    "end": 2577, 
                    "score": 0.130859375, 
                    "spot": "special measures"
                }
            ], 
            "wiki_id": 11322552, 
            "wiki_title": "Special measures"
        }, 
        {
            "annotations": [
                {
                    "begin": 1811, 
                    "end": 1819, 
                    "score": 0.0741068571805954, 
                    "spot": "Williams"
                }
            ], 
            "wiki_id": 34104, 
            "wiki_title": "Williams Grand Prix Engineering"
        }, 
        {
            "annotations": [
                {
                    "begin": 620, 
                    "end": 627, 
                    "score": 0.10918311029672623, 
                    "spot": "hazards"
                }
            ], 
            "wiki_id": 211889, 
            "wiki_title": "Electric shock"
        }, 
        {
            "annotations": [
                {
                    "begin": 75, 
                    "end": 87, 
                    "score": 0.05000000074505806, 
                    "spot": "flying again"
                }
            ], 
            "wiki_id": 7063299, 
            "wiki_title": "Flying Again"
        }, 
        {
            "annotations": [
                {
                    "begin": 258, 
                    "end": 262, 
                    "score": 0.027466215193271637, 
                    "spot": "noon"
                }
            ], 
            "wiki_id": 209005, 
            "wiki_title": "Noon"
        }, 
        {
            "annotations": [
                {
                    "begin": 2776, 
                    "end": 2780, 
                    "score": 0.010626629926264286, 
                    "spot": "time"
                }
            ], 
            "wiki_id": 30012, 
            "wiki_title": "Time"
        }, 
        {
            "annotations": [
                {
                    "begin": 2051, 
                    "end": 2057, 
                    "score": 0.10639500617980957, 
                    "spot": "deaths"
                }
            ], 
            "wiki_id": 30625300, 
            "wiki_title": "Egyptian Revolution of 2011"
        }, 
        {
            "annotations": [
                {
                    "begin": 47, 
                    "end": 70, 
                    "score": 0.4108910858631134, 
                    "spot": "Operation Desert Shield"
                }, 
                {
                    "begin": 57, 
                    "end": 70, 
                    "score": 0.08412424474954605, 
                    "spot": "Desert Shield"
                }, 
                {
                    "begin": 910, 
                    "end": 914, 
                    "score": 0.1407923847436905, 
                    "spot": "gulf"
                }, 
                {
                    "begin": 1671, 
                    "end": 1684, 
                    "score": 0.3795108497142792, 
                    "spot": "Desert Shield"
                }, 
                {
                    "begin": 1873, 
                    "end": 1886, 
                    "score": 0.08412424474954605, 
                    "spot": "Desert Shield"
                }, 
                {
                    "begin": 2064, 
                    "end": 2087, 
                    "score": 0.4108910858631134, 
                    "spot": "Operation Desert Shield"
                }, 
                {
                    "begin": 2602, 
                    "end": 2606, 
                    "score": 0.06750649213790894, 
                    "spot": "gulf"
                }, 
                {
                    "begin": 2861, 
                    "end": 2874, 
                    "score": 0.19559505581855774, 
                    "spot": "Desert\nShield"
                }, 
                {
                    "begin": 3237, 
                    "end": 3250, 
                    "score": 0.300534725189209, 
                    "spot": "Desert Shield"
                }
            ], 
            "wiki_id": 182000, 
            "wiki_title": "Gulf War"
        }, 
        {
            "annotations": [
                {
                    "begin": 314, 
                    "end": 322, 
                    "score": 0.1574186235666275, 
                    "spot": "majority"
                }
            ], 
            "wiki_id": 216313, 
            "wiki_title": "Majority"
        }, 
        {
            "annotations": [
                {
                    "begin": 2581, 
                    "end": 2587, 
                    "score": 0.0013768646167591214, 
                    "spot": "review"
                }
            ], 
            "wiki_id": 1499722, 
            "wiki_title": "Instant replay"
        }, 
        {
            "annotations": [
                {
                    "begin": 1790, 
                    "end": 1797, 
                    "score": 0.169683575630188, 
                    "spot": "support"
                }
            ], 
            "wiki_id": 600792, 
            "wiki_title": "Close air support"
        }, 
        {
            "annotations": [
                {
                    "begin": 1601, 
                    "end": 1612, 
                    "score": 0.05957665666937828, 
                    "spot": "degradation"
                }
            ], 
            "wiki_id": 1707053, 
            "wiki_title": "Habitat destruction"
        }, 
        {
            "annotations": [
                {
                    "begin": 458, 
                    "end": 468, 
                    "score": 0.02565525472164154, 
                    "spot": "suspension"
                }
            ], 
            "wiki_id": 354618, 
            "wiki_title": "Suspension (chemistry)"
        }, 
        {
            "annotations": [
                {
                    "begin": 3007, 
                    "end": 3015, 
                    "score": 0.05443422496318817, 
                    "spot": "ordinary"
                }
            ], 
            "wiki_id": 12238455, 
            "wiki_title": "GCE Ordinary Level"
        }, 
        {
            "annotations": [
                {
                    "begin": 751, 
                    "end": 757, 
                    "score": 0.01907949522137642, 
                    "spot": "common"
                }
            ], 
            "wiki_id": 910535, 
            "wiki_title": "Common land"
        }, 
        {
            "annotations": [
                {
                    "begin": 2995, 
                    "end": 3001, 
                    "score": 0.0965147539973259, 
                    "spot": "higher"
                }
            ], 
            "wiki_id": 188886, 
            "wiki_title": "Doctorate"
        }, 
        {
            "annotations": [
                {
                    "begin": 421, 
                    "end": 427, 
                    "score": 0.008053334429860115, 
                    "spot": "flight"
                }
            ], 
            "wiki_id": 1030136, 
            "wiki_title": "In flight"
        }, 
        {
            "annotations": [
                {
                    "begin": 263, 
                    "end": 273, 
                    "score": 0.04475641995668411, 
                    "spot": "local time"
                }
            ], 
            "wiki_id": 30890, 
            "wiki_title": "Time zone"
        }, 
        {
            "annotations": [
                {
                    "begin": 189, 
                    "end": 198, 
                    "score": 0.1421048492193222, 
                    "spot": "officials"
                }, 
                {
                    "begin": 580, 
                    "end": 589, 
                    "score": 0.0007770162774249911, 
                    "spot": "officials"
                }
            ], 
            "wiki_id": 400892, 
            "wiki_title": "Referee"
        }, 
        {
            "annotations": [
                {
                    "begin": 1779, 
                    "end": 1785, 
                    "score": 0.24585990607738495, 
                    "spot": "combat"
                }
            ], 
            "wiki_id": 23210314, 
            "wiki_title": "Combat"
        }, 
        {
            "annotations": [
                {
                    "begin": 1857, 
                    "end": 1863, 
                    "score": 0.10204217582941055, 
                    "spot": "flight"
                }
            ], 
            "wiki_id": 33668481, 
            "wiki_title": "Flight (2012 film)"
        }, 
        {
            "annotations": [
                {
                    "begin": 2136, 
                    "end": 2141, 
                    "score": 0.5303362607955933, 
                    "spot": "F-111"
                }, 
                {
                    "begin": 3270, 
                    "end": 3275, 
                    "score": 0.5956780910491943, 
                    "spot": "F-111"
                }
            ], 
            "wiki_id": 202894, 
            "wiki_title": "General Dynamics F-111 Aardvark"
        }, 
        {
            "annotations": [
                {
                    "begin": 300, 
                    "end": 307, 
                    "score": 0.16094143688678741, 
                    "spot": "account"
                }
            ], 
            "wiki_id": 30873450, 
            "wiki_title": "Deposit account"
        }, 
        {
            "annotations": [
                {
                    "begin": 472, 
                    "end": 479, 
                    "score": 0.0920797735452652, 
                    "spot": "flights"
                }, 
                {
                    "begin": 1024, 
                    "end": 1031, 
                    "score": 0.15833303332328796, 
                    "spot": "flights"
                }
            ], 
            "wiki_id": 402636, 
            "wiki_title": "Flight (military unit)"
        }, 
        {
            "annotations": [
                {
                    "begin": 1204, 
                    "end": 1206, 
                    "score": 0.11761458218097687, 
                    "spot": "do"
                }
            ], 
            "wiki_id": 1096360, 
            "wiki_title": "Oxygen saturation"
        }, 
        {
            "annotations": [
                {
                    "begin": 166, 
                    "end": 174, 
                    "score": 0.4511745572090149, 
                    "spot": "Pentagon"
                }, 
                {
                    "begin": 822, 
                    "end": 834, 
                    "score": 0.6430987119674683, 
                    "spot": "the Pentagon"
                }, 
                {
                    "begin": 1321, 
                    "end": 1329, 
                    "score": 0.41248488426208496, 
                    "spot": "Pentagon"
                }
            ], 
            "wiki_id": 20740978, 
            "wiki_title": "The Pentagon"
        }, 
        {
            "annotations": [
                {
                    "begin": 3057, 
                    "end": 3064, 
                    "score": 0.08104206621646881, 
                    "spot": "service"
                }
            ], 
            "wiki_id": 181586, 
            "wiki_title": "Service (economics)"
        }, 
        {
            "annotations": [
                {
                    "begin": 1154, 
                    "end": 1160, 
                    "score": 0.008053334429860115, 
                    "spot": "flight"
                }
            ], 
            "wiki_id": 1837609, 
            "wiki_title": "Bird flight"
        }, 
        {
            "annotations": [
                {
                    "begin": 212, 
                    "end": 220, 
                    "score": 0.16745500266551971, 
                    "spot": "training"
                }
            ], 
            "wiki_id": 156423, 
            "wiki_title": "Training"
        }, 
        {
            "annotations": [
                {
                    "begin": 690, 
                    "end": 699, 
                    "score": 0.004014328122138977, 
                    "spot": "accidents"
                }, 
                {
                    "begin": 1975, 
                    "end": 1983, 
                    "score": 0.20030570030212402, 
                    "spot": "accident"
                }, 
                {
                    "begin": 2040, 
                    "end": 2050, 
                    "score": 0.016553878784179688, 
                    "spot": "accidental"
                }, 
                {
                    "begin": 2718, 
                    "end": 2727, 
                    "score": 0.10200178623199463, 
                    "spot": "accidents"
                }, 
                {
                    "begin": 3518, 
                    "end": 3527, 
                    "score": 0.163040429353714, 
                    "spot": "accidents"
                }
            ], 
            "wiki_id": 24462937, 
            "wiki_title": "Accident"
        }, 
        {
            "annotations": [
                {
                    "begin": 2142, 
                    "end": 2156, 
                    "score": 0.3959774374961853, 
                    "spot": "fighter-bomber"
                }
            ], 
            "wiki_id": 379330, 
            "wiki_title": "Fighter-bomber"
        }, 
        {
            "annotations": [
                {
                    "begin": 228, 
                    "end": 237, 
                    "score": 0.0014007471036165953, 
                    "spot": "schedules"
                }, 
                {
                    "begin": 1552, 
                    "end": 1561, 
                    "score": 0.0143500454723835, 
                    "spot": "schedules"
                }
            ], 
            "wiki_id": 211960, 
            "wiki_title": "Reinforcement"
        }, 
        {
            "annotations": [
                {
                    "begin": 1890, 
                    "end": 1900, 
                    "score": 0.17919416725635529, 
                    "spot": "classified"
                }
            ], 
            "wiki_id": 252857, 
            "wiki_title": "Classified information"
        }, 
        {
            "annotations": [
                {
                    "begin": 3228, 
                    "end": 3233, 
                    "score": 0.18354088068008423, 
                    "spot": "start"
                }
            ], 
            "wiki_id": 430699, 
            "wiki_title": "START I"
        }, 
        {
            "annotations": [
                {
                    "begin": 1638, 
                    "end": 1647, 
                    "score": 0.03987667337059975, 
                    "spot": "ourselves"
                }
            ], 
            "wiki_id": 28175, 
            "wiki_title": "Sinn F\u00e9in"
        }, 
        {
            "annotations": [
                {
                    "begin": 971, 
                    "end": 990, 
                    "score": 0.009109311737120152, 
                    "spot": "out of the ordinary"
                }
            ], 
            "wiki_id": 31719933, 
            "wiki_title": "Out of the Ordinary"
        }, 
        {
            "annotations": [
                {
                    "begin": 2953, 
                    "end": 2966, 
                    "score": 0.05411297455430031, 
                    "spot": "extraordinary"
                }
            ], 
            "wiki_id": 68651, 
            "wiki_title": "Ambassador"
        }, 
        {
            "annotations": [
                {
                    "begin": 2217, 
                    "end": 2229, 
                    "score": 0.14051766693592072, 
                    "spot": "crew members"
                }
            ], 
            "wiki_id": 10827, 
            "wiki_title": "Film crew"
        }, 
        {
            "annotations": [
                {
                    "begin": 869, 
                    "end": 875, 
                    "score": 0.16062872111797333, 
                    "spot": "number"
                }
            ], 
            "wiki_id": 16885228, 
            "wiki_title": "United States military aircraft serials"
        }, 
        {
            "annotations": [
                {
                    "begin": 154, 
                    "end": 161, 
                    "score": 0.08668416738510132, 
                    "spot": "crashes"
                }, 
                {
                    "begin": 795, 
                    "end": 804, 
                    "score": 0.09194524586200714, 
                    "spot": "accidents"
                }, 
                {
                    "begin": 893, 
                    "end": 902, 
                    "score": 0.286346971988678, 
                    "spot": "accidents"
                }, 
                {
                    "begin": 942, 
                    "end": 949, 
                    "score": 0.16245226562023163, 
                    "spot": "crashes"
                }, 
                {
                    "begin": 2275, 
                    "end": 2280, 
                    "score": 0.1330367624759674, 
                    "spot": "crash"
                }, 
                {
                    "begin": 2441, 
                    "end": 2448, 
                    "score": 0.2341790795326233, 
                    "spot": "crashed"
                }, 
                {
                    "begin": 3193, 
                    "end": 3200, 
                    "score": 0.18745951354503632, 
                    "spot": "crashes"
                }, 
                {
                    "begin": 3393, 
                    "end": 3400, 
                    "score": 0.22307366132736206, 
                    "spot": "crashed"
                }
            ], 
            "wiki_id": 164536, 
            "wiki_title": "Aviation accidents and incidents"
        }, 
        {
            "annotations": [
                {
                    "begin": 2204, 
                    "end": 2211, 
                    "score": 0.07378160953521729, 
                    "spot": "killing"
                }, 
                {
                    "begin": 2471, 
                    "end": 2478, 
                    "score": 0.19729381799697876, 
                    "spot": "killing"
                }
            ], 
            "wiki_id": 7746616, 
            "wiki_title": "Death of Osama bin Laden"
        }, 
        {
            "annotations": [
                {
                    "begin": 2884, 
                    "end": 2888, 
                    "score": 0.13045844435691833, 
                    "spot": "good"
                }
            ], 
            "wiki_id": 580039, 
            "wiki_title": "Good (economics)"
        }, 
        {
            "annotations": [
                {
                    "begin": 1301, 
                    "end": 1311, 
                    "score": 0.1196969673037529, 
                    "spot": "Monteverde"
                }, 
                {
                    "begin": 1651, 
                    "end": 1661, 
                    "score": 0.1196969673037529, 
                    "spot": "Monteverde"
                }
            ], 
            "wiki_id": 886785, 
            "wiki_title": "Monteverde"
        }, 
        {
            "annotations": [
                {
                    "begin": 3101, 
                    "end": 3109, 
                    "score": 0.14920687675476074, 
                    "spot": "accident"
                }
            ], 
            "wiki_id": 19740545, 
            "wiki_title": "Traffic collision"
        }, 
        {
            "annotations": [
                {
                    "begin": 2427, 
                    "end": 2431, 
                    "score": 0.3816269040107727, 
                    "spot": "crew"
                }, 
                {
                    "begin": 2427, 
                    "end": 2439, 
                    "score": 0.5011712312698364, 
                    "spot": "crew members"
                }
            ], 
            "wiki_id": 1001906, 
            "wiki_title": "Aircrew"
        }, 
        {
            "annotations": [
                {
                    "begin": 1179, 
                    "end": 1185, 
                    "score": 0.11828590929508209, 
                    "spot": "review"
                }
            ], 
            "wiki_id": 2994579, 
            "wiki_title": "Systematic review"
        }, 
        {
            "annotations": [
                {
                    "begin": 1414, 
                    "end": 1418, 
                    "score": 0.1441148966550827, 
                    "spot": "jets"
                }, 
                {
                    "begin": 2324, 
                    "end": 2327, 
                    "score": 0.24110674858093262, 
                    "spot": "jet"
                }, 
                {
                    "begin": 3307, 
                    "end": 3310, 
                    "score": 0.27708926796913147, 
                    "spot": "jet"
                }
            ], 
            "wiki_id": 164656, 
            "wiki_title": "Jet aircraft"
        }, 
        {
            "annotations": [
                {
                    "begin": 3373, 
                    "end": 3386, 
                    "score": 0.8526160717010498, 
                    "spot": "C-5 transport"
                }
            ], 
            "wiki_id": 160434, 
            "wiki_title": "Lockheed C-5 Galaxy"
        }, 
        {
            "annotations": [
                {
                    "begin": 1289, 
                    "end": 1292, 
                    "score": 0.04813866689801216, 
                    "spot": "Col"
                }
            ], 
            "wiki_id": 199023, 
            "wiki_title": "Colonel"
        }, 
        {
            "annotations": [
                {
                    "begin": 277, 
                    "end": 280, 
                    "score": 0.1425722986459732, 
                    "spot": "a.m"
                }
            ], 
            "wiki_id": 39764862, 
            "wiki_title": "AM (Arctic Monkeys album)"
        }, 
        {
            "annotations": [
                {
                    "begin": 3583, 
                    "end": 3594, 
                    "score": 0.016530953347682953, 
                    "spot": "helicopters"
                }
            ], 
            "wiki_id": 8286923, 
            "wiki_title": "Helicopter"
        }, 
        {
            "annotations": [
                {
                    "begin": 3315, 
                    "end": 3320, 
                    "score": 0.4303880035877228, 
                    "spot": "F-15E"
                }
            ], 
            "wiki_id": 495724, 
            "wiki_title": "McDonnell Douglas F-15E Strike Eagle"
        }, 
        {
            "annotations": [
                {
                    "begin": 2349, 
                    "end": 2359, 
                    "score": 0.125, 
                    "spot": "just hours"
                }
            ], 
            "wiki_id": 40501940, 
            "wiki_title": "In Just Hours"
        }, 
        {
            "annotations": [
                {
                    "begin": 1161, 
                    "end": 1164, 
                    "score": 0.09320203214883804, 
                    "spot": "ban"
                }
            ], 
            "wiki_id": 1128895, 
            "wiki_title": "British Approved Name"
        }, 
        {
            "annotations": [
                {
                    "begin": 2458, 
                    "end": 2469, 
                    "score": 0.5642521381378174, 
                    "spot": "Arabian Sea"
                }
            ], 
            "wiki_id": 22738, 
            "wiki_title": "Operation Enduring Freedom"
        }, 
        {
            "annotations": [
                {
                    "begin": 492, 
                    "end": 497, 
                    "score": 0.13371005654335022, 
                    "spot": "Roper"
                }
            ], 
            "wiki_id": 38294190, 
            "wiki_title": "Christopher Roper (legal educator)"
        }, 
        {
            "annotations": [
                {
                    "begin": 487, 
                    "end": 490, 
                    "score": 0.15254531800746918, 
                    "spot": "A.C"
                }
            ], 
            "wiki_id": 153398, 
            "wiki_title": "Order of Australia"
        }, 
        {
            "annotations": [
                {
                    "begin": 2297, 
                    "end": 2308, 
                    "score": 0.15412186086177826, 
                    "spot": "F-4 Phantom"
                }, 
                {
                    "begin": 3280, 
                    "end": 3291, 
                    "score": 0.5706718564033508, 
                    "spot": "F-4 Phantom"
                }
            ], 
            "wiki_id": 11759, 
            "wiki_title": "McDonnell Douglas F-4 Phantom II"
        }, 
        {
            "annotations": [
                {
                    "begin": 326, 
                    "end": 329, 
                    "score": 0.13694626092910767, 
                    "spot": "U.S"
                }, 
                {
                    "begin": 879, 
                    "end": 882, 
                    "score": 0.13319654762744904, 
                    "spot": "U.S"
                }
            ], 
            "wiki_id": 18717338, 
            "wiki_title": "United States dollar"
        }, 
        {
            "annotations": [
                {
                    "begin": 407, 
                    "end": 415, 
                    "score": 0.0013708873884752393, 
                    "spot": "anything"
                }
            ], 
            "wiki_id": 1645524, 
            "wiki_title": "Anything (The Damned album)"
        }, 
        {
            "annotations": [
                {
                    "begin": 515, 
                    "end": 535, 
                    "score": 0.3220064640045166, 
                    "spot": "U.S. Central Command"
                }, 
                {
                    "begin": 520, 
                    "end": 535, 
                    "score": 0.24564450979232788, 
                    "spot": "Central Command"
                }
            ], 
            "wiki_id": 338482, 
            "wiki_title": "United States Central Command"
        }, 
        {
            "annotations": [
                {
                    "begin": 2031, 
                    "end": 2035, 
                    "score": 0.011773940175771713, 
                    "spot": "toll"
                }
            ], 
            "wiki_id": 55551, 
            "wiki_title": "Tariff"
        }, 
        {
            "annotations": [
                {
                    "begin": 1730, 
                    "end": 1741, 
                    "score": 0.8034480214118958, 
                    "spot": "Vietnam War"
                }
            ], 
            "wiki_id": 32611, 
            "wiki_title": "Vietnam War"
        }, 
        {
            "annotations": [
                {
                    "begin": 331, 
                    "end": 334, 
                    "score": 0.09686049818992615, 
                    "spot": "air"
                }
            ], 
            "wiki_id": 10934212, 
            "wiki_title": "Air pollution"
        }, 
        {
            "annotations": [
                {
                    "begin": 501, 
                    "end": 510, 
                    "score": 0.007103105075657368, 
                    "spot": "spokesman"
                }, 
                {
                    "begin": 836, 
                    "end": 845, 
                    "score": 0.007103105075657368, 
                    "spot": "spokesman"
                }, 
                {
                    "begin": 1330, 
                    "end": 1339, 
                    "score": 0.06227092817425728, 
                    "spot": "spokesman"
                }
            ], 
            "wiki_id": 338047, 
            "wiki_title": "Spokesperson"
        }, 
        {
            "annotations": [
                {
                    "begin": 335, 
                    "end": 343, 
                    "score": 0.09434755891561508, 
                    "spot": "missions"
                }, 
                {
                    "begin": 428, 
                    "end": 438, 
                    "score": 0.08229170739650726, 
                    "spot": "operations"
                }, 
                {
                    "begin": 1256, 
                    "end": 1264, 
                    "score": 0.2132309377193451, 
                    "spot": "missions"
                }, 
                {
                    "begin": 2179, 
                    "end": 2186, 
                    "score": 0.1017918661236763, 
                    "spot": "mission"
                }
            ], 
            "wiki_id": 666301, 
            "wiki_title": "Military operation"
        }, 
        {
            "annotations": [
                {
                    "begin": 545, 
                    "end": 557, 
                    "score": 0.4209948778152466, 
                    "spot": "Saudi Arabia"
                }, 
                {
                    "begin": 2190, 
                    "end": 2202, 
                    "score": 0.510884165763855, 
                    "spot": "Saudi Arabia"
                }, 
                {
                    "begin": 2331, 
                    "end": 2343, 
                    "score": 0.5780903697013855, 
                    "spot": "Saudi Arabia"
                }, 
                {
                    "begin": 3445, 
                    "end": 3457, 
                    "score": 0.5146936178207397, 
                    "spot": "Saudi Arabia"
                }
            ], 
            "wiki_id": 349303, 
            "wiki_title": "Saudi Arabia"
        }, 
        {
            "annotations": [
                {
                    "begin": 2760, 
                    "end": 2765, 
                    "score": 0.004636244848370552, 
                    "spot": "short"
                }
            ], 
            "wiki_id": 992991, 
            "wiki_title": "Vowel length"
        }, 
        {
            "annotations": [
                {
                    "begin": 2555, 
                    "end": 2560, 
                    "score": 0.08676508069038391, 
                    "spot": "taken"
                }
            ], 
            "wiki_id": 169376, 
            "wiki_title": "Kidnapping"
        }, 
        {
            "annotations": [
                {
                    "begin": 221, 
                    "end": 227, 
                    "score": 0.08426449447870255, 
                    "spot": "flight"
                }
            ], 
            "wiki_id": 80785, 
            "wiki_title": "Flight simulator"
        }, 
        {
            "annotations": [
                {
                    "begin": 1015, 
                    "end": 1023, 
                    "score": 0.0906863585114479, 
                    "spot": "training"
                }, 
                {
                    "begin": 2170, 
                    "end": 2178, 
                    "score": 0.22299137711524963, 
                    "spot": "training"
                }
            ], 
            "wiki_id": 770846, 
            "wiki_title": "Trainer (aircraft)"
        }, 
        {
            "annotations": [
                {
                    "begin": 2309, 
                    "end": 2323, 
                    "score": 0.3164798319339752, 
                    "spot": "reconnaissance"
                }, 
                {
                    "begin": 3292, 
                    "end": 3306, 
                    "score": 0.3164798319339752, 
                    "spot": "reconnaissance"
                }
            ], 
            "wiki_id": 146911, 
            "wiki_title": "Reconnaissance"
        }, 
        {
            "annotations": [
                {
                    "begin": 4, 
                    "end": 18, 
                    "score": 0.24914303421974182, 
                    "spot": "U.S. Air Force"
                }, 
                {
                    "begin": 379, 
                    "end": 388, 
                    "score": 0.031584691256284714, 
                    "spot": "Air Force"
                }, 
                {
                    "begin": 1074, 
                    "end": 1083, 
                    "score": 0.27034991979599, 
                    "spot": "Air Force"
                }, 
                {
                    "begin": 1769, 
                    "end": 1778, 
                    "score": 0.2247748225927353, 
                    "spot": "Air Force"
                }
            ], 
            "wiki_id": 32090, 
            "wiki_title": "United States Air Force"
        }, 
        {
            "annotations": [
                {
                    "begin": 2157, 
                    "end": 2164, 
                    "score": 0.22652482986450195, 
                    "spot": "crashed"
                }
            ], 
            "wiki_id": 490866, 
            "wiki_title": "Controlled flight into terrain"
        }, 
        {
            "annotations": [
                {
                    "begin": 2237, 
                    "end": 2243, 
                    "score": 0.0021803646814078093, 
                    "spot": "Monday"
                }
            ], 
            "wiki_id": 195068, 
            "wiki_title": "Monday Night Football"
        }, 
        {
            "annotations": [
                {
                    "begin": 125, 
                    "end": 133, 
                    "score": 0.153475821018219, 
                    "spot": "24 hours"
                }
            ], 
            "wiki_id": 241342, 
            "wiki_title": "24-hour clock"
        }, 
        {
            "annotations": [
                {
                    "begin": 758, 
                    "end": 770, 
                    "score": 0.011593627743422985, 
                    "spot": "contributing"
                }
            ], 
            "wiki_id": 9596931, 
            "wiki_title": "Contributing property"
        }, 
        {
            "annotations": [
                {
                    "begin": 735, 
                    "end": 747, 
                    "score": 0.033986929804086685, 
                    "spot": "common cause"
                }
            ], 
            "wiki_id": 694171, 
            "wiki_title": "Common Cause"
        }, 
        {
            "annotations": [
                {
                    "begin": 1698, 
                    "end": 1711, 
                    "score": 0.3515399694442749, 
                    "spot": "U.S. military"
                }, 
                {
                    "begin": 2538, 
                    "end": 2545, 
                    "score": 0.17230746150016785, 
                    "spot": "service"
                }, 
                {
                    "begin": 2833, 
                    "end": 2841, 
                    "score": 0.07862888276576996, 
                    "spot": "military"
                }
            ], 
            "wiki_id": 32212, 
            "wiki_title": "United States Armed Forces"
        }, 
        {
            "annotations": [
                {
                    "begin": 3387, 
                    "end": 3400, 
                    "score": 0.17308147251605988, 
                    "spot": "plane crashed"
                }
            ], 
            "wiki_id": 30297002, 
            "wiki_title": "2010 Okhaldhunga Twin Otter crash"
        }, 
        {
            "annotations": [
                {
                    "begin": 638, 
                    "end": 642, 
                    "score": 0.0019397636642679572, 
                    "spot": "sure"
                }
            ], 
            "wiki_id": 9892133, 
            "wiki_title": "Sure (Take That song)"
        }, 
        {
            "annotations": [
                {
                    "begin": 610, 
                    "end": 619, 
                    "score": 0.10645849257707596, 
                    "spot": "potential"
                }
            ], 
            "wiki_id": 32549, 
            "wiki_title": "Voltage"
        }, 
        {
            "annotations": [
                {
                    "begin": 23, 
                    "end": 29, 
                    "score": 0.1884242743253708, 
                    "spot": "planes"
                }, 
                {
                    "begin": 1494, 
                    "end": 1500, 
                    "score": 0.15281440317630768, 
                    "spot": "planes"
                }
            ], 
            "wiki_id": 1396249, 
            "wiki_title": "Airplane"
        }, 
        {
            "annotations": [
                {
                    "begin": 771, 
                    "end": 778, 
                    "score": 0.0008950617047958076, 
                    "spot": "factors"
                }
            ], 
            "wiki_id": 61289, 
            "wiki_title": "Forensic entomology"
        }, 
        {
            "annotations": [
                {
                    "begin": 1461, 
                    "end": 1468, 
                    "score": 0.10912006348371506, 
                    "spot": "borders"
                }
            ], 
            "wiki_id": 247613, 
            "wiki_title": "Border"
        }, 
        {
            "annotations": [
                {
                    "begin": 2792, 
                    "end": 2801, 
                    "score": 0.0425788089632988, 
                    "spot": "reporters"
                }
            ], 
            "wiki_id": 50100, 
            "wiki_title": "Journalist"
        }, 
        {
            "annotations": [
                {
                    "begin": 3187, 
                    "end": 3192, 
                    "score": 0.09997152537107468, 
                    "spot": "fatal"
                }
            ], 
            "wiki_id": 8221, 
            "wiki_title": "Death"
        }, 
        {
            "annotations": [
                {
                    "begin": 3113, 
                    "end": 3118, 
                    "score": 0.14577892422676086, 
                    "spot": "cause"
                }
            ], 
            "wiki_id": 37196, 
            "wiki_title": "Causality"
        }, 
        {
            "annotations": [
                {
                    "begin": 2108, 
                    "end": 2117, 
                    "score": 0.04683399572968483, 
                    "spot": "Wednesday"
                }
            ], 
            "wiki_id": 177538, 
            "wiki_title": "Sheffield Wednesday F.C."
        }, 
        {
            "annotations": [
                {
                    "begin": 1445, 
                    "end": 1451, 
                    "score": 0.5423183441162109, 
                    "spot": "Kuwait"
                }
            ], 
            "wiki_id": 7515890, 
            "wiki_title": "Kuwait"
        }, 
        {
            "annotations": [
                {
                    "begin": 590, 
                    "end": 596, 
                    "score": 0.07632409036159515, 
                    "spot": "wanted"
                }
            ], 
            "wiki_id": 406792, 
            "wiki_title": "Fugitive"
        }, 
        {
            "annotations": [
                {
                    "begin": 967, 
                    "end": 974, 
                    "score": 0.20638875663280487, 
                    "spot": "not out"
                }
            ], 
            "wiki_id": 2430357, 
            "wiki_title": "Not out"
        }, 
        {
            "annotations": [
                {
                    "begin": 2261, 
                    "end": 2267, 
                    "score": 0.13679786026477814, 
                    "spot": "killed"
                }
            ], 
            "wiki_id": 286369, 
            "wiki_title": "Assassination of John F. Kennedy"
        }, 
        {
            "annotations": [
                {
                    "begin": 1114, 
                    "end": 1120, 
                    "score": 0.09962106496095657, 
                    "spot": "safety"
                }, 
                {
                    "begin": 1219, 
                    "end": 1225, 
                    "score": 0.13003402948379517, 
                    "spot": "safely"
                }, 
                {
                    "begin": 1518, 
                    "end": 1524, 
                    "score": 0.22692474722862244, 
                    "spot": "safety"
                }, 
                {
                    "begin": 2588, 
                    "end": 2594, 
                    "score": 0.01815512590110302, 
                    "spot": "safety"
                }
            ], 
            "wiki_id": 252712, 
            "wiki_title": "Safety"
        }, 
        {
            "annotations": [
                {
                    "begin": 3404, 
                    "end": 3416, 
                    "score": 0.4473804235458374, 
                    "spot": "West Germany"
                }
            ], 
            "wiki_id": 33166, 
            "wiki_title": "West Germany"
        }, 
        {
            "annotations": [
                {
                    "begin": 19, 
                    "end": 29, 
                    "score": 0.23132219910621643, 
                    "spot": "war planes"
                }
            ], 
            "wiki_id": 54248, 
            "wiki_title": "Military aircraft"
        }, 
        {
            "annotations": [
                {
                    "begin": 19, 
                    "end": 22, 
                    "score": 0.19585953652858734, 
                    "spot": "war"
                }
            ], 
            "wiki_id": 33158, 
            "wiki_title": "War"
        }, 
        {
            "annotations": [
                {
                    "begin": 1478, 
                    "end": 1484, 
                    "score": 0.03457226604223251, 
                    "spot": "pilots"
                }
            ], 
            "wiki_id": 396572, 
            "wiki_title": "Television pilot"
        }, 
        {
            "annotations": [
                {
                    "begin": 2515, 
                    "end": 2524, 
                    "score": 0.031584691256284714, 
                    "spot": "Air Force"
                }
            ], 
            "wiki_id": 1042168, 
            "wiki_title": "Brazilian Air Force"
        }, 
        {
            "annotations": [
                {
                    "begin": 1056, 
                    "end": 1064, 
                    "score": 0.10554002970457077, 
                    "spot": "Williams"
                }, 
                {
                    "begin": 2497, 
                    "end": 2505, 
                    "score": 0.05130178481340408, 
                    "spot": "Williams"
                }
            ], 
            "wiki_id": 34105, 
            "wiki_title": "Williams College"
        }, 
        {
            "annotations": [
                {
                    "begin": 1510, 
                    "end": 1517, 
                    "score": 0.16916561126708984, 
                    "spot": "special"
                }
            ], 
            "wiki_id": 26962, 
            "wiki_title": "Special relativity"
        }, 
        {
            "annotations": [
                {
                    "begin": 1409, 
                    "end": 1413, 
                    "score": 0.3723304271697998, 
                    "spot": "F-15"
                }
            ], 
            "wiki_id": 11715, 
            "wiki_title": "McDonnell Douglas F-15 Eagle"
        }, 
        {
            "annotations": [
                {
                    "begin": 3026, 
                    "end": 3031, 
                    "score": 0.08182600885629654, 
                    "spot": "tempo"
                }
            ], 
            "wiki_id": 4084054, 
            "wiki_title": "Tempo, County Fermanagh"
        }, 
        {
            "annotations": [
                {
                    "begin": 146, 
                    "end": 150, 
                    "score": 0.12239840626716614, 
                    "spot": "rash"
                }
            ], 
            "wiki_id": 1370157, 
            "wiki_title": "Red and Anarchist Skinheads"
        }, 
        {
            "annotations": [
                {
                    "begin": 2372, 
                    "end": 2378, 
                    "score": 0.33824753761291504, 
                    "spot": "Marine"
                }, 
                {
                    "begin": 2372, 
                    "end": 2384, 
                    "score": 0.5577308535575867, 
                    "spot": "Marine Corps"
                }, 
                {
                    "begin": 3329, 
                    "end": 3335, 
                    "score": 0.41923558712005615, 
                    "spot": "Marine"
                }, 
                {
                    "begin": 3329, 
                    "end": 3341, 
                    "score": 0.4377712309360504, 
                    "spot": "Marine\nCorps"
                }
            ], 
            "wiki_id": 17349325, 
            "wiki_title": "United States Marine Corps"
        }, 
        {
            "annotations": [
                {
                    "begin": 659, 
                    "end": 669, 
                    "score": 0.0025429686065763235, 
                    "spot": "everything"
                }
            ], 
            "wiki_id": 30436, 
            "wiki_title": "Theory of everything"
        }, 
        {
            "annotations": [
                {
                    "begin": 3377, 
                    "end": 3392, 
                    "score": 0.2150835394859314, 
                    "spot": "transport plane"
                }
            ], 
            "wiki_id": 2375692, 
            "wiki_title": "Cargo aircraft"
        }, 
        {
            "annotations": [
                {
                    "begin": 1274, 
                    "end": 1282, 
                    "score": 0.006222061347216368, 
                    "spot": "grounded"
                }
            ], 
            "wiki_id": 41215, 
            "wiki_title": "Ground (electricity)"
        }, 
        {
            "annotations": [
                {
                    "begin": 1455, 
                    "end": 1460, 
                    "score": 0.1961703896522522, 
                    "spot": "Iraqi"
                }
            ], 
            "wiki_id": 7515928, 
            "wiki_title": "Iraq"
        }, 
        {
            "annotations": [
                {
                    "begin": 275, 
                    "end": 280, 
                    "score": 0.17671091854572296, 
                    "spot": "5 a.m"
                }
            ], 
            "wiki_id": 41042666, 
            "wiki_title": "5 AM"
        }, 
        {
            "annotations": [
                {
                    "begin": 1419, 
                    "end": 1429, 
                    "score": 0.09423919022083282, 
                    "spot": "patrolling"
                }
            ], 
            "wiki_id": 576232, 
            "wiki_title": "Patrolling"
        }, 
        {
            "annotations": [
                {
                    "begin": 481, 
                    "end": 485, 
                    "score": 0.1535726934671402, 
                    "spot": "Capt"
                }
            ], 
            "wiki_id": 9320815, 
            "wiki_title": "Captain (armed forces)"
        }, 
        {
            "annotations": [
                {
                    "begin": 3123, 
                    "end": 3130, 
                    "score": 0.06774072349071503, 
                    "spot": "concern"
                }
            ], 
            "wiki_id": 4080078, 
            "wiki_title": "Worry"
        }, 
        {
            "annotations": [
                {
                    "begin": 1585, 
                    "end": 1593, 
                    "score": 0.0014270424144342542, 
                    "spot": "So there"
                }
            ], 
            "wiki_id": 47298399, 
            "wiki_title": "So There (Ben Folds album)"
        }, 
        {
            "annotations": [
                {
                    "begin": 3065, 
                    "end": 3071, 
                    "score": 0.13137342035770416, 
                    "spot": "people"
                }
            ], 
            "wiki_id": 219599, 
            "wiki_title": "Person"
        }, 
        {
            "annotations": [
                {
                    "begin": 204, 
                    "end": 211, 
                    "score": 0.040841955691576004, 
                    "spot": "regular"
                }
            ], 
            "wiki_id": 4887, 
            "wiki_title": "British Army"
        }, 
        {
            "annotations": [
                {
                    "begin": 1864, 
                    "end": 1869, 
                    "score": 0.09553884714841843, 
                    "spot": "hours"
                }
            ], 
            "wiki_id": 3326435, 
            "wiki_title": "The Hours (film)"
        }, 
        {
            "annotations": [
                {
                    "begin": 282, 
                    "end": 285, 
                    "score": 0.4326993525028229, 
                    "spot": "EDT"
                }
            ], 
            "wiki_id": 496028, 
            "wiki_title": "Eastern Time Zone"
        }, 
        {
            "annotations": [
                {
                    "begin": 2217, 
                    "end": 2221, 
                    "score": 0.1441282033920288, 
                    "spot": "crew"
                }
            ], 
            "wiki_id": 6801, 
            "wiki_title": "Crew"
        }, 
        {
            "annotations": [
                {
                    "begin": 1356, 
                    "end": 1379, 
                    "score": 0.4920964241027832, 
                    "spot": "reconnaissance aircraft"
                }
            ], 
            "wiki_id": 46818, 
            "wiki_title": "Surveillance aircraft"
        }, 
        {
            "annotations": [
                {
                    "begin": 846, 
                    "end": 859, 
                    "score": 0.380952388048172, 
                    "spot": "Pete Williams"
                }
            ], 
            "wiki_id": 9501164, 
            "wiki_title": "Pete Williams (fighter)"
        }, 
        {
            "annotations": [
                {
                    "begin": 1001, 
                    "end": 1011, 
                    "score": 0.02565525472164154, 
                    "spot": "suspension"
                }
            ], 
            "wiki_id": 4737947, 
            "wiki_title": "Suspension (punishment)"
        }, 
        {
            "annotations": [
                {
                    "begin": 2483, 
                    "end": 2492, 
                    "score": 0.005822981242090464, 
                    "spot": "eight men"
                }
            ], 
            "wiki_id": 3513038, 
            "wiki_title": "Eight Men"
        }, 
        {
            "annotations": [
                {
                    "begin": 1847, 
                    "end": 1853, 
                    "score": 0.12508779764175415, 
                    "spot": "number"
                }, 
                {
                    "begin": 2708, 
                    "end": 2714, 
                    "score": 0.0007761751185171306, 
                    "spot": "number"
                }
            ], 
            "wiki_id": 21690, 
            "wiki_title": "Number"
        }, 
        {
            "annotations": [
                {
                    "begin": 2625, 
                    "end": 2634, 
                    "score": 0.08998773992061615, 
                    "spot": "accidents"
                }
            ], 
            "wiki_id": 963688, 
            "wiki_title": "Train wreck"
        }, 
        {
            "annotations": [
                {
                    "begin": 2011, 
                    "end": 2022, 
                    "score": 0.0011272545671090484, 
                    "spot": "deployments"
                }
            ], 
            "wiki_id": 3758871, 
            "wiki_title": "Military deployment"
        }, 
        {
            "annotations": [
                {
                    "begin": 179, 
                    "end": 188, 
                    "score": 0.031584691256284714, 
                    "spot": "Air Force"
                }, 
                {
                    "begin": 570, 
                    "end": 579, 
                    "score": 0.031584691256284714, 
                    "spot": "Air Force"
                }
            ], 
            "wiki_id": 5099468, 
            "wiki_title": "Air Force Falcons football"
        }, 
        {
            "annotations": [
                {
                    "begin": 884, 
                    "end": 892, 
                    "score": 0.19052398204803467, 
                    "spot": "aircraft"
                }, 
                {
                    "begin": 1232, 
                    "end": 1240, 
                    "score": 0.22514908015727997, 
                    "spot": "Aircraft"
                }, 
                {
                    "begin": 1398, 
                    "end": 1404, 
                    "score": 0.27519840002059937, 
                    "spot": "planes"
                }, 
                {
                    "begin": 1798, 
                    "end": 1806, 
                    "score": 0.1873956024646759, 
                    "spot": "aircraft"
                }, 
                {
                    "begin": 3156, 
                    "end": 3164, 
                    "score": 0.061083823442459106, 
                    "spot": "aircraft"
                }, 
                {
                    "begin": 3477, 
                    "end": 3485, 
                    "score": 0.1439225673675537, 
                    "spot": "aircraft"
                }
            ], 
            "wiki_id": 849, 
            "wiki_title": "Aircraft"
        }, 
        {
            "annotations": [
                {
                    "begin": 950, 
                    "end": 959, 
                    "score": 0.17655256390571594, 
                    "spot": "this week"
                }
            ], 
            "wiki_id": 1139893, 
            "wiki_title": "BBC News"
        }, 
        {
            "annotations": [
                {
                    "begin": 2851, 
                    "end": 2857, 
                    "score": 0.056014955043792725, 
                    "spot": "record"
                }
            ], 
            "wiki_id": 2650423, 
            "wiki_title": "The Record (Bergen County)"
        }, 
        {
            "annotations": [
                {
                    "begin": 1825, 
                    "end": 1836, 
                    "score": 0.12765048444271088, 
                    "spot": "information"
                }
            ], 
            "wiki_id": 18985062, 
            "wiki_title": "Information"
        }, 
        {
            "annotations": [
                {
                    "begin": 418, 
                    "end": 427, 
                    "score": 0.08670006692409515, 
                    "spot": "in flight"
                }, 
                {
                    "begin": 1381, 
                    "end": 1390, 
                    "score": 0.3848975896835327, 
                    "spot": "refueling"
                }, 
                {
                    "begin": 1391, 
                    "end": 1397, 
                    "score": 0.4563547968864441, 
                    "spot": "tanker"
                }
            ], 
            "wiki_id": 237949, 
            "wiki_title": "Aerial refueling"
        }, 
        {
            "annotations": [
                {
                    "begin": 1917, 
                    "end": 1926, 
                    "score": 0.15095080435276031, 
                    "spot": "disclosed"
                }
            ], 
            "wiki_id": 7485, 
            "wiki_title": "Corporation"
        }, 
        {
            "annotations": [
                {
                    "begin": 3047, 
                    "end": 3052, 
                    "score": 0.0019739822018891573, 
                    "spot": "think"
                }
            ], 
            "wiki_id": 11015325, 
            "wiki_title": "Think (About It)"
        }, 
        {
            "annotations": [
                {
                    "begin": 9, 
                    "end": 18, 
                    "score": 0.330552339553833, 
                    "spot": "Air Force"
                }
            ], 
            "wiki_id": 43956143, 
            "wiki_title": "Air force"
        }, 
        {
            "annotations": [
                {
                    "begin": 2287, 
                    "end": 2296, 
                    "score": 0.031584691256284714, 
                    "spot": "Air Force"
                }
            ], 
            "wiki_id": 5437598, 
            "wiki_title": "Air Force (film)"
        }, 
        {
            "annotations": [
                {
                    "begin": 1121, 
                    "end": 1130, 
                    "score": 0.052551526576280594, 
                    "spot": "awareness"
                }
            ], 
            "wiki_id": 1866009, 
            "wiki_title": "Environmentalism"
        }, 
        {
            "annotations": [
                {
                    "begin": 720, 
                    "end": 730, 
                    "score": 0.0005362282390706241, 
                    "spot": "identified"
                }
            ], 
            "wiki_id": 1449016, 
            "wiki_title": "Interpretatio graeca"
        }, 
        {
            "annotations": [
                {
                    "begin": 2613, 
                    "end": 2622, 
                    "score": 0.15426480770111084, 
                    "spot": "this week"
                }
            ], 
            "wiki_id": 1718235, 
            "wiki_title": "This Week (ABC TV series)"
        }, 
        {
            "annotations": [
                {
                    "begin": 1210, 
                    "end": 1213, 
                    "score": 0.2745509147644043, 
                    "spot": "fly"
                }, 
                {
                    "begin": 1545, 
                    "end": 1551, 
                    "score": 0.08112473040819168, 
                    "spot": "flight"
                }, 
                {
                    "begin": 2915, 
                    "end": 2921, 
                    "score": 0.1046278327703476, 
                    "spot": "flying"
                }
            ], 
            "wiki_id": 159472, 
            "wiki_title": "Flight"
        }, 
        {
            "annotations": [
                {
                    "begin": 1093, 
                    "end": 1099, 
                    "score": 0.15074390172958374, 
                    "spot": "pilots"
                }, 
                {
                    "begin": 2249, 
                    "end": 2255, 
                    "score": 0.08621563017368317, 
                    "spot": "pilots"
                }
            ], 
            "wiki_id": 66691, 
            "wiki_title": "Pilot (aeronautics)"
        }, 
        {
            "annotations": [
                {
                    "begin": 3432, 
                    "end": 3441, 
                    "score": 0.06308613717556, 
                    "spot": "equipment"
                }
            ], 
            "wiki_id": 27468, 
            "wiki_title": "Military of Switzerland"
        }, 
        {
            "annotations": [
                {
                    "begin": 3546, 
                    "end": 3554, 
                    "score": 0.1241559237241745, 
                    "spot": "Williams"
                }
            ], 
            "wiki_id": 870373, 
            "wiki_title": "WMS Industries"
        }, 
        {
            "annotations": [
                {
                    "begin": 2094, 
                    "end": 2098, 
                    "score": 0.01914932020008564, 
                    "spot": "rose"
                }
            ], 
            "wiki_id": 5028331, 
            "wiki_title": "The Rose (soundtrack)"
        }, 
        {
            "annotations": [
                {
                    "begin": 3039, 
                    "end": 3043, 
                    "score": 0.003307982115074992, 
                    "spot": "area"
                }
            ], 
            "wiki_id": 296341, 
            "wiki_title": "Suffragan bishop"
        }, 
        {
            "annotations": [
                {
                    "begin": 2385, 
                    "end": 2394, 
                    "score": 0.7909836173057556, 
                    "spot": "UH-1 Huey"
                }, 
                {
                    "begin": 2390, 
                    "end": 2406, 
                    "score": 0.5266666412353516, 
                    "spot": "Huey helicopters"
                }, 
                {
                    "begin": 3342, 
                    "end": 3351, 
                    "score": 0.7909836173057556, 
                    "spot": "UH-1 Huey"
                }, 
                {
                    "begin": 3347, 
                    "end": 3363, 
                    "score": 0.5266666412353516, 
                    "spot": "Huey helicopters"
                }
            ], 
            "wiki_id": 38008, 
            "wiki_title": "Bell UH-1 Iroquois"
        }, 
        {
            "annotations": [
                {
                    "begin": 2646, 
                    "end": 2648, 
                    "score": 0.17312388122081757, 
                    "spot": "re"
                }
            ], 
            "wiki_id": 269769, 
            "wiki_title": "Royal Engineers"
        }, 
        {
            "annotations": [
                {
                    "begin": 246, 
                    "end": 254, 
                    "score": 0.009437070228159428, 
                    "spot": "Thursday"
                }
            ], 
            "wiki_id": 7634921, 
            "wiki_title": "Thursday Night Football"
        }, 
        {
            "annotations": [
                {
                    "begin": 1168, 
                    "end": 1173, 
                    "score": 0.005174510180950165, 
                    "spot": "order"
                }
            ], 
            "wiki_id": 153237, 
            "wiki_title": "Court order"
        }, 
        {
            "annotations": [
                {
                    "begin": 1244, 
                    "end": 1255, 
                    "score": 0.22081200778484344, 
                    "spot": "operational"
                }
            ], 
            "wiki_id": 1436399, 
            "wiki_title": "Operational level of war"
        }, 
        {
            "annotations": [
                {
                    "begin": 1905, 
                    "end": 1909, 
                    "score": 0.1699749380350113, 
                    "spot": "will"
                }
            ], 
            "wiki_id": 77697, 
            "wiki_title": "Will and testament"
        }, 
        {
            "annotations": [
                {
                    "begin": 2766, 
                    "end": 2772, 
                    "score": 0.00854902807623148, 
                    "spot": "period"
                }
            ], 
            "wiki_id": 1376711, 
            "wiki_title": "Historical period drama"
        }, 
        {
            "annotations": [
                {
                    "begin": 2126, 
                    "end": 2135, 
                    "score": 0.0978933721780777, 
                    "spot": "Air Force"
                }
            ], 
            "wiki_id": 25679, 
            "wiki_title": "Royal Air Force"
        }, 
        {
            "annotations": [
                {
                    "begin": 2844, 
                    "end": 2850, 
                    "score": 0.08205648511648178, 
                    "spot": "safety"
                }
            ], 
            "wiki_id": 4222539, 
            "wiki_title": "Nuclear safety and security"
        }, 
        {
            "annotations": [
                {
                    "begin": 351, 
                    "end": 363, 
                    "score": 0.8435552716255188, 
                    "spot": "Persian\nGulf"
                }, 
                {
                    "begin": 359, 
                    "end": 370, 
                    "score": 0.22276589274406433, 
                    "spot": "Gulf region"
                }, 
                {
                    "begin": 1107, 
                    "end": 1111, 
                    "score": 0.11273223906755447, 
                    "spot": "gulf"
                }, 
                {
                    "begin": 3208, 
                    "end": 3212, 
                    "score": 0.22658316791057587, 
                    "spot": "gulf"
                }, 
                {
                    "begin": 3208, 
                    "end": 3217, 
                    "score": 0.33062443137168884, 
                    "spot": "gulf area"
                }, 
                {
                    "begin": 3535, 
                    "end": 3539, 
                    "score": 0.26420891284942627, 
                    "spot": "gulf"
                }, 
                {
                    "begin": 3535, 
                    "end": 3544, 
                    "score": 0.33106160163879395, 
                    "spot": "gulf area"
                }
            ], 
            "wiki_id": 24761, 
            "wiki_title": "Persian Gulf"
        }, 
        {
            "annotations": [
                {
                    "begin": 292, 
                    "end": 299, 
                    "score": 0.04712243750691414, 
                    "spot": "flights"
                }
            ], 
            "wiki_id": 1942, 
            "wiki_title": "Airline"
        }, 
        {
            "annotations": [
                {
                    "begin": 1294, 
                    "end": 1300, 
                    "score": 0.03658599779009819, 
                    "spot": "Miguel"
                }
            ], 
            "wiki_id": 970710, 
            "wiki_title": "Miguel Ferrer"
        }, 
        {
            "annotations": [
                {
                    "begin": 3423, 
                    "end": 3431, 
                    "score": 0.0020815986208617687, 
                    "spot": "ferrying"
                }
            ], 
            "wiki_id": 3175598, 
            "wiki_title": "Ferry flying"
        }, 
        {
            "annotations": [
                {
                    "begin": 982, 
                    "end": 990, 
                    "score": 0.01236046850681305, 
                    "spot": "ordinary"
                }
            ], 
            "wiki_id": 32742753, 
            "wiki_title": "Ordinary differential equation"
        }, 
        {
            "annotations": [
                {
                    "begin": 3146, 
                    "end": 3154, 
                    "score": 0.040462426841259, 
                    "spot": "Five U.S"
                }
            ], 
            "wiki_id": 5448852, 
            "wiki_title": "5USA"
        }, 
        {
            "annotations": [
                {
                    "begin": 3561, 
                    "end": 3568, 
                    "score": 0.002037852071225643, 
                    "spot": "Fifteen"
                }
            ], 
            "wiki_id": 947170, 
            "wiki_title": "Administrative divisions of the Republic of Karelia"
        }, 
        {
            "annotations": [
                {
                    "begin": 3087, 
                    "end": 3091, 
                    "score": 0.11102912575006485, 
                    "spot": "well"
                }
            ], 
            "wiki_id": 15105978, 
            "wiki_title": "Water well"
        }, 
        {
            "annotations": [
                {
                    "begin": 1984, 
                    "end": 1988, 
                    "score": 0.08089093863964081, 
                    "spot": "rate"
                }
            ], 
            "wiki_id": 304942, 
            "wiki_title": "Heart rate"
        }, 
        {
            "annotations": [
                {
                    "begin": 112, 
                    "end": 120, 
                    "score": 0.15561272203922272, 
                    "spot": "grounded"
                }
            ], 
            "wiki_id": 14396096, 
            "wiki_title": "Ship grounding"
        }
    ]
}