{
    "tagme": [
        {
            "annotations": [
                {
                    "begin": 1463, 
                    "end": 1469, 
                    "score": 0.24347099661827087, 
                    "spot": "Canada"
                }
            ], 
            "wiki_id": 5042916, 
            "wiki_title": "Canada"
        }, 
        {
            "annotations": [
                {
                    "begin": 144, 
                    "end": 150, 
                    "score": 0.0008905743015930057, 
                    "spot": "So far"
                }
            ], 
            "wiki_id": 1077851, 
            "wiki_title": "So Far (interactive fiction)"
        }, 
        {
            "annotations": [
                {
                    "begin": 1741, 
                    "end": 1747, 
                    "score": 0.1888836771249771, 
                    "spot": "trends"
                }
            ], 
            "wiki_id": 477060, 
            "wiki_title": "Linear trend estimation"
        }, 
        {
            "annotations": [
                {
                    "begin": 603, 
                    "end": 610, 
                    "score": 0.10382184386253357, 
                    "spot": "records"
                }
            ], 
            "wiki_id": 161228, 
            "wiki_title": "Document"
        }, 
        {
            "annotations": [
                {
                    "begin": 1454, 
                    "end": 1457, 
                    "score": 0.14180953800678253, 
                    "spot": "air"
                }
            ], 
            "wiki_id": 202898, 
            "wiki_title": "Atmosphere of Earth"
        }, 
        {
            "annotations": [
                {
                    "begin": 3009, 
                    "end": 3014, 
                    "score": 0.2456834763288498, 
                    "spot": "Texas"
                }
            ], 
            "wiki_id": 29810, 
            "wiki_title": "Texas"
        }, 
        {
            "annotations": [
                {
                    "begin": 3024, 
                    "end": 3030, 
                    "score": 0.0012042984599247575, 
                    "spot": "blamed"
                }
            ], 
            "wiki_id": 319888, 
            "wiki_title": "Blame"
        }, 
        {
            "annotations": [
                {
                    "begin": 108, 
                    "end": 116, 
                    "score": 0.13284185528755188, 
                    "spot": "southern"
                }, 
                {
                    "begin": 2530, 
                    "end": 2535, 
                    "score": 0.20650339126586914, 
                    "spot": "South"
                }
            ], 
            "wiki_id": 179553, 
            "wiki_title": "Southern United States"
        }, 
        {
            "annotations": [
                {
                    "begin": 2216, 
                    "end": 2221, 
                    "score": 0.15073733031749725, 
                    "spot": "1980s"
                }
            ], 
            "wiki_id": 137895, 
            "wiki_title": "1980s in film"
        }, 
        {
            "annotations": [
                {
                    "begin": 1111, 
                    "end": 1117, 
                    "score": 0.2145812213420868, 
                    "spot": "Kansas"
                }, 
                {
                    "begin": 1306, 
                    "end": 1312, 
                    "score": 0.3247460126876831, 
                    "spot": "Kansas"
                }, 
                {
                    "begin": 1793, 
                    "end": 1799, 
                    "score": 0.2598179578781128, 
                    "spot": "Kansas"
                }
            ], 
            "wiki_id": 16716, 
            "wiki_title": "Kansas"
        }, 
        {
            "annotations": [
                {
                    "begin": 1022, 
                    "end": 1027, 
                    "score": 0.001167770242318511, 
                    "spot": "March"
                }
            ], 
            "wiki_id": 997557, 
            "wiki_title": "Master of Architecture"
        }, 
        {
            "annotations": [
                {
                    "begin": 1975, 
                    "end": 1979, 
                    "score": 0.0011882357066497207, 
                    "spot": "five"
                }
            ], 
            "wiki_id": 6412297, 
            "wiki_title": "5 (number)"
        }, 
        {
            "annotations": [
                {
                    "begin": 1139, 
                    "end": 1148, 
                    "score": 0.008537453599274158, 
                    "spot": "strongest"
                }
            ], 
            "wiki_id": 150643, 
            "wiki_title": "Glossary of chess"
        }, 
        {
            "annotations": [
                {
                    "begin": 2812, 
                    "end": 2819, 
                    "score": 0.005170551128685474, 
                    "spot": "missing"
                }
            ], 
            "wiki_id": 106357, 
            "wiki_title": "Missing (film)"
        }, 
        {
            "annotations": [
                {
                    "begin": 3047, 
                    "end": 3053, 
                    "score": 0.03501220420002937, 
                    "spot": "deaths"
                }
            ], 
            "wiki_id": 39120733, 
            "wiki_title": "Boston Marathon bombing"
        }, 
        {
            "annotations": [
                {
                    "begin": 416, 
                    "end": 424, 
                    "score": 0.12809666991233826, 
                    "spot": "Forecast"
                }, 
                {
                    "begin": 564, 
                    "end": 572, 
                    "score": 0.11794842034578323, 
                    "spot": "forecast"
                }, 
                {
                    "begin": 1579, 
                    "end": 1588, 
                    "score": 0.06350810825824738, 
                    "spot": "forecasts"
                }
            ], 
            "wiki_id": 73231, 
            "wiki_title": "Weather forecasting"
        }, 
        {
            "annotations": [
                {
                    "begin": 17, 
                    "end": 29, 
                    "score": 0.0005476451478898525, 
                    "spot": "becoming one"
                }
            ], 
            "wiki_id": 40120430, 
            "wiki_title": "Becoming One"
        }, 
        {
            "annotations": [
                {
                    "begin": 1564, 
                    "end": 1569, 
                    "score": 0.05237097665667534, 
                    "spot": "range"
                }
            ], 
            "wiki_id": 27588, 
            "wiki_title": "Range (statistics)"
        }, 
        {
            "annotations": [
                {
                    "begin": 1804, 
                    "end": 1812, 
                    "score": 0.3641296923160553, 
                    "spot": "Missouri"
                }
            ], 
            "wiki_id": 19571, 
            "wiki_title": "Missouri"
        }, 
        {
            "annotations": [
                {
                    "begin": 194, 
                    "end": 204, 
                    "score": 0.004607993643730879, 
                    "spot": "nationwide"
                }
            ], 
            "wiki_id": 1171784, 
            "wiki_title": "Nationwide Mutual Insurance Company"
        }, 
        {
            "annotations": [
                {
                    "begin": 380, 
                    "end": 385, 
                    "score": 0.0833333358168602, 
                    "spot": "Ostby"
                }, 
                {
                    "begin": 743, 
                    "end": 748, 
                    "score": 0.0833333358168602, 
                    "spot": "Ostby"
                }, 
                {
                    "begin": 1263, 
                    "end": 1268, 
                    "score": 0.0833333358168602, 
                    "spot": "Ostby"
                }, 
                {
                    "begin": 1536, 
                    "end": 1541, 
                    "score": 0.0833333358168602, 
                    "spot": "Ostby"
                }, 
                {
                    "begin": 2266, 
                    "end": 2271, 
                    "score": 0.0833333358168602, 
                    "spot": "Ostby"
                }, 
                {
                    "begin": 2350, 
                    "end": 2355, 
                    "score": 0.0833333358168602, 
                    "spot": "Ostby"
                }
            ], 
            "wiki_id": 33458052, 
            "wiki_title": "Byron C. Ostby"
        }, 
        {
            "annotations": [
                {
                    "begin": 1410, 
                    "end": 1416, 
                    "score": 0.18734994530677795, 
                    "spot": "summer"
                }
            ], 
            "wiki_id": 29392, 
            "wiki_title": "Summer"
        }, 
        {
            "annotations": [
                {
                    "begin": 2059, 
                    "end": 2066, 
                    "score": 0.10604363679885864, 
                    "spot": "warning"
                }
            ], 
            "wiki_id": 275591, 
            "wiki_title": "Tornado warning"
        }, 
        {
            "annotations": [
                {
                    "begin": 1771, 
                    "end": 1778, 
                    "score": 0.25539737939834595, 
                    "spot": "Midwest"
                }
            ], 
            "wiki_id": 104697, 
            "wiki_title": "Midwestern United States"
        }, 
        {
            "annotations": [
                {
                    "begin": 817, 
                    "end": 827, 
                    "score": 0.12739889323711395, 
                    "spot": "persistent"
                }
            ], 
            "wiki_id": 1239514, 
            "wiki_title": "Persistent world"
        }, 
        {
            "annotations": [
                {
                    "begin": 573, 
                    "end": 579, 
                    "score": 0.007024150807410479, 
                    "spot": "center"
                }
            ], 
            "wiki_id": 652569, 
            "wiki_title": "Center (basketball)"
        }, 
        {
            "annotations": [
                {
                    "begin": 1058, 
                    "end": 1062, 
                    "score": 0.19566790759563446, 
                    "spot": "mile"
                }
            ], 
            "wiki_id": 19159, 
            "wiki_title": "Mile"
        }, 
        {
            "annotations": [
                {
                    "begin": 2968, 
                    "end": 2970, 
                    "score": 0.0118547473102808, 
                    "spot": "up"
                }
            ], 
            "wiki_id": 231623, 
            "wiki_title": "Uttar Pradesh"
        }, 
        {
            "annotations": [
                {
                    "begin": 932, 
                    "end": 940, 
                    "score": 0.21836307644844055, 
                    "spot": "southern"
                }
            ], 
            "wiki_id": 261273, 
            "wiki_title": "Southern Hemisphere"
        }, 
        {
            "annotations": [
                {
                    "begin": 278, 
                    "end": 287, 
                    "score": 0.004724409431219101, 
                    "spot": "last year"
                }
            ], 
            "wiki_id": 7353934, 
            "wiki_title": "Last Year (song)"
        }, 
        {
            "annotations": [
                {
                    "begin": 1215, 
                    "end": 1218, 
                    "score": 0.0021652341820299625, 
                    "spot": "saw"
                }
            ], 
            "wiki_id": 192013, 
            "wiki_title": "Saw"
        }, 
        {
            "annotations": [
                {
                    "begin": 2789, 
                    "end": 2794, 
                    "score": 0.0011975424131378531, 
                    "spot": "dozen"
                }
            ], 
            "wiki_id": 208154, 
            "wiki_title": "Dozen"
        }, 
        {
            "annotations": [
                {
                    "begin": 786, 
                    "end": 793, 
                    "score": 0.12300226092338562, 
                    "spot": "barrage"
                }
            ], 
            "wiki_id": 183467, 
            "wiki_title": "Transformers (toy line)"
        }, 
        {
            "annotations": [
                {
                    "begin": 2248, 
                    "end": 2253, 
                    "score": 0.10025955736637115, 
                    "spot": "1970s"
                }
            ], 
            "wiki_id": 193306, 
            "wiki_title": "1970s in film"
        }, 
        {
            "annotations": [
                {
                    "begin": 762, 
                    "end": 769, 
                    "score": 0.00909090880304575, 
                    "spot": "culprit"
                }
            ], 
            "wiki_id": 3919577, 
            "wiki_title": "Culprit"
        }, 
        {
            "annotations": [
                {
                    "begin": 238, 
                    "end": 246, 
                    "score": 0.062091123312711716, 
                    "spot": "recorded"
                }
            ], 
            "wiki_id": 21189305, 
            "wiki_title": "Audio engineer"
        }, 
        {
            "annotations": [
                {
                    "begin": 181, 
                    "end": 193, 
                    "score": 0.0040241447277367115, 
                    "spot": "touched down"
                }, 
                {
                    "begin": 1288, 
                    "end": 1300, 
                    "score": 0.2088293731212616, 
                    "spot": "touched down"
                }
            ], 
            "wiki_id": 9274575, 
            "wiki_title": "2007 Groundhog Day tornado outbreak"
        }, 
        {
            "annotations": [
                {
                    "begin": 794, 
                    "end": 811, 
                    "score": 0.06593406945466995, 
                    "spot": "across the Plains"
                }
            ], 
            "wiki_id": 34509089, 
            "wiki_title": "Across the Plains (1911 film)"
        }, 
        {
            "annotations": [
                {
                    "begin": 2795, 
                    "end": 2801, 
                    "score": 0.01667376048862934, 
                    "spot": "others"
                }
            ], 
            "wiki_id": 234442, 
            "wiki_title": "Cambridge Spy Ring"
        }, 
        {
            "annotations": [
                {
                    "begin": 3181, 
                    "end": 3187, 
                    "score": 0.12105239182710648, 
                    "spot": "damage"
                }
            ], 
            "wiki_id": 8134, 
            "wiki_title": "Damages"
        }, 
        {
            "annotations": [
                {
                    "begin": 2047, 
                    "end": 2050, 
                    "score": 0.057046324014663696, 
                    "spot": "Inc"
                }
            ], 
            "wiki_id": 364022, 
            "wiki_title": "Incumbent"
        }, 
        {
            "annotations": [
                {
                    "begin": 49, 
                    "end": 58, 
                    "score": 0.16798986494541168, 
                    "spot": "on record"
                }, 
                {
                    "begin": 52, 
                    "end": 58, 
                    "score": 0.16960108280181885, 
                    "spot": "record"
                }
            ], 
            "wiki_id": 5799381, 
            "wiki_title": "On Record"
        }, 
        {
            "annotations": [
                {
                    "begin": 941, 
                    "end": 949, 
                    "score": 0.33705267310142517, 
                    "spot": "latitude"
                }, 
                {
                    "begin": 1529, 
                    "end": 1534, 
                    "score": 0.13128454983234406, 
                    "spot": "north"
                }
            ], 
            "wiki_id": 17616, 
            "wiki_title": "Latitude"
        }, 
        {
            "annotations": [
                {
                    "begin": 1914, 
                    "end": 1926, 
                    "score": 0.010570824146270752, 
                    "spot": "this century"
                }
            ], 
            "wiki_id": 30540856, 
            "wiki_title": "This Century"
        }, 
        {
            "annotations": [
                {
                    "begin": 1485, 
                    "end": 1490, 
                    "score": 0.0008523045689798892, 
                    "spot": "moves"
                }
            ], 
            "wiki_id": 20580, 
            "wiki_title": "Motion (physics)"
        }, 
        {
            "annotations": [
                {
                    "begin": 2834, 
                    "end": 2838, 
                    "score": 0.09176862239837646, 
                    "spot": "Pipe"
                }
            ], 
            "wiki_id": 149996, 
            "wiki_title": "Pipe organ"
        }, 
        {
            "annotations": [
                {
                    "begin": 37, 
                    "end": 42, 
                    "score": 0.08399958908557892, 
                    "spot": "worst"
                }
            ], 
            "wiki_id": 26057176, 
            "wiki_title": "The Worst (song)"
        }, 
        {
            "annotations": [
                {
                    "begin": 1223, 
                    "end": 1228, 
                    "score": 0.0009185632225126028, 
                    "spot": "worst"
                }
            ], 
            "wiki_id": 43031240, 
            "wiki_title": "The Worst (Jhen\u00e9 Aiko song)"
        }, 
        {
            "annotations": [
                {
                    "begin": 2316, 
                    "end": 2324, 
                    "score": 0.19877581298351288, 
                    "spot": "warnings"
                }
            ], 
            "wiki_id": 937479, 
            "wiki_title": "Tropical cyclone warnings and watches"
        }, 
        {
            "annotations": [
                {
                    "begin": 713, 
                    "end": 715, 
                    "score": 0.07998728007078171, 
                    "spot": "us"
                }, 
                {
                    "begin": 3170, 
                    "end": 3177, 
                    "score": 0.10987380892038345, 
                    "spot": "dollars"
                }
            ], 
            "wiki_id": 18717338, 
            "wiki_title": "United States dollar"
        }, 
        {
            "annotations": [
                {
                    "begin": 2544, 
                    "end": 2550, 
                    "score": 0.3051803708076477, 
                    "spot": "Plains"
                }
            ], 
            "wiki_id": 51464, 
            "wiki_title": "Great Plains"
        }, 
        {
            "annotations": [
                {
                    "begin": 228, 
                    "end": 237, 
                    "score": 0.031663328409194946, 
                    "spot": "tornadoes"
                }
            ], 
            "wiki_id": 761740, 
            "wiki_title": "The Tornadoes"
        }, 
        {
            "annotations": [
                {
                    "begin": 1080, 
                    "end": 1085, 
                    "score": 0.18623164296150208, 
                    "spot": "winds"
                }
            ], 
            "wiki_id": 14633336, 
            "wiki_title": "Maximum sustained wind"
        }, 
        {
            "annotations": [
                {
                    "begin": 674, 
                    "end": 676, 
                    "score": 0.055359553545713425, 
                    "spot": "We"
                }
            ], 
            "wiki_id": 65758, 
            "wiki_title": "Western (genre)"
        }, 
        {
            "annotations": [
                {
                    "begin": 2700, 
                    "end": 2703, 
                    "score": 0.0007970848819240928, 
                    "spot": "one"
                }
            ], 
            "wiki_id": 19969891, 
            "wiki_title": "One (Australian TV channel)"
        }, 
        {
            "annotations": [
                {
                    "begin": 117, 
                    "end": 125, 
                    "score": 0.07105366885662079, 
                    "spot": "sections"
                }
            ], 
            "wiki_id": 13570, 
            "wiki_title": "Histology"
        }, 
        {
            "annotations": [
                {
                    "begin": 2761, 
                    "end": 2772, 
                    "score": 0.003710575168952346, 
                    "spot": "little hope"
                }
            ], 
            "wiki_id": 31678718, 
            "wiki_title": "Little Hope, Wisconsin"
        }, 
        {
            "annotations": [
                {
                    "begin": 2007, 
                    "end": 2020, 
                    "score": 0.3249678313732147, 
                    "spot": "Michael Smith"
                }
            ], 
            "wiki_id": 178450, 
            "wiki_title": "Michael J. Smith (astronaut)"
        }, 
        {
            "annotations": [
                {
                    "begin": 828, 
                    "end": 838, 
                    "score": 0.05534271523356438, 
                    "spot": "West Coast"
                }
            ], 
            "wiki_id": 174579, 
            "wiki_title": "West Coast of the United States"
        }, 
        {
            "annotations": [
                {
                    "begin": 2740, 
                    "end": 2751, 
                    "score": 0.0008030502940528095, 
                    "spot": "Authorities"
                }
            ], 
            "wiki_id": 60906, 
            "wiki_title": "Socialist Unity Party of Germany"
        }, 
        {
            "annotations": [
                {
                    "begin": 2675, 
                    "end": 2681, 
                    "score": 0.0021803646814078093, 
                    "spot": "Monday"
                }
            ], 
            "wiki_id": 5299650, 
            "wiki_title": "Carl Monday"
        }, 
        {
            "annotations": [
                {
                    "begin": 445, 
                    "end": 451, 
                    "score": 0.0920555368065834, 
                    "spot": "nation"
                }, 
                {
                    "begin": 1160, 
                    "end": 1173, 
                    "score": 0.245705708861351, 
                    "spot": "United States"
                }
            ], 
            "wiki_id": 3434750, 
            "wiki_title": "United States"
        }, 
        {
            "annotations": [
                {
                    "begin": 26, 
                    "end": 29, 
                    "score": 0.08387811481952667, 
                    "spot": "one"
                }
            ], 
            "wiki_id": 2233309, 
            "wiki_title": "One (U2 song)"
        }, 
        {
            "annotations": [
                {
                    "begin": 477, 
                    "end": 482, 
                    "score": 0.05684623122215271, 
                    "spot": "first"
                }
            ], 
            "wiki_id": 27547393, 
            "wiki_title": "For Inspiration and Recognition of Science and Technology"
        }, 
        {
            "annotations": [
                {
                    "begin": 1050, 
                    "end": 1055, 
                    "score": 0.01409090869128704, 
                    "spot": "swath"
                }
            ], 
            "wiki_id": 1187327, 
            "wiki_title": "Small-waterplane-area twin hull"
        }, 
        {
            "annotations": [
                {
                    "begin": 850, 
                    "end": 862, 
                    "score": 0.02131729945540428, 
                    "spot": "low pressure"
                }
            ], 
            "wiki_id": 475199, 
            "wiki_title": "Low-pressure area"
        }, 
        {
            "annotations": [
                {
                    "begin": 1193, 
                    "end": 1198, 
                    "score": 0.0576007217168808, 
                    "spot": "first"
                }
            ], 
            "wiki_id": 31653, 
            "wiki_title": "First Amendment to the United States Constitution"
        }, 
        {
            "annotations": [
                {
                    "begin": 1367, 
                    "end": 1379, 
                    "score": 0.17136701941490173, 
                    "spot": "in the storm"
                }, 
                {
                    "begin": 1374, 
                    "end": 1379, 
                    "score": 0.18443694710731506, 
                    "spot": "storm"
                }
            ], 
            "wiki_id": 13421462, 
            "wiki_title": "In the Storm"
        }, 
        {
            "annotations": [
                {
                    "begin": 594, 
                    "end": 602, 
                    "score": 0.0014925373252481222, 
                    "spot": "reliable"
                }
            ], 
            "wiki_id": 239138, 
            "wiki_title": "Reliability (statistics)"
        }, 
        {
            "annotations": [
                {
                    "begin": 2694, 
                    "end": 2699, 
                    "score": 0.051361292600631714, 
                    "spot": "flood"
                }
            ], 
            "wiki_id": 83781, 
            "wiki_title": "Noah's Ark"
        }, 
        {
            "annotations": [
                {
                    "begin": 1449, 
                    "end": 1453, 
                    "score": 0.19478952884674072, 
                    "spot": "cold"
                }
            ], 
            "wiki_id": 146879, 
            "wiki_title": "Hypothermia"
        }, 
        {
            "annotations": [
                {
                    "begin": 2839, 
                    "end": 2845, 
                    "score": 0.08575459569692612, 
                    "spot": "creeks"
                }
            ], 
            "wiki_id": 18842308, 
            "wiki_title": "Stream"
        }, 
        {
            "annotations": [
                {
                    "begin": 839, 
                    "end": 846, 
                    "score": 0.004375699441879988, 
                    "spot": "pattern"
                }
            ], 
            "wiki_id": 35659147, 
            "wiki_title": "Patterns in nature"
        }, 
        {
            "annotations": [
                {
                    "begin": 991, 
                    "end": 998, 
                    "score": 0.12353663146495819, 
                    "spot": "violent"
                }
            ], 
            "wiki_id": 165206, 
            "wiki_title": "Fujita scale"
        }, 
        {
            "annotations": [
                {
                    "begin": 1947, 
                    "end": 1959, 
                    "score": 0.10354002565145493, 
                    "spot": "concentrated"
                }
            ], 
            "wiki_id": 7512, 
            "wiki_title": "Concentration"
        }, 
        {
            "annotations": [
                {
                    "begin": 2628, 
                    "end": 2640, 
                    "score": 0.06652360409498215, 
                    "spot": "flash floods"
                }
            ], 
            "wiki_id": 244391, 
            "wiki_title": "Flash flood"
        }, 
        {
            "annotations": [
                {
                    "begin": 1334, 
                    "end": 1338, 
                    "score": 0.0753544494509697, 
                    "spot": "nine"
                }
            ], 
            "wiki_id": 3119157, 
            "wiki_title": "Nine (musical)"
        }, 
        {
            "annotations": [
                {
                    "begin": 1570, 
                    "end": 1578, 
                    "score": 0.1226397305727005, 
                    "spot": "computer"
                }, 
                {
                    "begin": 2404, 
                    "end": 2413, 
                    "score": 0.09369739890098572, 
                    "spot": "computers"
                }
            ], 
            "wiki_id": 7878457, 
            "wiki_title": "Computer"
        }, 
        {
            "annotations": [
                {
                    "begin": 1339, 
                    "end": 1345, 
                    "score": 0.1281316876411438, 
                    "spot": "people"
                }
            ], 
            "wiki_id": 507970, 
            "wiki_title": "People (magazine)"
        }, 
        {
            "annotations": [
                {
                    "begin": 1883, 
                    "end": 1888, 
                    "score": 0.08985639363527298, 
                    "spot": "study"
                }
            ], 
            "wiki_id": 801777, 
            "wiki_title": "Study (room)"
        }, 
        {
            "annotations": [
                {
                    "begin": 1442, 
                    "end": 1444, 
                    "score": 0.1469564139842987, 
                    "spot": "up"
                }
            ], 
            "wiki_id": 32117, 
            "wiki_title": "Upper Peninsula of Michigan"
        }, 
        {
            "annotations": [
                {
                    "begin": 870, 
                    "end": 886, 
                    "score": 0.3776824474334717, 
                    "spot": "upper\natmosphere"
                }, 
                {
                    "begin": 1681, 
                    "end": 1697, 
                    "score": 0.05983412265777588, 
                    "spot": "upper atmosphere"
                }
            ], 
            "wiki_id": 8421395, 
            "wiki_title": "Near space"
        }, 
        {
            "annotations": [
                {
                    "begin": 1346, 
                    "end": 1350, 
                    "score": 0.14019964635372162, 
                    "spot": "dead"
                }, 
                {
                    "begin": 2136, 
                    "end": 2142, 
                    "score": 0.1032048687338829, 
                    "spot": "deaths"
                }, 
                {
                    "begin": 2600, 
                    "end": 2605, 
                    "score": 0.07444626837968826, 
                    "spot": "death"
                }
            ], 
            "wiki_id": 8221, 
            "wiki_title": "Death"
        }, 
        {
            "annotations": [
                {
                    "begin": 918, 
                    "end": 926, 
                    "score": 0.04261274263262749, 
                    "spot": "anchored"
                }
            ], 
            "wiki_id": 3484891, 
            "wiki_title": "Anchor store"
        }, 
        {
            "annotations": [
                {
                    "begin": 97, 
                    "end": 103, 
                    "score": 0.12365896254777908, 
                    "spot": "middle"
                }
            ], 
            "wiki_id": 251534, 
            "wiki_title": "Middle class"
        }, 
        {
            "annotations": [
                {
                    "begin": 1724, 
                    "end": 1729, 
                    "score": 0.16338686645030975, 
                    "spot": "study"
                }
            ], 
            "wiki_id": 59861, 
            "wiki_title": "Experiment"
        }, 
        {
            "annotations": [
                {
                    "begin": 2896, 
                    "end": 2900, 
                    "score": 0.10588035732507706, 
                    "spot": "rain"
                }
            ], 
            "wiki_id": 19009110, 
            "wiki_title": "Rain"
        }, 
        {
            "annotations": [
                {
                    "begin": 409, 
                    "end": 415, 
                    "score": 0.18254125118255615, 
                    "spot": "Storms"
                }, 
                {
                    "begin": 2080, 
                    "end": 2086, 
                    "score": 0.16197605431079865, 
                    "spot": "storms"
                }
            ], 
            "wiki_id": 130312, 
            "wiki_title": "Storm"
        }, 
        {
            "annotations": [
                {
                    "begin": 1398, 
                    "end": 1402, 
                    "score": 0.05092468112707138, 
                    "spot": "hand"
                }
            ], 
            "wiki_id": 19166474, 
            "wiki_title": "Hand"
        }, 
        {
            "annotations": [
                {
                    "begin": 504, 
                    "end": 507, 
                    "score": 0.03888092190027237, 
                    "spot": "one"
                }
            ], 
            "wiki_id": 995724, 
            "wiki_title": "One (Metallica song)"
        }, 
        {
            "annotations": [
                {
                    "begin": 2628, 
                    "end": 2633, 
                    "score": 0.1423681378364563, 
                    "spot": "flash"
                }
            ], 
            "wiki_id": 41844524, 
            "wiki_title": "The Flash (2014 TV series)"
        }, 
        {
            "annotations": [
                {
                    "begin": 3146, 
                    "end": 3154, 
                    "score": 0.09356087446212769, 
                    "spot": "hundreds"
                }
            ], 
            "wiki_id": 357346, 
            "wiki_title": "Hundred (county division)"
        }, 
        {
            "annotations": [
                {
                    "begin": 2616, 
                    "end": 2625, 
                    "score": 0.07213690876960754, 
                    "spot": "last week"
                }
            ], 
            "wiki_id": 41923028, 
            "wiki_title": "Last Week Tonight with John Oliver"
        }, 
        {
            "annotations": [
                {
                    "begin": 618, 
                    "end": 624, 
                    "score": 0.21411433815956116, 
                    "spot": "storms"
                }, 
                {
                    "begin": 966, 
                    "end": 972, 
                    "score": 0.21433483064174652, 
                    "spot": "storms"
                }, 
                {
                    "begin": 2864, 
                    "end": 2870, 
                    "score": 0.0695282518863678, 
                    "spot": "storms"
                }
            ], 
            "wiki_id": 70807, 
            "wiki_title": "Thunderstorm"
        }, 
        {
            "annotations": [
                {
                    "begin": 330, 
                    "end": 338, 
                    "score": 0.01129300519824028, 
                    "spot": "recorded"
                }
            ], 
            "wiki_id": 2417230, 
            "wiki_title": "Sound recording and reproduction"
        }, 
        {
            "annotations": [
                {
                    "begin": 2644, 
                    "end": 2659, 
                    "score": 0.5, 
                    "spot": "Shadyside, Ohio"
                }
            ], 
            "wiki_id": 128947, 
            "wiki_title": "Shadyside, Ohio"
        }, 
        {
            "annotations": [
                {
                    "begin": 1380, 
                    "end": 1387, 
                    "score": 0.08437586575746536, 
                    "spot": "pattern"
                }
            ], 
            "wiki_id": 68351, 
            "wiki_title": "Pattern"
        }, 
        {
            "annotations": [
                {
                    "begin": 1152, 
                    "end": 1155, 
                    "score": 0.04667653143405914, 
                    "spot": "hit"
                }
            ], 
            "wiki_id": 2402033, 
            "wiki_title": "Hit record"
        }, 
        {
            "annotations": [
                {
                    "begin": 2463, 
                    "end": 2467, 
                    "score": 0.22440911829471588, 
                    "spot": "data"
                }
            ], 
            "wiki_id": 18985040, 
            "wiki_title": "Data"
        }, 
        {
            "annotations": [
                {
                    "begin": 2978, 
                    "end": 2987, 
                    "score": 0.04575075954198837, 
                    "spot": "officials"
                }
            ], 
            "wiki_id": 234989, 
            "wiki_title": "Northwest Territory"
        }, 
        {
            "annotations": [
                {
                    "begin": 1388, 
                    "end": 1391, 
                    "score": 0.08053984493017197, 
                    "spot": "may"
                }
            ], 
            "wiki_id": 252200, 
            "wiki_title": "Rollo May"
        }, 
        {
            "annotations": [
                {
                    "begin": 1470, 
                    "end": 1478, 
                    "score": 0.02101413905620575, 
                    "spot": "retreats"
                }
            ], 
            "wiki_id": 70707, 
            "wiki_title": "Retreat (spiritual)"
        }, 
        {
            "annotations": [
                {
                    "begin": 1593, 
                    "end": 1603, 
                    "score": 0.11748438328504562, 
                    "spot": "suggestive"
                }
            ], 
            "wiki_id": 600805, 
            "wiki_title": "Innuendo"
        }, 
        {
            "annotations": [
                {
                    "begin": 1044, 
                    "end": 1047, 
                    "score": 0.0376456119120121, 
                    "spot": "cut"
                }
            ], 
            "wiki_id": 338154, 
            "wiki_title": "Wound"
        }, 
        {
            "annotations": [
                {
                    "begin": 2425, 
                    "end": 2439, 
                    "score": 0.23727478086948395, 
                    "spot": "meteorologists"
                }
            ], 
            "wiki_id": 19904, 
            "wiki_title": "Meteorology"
        }, 
        {
            "annotations": [
                {
                    "begin": 3087, 
                    "end": 3093, 
                    "score": 0.08179260045289993, 
                    "spot": "people"
                }
            ], 
            "wiki_id": 219599, 
            "wiki_title": "Person"
        }, 
        {
            "annotations": [
                {
                    "begin": 2229, 
                    "end": 2235, 
                    "score": 0.0009024727623909712, 
                    "spot": "deaths"
                }
            ], 
            "wiki_id": 4786934, 
            "wiki_title": "Death of Diana, Princess of Wales"
        }, 
        {
            "annotations": [
                {
                    "begin": 12, 
                    "end": 16, 
                    "score": 0.003421207657083869, 
                    "spot": "fast"
                }
            ], 
            "wiki_id": 1511936, 
            "wiki_title": "Sawm"
        }, 
        {
            "annotations": [
                {
                    "begin": 907, 
                    "end": 917, 
                    "score": 0.38461539149284363, 
                    "spot": "jet stream"
                }, 
                {
                    "begin": 1511, 
                    "end": 1521, 
                    "score": 0.5479367971420288, 
                    "spot": "jet stream"
                }
            ], 
            "wiki_id": 16472, 
            "wiki_title": "Jet stream"
        }, 
        {
            "annotations": [
                {
                    "begin": 2606, 
                    "end": 2610, 
                    "score": 0.08947640657424927, 
                    "spot": "toll"
                }
            ], 
            "wiki_id": 15503306, 
            "wiki_title": "Funeral toll"
        }, 
        {
            "annotations": [
                {
                    "begin": 1818, 
                    "end": 1825, 
                    "score": 0.06855256855487823, 
                    "spot": "heading"
                }
            ], 
            "wiki_id": 21854, 
            "wiki_title": "Navigation"
        }, 
        {
            "annotations": [
                {
                    "begin": 724, 
                    "end": 733, 
                    "score": 0.0015723269898444414, 
                    "spot": "those two"
                }
            ], 
            "wiki_id": 42942943, 
            "wiki_title": "Those Two"
        }, 
        {
            "annotations": [
                {
                    "begin": 2949, 
                    "end": 2955, 
                    "score": 0.12023709714412689, 
                    "spot": "houses"
                }
            ], 
            "wiki_id": 13590, 
            "wiki_title": "House"
        }, 
        {
            "annotations": [
                {
                    "begin": 2752, 
                    "end": 2760, 
                    "score": 0.0011778563493862748, 
                    "spot": "held out"
                }
            ], 
            "wiki_id": 2134964, 
            "wiki_title": "Japanese holdout"
        }, 
        {
            "annotations": [
                {
                    "begin": 1842, 
                    "end": 1848, 
                    "score": 0.11926543712615967, 
                    "spot": "period"
                }, 
                {
                    "begin": 1993, 
                    "end": 2000, 
                    "score": 0.001085359719581902, 
                    "spot": "periods"
                }
            ], 
            "wiki_id": 10779, 
            "wiki_title": "Frequency"
        }, 
        {
            "annotations": [
                {
                    "begin": 716, 
                    "end": 718, 
                    "score": 0.026948541402816772, 
                    "spot": "up"
                }
            ], 
            "wiki_id": 11659396, 
            "wiki_title": "Up (2009 film)"
        }, 
        {
            "annotations": [
                {
                    "begin": 2716, 
                    "end": 2722, 
                    "score": 0.0019709672778844833, 
                    "spot": "deadly"
                }
            ], 
            "wiki_id": 30102473, 
            "wiki_title": "Deadly (UK TV series)"
        }, 
        {
            "annotations": [
                {
                    "begin": 425, 
                    "end": 431, 
                    "score": 0.007024150807410479, 
                    "spot": "Center"
                }
            ], 
            "wiki_id": 39619035, 
            "wiki_title": "Centrism"
        }, 
        {
            "annotations": [
                {
                    "begin": 1431, 
                    "end": 1435, 
                    "score": 0.17497599124908447, 
                    "spot": "land"
                }
            ], 
            "wiki_id": 45383, 
            "wiki_title": "Ecoregion"
        }, 
        {
            "annotations": [
                {
                    "begin": 1093, 
                    "end": 1096, 
                    "score": 0.19869349896907806, 
                    "spot": "mph"
                }
            ], 
            "wiki_id": 182283, 
            "wiki_title": "Miles per hour"
        }, 
        {
            "annotations": [
                {
                    "begin": 2886, 
                    "end": 2892, 
                    "score": 0.18575860559940338, 
                    "spot": "inches"
                }
            ], 
            "wiki_id": 2319766, 
            "wiki_title": "Inch of mercury"
        }, 
        {
            "annotations": [
                {
                    "begin": 2222, 
                    "end": 2225, 
                    "score": 0.16442018747329712, 
                    "spot": "saw"
                }
            ], 
            "wiki_id": 1025150, 
            "wiki_title": "Saw (2004 film)"
        }, 
        {
            "annotations": [
                {
                    "begin": 2876, 
                    "end": 2882, 
                    "score": 0.0035507380962371826, 
                    "spot": "dumped"
                }
            ], 
            "wiki_id": 2538288, 
            "wiki_title": "Dumped"
        }, 
        {
            "annotations": [
                {
                    "begin": 1199, 
                    "end": 1206, 
                    "score": 0.041917283087968826, 
                    "spot": "weekend"
                }
            ], 
            "wiki_id": 2016347, 
            "wiki_title": "Workweek and weekend"
        }, 
        {
            "annotations": [
                {
                    "begin": 432, 
                    "end": 436, 
                    "score": 0.08569124341011047, 
                    "spot": "here"
                }
            ], 
            "wiki_id": 11697550, 
            "wiki_title": "Alabama Register of Landmarks and Heritage"
        }, 
        {
            "annotations": [
                {
                    "begin": 2960, 
                    "end": 2967, 
                    "score": 0.001345502445474267, 
                    "spot": "damaged"
                }
            ], 
            "wiki_id": 148054, 
            "wiki_title": "Damaged (Black Flag album)"
        }, 
        {
            "annotations": [
                {
                    "begin": 77, 
                    "end": 85, 
                    "score": 0.2342509776353836, 
                    "spot": "flooding"
                }, 
                {
                    "begin": 2514, 
                    "end": 2522, 
                    "score": 0.12864002585411072, 
                    "spot": "Flooding"
                }, 
                {
                    "begin": 2918, 
                    "end": 2924, 
                    "score": 0.23072309792041779, 
                    "spot": "floods"
                }, 
                {
                    "begin": 2997, 
                    "end": 3005, 
                    "score": 0.12708529829978943, 
                    "spot": "Flooding"
                }
            ], 
            "wiki_id": 50482, 
            "wiki_title": "Flood"
        }, 
        {
            "annotations": [
                {
                    "begin": 778, 
                    "end": 785, 
                    "score": 0.23698578774929047, 
                    "spot": "tornado"
                }
            ], 
            "wiki_id": 168682, 
            "wiki_title": "Panavia Tornado"
        }, 
        {
            "annotations": [
                {
                    "begin": 1637, 
                    "end": 1649, 
                    "score": 0.002610966097563505, 
                    "spot": "readjustment"
                }
            ], 
            "wiki_id": 1412031, 
            "wiki_title": "Readjuster Party"
        }, 
        {
            "annotations": [
                {
                    "begin": 393, 
                    "end": 431, 
                    "score": 0.31578946113586426, 
                    "spot": "National Severe Storms Forecast Center"
                }
            ], 
            "wiki_id": 536249, 
            "wiki_title": "Storm Prediction Center"
        }, 
        {
            "annotations": [
                {
                    "begin": 258, 
                    "end": 267, 
                    "score": 0.0007713073864579201, 
                    "spot": "first six"
                }, 
                {
                    "begin": 477, 
                    "end": 486, 
                    "score": 0.0007713073864579201, 
                    "spot": "first six"
                }
            ], 
            "wiki_id": 14889416, 
            "wiki_title": "Insane Clown Posse discography"
        }, 
        {
            "annotations": [
                {
                    "begin": 2768, 
                    "end": 2772, 
                    "score": 0.011082452721893787, 
                    "spot": "hope"
                }
            ], 
            "wiki_id": 50020, 
            "wiki_title": "Hope"
        }, 
        {
            "annotations": [
                {
                    "begin": 1031, 
                    "end": 1038, 
                    "score": 0.2686636447906494, 
                    "spot": "tornado"
                }
            ], 
            "wiki_id": 196241, 
            "wiki_title": "Tornado (sailboat)"
        }, 
        {
            "annotations": [
                {
                    "begin": 2487, 
                    "end": 2495, 
                    "score": 0.11286972463130951, 
                    "spot": "readings"
                }
            ], 
            "wiki_id": 18581264, 
            "wiki_title": "Reading (process)"
        }, 
        {
            "annotations": [
                {
                    "begin": 63, 
                    "end": 72, 
                    "score": 0.18996316194534302, 
                    "spot": "tornadoes"
                }, 
                {
                    "begin": 166, 
                    "end": 175, 
                    "score": 0.18484684824943542, 
                    "spot": "tornadoes"
                }, 
                {
                    "begin": 320, 
                    "end": 329, 
                    "score": 0.14362630248069763, 
                    "spot": "tornadoes"
                }, 
                {
                    "begin": 460, 
                    "end": 469, 
                    "score": 0.1145021989941597, 
                    "spot": "tornadoes"
                }, 
                {
                    "begin": 533, 
                    "end": 542, 
                    "score": 0.19007833302021027, 
                    "spot": "tornadoes"
                }, 
                {
                    "begin": 641, 
                    "end": 650, 
                    "score": 0.20686350762844086, 
                    "spot": "tornadoes"
                }, 
                {
                    "begin": 1123, 
                    "end": 1130, 
                    "score": 0.251361608505249, 
                    "spot": "tornado"
                }, 
                {
                    "begin": 1241, 
                    "end": 1250, 
                    "score": 0.031663328409194946, 
                    "spot": "tornadoes"
                }, 
                {
                    "begin": 1278, 
                    "end": 1287, 
                    "score": 0.18484684824943542, 
                    "spot": "tornadoes"
                }, 
                {
                    "begin": 1733, 
                    "end": 1740, 
                    "score": 0.3037619888782501, 
                    "spot": "tornado"
                }, 
                {
                    "begin": 1865, 
                    "end": 1874, 
                    "score": 0.15075251460075378, 
                    "spot": "tornadoes"
                }, 
                {
                    "begin": 2144, 
                    "end": 2153, 
                    "score": 0.2724264860153198, 
                    "spot": "Tornadoes"
                }, 
                {
                    "begin": 2582, 
                    "end": 2591, 
                    "score": 0.2707635760307312, 
                    "spot": "tornadoes"
                }
            ], 
            "wiki_id": 37530, 
            "wiki_title": "Tornado"
        }, 
        {
            "annotations": [
                {
                    "begin": 3158, 
                    "end": 3166, 
                    "score": 0.15312804281711578, 
                    "spot": "millions"
                }
            ], 
            "wiki_id": 1045999, 
            "wiki_title": "Million"
        }, 
        {
            "annotations": [
                {
                    "begin": 2300, 
                    "end": 2307, 
                    "score": 0.13793759047985077, 
                    "spot": "watches"
                }
            ], 
            "wiki_id": 955390, 
            "wiki_title": "Flood alert"
        }, 
        {
            "annotations": [
                {
                    "begin": 133, 
                    "end": 139, 
                    "score": 0.10179383307695389, 
                    "spot": "nation"
                }
            ], 
            "wiki_id": 21754, 
            "wiki_title": "Nation"
        }, 
        {
            "annotations": [
                {
                    "begin": 2925, 
                    "end": 2934, 
                    "score": 0.15221808850765228, 
                    "spot": "destroyed"
                }
            ], 
            "wiki_id": 8103, 
            "wiki_title": "Deforestation"
        }, 
        {
            "annotations": [
                {
                    "begin": 3133, 
                    "end": 3138, 
                    "score": 0.19952726364135742, 
                    "spot": "water"
                }
            ], 
            "wiki_id": 198725, 
            "wiki_title": "Drinking water"
        }, 
        {
            "annotations": [
                {
                    "begin": 305, 
                    "end": 312, 
                    "score": 0.08845670521259308, 
                    "spot": "average"
                }, 
                {
                    "begin": 2196, 
                    "end": 2203, 
                    "score": 0.04677214100956917, 
                    "spot": "average"
                }
            ], 
            "wiki_id": 33274, 
            "wiki_title": "Weighted arithmetic mean"
        }, 
        {
            "annotations": [
                {
                    "begin": 1361, 
                    "end": 1369, 
                    "score": 0.0017069701571017504, 
                    "spot": "break in"
                }
            ], 
            "wiki_id": 170717, 
            "wiki_title": "Burglary"
        }, 
        {
            "annotations": [
                {
                    "begin": 2022, 
                    "end": 2031, 
                    "score": 0.16171836853027344, 
                    "spot": "president"
                }
            ], 
            "wiki_id": 24110, 
            "wiki_title": "President"
        }, 
        {
            "annotations": [
                {
                    "begin": 1627, 
                    "end": 1631, 
                    "score": 0.08727367222309113, 
                    "spot": "kind"
                }
            ], 
            "wiki_id": 246043, 
            "wiki_title": "Kindness"
        }, 
        {
            "annotations": [
                {
                    "begin": 258, 
                    "end": 263, 
                    "score": 0.012143861502408981, 
                    "spot": "first"
                }
            ], 
            "wiki_id": 28163575, 
            "wiki_title": "Solomon's Temple"
        }, 
        {
            "annotations": [
                {
                    "begin": 1963, 
                    "end": 1970, 
                    "score": 0.10453733056783676, 
                    "spot": "regions"
                }
            ], 
            "wiki_id": 28896, 
            "wiki_title": "Scotch whisky"
        }, 
        {
            "annotations": [
                {
                    "begin": 1003, 
                    "end": 1014, 
                    "score": 0.0010094823082908988, 
                    "spot": "illustrated"
                }
            ], 
            "wiki_id": 92310, 
            "wiki_title": "Illuminated manuscript"
        }, 
        {
            "annotations": [
                {
                    "begin": 2802, 
                    "end": 2808, 
                    "score": 0.020680997520685196, 
                    "spot": "listed"
                }
            ], 
            "wiki_id": 202009, 
            "wiki_title": "Listed building"
        }, 
        {
            "annotations": [
                {
                    "begin": 2907, 
                    "end": 2912, 
                    "score": 0.0015500003937631845, 
                    "spot": "hours"
                }
            ], 
            "wiki_id": 80513, 
            "wiki_title": "Horae"
        }, 
        {
            "annotations": [
                {
                    "begin": 2477, 
                    "end": 2486, 
                    "score": 0.23804229497909546, 
                    "spot": "satellite"
                }
            ], 
            "wiki_id": 27683, 
            "wiki_title": "Satellite"
        }, 
        {
            "annotations": [
                {
                    "begin": 1316, 
                    "end": 1324, 
                    "score": 0.3516448140144348, 
                    "spot": "Kentucky"
                }
            ], 
            "wiki_id": 16846, 
            "wiki_title": "Kentucky"
        }, 
        {
            "annotations": [
                {
                    "begin": 2621, 
                    "end": 2625, 
                    "score": 0.054595477879047394, 
                    "spot": "week"
                }
            ], 
            "wiki_id": 2627062, 
            "wiki_title": "The Week"
        }, 
        {
            "annotations": [
                {
                    "begin": 693, 
                    "end": 697, 
                    "score": 0.0434039905667305, 
                    "spot": "pace"
                }
            ], 
            "wiki_id": 1160038, 
            "wiki_title": "Pace (transit)"
        }, 
        {
            "annotations": [
                {
                    "begin": 370, 
                    "end": 379, 
                    "score": 0.11287229508161545, 
                    "spot": "Frederick"
                }
            ], 
            "wiki_id": 130628, 
            "wiki_title": "Frederick, Oklahoma"
        }, 
        {
            "annotations": [
                {
                    "begin": 2616, 
                    "end": 2620, 
                    "score": 0.0010033606085926294, 
                    "spot": "last"
                }
            ], 
            "wiki_id": 39078347, 
            "wiki_title": "Peter R. Last"
        }, 
        {
            "annotations": [
                {
                    "begin": 1229, 
                    "end": 1237, 
                    "score": 0.006742738652974367, 
                    "spot": "outburst"
                }
            ], 
            "wiki_id": 3924445, 
            "wiki_title": "Outburst (game)"
        }, 
        {
            "annotations": [
                {
                    "begin": 1650, 
                    "end": 1659, 
                    "score": 0.0010877648601308465, 
                    "spot": "beginning"
                }
            ], 
            "wiki_id": 28949805, 
            "wiki_title": "The Beginning (The Black Eyed Peas album)"
        }, 
        {
            "annotations": [
                {
                    "begin": 3128, 
                    "end": 3138, 
                    "score": 0.12225642055273056, 
                    "spot": "high water"
                }
            ], 
            "wiki_id": 30718, 
            "wiki_title": "Tide"
        }, 
        {
            "annotations": [
                {
                    "begin": 206, 
                    "end": 210, 
                    "score": 0.022929903119802475, 
                    "spot": "well"
                }
            ], 
            "wiki_id": 15105978, 
            "wiki_title": "Water well"
        }, 
        {
            "annotations": [
                {
                    "begin": 1495, 
                    "end": 1503, 
                    "score": 0.06008017063140869, 
                    "spot": "boundary"
                }
            ], 
            "wiki_id": 630260, 
            "wiki_title": "Canada\u2013United States border"
        }, 
        {
            "annotations": [
                {
                    "begin": 2661, 
                    "end": 2665, 
                    "score": 0.01914932020008564, 
                    "spot": "rose"
                }
            ], 
            "wiki_id": 334276, 
            "wiki_title": "Rose Bowl Game"
        }, 
        {
            "annotations": [
                {
                    "begin": 156, 
                    "end": 165, 
                    "score": 0.1666666716337204, 
                    "spot": "year, 726"
                }
            ], 
            "wiki_id": 36402, 
            "wiki_title": null
        }, 
        {
            "annotations": [
                {
                    "begin": 1102, 
                    "end": 1107, 
                    "score": 0.11858450621366501, 
                    "spot": "field"
                }
            ], 
            "wiki_id": 968099, 
            "wiki_title": "Baseball field"
        }
    ]
}