{
    "tagme": [
        {
            "annotations": [
                {
                    "begin": 1819, 
                    "end": 1827, 
                    "score": 0.10878526419401169, 
                    "spot": "thanking"
                }
            ], 
            "wiki_id": 1180710, 
            "wiki_title": "Gratitude"
        }, 
        {
            "annotations": [
                {
                    "begin": 344, 
                    "end": 348, 
                    "score": 0.05752260982990265, 
                    "spot": "Miss"
                }, 
                {
                    "begin": 883, 
                    "end": 887, 
                    "score": 0.09150749444961548, 
                    "spot": "Miss"
                }, 
                {
                    "begin": 1798, 
                    "end": 1802, 
                    "score": 0.11117833852767944, 
                    "spot": "Miss"
                }
            ], 
            "wiki_id": 16949861, 
            "wiki_title": "Mississippi"
        }, 
        {
            "annotations": [
                {
                    "begin": 167, 
                    "end": 183, 
                    "score": 0.06386861205101013, 
                    "spot": "out of\nthe woods"
                }, 
                {
                    "begin": 1598, 
                    "end": 1614, 
                    "score": 0.06386861205101013, 
                    "spot": "out of the woods"
                }
            ], 
            "wiki_id": 44107684, 
            "wiki_title": "Out of the Woods (song)"
        }, 
        {
            "annotations": [
                {
                    "begin": 51, 
                    "end": 55, 
                    "score": 0.05516828969120979, 
                    "spot": "bout"
                }
            ], 
            "wiki_id": 4243, 
            "wiki_title": "Boxing"
        }, 
        {
            "annotations": [
                {
                    "begin": 359, 
                    "end": 368, 
                    "score": 0.2068733274936676, 
                    "spot": "St. Johns"
                }
            ], 
            "wiki_id": 14896292, 
            "wiki_title": "St. John's Shopping Centre"
        }, 
        {
            "annotations": [
                {
                    "begin": 1444, 
                    "end": 1451, 
                    "score": 0.0035668679047375917, 
                    "spot": "denying"
                }
            ], 
            "wiki_id": 1631852, 
            "wiki_title": "Denial"
        }, 
        {
            "annotations": [
                {
                    "begin": 1785, 
                    "end": 1794, 
                    "score": 0.04573445022106171, 
                    "spot": "statement"
                }
            ], 
            "wiki_id": 304097, 
            "wiki_title": "Press release"
        }, 
        {
            "annotations": [
                {
                    "begin": 1171, 
                    "end": 1182, 
                    "score": 0.3500460684299469, 
                    "spot": "painkillers"
                }
            ], 
            "wiki_id": 2246, 
            "wiki_title": "Analgesic"
        }, 
        {
            "annotations": [
                {
                    "begin": 523, 
                    "end": 530, 
                    "score": 0.17573745548725128, 
                    "spot": "smiling"
                }
            ], 
            "wiki_id": 187557, 
            "wiki_title": "Smile"
        }, 
        {
            "annotations": [
                {
                    "begin": 444, 
                    "end": 449, 
                    "score": 0.09983763843774796, 
                    "spot": "taken"
                }
            ], 
            "wiki_id": 169376, 
            "wiki_title": "Kidnapping"
        }, 
        {
            "annotations": [
                {
                    "begin": 675, 
                    "end": 678, 
                    "score": 0.0017872207099571824, 
                    "spot": "you"
                }
            ], 
            "wiki_id": 8944898, 
            "wiki_title": "The Mail on Sunday"
        }, 
        {
            "annotations": [
                {
                    "begin": 1265, 
                    "end": 1271, 
                    "score": 0.07803525775671005, 
                    "spot": "rumors"
                }
            ], 
            "wiki_id": 254054, 
            "wiki_title": "Rumor"
        }, 
        {
            "annotations": [
                {
                    "begin": 1028, 
                    "end": 1039, 
                    "score": 0.41370558738708496, 
                    "spot": "tracheotomy"
                }
            ], 
            "wiki_id": 286403, 
            "wiki_title": "Tracheotomy"
        }, 
        {
            "annotations": [
                {
                    "begin": 219, 
                    "end": 223, 
                    "score": 0.0029312733095139265, 
                    "spot": "life"
                }
            ], 
            "wiki_id": 11231581, 
            "wiki_title": "Life (NBC TV series)"
        }, 
        {
            "annotations": [
                {
                    "begin": 592, 
                    "end": 598, 
                    "score": 0.10501541197299957, 
                    "spot": "Murray"
                }
            ], 
            "wiki_id": 96729, 
            "wiki_title": "Murray County, Georgia"
        }, 
        {
            "annotations": [
                {
                    "begin": 1007, 
                    "end": 1010, 
                    "score": 0.1378219723701477, 
                    "spot": "She"
                }
            ], 
            "wiki_id": 4967070, 
            "wiki_title": "She (1965 film)"
        }, 
        {
            "annotations": [
                {
                    "begin": 1152, 
                    "end": 1166, 
                    "score": 0.37847796082496643, 
                    "spot": "sleeping pills"
                }
            ], 
            "wiki_id": 14269, 
            "wiki_title": "Hypnotic"
        }, 
        {
            "annotations": [
                {
                    "begin": 1537, 
                    "end": 1551, 
                    "score": 0.05686773359775543, 
                    "spot": "intensive care"
                }
            ], 
            "wiki_id": 299014, 
            "wiki_title": "Intensive care medicine"
        }, 
        {
            "annotations": [
                {
                    "begin": 761, 
                    "end": 772, 
                    "score": 0.14389821887016296, 
                    "spot": "camera crew"
                }
            ], 
            "wiki_id": 10827, 
            "wiki_title": "Film crew"
        }, 
        {
            "annotations": [
                {
                    "begin": 768, 
                    "end": 780, 
                    "score": 0.0011712489649653435, 
                    "spot": "crew members"
                }
            ], 
            "wiki_id": 1600248, 
            "wiki_title": "Crewman"
        }, 
        {
            "annotations": [
                {
                    "begin": 349, 
                    "end": 355, 
                    "score": 0.12039467692375183, 
                    "spot": "Taylor"
                }
            ], 
            "wiki_id": 75111, 
            "wiki_title": "Taylor County, Florida"
        }, 
        {
            "annotations": [
                {
                    "begin": 654, 
                    "end": 662, 
                    "score": 0.010317952372133732, 
                    "spot": "come out"
                }
            ], 
            "wiki_id": 71537, 
            "wiki_title": "Coming out"
        }, 
        {
            "annotations": [
                {
                    "begin": 622, 
                    "end": 632, 
                    "score": 0.0066252886317670345, 
                    "spot": "specialist"
                }
            ], 
            "wiki_id": 3172179, 
            "wiki_title": "Specialty (medicine)"
        }, 
        {
            "annotations": [
                {
                    "begin": 1705, 
                    "end": 1709, 
                    "score": 0.1537318080663681, 
                    "spot": "Liza"
                }
            ], 
            "wiki_id": 59216, 
            "wiki_title": "Liza Minnelli"
        }, 
        {
            "annotations": [
                {
                    "begin": 369, 
                    "end": 377, 
                    "score": 0.24925348162651062, 
                    "spot": "Hospital"
                }, 
                {
                    "begin": 834, 
                    "end": 842, 
                    "score": 0.12784041464328766, 
                    "spot": "hospital"
                }, 
                {
                    "begin": 1765, 
                    "end": 1773, 
                    "score": 0.03176295384764671, 
                    "spot": "hospital"
                }
            ], 
            "wiki_id": 18994221, 
            "wiki_title": "Hospital"
        }, 
        {
            "annotations": [
                {
                    "begin": 432, 
                    "end": 439, 
                    "score": 0.09503258764743805, 
                    "spot": "actress"
                }, 
                {
                    "begin": 1405, 
                    "end": 1412, 
                    "score": 0.11036944389343262, 
                    "spot": "actress"
                }, 
                {
                    "begin": 1488, 
                    "end": 1495, 
                    "score": 0.10471463948488235, 
                    "spot": "actress"
                }
            ], 
            "wiki_id": 21504235, 
            "wiki_title": "Actor"
        }, 
        {
            "annotations": [
                {
                    "begin": 1278, 
                    "end": 1282, 
                    "score": 0.2582636773586273, 
                    "spot": "AIDS"
                }, 
                {
                    "begin": 1393, 
                    "end": 1397, 
                    "score": 0.2545930743217468, 
                    "spot": "AIDS"
                }, 
                {
                    "begin": 1460, 
                    "end": 1464, 
                    "score": 0.2205684781074524, 
                    "spot": "AIDS"
                }
            ], 
            "wiki_id": 5069516, 
            "wiki_title": "HIV/AIDS"
        }, 
        {
            "annotations": [
                {
                    "begin": 231, 
                    "end": 239, 
                    "score": 0.17497119307518005, 
                    "spot": "jeopardy"
                }
            ], 
            "wiki_id": 6463748, 
            "wiki_title": "Jeopardy (song)"
        }, 
        {
            "annotations": [
                {
                    "begin": 1192, 
                    "end": 1198, 
                    "score": 0.10410233587026596, 
                    "spot": "weight"
                }
            ], 
            "wiki_id": 537663, 
            "wiki_title": "Human body weight"
        }, 
        {
            "annotations": [
                {
                    "begin": 919, 
                    "end": 923, 
                    "score": 0.000545203045476228, 
                    "spot": "back"
                }
            ], 
            "wiki_id": 295079, 
            "wiki_title": "Running back"
        }, 
        {
            "annotations": [
                {
                    "begin": 967, 
                    "end": 974, 
                    "score": 0.034581203013658524, 
                    "spot": "filming"
                }
            ], 
            "wiki_id": 377453, 
            "wiki_title": "Camera operator"
        }, 
        {
            "annotations": [
                {
                    "begin": 1516, 
                    "end": 1523, 
                    "score": 0.0005812110612168908, 
                    "spot": "April 9"
                }
            ], 
            "wiki_id": 1644856, 
            "wiki_title": "April 9 (Eastern Orthodox liturgics)"
        }, 
        {
            "annotations": [
                {
                    "begin": 843, 
                    "end": 852, 
                    "score": 0.08354947715997696, 
                    "spot": "courtyard"
                }
            ], 
            "wiki_id": 83942, 
            "wiki_title": "Courtyard"
        }, 
        {
            "annotations": [
                {
                    "begin": 4, 
                    "end": 20, 
                    "score": 0.597362756729126, 
                    "spot": "Elizabeth Taylor"
                }
            ], 
            "wiki_id": 42357, 
            "wiki_title": "Elizabeth Taylor"
        }, 
        {
            "annotations": [
                {
                    "begin": 924, 
                    "end": 932, 
                    "score": 0.060873743146657944, 
                    "spot": "troubles"
                }
            ], 
            "wiki_id": 30770, 
            "wiki_title": "The Troubles"
        }, 
        {
            "annotations": [
                {
                    "begin": 382, 
                    "end": 395, 
                    "score": 0.13110709190368652, 
                    "spot": "Health\nCenter"
                }
            ], 
            "wiki_id": 30048845, 
            "wiki_title": "Community health center"
        }, 
        {
            "annotations": [
                {
                    "begin": 558, 
                    "end": 562, 
                    "score": 0.05413971096277237, 
                    "spot": "tube"
                }
            ], 
            "wiki_id": 310315, 
            "wiki_title": "The Tube (TV series)"
        }, 
        {
            "annotations": [
                {
                    "begin": 939, 
                    "end": 942, 
                    "score": 0.0006853084196336567, 
                    "spot": "she"
                }
            ], 
            "wiki_id": 1666894, 
            "wiki_title": "She language"
        }, 
        {
            "annotations": [
                {
                    "begin": 488, 
                    "end": 497, 
                    "score": 0.26113003492355347, 
                    "spot": "breathing"
                }
            ], 
            "wiki_id": 20903424, 
            "wiki_title": "Breathing"
        }, 
        {
            "annotations": [
                {
                    "begin": 1837, 
                    "end": 1844, 
                    "score": 0.17257696390151978, 
                    "spot": "friends"
                }
            ], 
            "wiki_id": 17157119, 
            "wiki_title": "Friendship"
        }, 
        {
            "annotations": [
                {
                    "begin": 856, 
                    "end": 860, 
                    "score": 0.04088018462061882, 
                    "spot": "hear"
                }
            ], 
            "wiki_id": 21282020, 
            "wiki_title": "Hearing"
        }, 
        {
            "annotations": [
                {
                    "begin": 306, 
                    "end": 315, 
                    "score": 0.05036630108952522, 
                    "spot": "Weintraub"
                }, 
                {
                    "begin": 1304, 
                    "end": 1313, 
                    "score": 0.10055361688137054, 
                    "spot": "Weintraub"
                }, 
                {
                    "begin": 1469, 
                    "end": 1478, 
                    "score": 0.12129455804824829, 
                    "spot": "Weintraub"
                }
            ], 
            "wiki_id": 1992770, 
            "wiki_title": "Jerry Weintraub"
        }, 
        {
            "annotations": [
                {
                    "begin": 1376, 
                    "end": 1384, 
                    "score": 0.044267114251852036, 
                    "spot": "commonly"
                }
            ], 
            "wiki_id": 331921, 
            "wiki_title": "Common name"
        }, 
        {
            "annotations": [
                {
                    "begin": 812, 
                    "end": 821, 
                    "score": 0.06869756430387497, 
                    "spot": "employees"
                }
            ], 
            "wiki_id": 314993, 
            "wiki_title": "Employment"
        }, 
        {
            "annotations": [
                {
                    "begin": 548, 
                    "end": 553, 
                    "score": 0.09878797084093094, 
                    "spot": "happy"
                }
            ], 
            "wiki_id": 169409, 
            "wiki_title": "Happiness"
        }, 
        {
            "annotations": [
                {
                    "begin": 1089, 
                    "end": 1095, 
                    "score": 0.11304888874292374, 
                    "spot": "killed"
                }
            ], 
            "wiki_id": 8221, 
            "wiki_title": "Death"
        }, 
        {
            "annotations": [
                {
                    "begin": 888, 
                    "end": 894, 
                    "score": 0.14999818801879883, 
                    "spot": "Taylor"
                }, 
                {
                    "begin": 1803, 
                    "end": 1809, 
                    "score": 0.22363854944705963, 
                    "spot": "Taylor"
                }
            ], 
            "wiki_id": 19729624, 
            "wiki_title": "Zachary Taylor"
        }, 
        {
            "annotations": [
                {
                    "begin": 163, 
                    "end": 170, 
                    "score": 0.20638875663280487, 
                    "spot": "not out"
                }, 
                {
                    "begin": 1594, 
                    "end": 1601, 
                    "score": 0.20638875663280487, 
                    "spot": "not out"
                }
            ], 
            "wiki_id": 2430357, 
            "wiki_title": "Not out"
        }, 
        {
            "annotations": [
                {
                    "begin": 382, 
                    "end": 388, 
                    "score": 0.24456650018692017, 
                    "spot": "Health"
                }
            ], 
            "wiki_id": 80381, 
            "wiki_title": "Health"
        }, 
        {
            "annotations": [
                {
                    "begin": 1558, 
                    "end": 1561, 
                    "score": 0.0006853084196336567, 
                    "spot": "She"
                }, 
                {
                    "begin": 1587, 
                    "end": 1590, 
                    "score": 0.0006853084196336567, 
                    "spot": "She"
                }
            ], 
            "wiki_id": 706580, 
            "wiki_title": "S.H.E"
        }, 
        {
            "annotations": [
                {
                    "begin": 249, 
                    "end": 256, 
                    "score": 0.004210360813885927, 
                    "spot": "weekend"
                }
            ], 
            "wiki_id": 18702827, 
            "wiki_title": "Weekend (Earth and Fire song)"
        }, 
        {
            "annotations": [
                {
                    "begin": 603, 
                    "end": 621, 
                    "score": 0.7212139964103699, 
                    "spot": "infectious disease"
                }, 
                {
                    "begin": 603, 
                    "end": 632, 
                    "score": 0.6176470518112183, 
                    "spot": "infectious disease specialist"
                }, 
                {
                    "begin": 1365, 
                    "end": 1375, 
                    "score": 0.13706007599830627, 
                    "spot": "infections"
                }
            ], 
            "wiki_id": 37220, 
            "wiki_title": "Infection"
        }, 
        {
            "annotations": [
                {
                    "begin": 579, 
                    "end": 581, 
                    "score": 0.047622356563806534, 
                    "spot": "Dr"
                }
            ], 
            "wiki_id": 464751, 
            "wiki_title": "Honorary degree"
        }, 
        {
            "annotations": [
                {
                    "begin": 335, 
                    "end": 343, 
                    "score": 0.0011418889043852687, 
                    "spot": "treating"
                }
            ], 
            "wiki_id": 13311819, 
            "wiki_title": "Therapy"
        }, 
        {
            "annotations": [
                {
                    "begin": 1653, 
                    "end": 1661, 
                    "score": 0.11766967922449112, 
                    "spot": "children"
                }
            ], 
            "wiki_id": 128987, 
            "wiki_title": "Child"
        }, 
        {
            "annotations": [
                {
                    "begin": 943, 
                    "end": 947, 
                    "score": 0.09948369115591049, 
                    "spot": "fell"
                }
            ], 
            "wiki_id": 1849135, 
            "wiki_title": "Fell pony"
        }, 
        {
            "annotations": [
                {
                    "begin": 761, 
                    "end": 767, 
                    "score": 0.13730421662330627, 
                    "spot": "camera"
                }
            ], 
            "wiki_id": 472645, 
            "wiki_title": "Video camera"
        }, 
        {
            "annotations": [
                {
                    "begin": 1673, 
                    "end": 1682, 
                    "score": 0.11923571676015854, 
                    "spot": "marriages"
                }
            ], 
            "wiki_id": 32893, 
            "wiki_title": "Wedding"
        }, 
        {
            "annotations": [
                {
                    "begin": 61, 
                    "end": 70, 
                    "score": 0.4069195091724396, 
                    "spot": "pneumonia"
                }, 
                {
                    "begin": 1059, 
                    "end": 1068, 
                    "score": 0.33531320095062256, 
                    "spot": "pneumonia"
                }
            ], 
            "wiki_id": 52135, 
            "wiki_title": "Pneumonia"
        }, 
        {
            "annotations": [
                {
                    "begin": 583, 
                    "end": 591, 
                    "score": 0.0355580672621727, 
                    "spot": "Patricia"
                }
            ], 
            "wiki_id": 425385, 
            "wiki_title": "Patricia Churchland"
        }, 
        {
            "annotations": [
                {
                    "begin": 639, 
                    "end": 647, 
                    "score": 0.00160633132327348, 
                    "spot": "She said"
                }
            ], 
            "wiki_id": 26449392, 
            "wiki_title": "She Said"
        }, 
        {
            "annotations": [
                {
                    "begin": 1334, 
                    "end": 1344, 
                    "score": 0.05015202611684799, 
                    "spot": "suggestion"
                }
            ], 
            "wiki_id": 2481523, 
            "wiki_title": "Suggestion"
        }, 
        {
            "annotations": [
                {
                    "begin": 667, 
                    "end": 671, 
                    "score": 0.011749429628252983, 
                    "spot": "wave"
                }
            ], 
            "wiki_id": 34062, 
            "wiki_title": "WAV"
        }, 
        {
            "annotations": [
                {
                    "begin": 1855, 
                    "end": 1860, 
                    "score": 0.16329094767570496, 
                    "spot": "cards"
                }
            ], 
            "wiki_id": 23083, 
            "wiki_title": "Playing card"
        }, 
        {
            "annotations": [
                {
                    "begin": 823, 
                    "end": 829, 
                    "score": 0.08778295665979385, 
                    "spot": "jammed"
                }
            ], 
            "wiki_id": 1838227, 
            "wiki_title": "Radio jamming"
        }, 
        {
            "annotations": [
                {
                    "begin": 1355, 
                    "end": 1361, 
                    "score": 0.2520700991153717, 
                    "spot": "cancer"
                }
            ], 
            "wiki_id": 105219, 
            "wiki_title": "Cancer"
        }, 
        {
            "annotations": [
                {
                    "begin": 294, 
                    "end": 296, 
                    "score": 0.0036201344337314367, 
                    "spot": "Dr"
                }
            ], 
            "wiki_id": 21031297, 
            "wiki_title": "Doctor of Philosophy"
        }, 
        {
            "annotations": [
                {
                    "begin": 1208, 
                    "end": 1219, 
                    "score": 0.0031746032182127237, 
                    "spot": "up and down"
                }
            ], 
            "wiki_id": 2613464, 
            "wiki_title": "Up and Down (song)"
        }, 
        {
            "annotations": [
                {
                    "begin": 114, 
                    "end": 121, 
                    "score": 0.12007531523704529, 
                    "spot": "balcony"
                }, 
                {
                    "begin": 700, 
                    "end": 707, 
                    "score": 0.10916447639465332, 
                    "spot": "balcony"
                }
            ], 
            "wiki_id": 172080, 
            "wiki_title": "Balcony"
        }, 
        {
            "annotations": [
                {
                    "begin": 1741, 
                    "end": 1756, 
                    "score": 0.7067283391952515, 
                    "spot": "Michael Wilding"
                }
            ], 
            "wiki_id": 502289, 
            "wiki_title": "Michael Wilding (actor)"
        }, 
        {
            "annotations": [
                {
                    "begin": 802, 
                    "end": 811, 
                    "score": 0.07010848075151443, 
                    "spot": "St. Johns"
                }
            ], 
            "wiki_id": 128382, 
            "wiki_title": "St John's College, Oxford"
        }, 
        {
            "annotations": [
                {
                    "begin": 187, 
                    "end": 194, 
                    "score": 0.0351860485970974, 
                    "spot": "doctors"
                }, 
                {
                    "begin": 722, 
                    "end": 728, 
                    "score": 0.10258015245199203, 
                    "spot": "doctor"
                }
            ], 
            "wiki_id": 23315, 
            "wiki_title": "Physician"
        }, 
        {
            "annotations": [
                {
                    "begin": 988, 
                    "end": 1003, 
                    "score": 0.5, 
                    "spot": "National Velvet"
                }
            ], 
            "wiki_id": 4766483, 
            "wiki_title": "National Velvet (film)"
        }, 
        {
            "annotations": [
                {
                    "begin": 1047, 
                    "end": 1053, 
                    "score": 0.16789336502552032, 
                    "spot": "a bout"
                }, 
                {
                    "begin": 1049, 
                    "end": 1053, 
                    "score": 0.16826236248016357, 
                    "spot": "bout"
                }
            ], 
            "wiki_id": 43196773, 
            "wiki_title": "A-bout!"
        }, 
        {
            "annotations": [
                {
                    "begin": 567, 
                    "end": 570, 
                    "score": 0.0005023122066631913, 
                    "spot": "out"
                }
            ], 
            "wiki_id": 165794, 
            "wiki_title": "In &amp; Out (film)"
        }, 
        {
            "annotations": [
                {
                    "begin": 1497, 
                    "end": 1509, 
                    "score": 0.00798818003386259, 
                    "spot": "hospitalized"
                }
            ], 
            "wiki_id": 38722, 
            "wiki_title": "Psychiatric hospital"
        }, 
        {
            "annotations": [
                {
                    "begin": 195, 
                    "end": 206, 
                    "score": 0.0046345810405910015, 
                    "spot": "say.\n   ``I"
                }
            ], 
            "wiki_id": 5138744, 
            "wiki_title": "Say I"
        }, 
        {
            "annotations": [
                {
                    "begin": 458, 
                    "end": 468, 
                    "score": 0.22171708941459656, 
                    "spot": "ventilator"
                }
            ], 
            "wiki_id": 261803, 
            "wiki_title": "Medical ventilator"
        }, 
        {
            "annotations": [
                {
                    "begin": 319, 
                    "end": 334, 
                    "score": 0.3618336617946625, 
                    "spot": "lung\nspecialist"
                }
            ], 
            "wiki_id": 585383, 
            "wiki_title": "Pulmonology"
        }, 
        {
            "annotations": [
                {
                    "begin": 1254, 
                    "end": 1264, 
                    "score": 0.0024826640728861094, 
                    "spot": "persistent"
                }
            ], 
            "wiki_id": 6025550, 
            "wiki_title": "Persistence (computer science)"
        }, 
        {
            "annotations": [
                {
                    "begin": 298, 
                    "end": 305, 
                    "score": 0.011053347960114479, 
                    "spot": "Bernard"
                }
            ], 
            "wiki_id": 201448, 
            "wiki_title": "The Rescuers"
        }, 
        {
            "annotations": [
                {
                    "begin": 683, 
                    "end": 692, 
                    "score": 0.0007633587811142206, 
                    "spot": "she's not"
                }
            ], 
            "wiki_id": 30429942, 
            "wiki_title": "Get Your Legs Broke"
        }, 
        {
            "annotations": [
                {
                    "begin": 280, 
                    "end": 283, 
                    "score": 0.0009024579776450992, 
                    "spot": "now"
                }
            ], 
            "wiki_id": 4469269, 
            "wiki_title": "From Now On (album)"
        }, 
        {
            "annotations": [
                {
                    "begin": 402, 
                    "end": 411, 
                    "score": 0.060384709388017654, 
                    "spot": "Wednesday"
                }
            ], 
            "wiki_id": 19076629, 
            "wiki_title": "A Wednesday!"
        }, 
        {
            "annotations": [
                {
                    "begin": 134, 
                    "end": 138, 
                    "score": 0.049364231526851654, 
                    "spot": "wave"
                }
            ], 
            "wiki_id": 33516, 
            "wiki_title": "Wave"
        }, 
        {
            "annotations": [
                {
                    "begin": 1684, 
                    "end": 1689, 
                    "score": 0.00764710595831275, 
                    "spot": "Maria"
                }
            ], 
            "wiki_id": 3500236, 
            "wiki_title": "Maria (West Side Story song)"
        }, 
        {
            "annotations": [
                {
                    "begin": 1293, 
                    "end": 1302, 
                    "score": 0.1376970261335373, 
                    "spot": "illnesses"
                }
            ], 
            "wiki_id": 8072, 
            "wiki_title": "Disease"
        }, 
        {
            "annotations": [
                {
                    "begin": 954, 
                    "end": 959, 
                    "score": 0.15670841932296753, 
                    "spot": "horse"
                }
            ], 
            "wiki_id": 13645, 
            "wiki_title": "Horse"
        }, 
        {
            "annotations": [
                {
                    "begin": 142, 
                    "end": 151, 
                    "score": 0.004586808383464813, 
                    "spot": "reporters"
                }, 
                {
                    "begin": 747, 
                    "end": 756, 
                    "score": 0.10523921251296997, 
                    "spot": "reporters"
                }
            ], 
            "wiki_id": 50100, 
            "wiki_title": "Journalist"
        }, 
        {
            "annotations": [
                {
                    "begin": 1139, 
                    "end": 1148, 
                    "score": 0.22955955564975739, 
                    "spot": "addiction"
                }
            ], 
            "wiki_id": 27158894, 
            "wiki_title": "Addiction"
        }, 
        {
            "annotations": [
                {
                    "begin": 1725, 
                    "end": 1736, 
                    "score": 0.16313889622688293, 
                    "spot": "Christopher"
                }
            ], 
            "wiki_id": 177840, 
            "wiki_title": "Christopher Nolan"
        }, 
        {
            "annotations": [
                {
                    "begin": 1865, 
                    "end": 1872, 
                    "score": 0.2516520619392395, 
                    "spot": "letters"
                }
            ], 
            "wiki_id": 17845, 
            "wiki_title": "Letter (message)"
        }, 
        {
            "annotations": [
                {
                    "begin": 94, 
                    "end": 104, 
                    "score": 0.11640582978725433, 
                    "spot": "coming out"
                }
            ], 
            "wiki_id": 885960, 
            "wiki_title": "Debutante"
        }, 
        {
            "annotations": [
                {
                    "begin": 1426, 
                    "end": 1435, 
                    "score": 0.03511890396475792, 
                    "spot": "statement"
                }
            ], 
            "wiki_id": 476008, 
            "wiki_title": "The Statement (film)"
        }, 
        {
            "annotations": [
                {
                    "begin": 205, 
                    "end": 214, 
                    "score": 0.022858643904328346, 
                    "spot": "I believe"
                }, 
                {
                    "begin": 261, 
                    "end": 270, 
                    "score": 0.022858643904328346, 
                    "spot": "I\nbelieve"
                }
            ], 
            "wiki_id": 28821483, 
            "wiki_title": "I Believe (R. Kelly song)"
        }, 
        {
            "annotations": [
                {
                    "begin": 1568, 
                    "end": 1585, 
                    "score": 0.009831461124122143, 
                    "spot": "serious condition"
                }
            ], 
            "wiki_id": 30864674, 
            "wiki_title": "Medical state"
        }, 
        {
            "annotations": [
                {
                    "begin": 1112, 
                    "end": 1115, 
                    "score": 0.04635927453637123, 
                    "spot": "she"
                }, 
                {
                    "begin": 1452, 
                    "end": 1455, 
                    "score": 0.0006853084196336567, 
                    "spot": "she"
                }
            ], 
            "wiki_id": 153895, 
            "wiki_title": "Gender-specific and gender-neutral pronouns"
        }, 
        {
            "annotations": [
                {
                    "begin": 122, 
                    "end": 128, 
                    "score": 0.09822221100330353, 
                    "spot": "attire"
                }, 
                {
                    "begin": 708, 
                    "end": 714, 
                    "score": 0.08042354136705399, 
                    "spot": "attire"
                }
            ], 
            "wiki_id": 38180, 
            "wiki_title": "Clothing"
        }, 
        {
            "annotations": [
                {
                    "begin": 1828, 
                    "end": 1832, 
                    "score": 0.13714531064033508, 
                    "spot": "fans"
                }
            ], 
            "wiki_id": 152640, 
            "wiki_title": "Fan (person)"
        }
    ]
}