{
    "tagme": [
        {
            "annotations": [
                {
                    "begin": 2452, 
                    "end": 2460, 
                    "score": 0.08134475350379944, 
                    "spot": "abetting"
                }
            ], 
            "wiki_id": 2719, 
            "wiki_title": "Abettor"
        }, 
        {
            "annotations": [
                {
                    "begin": 1161, 
                    "end": 1169, 
                    "score": 0.13836339116096497, 
                    "spot": "incident"
                }
            ], 
            "wiki_id": 304689, 
            "wiki_title": "1960 U-2 incident"
        }, 
        {
            "annotations": [
                {
                    "begin": 2495, 
                    "end": 2498, 
                    "score": 0.11659146845340729, 
                    "spot": "Won"
                }
            ], 
            "wiki_id": 47350242, 
            "wiki_title": "Pyo Chang-won"
        }, 
        {
            "annotations": [
                {
                    "begin": 681, 
                    "end": 689, 
                    "score": 0.11180040240287781, 
                    "spot": "assassin"
                }, 
                {
                    "begin": 1540, 
                    "end": 1553, 
                    "score": 0.15251386165618896, 
                    "spot": "assassination"
                }, 
                {
                    "begin": 1820, 
                    "end": 1833, 
                    "score": 0.152092844247818, 
                    "spot": "assassination"
                }, 
                {
                    "begin": 1937, 
                    "end": 1950, 
                    "score": 0.1269962638616562, 
                    "spot": "assassination"
                }, 
                {
                    "begin": 2672, 
                    "end": 2685, 
                    "score": 0.10402246564626694, 
                    "spot": "assassination"
                }
            ], 
            "wiki_id": 2963, 
            "wiki_title": "Assassination"
        }, 
        {
            "annotations": [
                {
                    "begin": 981, 
                    "end": 988, 
                    "score": 0.009433962404727936, 
                    "spot": "Oct. 26"
                }
            ], 
            "wiki_id": 30146734, 
            "wiki_title": "October 26 (Eastern Orthodox liturgics)"
        }, 
        {
            "annotations": [
                {
                    "begin": 799, 
                    "end": 811, 
                    "score": 0.054884448647499084, 
                    "spot": "headquarters"
                }, 
                {
                    "begin": 2051, 
                    "end": 2063, 
                    "score": 0.11591589450836182, 
                    "spot": "headquarters"
                }
            ], 
            "wiki_id": 188955, 
            "wiki_title": "Headquarters of the United Nations"
        }, 
        {
            "annotations": [
                {
                    "begin": 143, 
                    "end": 152, 
                    "score": 0.5, 
                    "spot": "Chong-hui"
                }, 
                {
                    "begin": 2813, 
                    "end": 2822, 
                    "score": 0.5, 
                    "spot": "Chong-hui"
                }
            ], 
            "wiki_id": 22870764, 
            "wiki_title": "An Chonghui"
        }, 
        {
            "annotations": [
                {
                    "begin": 2077, 
                    "end": 2084, 
                    "score": 0.24122977256774902, 
                    "spot": "Defense"
                }, 
                {
                    "begin": 2077, 
                    "end": 2093, 
                    "score": 0.31238630414009094, 
                    "spot": "Defense Security"
                }, 
                {
                    "begin": 2393, 
                    "end": 2401, 
                    "score": 0.16209658980369568, 
                    "spot": "military"
                }, 
                {
                    "begin": 2592, 
                    "end": 2600, 
                    "score": 0.22447563707828522, 
                    "spot": "military"
                }
            ], 
            "wiki_id": 92357, 
            "wiki_title": "Military"
        }, 
        {
            "annotations": [
                {
                    "begin": 845, 
                    "end": 853, 
                    "score": 0.11222473531961441, 
                    "spot": "charging"
                }, 
                {
                    "begin": 2413, 
                    "end": 2421, 
                    "score": 0.19992366433143616, 
                    "spot": "indicted"
                }, 
                {
                    "begin": 2440, 
                    "end": 2447, 
                    "score": 0.16853852570056915, 
                    "spot": "charges"
                }, 
                {
                    "begin": 2567, 
                    "end": 2575, 
                    "score": 0.1510707437992096, 
                    "spot": "indicted"
                }
            ], 
            "wiki_id": 14559, 
            "wiki_title": "Indictment"
        }, 
        {
            "annotations": [
                {
                    "begin": 642, 
                    "end": 650, 
                    "score": 0.08858945220708847, 
                    "spot": "detected"
                }
            ], 
            "wiki_id": 235757, 
            "wiki_title": "Sensor"
        }, 
        {
            "annotations": [
                {
                    "begin": 1284, 
                    "end": 1287, 
                    "score": 0.0007970848819240928, 
                    "spot": "one"
                }
            ], 
            "wiki_id": 23385833, 
            "wiki_title": "Neoplatonism"
        }, 
        {
            "annotations": [
                {
                    "begin": 429, 
                    "end": 432, 
                    "score": 0.001720538828521967, 
                    "spot": "who"
                }, 
                {
                    "begin": 2386, 
                    "end": 2389, 
                    "score": 0.04059090465307236, 
                    "spot": "who"
                }
            ], 
            "wiki_id": 33583, 
            "wiki_title": "World Health Organization"
        }, 
        {
            "annotations": [
                {
                    "begin": 1884, 
                    "end": 1900, 
                    "score": 0.021806852892041206, 
                    "spot": "without evidence"
                }
            ], 
            "wiki_id": 4091030, 
            "wiki_title": "Without Evidence"
        }, 
        {
            "annotations": [
                {
                    "begin": 199, 
                    "end": 202, 
                    "score": 0.01355833001434803, 
                    "spot": "Kim"
                }, 
                {
                    "begin": 690, 
                    "end": 693, 
                    "score": 0.10472898930311203, 
                    "spot": "Kim"
                }
            ], 
            "wiki_id": 344071, 
            "wiki_title": "Kim (Korean surname)"
        }, 
        {
            "annotations": [
                {
                    "begin": 2104, 
                    "end": 2112, 
                    "score": 0.33784329891204834, 
                    "spot": "Maj. Gen"
                }
            ], 
            "wiki_id": 11080919, 
            "wiki_title": "Major general (United States)"
        }, 
        {
            "annotations": [
                {
                    "begin": 267, 
                    "end": 281, 
                    "score": 0.2712385356426239, 
                    "spot": "Chief of Staff"
                }
            ], 
            "wiki_id": 462640, 
            "wiki_title": "Chief of staff"
        }, 
        {
            "annotations": [
                {
                    "begin": 1295, 
                    "end": 1302, 
                    "score": 0.0025625017005950212, 
                    "spot": "victims"
                }
            ], 
            "wiki_id": 6426881, 
            "wiki_title": "Holocaust victims"
        }, 
        {
            "annotations": [
                {
                    "begin": 1453, 
                    "end": 1466, 
                    "score": 0.22040966153144836, 
                    "spot": "interrogation"
                }, 
                {
                    "begin": 2479, 
                    "end": 2490, 
                    "score": 0.10737572610378265, 
                    "spot": "questioning"
                }
            ], 
            "wiki_id": 220414, 
            "wiki_title": "Interrogation"
        }, 
        {
            "annotations": [
                {
                    "begin": 1605, 
                    "end": 1610, 
                    "score": 0.11939309537410736, 
                    "spot": "Chong"
                }
            ], 
            "wiki_id": 316276, 
            "wiki_title": "Tommy Chong"
        }, 
        {
            "annotations": [
                {
                    "begin": 2698, 
                    "end": 2709, 
                    "score": 0.18936686217784882, 
                    "spot": "prosecution"
                }
            ], 
            "wiki_id": 21351321, 
            "wiki_title": "Criminal law"
        }, 
        {
            "annotations": [
                {
                    "begin": 170, 
                    "end": 189, 
                    "score": 0.05473141372203827, 
                    "spot": "Intelligence Agency"
                }
            ], 
            "wiki_id": 81014, 
            "wiki_title": "Intelligence agency"
        }, 
        {
            "annotations": [
                {
                    "begin": 960, 
                    "end": 963, 
                    "score": 0.06596442312002182, 
                    "spot": "Pak"
                }
            ], 
            "wiki_id": 303678, 
            "wiki_title": "Anti-tank warfare"
        }, 
        {
            "annotations": [
                {
                    "begin": 1689, 
                    "end": 1695, 
                    "score": 0.08020932972431183, 
                    "spot": "member"
                }
            ], 
            "wiki_id": 98066, 
            "wiki_title": "Member of parliament"
        }, 
        {
            "annotations": [
                {
                    "begin": 536, 
                    "end": 541, 
                    "score": 0.06110107898712158, 
                    "spot": "joint"
                }, 
                {
                    "begin": 1562, 
                    "end": 1567, 
                    "score": 0.08360186964273453, 
                    "spot": "joint"
                }, 
                {
                    "begin": 1703, 
                    "end": 1708, 
                    "score": 0.015360753051936626, 
                    "spot": "joint"
                }, 
                {
                    "begin": 2009, 
                    "end": 2014, 
                    "score": 0.012777040712535381, 
                    "spot": "joint"
                }
            ], 
            "wiki_id": 1481886, 
            "wiki_title": "Cannabis (drug)"
        }, 
        {
            "annotations": [
                {
                    "begin": 2808, 
                    "end": 2811, 
                    "score": 0.011861534789204597, 
                    "spot": "Pak"
                }
            ], 
            "wiki_id": 29361326, 
            "wiki_title": "PAK (band)"
        }, 
        {
            "annotations": [
                {
                    "begin": 2179, 
                    "end": 2191, 
                    "score": 0.03444835543632507, 
                    "spot": "headquarters"
                }
            ], 
            "wiki_id": 745008, 
            "wiki_title": "Headquarters"
        }, 
        {
            "annotations": [
                {
                    "begin": 2065, 
                    "end": 2068, 
                    "score": 0.10418511182069778, 
                    "spot": "led"
                }
            ], 
            "wiki_id": 18290, 
            "wiki_title": "Light-emitting diode"
        }, 
        {
            "annotations": [
                {
                    "begin": 1092, 
                    "end": 1100, 
                    "score": 0.20460589230060577, 
                    "spot": "criminal"
                }, 
                {
                    "begin": 2526, 
                    "end": 2534, 
                    "score": 0.26810529828071594, 
                    "spot": "criminal"
                }
            ], 
            "wiki_id": 5785, 
            "wiki_title": "Crime"
        }, 
        {
            "annotations": [
                {
                    "begin": 139, 
                    "end": 142, 
                    "score": 0.10917487740516663, 
                    "spot": "Pak"
                }, 
                {
                    "begin": 1636, 
                    "end": 1639, 
                    "score": 0.06681151688098907, 
                    "spot": "Pak"
                }
            ], 
            "wiki_id": 23235, 
            "wiki_title": "Pakistan"
        }, 
        {
            "annotations": [
                {
                    "begin": 1568, 
                    "end": 1578, 
                    "score": 0.25, 
                    "spot": "probe team"
                }
            ], 
            "wiki_id": 2633083, 
            "wiki_title": "Probe (Philippine TV series)"
        }, 
        {
            "annotations": [
                {
                    "begin": 2370, 
                    "end": 2373, 
                    "score": 0.0008345537935383618, 
                    "spot": "Won"
                }
            ], 
            "wiki_id": 36338159, 
            "wiki_title": "Football at the 1996 Summer Olympics"
        }, 
        {
            "annotations": [
                {
                    "begin": 1834, 
                    "end": 1837, 
                    "score": 0.0015304551925510168, 
                    "spot": "day"
                }
            ], 
            "wiki_id": 8376, 
            "wiki_title": "Day"
        }, 
        {
            "annotations": [
                {
                    "begin": 1629, 
                    "end": 1635, 
                    "score": 0.037050217390060425, 
                    "spot": "killed"
                }
            ], 
            "wiki_id": 368513, 
            "wiki_title": "Killed in action"
        }, 
        {
            "annotations": [
                {
                    "begin": 735, 
                    "end": 743, 
                    "score": 0.03627866506576538, 
                    "spot": "District"
                }, 
                {
                    "begin": 1036, 
                    "end": 1044, 
                    "score": 0.03627866506576538, 
                    "spot": "District"
                }
            ], 
            "wiki_id": 525155, 
            "wiki_title": "District (China)"
        }, 
        {
            "annotations": [
                {
                    "begin": 1511, 
                    "end": 1517, 
                    "score": 0.003227435052394867, 
                    "spot": "course"
                }
            ], 
            "wiki_id": 526101, 
            "wiki_title": "Major (academic)"
        }, 
        {
            "annotations": [
                {
                    "begin": 46, 
                    "end": 51, 
                    "score": 0.07238241285085678, 
                    "spot": "joint"
                }
            ], 
            "wiki_id": 727159, 
            "wiki_title": "American Jewish Joint Distribution Committee"
        }, 
        {
            "annotations": [
                {
                    "begin": 829, 
                    "end": 832, 
                    "score": 0.07337892055511475, 
                    "spot": "Dec"
                }
            ], 
            "wiki_id": 1062267, 
            "wiki_title": "Declaration and forfeiture"
        }, 
        {
            "annotations": [
                {
                    "begin": 23, 
                    "end": 29, 
                    "score": 0.0008461191318929195, 
                    "spot": "May 30"
                }
            ], 
            "wiki_id": 1864726, 
            "wiki_title": "May 30 (Eastern Orthodox liturgics)"
        }, 
        {
            "annotations": [
                {
                    "begin": 190, 
                    "end": 198, 
                    "score": 0.00834680162370205, 
                    "spot": "Director"
                }, 
                {
                    "begin": 380, 
                    "end": 386, 
                    "score": 0.04702501371502876, 
                    "spot": "member"
                }, 
                {
                    "begin": 521, 
                    "end": 527, 
                    "score": 0.08402985334396362, 
                    "spot": "member"
                }
            ], 
            "wiki_id": 4822, 
            "wiki_title": "Board of directors"
        }, 
        {
            "annotations": [
                {
                    "begin": 1440, 
                    "end": 1448, 
                    "score": 0.14027413725852966, 
                    "spot": "arrested"
                }
            ], 
            "wiki_id": 170638, 
            "wiki_title": "Arrest"
        }, 
        {
            "annotations": [
                {
                    "begin": 2257, 
                    "end": 2263, 
                    "score": 0.16994425654411316, 
                    "spot": "mutiny"
                }
            ], 
            "wiki_id": 69443, 
            "wiki_title": "Mutiny"
        }, 
        {
            "annotations": [
                {
                    "begin": 571, 
                    "end": 582, 
                    "score": 0.05504576116800308, 
                    "spot": "prosecution"
                }, 
                {
                    "begin": 744, 
                    "end": 761, 
                    "score": 0.3223131000995636, 
                    "spot": "Public Prosecutor"
                }, 
                {
                    "begin": 1045, 
                    "end": 1062, 
                    "score": 0.3223131000995636, 
                    "spot": "Public Prosecutor"
                }, 
                {
                    "begin": 1658, 
                    "end": 1668, 
                    "score": 0.1491614580154419, 
                    "spot": "Prosecutor"
                }, 
                {
                    "begin": 2326, 
                    "end": 2337, 
                    "score": 0.16610680520534515, 
                    "spot": "prosecution"
                }, 
                {
                    "begin": 2402, 
                    "end": 2412, 
                    "score": 0.29923102259635925, 
                    "spot": "prosecutor"
                }, 
                {
                    "begin": 2601, 
                    "end": 2612, 
                    "score": 0.1251423954963684, 
                    "spot": "prosecution"
                }
            ], 
            "wiki_id": 440936, 
            "wiki_title": "Prosecutor"
        }, 
        {
            "annotations": [
                {
                    "begin": 2746, 
                    "end": 2751, 
                    "score": 0.0969218909740448, 
                    "spot": "probe"
                }
            ], 
            "wiki_id": 5236980, 
            "wiki_title": "Criminal investigation"
        }, 
        {
            "annotations": [
                {
                    "begin": 10, 
                    "end": 14, 
                    "score": 0.021188776940107346, 
                    "spot": "Text"
                }
            ], 
            "wiki_id": 305854, 
            "wiki_title": "Text messaging"
        }, 
        {
            "annotations": [
                {
                    "begin": 16, 
                    "end": 21, 
                    "score": 0.3354761004447937, 
                    "spot": "Seoul"
                }, 
                {
                    "begin": 729, 
                    "end": 734, 
                    "score": 0.33228257298469543, 
                    "spot": "Seoul"
                }, 
                {
                    "begin": 1030, 
                    "end": 1035, 
                    "score": 0.3632171154022217, 
                    "spot": "Seoul"
                }
            ], 
            "wiki_id": 19159283, 
            "wiki_title": "Seoul"
        }, 
        {
            "annotations": [
                {
                    "begin": 262, 
                    "end": 281, 
                    "score": 0.09764309972524643, 
                    "spot": "Army Chief of Staff"
                }
            ], 
            "wiki_id": 485507, 
            "wiki_title": "Chief of Staff of the United States Army"
        }, 
        {
            "annotations": [
                {
                    "begin": 2307, 
                    "end": 2317, 
                    "score": 0.11553284525871277, 
                    "spot": "government"
                }
            ], 
            "wiki_id": 12229, 
            "wiki_title": "Government"
        }, 
        {
            "annotations": [
                {
                    "begin": 1596, 
                    "end": 1604, 
                    "score": 0.003053921740502119, 
                    "spot": "question"
                }, 
                {
                    "begin": 1781, 
                    "end": 1789, 
                    "score": 0.09840445965528488, 
                    "spot": "question"
                }
            ], 
            "wiki_id": 384864, 
            "wiki_title": "Question (comics)"
        }, 
        {
            "annotations": [
                {
                    "begin": 1101, 
                    "end": 1105, 
                    "score": 0.15459813177585602, 
                    "spot": "suit"
                }, 
                {
                    "begin": 1805, 
                    "end": 1812, 
                    "score": 0.060786399990320206, 
                    "spot": "actions"
                }, 
                {
                    "begin": 2656, 
                    "end": 2663, 
                    "score": 0.09090317785739899, 
                    "spot": "actions"
                }
            ], 
            "wiki_id": 113258, 
            "wiki_title": "Lawsuit"
        }, 
        {
            "annotations": [
                {
                    "begin": 1430, 
                    "end": 1435, 
                    "score": 0.023550231009721756, 
                    "spot": "Chong"
                }, 
                {
                    "begin": 1669, 
                    "end": 1674, 
                    "score": 0.1355825811624527, 
                    "spot": "Chong"
                }, 
                {
                    "begin": 2422, 
                    "end": 2427, 
                    "score": 0.08840267360210419, 
                    "spot": "Chong"
                }, 
                {
                    "begin": 2553, 
                    "end": 2558, 
                    "score": 0.023550231009721756, 
                    "spot": "Chong"
                }, 
                {
                    "begin": 2766, 
                    "end": 2771, 
                    "score": 0.08262590318918228, 
                    "spot": "Chong"
                }
            ], 
            "wiki_id": 12111672, 
            "wiki_title": "Steven Chong"
        }, 
        {
            "annotations": [
                {
                    "begin": 2085, 
                    "end": 2093, 
                    "score": 0.2664649188518524, 
                    "spot": "Security"
                }
            ], 
            "wiki_id": 240468, 
            "wiki_title": "National security"
        }, 
        {
            "annotations": [
                {
                    "begin": 710, 
                    "end": 719, 
                    "score": 0.007103105075657368, 
                    "spot": "spokesman"
                }
            ], 
            "wiki_id": 338047, 
            "wiki_title": "Spokesperson"
        }, 
        {
            "annotations": [
                {
                    "begin": 1625, 
                    "end": 1628, 
                    "score": 0.10940119624137878, 
                    "spot": "Kim"
                }
            ], 
            "wiki_id": 659032, 
            "wiki_title": "Kim Wayans"
        }, 
        {
            "annotations": [
                {
                    "begin": 470, 
                    "end": 494, 
                    "score": 0.5, 
                    "spot": "Defense Security Command"
                }, 
                {
                    "begin": 478, 
                    "end": 494, 
                    "score": 0.0066964286379516125, 
                    "spot": "Security Command"
                }
            ], 
            "wiki_id": 24787800, 
            "wiki_title": "Defense Security Command"
        }, 
        {
            "annotations": [
                {
                    "begin": 556, 
                    "end": 560, 
                    "score": 0.0021966162603348494, 
                    "spot": "team"
                }
            ], 
            "wiki_id": 140801, 
            "wiki_title": "Team"
        }, 
        {
            "annotations": [
                {
                    "begin": 112, 
                    "end": 125, 
                    "score": 0.24241262674331665, 
                    "spot": "assassination"
                }
            ], 
            "wiki_id": 286369, 
            "wiki_title": "Assassination of John F. Kennedy"
        }, 
        {
            "annotations": [
                {
                    "begin": 996, 
                    "end": 1000, 
                    "score": 0.06710812449455261, 
                    "spot": "Paek"
                }
            ], 
            "wiki_id": 2921009, 
            "wiki_title": "Jim Paek"
        }, 
        {
            "annotations": [
                {
                    "begin": 601, 
                    "end": 609, 
                    "score": 0.005960481241345406, 
                    "spot": "evidence"
                }, 
                {
                    "begin": 909, 
                    "end": 917, 
                    "score": 0.005960481241345406, 
                    "spot": "evidence"
                }
            ], 
            "wiki_id": 10013, 
            "wiki_title": "Evidence-based medicine"
        }, 
        {
            "annotations": [
                {
                    "begin": 74, 
                    "end": 87, 
                    "score": 0.08421577513217926, 
                    "spot": "investigation"
                }, 
                {
                    "begin": 449, 
                    "end": 461, 
                    "score": 0.10114815086126328, 
                    "spot": "investigator"
                }
            ], 
            "wiki_id": 118576, 
            "wiki_title": "Detective"
        }, 
        {
            "annotations": [
                {
                    "begin": 2204, 
                    "end": 2210, 
                    "score": 0.09735804796218872, 
                    "spot": "motive"
                }
            ], 
            "wiki_id": 232495, 
            "wiki_title": "Motivation"
        }, 
        {
            "annotations": [
                {
                    "begin": 1729, 
                    "end": 1740, 
                    "score": 0.26576101779937744, 
                    "spot": "martial law"
                }
            ], 
            "wiki_id": 1497260, 
            "wiki_title": "Martial Law (TV series)"
        }, 
        {
            "annotations": [
                {
                    "begin": 1742, 
                    "end": 1751, 
                    "score": 0.05994829908013344, 
                    "spot": "commander"
                }
            ], 
            "wiki_id": 651310, 
            "wiki_title": "Commanding officer"
        }, 
        {
            "annotations": [
                {
                    "begin": 1480, 
                    "end": 1488, 
                    "score": 0.202065110206604, 
                    "spot": "evidence"
                }
            ], 
            "wiki_id": 20550772, 
            "wiki_title": "Evidence"
        }, 
        {
            "annotations": [
                {
                    "begin": 2242, 
                    "end": 2250, 
                    "score": 0.15337443351745605, 
                    "spot": "incident"
                }
            ], 
            "wiki_id": 30972059, 
            "wiki_title": "SY Quest incident"
        }, 
        {
            "annotations": [
                {
                    "begin": 1195, 
                    "end": 1207, 
                    "score": 0.09328009933233261, 
                    "spot": "perpetrators"
                }
            ], 
            "wiki_id": 214385, 
            "wiki_title": "Murder of James Byrd, Jr."
        }, 
        {
            "annotations": [
                {
                    "begin": 415, 
                    "end": 423, 
                    "score": 0.5, 
                    "spot": "Tong-nim"
                }
            ], 
            "wiki_id": 8084872, 
            "wiki_title": "Tongrim County"
        }, 
        {
            "annotations": [
                {
                    "begin": 2363, 
                    "end": 2369, 
                    "score": 0.2001805305480957, 
                    "spot": "lawyer"
                }
            ], 
            "wiki_id": 17541, 
            "wiki_title": "Lawyer"
        }, 
        {
            "annotations": [
                {
                    "begin": 591, 
                    "end": 599, 
                    "score": 0.0848626047372818, 
                    "spot": "concrete"
                }, 
                {
                    "begin": 900, 
                    "end": 908, 
                    "score": 0.04276415705680847, 
                    "spot": "concrete"
                }
            ], 
            "wiki_id": 509995, 
            "wiki_title": "Abstract and concrete"
        }, 
        {
            "annotations": [
                {
                    "begin": 338, 
                    "end": 348, 
                    "score": 0.020654045045375824, 
                    "spot": "accomplice"
                }, 
                {
                    "begin": 2779, 
                    "end": 2789, 
                    "score": 0.020654045045375824, 
                    "spot": "accomplice"
                }
            ], 
            "wiki_id": 1400979, 
            "wiki_title": "Accomplice"
        }, 
        {
            "annotations": [
                {
                    "begin": 410, 
                    "end": 414, 
                    "score": 0.0258620698004961, 
                    "spot": "Paek"
                }, 
                {
                    "begin": 1307, 
                    "end": 1311, 
                    "score": 0.0258620698004961, 
                    "spot": "Paek"
                }, 
                {
                    "begin": 1839, 
                    "end": 1843, 
                    "score": 0.0258620698004961, 
                    "spot": "Paek"
                }
            ], 
            "wiki_id": 24203851, 
            "wiki_title": "Polyaryletherketone"
        }, 
        {
            "annotations": [
                {
                    "begin": 1119, 
                    "end": 1126, 
                    "score": 0.08003965020179749, 
                    "spot": "victims"
                }
            ], 
            "wiki_id": 32573, 
            "wiki_title": "Victimology"
        }, 
        {
            "annotations": [
                {
                    "begin": 865, 
                    "end": 877, 
                    "score": 0.2687830626964569, 
                    "spot": "high treason"
                }, 
                {
                    "begin": 2461, 
                    "end": 2473, 
                    "score": 0.4927906394004822, 
                    "spot": "high treason"
                }
            ], 
            "wiki_id": 31292, 
            "wiki_title": "Treason"
        }, 
        {
            "annotations": [
                {
                    "begin": 949, 
                    "end": 952, 
                    "score": 0.01355833001434803, 
                    "spot": "Kim"
                }
            ], 
            "wiki_id": 19394613, 
            "wiki_title": "Kim Kardashian"
        }, 
        {
            "annotations": [
                {
                    "begin": 1143, 
                    "end": 1147, 
                    "score": 0.11995717138051987, 
                    "spot": "coup"
                }
            ], 
            "wiki_id": 25914154, 
            "wiki_title": "Coup d'\u00e9tat"
        }, 
        {
            "annotations": [
                {
                    "begin": 785, 
                    "end": 798, 
                    "score": 0.056374046951532364, 
                    "spot": "investigation"
                }, 
                {
                    "begin": 2036, 
                    "end": 2049, 
                    "score": 0.057771921157836914, 
                    "spot": "investigation"
                }
            ], 
            "wiki_id": 25524, 
            "wiki_title": "Research"
        }, 
        {
            "annotations": [
                {
                    "begin": 1579, 
                    "end": 1583, 
                    "score": 0.0029124377761036158, 
                    "spot": "felt"
                }
            ], 
            "wiki_id": 160853, 
            "wiki_title": "Felt"
        }, 
        {
            "annotations": [
                {
                    "begin": 443, 
                    "end": 448, 
                    "score": 0.06735275685787201, 
                    "spot": "chief"
                }
            ], 
            "wiki_id": 253693, 
            "wiki_title": "Get Smart"
        }, 
        {
            "annotations": [
                {
                    "begin": 953, 
                    "end": 959, 
                    "score": 0.055233389139175415, 
                    "spot": "killed"
                }
            ], 
            "wiki_id": 12336420, 
            "wiki_title": "War in North-West Pakistan"
        }, 
        {
            "annotations": [
                {
                    "begin": 1330, 
                    "end": 1334, 
                    "score": 0.0019062388455495238, 
                    "spot": "true"
                }
            ], 
            "wiki_id": 13140380, 
            "wiki_title": "True Corporation"
        }, 
        {
            "annotations": [
                {
                    "begin": 243, 
                    "end": 251, 
                    "score": 0.005960481241345406, 
                    "spot": "evidence"
                }
            ], 
            "wiki_id": 5108614, 
            "wiki_title": "Evidence (musician)"
        }, 
        {
            "annotations": [
                {
                    "begin": 744, 
                    "end": 770, 
                    "score": 0.3091488778591156, 
                    "spot": "Public Prosecutor's Office"
                }, 
                {
                    "begin": 1045, 
                    "end": 1071, 
                    "score": 0.3091488778591156, 
                    "spot": "Public Prosecutor's Office"
                }
            ], 
            "wiki_id": 13013461, 
            "wiki_title": "Public Prosecutor's Office (Brazil)"
        }, 
        {
            "annotations": [
                {
                    "begin": 1772, 
                    "end": 1777, 
                    "score": 0.047142378985881805, 
                    "spot": "times"
                }
            ], 
            "wiki_id": 39127, 
            "wiki_title": "The Times"
        }, 
        {
            "annotations": [
                {
                    "begin": 2535, 
                    "end": 2543, 
                    "score": 0.10964139550924301, 
                    "spot": "evidence"
                }
            ], 
            "wiki_id": 2001231, 
            "wiki_title": "Evidence (law)"
        }, 
        {
            "annotations": [
                {
                    "begin": 1177, 
                    "end": 1181, 
                    "score": 0.13117273151874542, 
                    "spot": "Army"
                }
            ], 
            "wiki_id": 32087, 
            "wiki_title": "United States Army"
        }, 
        {
            "annotations": [
                {
                    "begin": 1075, 
                    "end": 1082, 
                    "score": 0.0005123011069372296, 
                    "spot": "looking"
                }
            ], 
            "wiki_id": 12082605, 
            "wiki_title": "Looking"
        }, 
        {
            "annotations": [
                {
                    "begin": 1341, 
                    "end": 1357, 
                    "score": 0.016929499804973602, 
                    "spot": "Defense Minister"
                }
            ], 
            "wiki_id": 33632648, 
            "wiki_title": "Ministry of National Defense of the People's Republic of China"
        }, 
        {
            "annotations": [
                {
                    "begin": 1968, 
                    "end": 1977, 
                    "score": 0.2265492081642151, 
                    "spot": "President"
                }
            ], 
            "wiki_id": 98630, 
            "wiki_title": "President of South Korea"
        }, 
        {
            "annotations": [
                {
                    "begin": 1978, 
                    "end": 1982, 
                    "score": 0.13720808923244476, 
                    "spot": "Choe"
                }
            ], 
            "wiki_id": 2249695, 
            "wiki_title": "Choi (Korean surname)"
        }, 
        {
            "annotations": [
                {
                    "begin": 1407, 
                    "end": 1418, 
                    "score": 0.26576101779937744, 
                    "spot": "martial Law"
                }
            ], 
            "wiki_id": 50477, 
            "wiki_title": "Martial law"
        }, 
        {
            "annotations": [
                {
                    "begin": 2686, 
                    "end": 2689, 
                    "score": 0.045573439449071884, 
                    "spot": "day"
                }
            ], 
            "wiki_id": 8459263, 
            "wiki_title": "History of the euro"
        }, 
        {
            "annotations": [
                {
                    "begin": 129, 
                    "end": 138, 
                    "score": 0.15256403386592865, 
                    "spot": "President"
                }
            ], 
            "wiki_id": 24113, 
            "wiki_title": "President of the United States"
        }, 
        {
            "annotations": [
                {
                    "begin": 1759, 
                    "end": 1765, 
                    "score": 0.0430414080619812, 
                    "spot": "office"
                }
            ], 
            "wiki_id": 382507, 
            "wiki_title": "Office"
        }, 
        {
            "annotations": [
                {
                    "begin": 658, 
                    "end": 664, 
                    "score": 0.06525113433599472, 
                    "spot": "course"
                }
            ], 
            "wiki_id": 995636, 
            "wiki_title": "Course (navigation)"
        }, 
        {
            "annotations": [
                {
                    "begin": 1709, 
                    "end": 1713, 
                    "score": 0.0021966162603348494, 
                    "spot": "team"
                }
            ], 
            "wiki_id": 988407, 
            "wiki_title": "Team sport"
        }, 
        {
            "annotations": [
                {
                    "begin": 2637, 
                    "end": 2651, 
                    "score": 0.5, 
                    "spot": "evaluation\" of"
                }
            ], 
            "wiki_id": 490303, 
            "wiki_title": "Basel problem"
        }, 
        {
            "annotations": [
                {
                    "begin": 299, 
                    "end": 308, 
                    "score": 0.16182482242584229, 
                    "spot": "commander"
                }, 
                {
                    "begin": 1420, 
                    "end": 1429, 
                    "score": 0.09234936535358429, 
                    "spot": "Commander"
                }, 
                {
                    "begin": 2094, 
                    "end": 2103, 
                    "score": 0.21753618121147156, 
                    "spot": "Commander"
                }
            ], 
            "wiki_id": 226168, 
            "wiki_title": "Commander"
        }, 
        {
            "annotations": [
                {
                    "begin": 1238, 
                    "end": 1242, 
                    "score": 0.05000000074505806, 
                    "spot": "Chon"
                }, 
                {
                    "begin": 2115, 
                    "end": 2119, 
                    "score": 0.05000000074505806, 
                    "spot": "Chon"
                }
            ], 
            "wiki_id": 1797893, 
            "wiki_title": "Chonan languages"
        }, 
        {
            "annotations": [
                {
                    "begin": 286, 
                    "end": 297, 
                    "score": 0.5022276043891907, 
                    "spot": "martial law"
                }
            ], 
            "wiki_id": 24494230, 
            "wiki_title": "Military coups in Pakistan"
        }, 
        {
            "annotations": [
                {
                    "begin": 1312, 
                    "end": 1321, 
                    "score": 0.002126820385456085, 
                    "spot": "dismissed"
                }
            ], 
            "wiki_id": 586926, 
            "wiki_title": "Military discharge"
        }, 
        {
            "annotations": [
                {
                    "begin": 499, 
                    "end": 511, 
                    "score": 0.14704979956150055, 
                    "spot": "concurrently"
                }
            ], 
            "wiki_id": 928467, 
            "wiki_title": "Concurrency (computer science)"
        }, 
        {
            "annotations": [
                {
                    "begin": 613, 
                    "end": 618, 
                    "score": 0.023550231009721756, 
                    "spot": "Chong"
                }
            ], 
            "wiki_id": 9764883, 
            "wiki_title": "Liang Wen-Chong"
        }, 
        {
            "annotations": [
                {
                    "begin": 1265, 
                    "end": 1270, 
                    "score": 0.10175983607769012, 
                    "spot": "Chong"
                }, 
                {
                    "begin": 2146, 
                    "end": 2151, 
                    "score": 0.10175983607769012, 
                    "spot": "Chong"
                }
            ], 
            "wiki_id": 7600394, 
            "wiki_title": "Chong language"
        }, 
        {
            "annotations": [
                {
                    "begin": 112, 
                    "end": 138, 
                    "score": 0.1642606109380722, 
                    "spot": "assassination of President"
                }
            ], 
            "wiki_id": 12746429, 
            "wiki_title": "Arrest and assassination of Ngo Dinh Diem"
        }, 
        {
            "annotations": [
                {
                    "begin": 1790, 
                    "end": 1793, 
                    "score": 0.09586867690086365, 
                    "spot": "him"
                }, 
                {
                    "begin": 2576, 
                    "end": 2579, 
                    "score": 0.03812117502093315, 
                    "spot": "him"
                }
            ], 
            "wiki_id": 462387, 
            "wiki_title": "Adam Warlock"
        }, 
        {
            "annotations": [
                {
                    "begin": 1, 
                    "end": 4, 
                    "score": 0.30000001192092896, 
                    "spot": "BFN"
                }
            ], 
            "wiki_id": 23401414, 
            "wiki_title": "Federal Agency for Nature Conservation"
        }, 
        {
            "annotations": [
                {
                    "begin": 2295, 
                    "end": 2301, 
                    "score": 0.0024291498120874166, 
                    "spot": "topple"
                }
            ], 
            "wiki_id": 14272269, 
            "wiki_title": "Topple"
        }, 
        {
            "annotations": [
                {
                    "begin": 31, 
                    "end": 37, 
                    "score": 0.2872927486896515, 
                    "spot": "YONHAP"
                }
            ], 
            "wiki_id": 174467, 
            "wiki_title": "Yonhap"
        }, 
        {
            "annotations": [
                {
                    "begin": 1227, 
                    "end": 1237, 
                    "score": 0.0976383313536644, 
                    "spot": "Presidents"
                }
            ], 
            "wiki_id": 24110, 
            "wiki_title": "President"
        }, 
        {
            "annotations": [
                {
                    "begin": 1374, 
                    "end": 1383, 
                    "score": 0.08240378648042679, 
                    "spot": "statement"
                }
            ], 
            "wiki_id": 938656, 
            "wiki_title": "Statement (computer science)"
        }, 
        {
            "annotations": [
                {
                    "begin": 1258, 
                    "end": 1263, 
                    "score": 0.5359854698181152, 
                    "spot": "Tae-u"
                }
            ], 
            "wiki_id": 306128, 
            "wiki_title": "Daewoo"
        }, 
        {
            "annotations": [
                {
                    "begin": 310, 
                    "end": 313, 
                    "score": 0.14484944939613342, 
                    "spot": "Gen"
                }
            ], 
            "wiki_id": 148537, 
            "wiki_title": "General officer"
        }, 
        {
            "annotations": [
                {
                    "begin": 854, 
                    "end": 859, 
                    "score": 0.12155690789222717, 
                    "spot": "Chong"
                }
            ], 
            "wiki_id": 343532, 
            "wiki_title": "Emperor Chong of Han"
        }, 
        {
            "annotations": [
                {
                    "begin": 2233, 
                    "end": 2236, 
                    "score": 0.06890882551670074, 
                    "spot": "Dec"
                }
            ], 
            "wiki_id": 6319106, 
            "wiki_title": "Quebec College Diploma"
        }, 
        {
            "annotations": [
                {
                    "begin": 161, 
                    "end": 189, 
                    "score": 0.5, 
                    "spot": "Central \nIntelligence Agency"
                }
            ], 
            "wiki_id": 5183633, 
            "wiki_title": "Central Intelligence Agency"
        }, 
        {
            "annotations": [
                {
                    "begin": 88, 
                    "end": 92, 
                    "score": 0.10749483853578568, 
                    "spot": "team"
                }, 
                {
                    "begin": 375, 
                    "end": 379, 
                    "score": 0.020945802330970764, 
                    "spot": "team"
                }
            ], 
            "wiki_id": 30028, 
            "wiki_title": "The A-Team"
        }, 
        {
            "annotations": [
                {
                    "begin": 2137, 
                    "end": 2145, 
                    "score": 0.0009680258226580918, 
                    "spot": "arrested"
                }
            ], 
            "wiki_id": 4800285, 
            "wiki_title": "Arrest of Jesus"
        }, 
        {
            "annotations": [
                {
                    "begin": 2276, 
                    "end": 2290, 
                    "score": 0.04411764815449715, 
                    "spot": "military elite"
                }
            ], 
            "wiki_id": 24004480, 
            "wiki_title": "Military elite"
        }, 
        {
            "annotations": [
                {
                    "begin": 387, 
                    "end": 396, 
                    "score": 0.02807602286338806, 
                    "spot": "testified"
                }
            ], 
            "wiki_id": 75696, 
            "wiki_title": "Testimony"
        }, 
        {
            "annotations": [
                {
                    "begin": 965, 
                    "end": 977, 
                    "score": 0.16739456355571747, 
                    "spot": "on the night"
                }, 
                {
                    "begin": 972, 
                    "end": 977, 
                    "score": 0.25144073367118835, 
                    "spot": "night"
                }
            ], 
            "wiki_id": 3530559, 
            "wiki_title": "On the Night"
        }, 
        {
            "annotations": [
                {
                    "begin": 2353, 
                    "end": 2362, 
                    "score": 0.19340750575065613, 
                    "spot": "summoning"
                }
            ], 
            "wiki_id": 175322, 
            "wiki_title": "Summons"
        }, 
        {
            "annotations": [
                {
                    "begin": 1134, 
                    "end": 1137, 
                    "score": 0.01742558367550373, 
                    "spot": "Dec"
                }, 
                {
                    "begin": 1387, 
                    "end": 1390, 
                    "score": 0.1385597139596939, 
                    "spot": "Dec"
                }
            ], 
            "wiki_id": 7952, 
            "wiki_title": "Digital Equipment Corporation"
        }, 
        {
            "annotations": [
                {
                    "begin": 315, 
                    "end": 320, 
                    "score": 0.06481288373470306, 
                    "spot": "Chong"
                }
            ], 
            "wiki_id": 17856890, 
            "wiki_title": "Peng Chong"
        }, 
        {
            "annotations": [
                {
                    "begin": 517, 
                    "end": 520, 
                    "score": 0.1379358321428299, 
                    "spot": "key"
                }
            ], 
            "wiki_id": 6850099, 
            "wiki_title": "Unique key"
        }, 
        {
            "annotations": [
                {
                    "begin": 779, 
                    "end": 784, 
                    "score": 0.04269741475582123, 
                    "spot": "joint"
                }
            ], 
            "wiki_id": 538782, 
            "wiki_title": "Joint venture"
        }, 
        {
            "annotations": [
                {
                    "begin": 2194, 
                    "end": 2203, 
                    "score": 0.08838876336812973, 
                    "spot": "political"
                }
            ], 
            "wiki_id": 22986, 
            "wiki_title": "Politics"
        }, 
        {
            "annotations": [
                {
                    "begin": 829, 
                    "end": 837, 
                    "score": 0.013071895577013493, 
                    "spot": "Dec. \n24"
                }, 
                {
                    "begin": 1134, 
                    "end": 1141, 
                    "score": 0.004201680887490511, 
                    "spot": "Dec. 12"
                }, 
                {
                    "begin": 1387, 
                    "end": 1394, 
                    "score": 0.004854368977248669, 
                    "spot": "Dec. 13"
                }, 
                {
                    "begin": 2233, 
                    "end": 2240, 
                    "score": 0.004201680887490511, 
                    "spot": "Dec. 12"
                }
            ], 
            "wiki_id": 8633, 
            "wiki_title": null
        }
    ]
}