{
    "tagme": [
        {
            "annotations": [
                {
                    "begin": 310, 
                    "end": 317, 
                    "score": 0.02837209217250347, 
                    "spot": "victors"
                }
            ], 
            "wiki_id": 2916638, 
            "wiki_title": "The Victors"
        }, 
        {
            "annotations": [
                {
                    "begin": 984, 
                    "end": 992, 
                    "score": 0.28147152066230774, 
                    "spot": "sabotage"
                }
            ], 
            "wiki_id": 29462, 
            "wiki_title": "Sabotage"
        }, 
        {
            "annotations": [
                {
                    "begin": 782, 
                    "end": 795, 
                    "score": 0.5, 
                    "spot": "Nicolas Lucar"
                }
            ], 
            "wiki_id": 3156047, 
            "wiki_title": "Nicol\u00e1s L\u00facar"
        }, 
        {
            "annotations": [
                {
                    "begin": 177, 
                    "end": 180, 
                    "score": 0.07186615467071533, 
                    "spot": "end"
                }
            ], 
            "wiki_id": 1150360, 
            "wiki_title": "End Records"
        }, 
        {
            "annotations": [
                {
                    "begin": 76, 
                    "end": 79, 
                    "score": 0.18749508261680603, 
                    "spot": "AFP"
                }
            ], 
            "wiki_id": 471981, 
            "wiki_title": "Agence France-Presse"
        }, 
        {
            "annotations": [
                {
                    "begin": 616, 
                    "end": 623, 
                    "score": 0.11106991767883301, 
                    "spot": "leaders"
                }
            ], 
            "wiki_id": 130918, 
            "wiki_title": "Leadership"
        }, 
        {
            "annotations": [
                {
                    "begin": 1690, 
                    "end": 1696, 
                    "score": 0.0012273003812879324, 
                    "spot": "return"
                }
            ], 
            "wiki_id": 4927911, 
            "wiki_title": "Volver"
        }, 
        {
            "annotations": [
                {
                    "begin": 1719, 
                    "end": 1726, 
                    "score": 0.1034761294722557, 
                    "spot": "members"
                }, 
                {
                    "begin": 1895, 
                    "end": 1902, 
                    "score": 0.09956272691488266, 
                    "spot": "members"
                }
            ], 
            "wiki_id": 82242, 
            "wiki_title": "Unrepresented Nations and Peoples Organization"
        }, 
        {
            "annotations": [
                {
                    "begin": 1505, 
                    "end": 1513, 
                    "score": 0.0007516181794926524, 
                    "spot": "Together"
                }
            ], 
            "wiki_id": 23625041, 
            "wiki_title": "Together (Singaporean TV series)"
        }, 
        {
            "annotations": [
                {
                    "begin": 965, 
                    "end": 974, 
                    "score": 0.04331745207309723, 
                    "spot": "selective"
                }
            ], 
            "wiki_id": 21147, 
            "wiki_title": "Natural selection"
        }, 
        {
            "annotations": [
                {
                    "begin": 414, 
                    "end": 423, 
                    "score": 0.21881699562072754, 
                    "spot": "President"
                }
            ], 
            "wiki_id": 419460, 
            "wiki_title": "President of Pakistan"
        }, 
        {
            "annotations": [
                {
                    "begin": 468, 
                    "end": 471, 
                    "score": 0.062037914991378784, 
                    "spot": "led"
                }
            ], 
            "wiki_id": 18290, 
            "wiki_title": "Light-emitting diode"
        }, 
        {
            "annotations": [
                {
                    "begin": 1413, 
                    "end": 1429, 
                    "score": 0.19664138555526733, 
                    "spot": "prisoners of war"
                }
            ], 
            "wiki_id": 25008, 
            "wiki_title": "Prisoner of war"
        }, 
        {
            "annotations": [
                {
                    "begin": 1835, 
                    "end": 1859, 
                    "score": 0.015182185918092728, 
                    "spot": "cessation of hostilities"
                }
            ], 
            "wiki_id": 592591, 
            "wiki_title": "Ceasefire"
        }, 
        {
            "annotations": [
                {
                    "begin": 1353, 
                    "end": 1369, 
                    "score": 0.0544147826731205, 
                    "spot": "little by little"
                }
            ], 
            "wiki_id": 1891965, 
            "wiki_title": "Little by Little (Oasis song)"
        }, 
        {
            "annotations": [
                {
                    "begin": 1825, 
                    "end": 1831, 
                    "score": 0.1989423632621765, 
                    "spot": "entail"
                }
            ], 
            "wiki_id": 256695, 
            "wiki_title": "Fee tail"
        }, 
        {
            "annotations": [
                {
                    "begin": 2136, 
                    "end": 2158, 
                    "score": 0.1795034408569336, 
                    "spot": "government authorities"
                }
            ], 
            "wiki_id": 3219525, 
            "wiki_title": "Public-benefit corporation"
        }, 
        {
            "annotations": [
                {
                    "begin": 2009, 
                    "end": 2015, 
                    "score": 0.127041757106781, 
                    "spot": "points"
                }
            ], 
            "wiki_id": 593693, 
            "wiki_title": "Point (geometry)"
        }, 
        {
            "annotations": [
                {
                    "begin": 528, 
                    "end": 541, 
                    "score": 0.0030462476424872875, 
                    "spot": "since October"
                }
            ], 
            "wiki_id": 17711526, 
            "wiki_title": "Since October"
        }, 
        {
            "annotations": [
                {
                    "begin": 267, 
                    "end": 271, 
                    "score": 0.07351674884557724, 
                    "spot": "main"
                }, 
                {
                    "begin": 879, 
                    "end": 883, 
                    "score": 0.1018175259232521, 
                    "spot": "main"
                }
            ], 
            "wiki_id": 19745, 
            "wiki_title": "Main (river)"
        }, 
        {
            "annotations": [
                {
                    "begin": 89, 
                    "end": 102, 
                    "score": 0.03999999910593033, 
                    "spot": "Sunday Review"
                }, 
                {
                    "begin": 734, 
                    "end": 747, 
                    "score": 0.03999999910593033, 
                    "spot": "Sunday Review"
                }
            ], 
            "wiki_id": 1004238, 
            "wiki_title": "Sunday Review"
        }, 
        {
            "annotations": [
                {
                    "begin": 1096, 
                    "end": 1100, 
                    "score": 0.2642999589443207, 
                    "spot": "Army"
                }
            ], 
            "wiki_id": 1376, 
            "wiki_title": "Army"
        }, 
        {
            "annotations": [
                {
                    "begin": 1944, 
                    "end": 1950, 
                    "score": 0.19404776394367218, 
                    "spot": "museum"
                }
            ], 
            "wiki_id": 37585, 
            "wiki_title": "Museum"
        }, 
        {
            "annotations": [
                {
                    "begin": 860, 
                    "end": 869, 
                    "score": 0.0020517876837402582, 
                    "spot": "agreement"
                }, 
                {
                    "begin": 1602, 
                    "end": 1611, 
                    "score": 0.11688273400068283, 
                    "spot": "agreement"
                }
            ], 
            "wiki_id": 2329860, 
            "wiki_title": "Agreement (linguistics)"
        }, 
        {
            "annotations": [
                {
                    "begin": 164, 
                    "end": 170, 
                    "score": 0.05253330245614052, 
                    "spot": "source"
                }
            ], 
            "wiki_id": 719719, 
            "wiki_title": "The Source (magazine)"
        }, 
        {
            "annotations": [
                {
                    "begin": 475, 
                    "end": 489, 
                    "score": 0.5, 
                    "spot": "Abimael Guzman"
                }
            ], 
            "wiki_id": 481609, 
            "wiki_title": "Abimael Guzm\u00e1n"
        }, 
        {
            "annotations": [
                {
                    "begin": 155, 
                    "end": 163, 
                    "score": 0.0014925373252481222, 
                    "spot": "reliable"
                }
            ], 
            "wiki_id": 1724836, 
            "wiki_title": "Reliability engineering"
        }, 
        {
            "annotations": [
                {
                    "begin": 954, 
                    "end": 963, 
                    "score": 0.2678251564502716, 
                    "spot": "terrorism"
                }
            ], 
            "wiki_id": 30636, 
            "wiki_title": "Terrorism"
        }, 
        {
            "annotations": [
                {
                    "begin": 1563, 
                    "end": 1570, 
                    "score": 0.0740962103009224, 
                    "spot": "parties"
                }
            ], 
            "wiki_id": 23996, 
            "wiki_title": "Political party"
        }, 
        {
            "annotations": [
                {
                    "begin": 2057, 
                    "end": 2065, 
                    "score": 0.16245882213115692, 
                    "spot": "economic"
                }
            ], 
            "wiki_id": 6639133, 
            "wiki_title": "Economy"
        }, 
        {
            "annotations": [
                {
                    "begin": 56, 
                    "end": 60, 
                    "score": 0.07328739017248154, 
                    "spot": "Text"
                }
            ], 
            "wiki_id": 305854, 
            "wiki_title": "Text messaging"
        }, 
        {
            "annotations": [
                {
                    "begin": 2103, 
                    "end": 2113, 
                    "score": 0.09709570556879044, 
                    "spot": "devastated"
                }
            ], 
            "wiki_id": 11778948, 
            "wiki_title": "Atomic bombings of Hiroshima and Nagasaki"
        }, 
        {
            "annotations": [
                {
                    "begin": 571, 
                    "end": 581, 
                    "score": 0.18265850841999054, 
                    "spot": "government"
                }, 
                {
                    "begin": 2136, 
                    "end": 2146, 
                    "score": 0.09740331768989563, 
                    "spot": "government"
                }, 
                {
                    "begin": 2231, 
                    "end": 2241, 
                    "score": 0.19169370830059052, 
                    "spot": "government"
                }
            ], 
            "wiki_id": 12229, 
            "wiki_title": "Government"
        }, 
        {
            "annotations": [
                {
                    "begin": 638, 
                    "end": 645, 
                    "score": 0.06844636052846909, 
                    "spot": "details"
                }
            ], 
            "wiki_id": 924170, 
            "wiki_title": "Elections in the United States"
        }, 
        {
            "annotations": [
                {
                    "begin": 519, 
                    "end": 527, 
                    "score": 0.19929035007953644, 
                    "spot": "sentence"
                }, 
                {
                    "begin": 1482, 
                    "end": 1491, 
                    "score": 0.10549783706665039, 
                    "spot": "sentences"
                }
            ], 
            "wiki_id": 870351, 
            "wiki_title": "Sentence (law)"
        }, 
        {
            "annotations": [
                {
                    "begin": 346, 
                    "end": 358, 
                    "score": 0.854054868221283, 
                    "spot": "Shining Path"
                }, 
                {
                    "begin": 603, 
                    "end": 615, 
                    "score": 0.5, 
                    "spot": "Shining Path"
                }, 
                {
                    "begin": 1076, 
                    "end": 1100, 
                    "score": 0.1666666716337204, 
                    "spot": "People's Guerrilla \nArmy"
                }, 
                {
                    "begin": 1236, 
                    "end": 1248, 
                    "score": 0.5, 
                    "spot": "Shining Path"
                }, 
                {
                    "begin": 1706, 
                    "end": 1718, 
                    "score": 0.5, 
                    "spot": "Shining Path"
                }, 
                {
                    "begin": 1882, 
                    "end": 1894, 
                    "score": 0.5, 
                    "spot": "Shining Path"
                }, 
                {
                    "begin": 2247, 
                    "end": 2259, 
                    "score": 0.6683042049407959, 
                    "spot": "Shining Path"
                }
            ], 
            "wiki_id": 28521, 
            "wiki_title": "Shining Path"
        }, 
        {
            "annotations": [
                {
                    "begin": 34, 
                    "end": 41, 
                    "score": 0.13981495797634125, 
                    "spot": "Article"
                }
            ], 
            "wiki_id": 48203, 
            "wiki_title": "Article (grammar)"
        }, 
        {
            "annotations": [
                {
                    "begin": 758, 
                    "end": 766, 
                    "score": 0.10790401697158813, 
                    "spot": "directed"
                }
            ], 
            "wiki_id": 21554680, 
            "wiki_title": "Film director"
        }, 
        {
            "annotations": [
                {
                    "begin": 42, 
                    "end": 46, 
                    "score": 0.1449640393257141, 
                    "spot": "Type"
                }
            ], 
            "wiki_id": 47300, 
            "wiki_title": "Movable type"
        }, 
        {
            "annotations": [
                {
                    "begin": 934, 
                    "end": 939, 
                    "score": 0.07603539526462555, 
                    "spot": "forms"
                }
            ], 
            "wiki_id": 485429, 
            "wiki_title": "Chinese martial arts"
        }, 
        {
            "annotations": [
                {
                    "begin": 2066, 
                    "end": 2073, 
                    "score": 0.16029609739780426, 
                    "spot": "support"
                }
            ], 
            "wiki_id": 638229, 
            "wiki_title": "Technical support"
        }, 
        {
            "annotations": [
                {
                    "begin": 1019, 
                    "end": 1029, 
                    "score": 0.21005156636238098, 
                    "spot": "propaganda"
                }
            ], 
            "wiki_id": 23203, 
            "wiki_title": "Propaganda"
        }, 
        {
            "annotations": [
                {
                    "begin": 1539, 
                    "end": 1548, 
                    "score": 0.13995806872844696, 
                    "spot": "relations"
                }
            ], 
            "wiki_id": 82533, 
            "wiki_title": "International relations"
        }, 
        {
            "annotations": [
                {
                    "begin": 899, 
                    "end": 903, 
                    "score": 0.050102800130844116, 
                    "spot": "stop"
                }
            ], 
            "wiki_id": 29480, 
            "wiki_title": "Stop consonant"
        }, 
        {
            "annotations": [
                {
                    "begin": 1060, 
                    "end": 1071, 
                    "score": 0.0021227954421192408, 
                    "spot": "dismantling"
                }
            ], 
            "wiki_id": 40350050, 
            "wiki_title": "The Dismantling"
        }, 
        {
            "annotations": [
                {
                    "begin": 1924, 
                    "end": 1932, 
                    "score": 0.15785685181617737, 
                    "spot": "archives"
                }
            ], 
            "wiki_id": 316723, 
            "wiki_title": "Archive"
        }, 
        {
            "annotations": [
                {
                    "begin": 1434, 
                    "end": 1453, 
                    "score": 0.014696485362946987, 
                    "spot": "political prisoners"
                }
            ], 
            "wiki_id": 37307, 
            "wiki_title": "Political prisoner"
        }, 
        {
            "annotations": [
                {
                    "begin": 1777, 
                    "end": 1783, 
                    "score": 0.0771181583404541, 
                    "spot": "social"
                }
            ], 
            "wiki_id": 2345894, 
            "wiki_title": "Social issue"
        }, 
        {
            "annotations": [
                {
                    "begin": 1745, 
                    "end": 1750, 
                    "score": 0.06560339778661728, 
                    "spot": "order"
                }
            ], 
            "wiki_id": 1098136, 
            "wiki_title": "Order (honour)"
        }, 
        {
            "annotations": [
                {
                    "begin": 2078, 
                    "end": 2089, 
                    "score": 0.16364113986492157, 
                    "spot": "investments"
                }
            ], 
            "wiki_id": 63121, 
            "wiki_title": "Investment"
        }, 
        {
            "annotations": [
                {
                    "begin": 771, 
                    "end": 781, 
                    "score": 0.1289188116788864, 
                    "spot": "journalist"
                }
            ], 
            "wiki_id": 50100, 
            "wiki_title": "Journalist"
        }, 
        {
            "annotations": [
                {
                    "begin": 1004, 
                    "end": 1029, 
                    "score": 0.1814306229352951, 
                    "spot": "agitation and \npropaganda"
                }
            ], 
            "wiki_id": 198665, 
            "wiki_title": "Agitprop"
        }, 
        {
            "annotations": [
                {
                    "begin": 1334, 
                    "end": 1341, 
                    "score": 0.12801600992679596, 
                    "spot": "process"
                }
            ], 
            "wiki_id": 6717182, 
            "wiki_title": "Ceramic glaze"
        }, 
        {
            "annotations": [
                {
                    "begin": 198, 
                    "end": 201, 
                    "score": 0.21417544782161713, 
                    "spot": "war"
                }, 
                {
                    "begin": 916, 
                    "end": 919, 
                    "score": 0.15150725841522217, 
                    "spot": "war"
                }, 
                {
                    "begin": 2122, 
                    "end": 2125, 
                    "score": 0.13938602805137634, 
                    "spot": "war"
                }
            ], 
            "wiki_id": 33158, 
            "wiki_title": "War"
        }, 
        {
            "annotations": [
                {
                    "begin": 1956, 
                    "end": 1969, 
                    "score": 0.01232394389808178, 
                    "spot": "other symbols"
                }
            ], 
            "wiki_id": 160283, 
            "wiki_title": "Malayalam script"
        }, 
        {
            "annotations": [
                {
                    "begin": 1207, 
                    "end": 1226, 
                    "score": 0.02857142873108387, 
                    "spot": "people's committees"
                }
            ], 
            "wiki_id": 49906120, 
            "wiki_title": "People's Committees (Yemen)"
        }, 
        {
            "annotations": [
                {
                    "begin": 2128, 
                    "end": 2134, 
                    "score": 0.0008905743015930057, 
                    "spot": "So far"
                }
            ], 
            "wiki_id": 6274386, 
            "wiki_title": "So Far (song)"
        }, 
        {
            "annotations": [
                {
                    "begin": 1584, 
                    "end": 1592, 
                    "score": 0.1190888062119484, 
                    "spot": "stressed"
                }
            ], 
            "wiki_id": 171782, 
            "wiki_title": "Stress (linguistics)"
        }, 
        {
            "annotations": [
                {
                    "begin": 583, 
                    "end": 598, 
                    "score": 0.2990531027317047, 
                    "spot": "representatives"
                }
            ], 
            "wiki_id": 52318, 
            "wiki_title": "Representative democracy"
        }, 
        {
            "annotations": [
                {
                    "begin": 513, 
                    "end": 527, 
                    "score": 0.19626589119434357, 
                    "spot": "life \nsentence"
                }
            ], 
            "wiki_id": 3275619, 
            "wiki_title": "Life imprisonment in England and Wales"
        }, 
        {
            "annotations": [
                {
                    "begin": 1913, 
                    "end": 1921, 
                    "score": 0.18578968942165375, 
                    "spot": "movement"
                }
            ], 
            "wiki_id": 234984, 
            "wiki_title": "Social movement"
        }, 
        {
            "annotations": [
                {
                    "begin": 1, 
                    "end": 9, 
                    "score": 0.19210273027420044, 
                    "spot": "Language"
                }
            ], 
            "wiki_id": 17524, 
            "wiki_title": "Language"
        }, 
        {
            "annotations": [
                {
                    "begin": 1151, 
                    "end": 1158, 
                    "score": 0.10973800718784332, 
                    "spot": "weapons"
                }
            ], 
            "wiki_id": 33496, 
            "wiki_title": "Weapon"
        }, 
        {
            "annotations": [
                {
                    "begin": 701, 
                    "end": 711, 
                    "score": 0.04047110304236412, 
                    "spot": "agreements"
                }, 
                {
                    "begin": 1809, 
                    "end": 1818, 
                    "score": 0.16073688864707947, 
                    "spot": "agreement"
                }, 
                {
                    "begin": 2023, 
                    "end": 2032, 
                    "score": 0.09920721501111984, 
                    "spot": "agreement"
                }, 
                {
                    "begin": 2209, 
                    "end": 2218, 
                    "score": 0.18417778611183167, 
                    "spot": "agreement"
                }
            ], 
            "wiki_id": 19280537, 
            "wiki_title": "Contract"
        }, 
        {
            "annotations": [
                {
                    "begin": 808, 
                    "end": 815, 
                    "score": 0.13826976716518402, 
                    "spot": "America"
                }
            ], 
            "wiki_id": 29833, 
            "wiki_title": "Americas"
        }, 
        {
            "annotations": [
                {
                    "begin": 827, 
                    "end": 845, 
                    "score": 0.08007636666297913, 
                    "spot": "Television Network"
                }
            ], 
            "wiki_id": 113604, 
            "wiki_title": "Broadcasting"
        }, 
        {
            "annotations": [
                {
                    "begin": 1251, 
                    "end": 1258, 
                    "score": 0.17451491951942444, 
                    "spot": "support"
                }
            ], 
            "wiki_id": 43038852, 
            "wiki_title": "United States and state-sponsored terrorism"
        }, 
        {
            "annotations": [
                {
                    "begin": 2178, 
                    "end": 2186, 
                    "score": 0.03252667933702469, 
                    "spot": "rejected"
                }
            ], 
            "wiki_id": 3006497, 
            "wiki_title": "Social rejection"
        }, 
        {
            "annotations": [
                {
                    "begin": 236, 
                    "end": 252, 
                    "score": 0.26328903436660767, 
                    "spot": "general \namnesty"
                }, 
                {
                    "begin": 245, 
                    "end": 252, 
                    "score": 0.20740659534931183, 
                    "spot": "amnesty"
                }, 
                {
                    "begin": 1293, 
                    "end": 1308, 
                    "score": 0.34654301404953003, 
                    "spot": "general amnesty"
                }, 
                {
                    "begin": 1301, 
                    "end": 1308, 
                    "score": 0.38517555594444275, 
                    "spot": "amnesty"
                }
            ], 
            "wiki_id": 18940624, 
            "wiki_title": "Amnesty"
        }, 
        {
            "annotations": [
                {
                    "begin": 396, 
                    "end": 410, 
                    "score": 0.14813537895679474, 
                    "spot": "administration"
                }
            ], 
            "wiki_id": 58886, 
            "wiki_title": "Business administration"
        }, 
        {
            "annotations": [
                {
                    "begin": 1935, 
                    "end": 1942, 
                    "score": 0.22524391114711761, 
                    "spot": "library"
                }
            ], 
            "wiki_id": 17727, 
            "wiki_title": "Library"
        }, 
        {
            "annotations": [
                {
                    "begin": 1492, 
                    "end": 1499, 
                    "score": 0.14240892231464386, 
                    "spot": "reduced"
                }
            ], 
            "wiki_id": 49198, 
            "wiki_title": "Reductionism"
        }, 
        {
            "annotations": [
                {
                    "begin": 272, 
                    "end": 278, 
                    "score": 0.11298935115337372, 
                    "spot": "points"
                }
            ], 
            "wiki_id": 150160, 
            "wiki_title": "Railroad switch"
        }, 
        {
            "annotations": [
                {
                    "begin": 1259, 
                    "end": 1263, 
                    "score": 0.003099186113104224, 
                    "spot": "base"
                }
            ], 
            "wiki_id": 59220, 
            "wiki_title": "Base (topology)"
        }, 
        {
            "annotations": [
                {
                    "begin": 368, 
                    "end": 387, 
                    "score": 0.07270029932260513, 
                    "spot": "Peruvian Government"
                }
            ], 
            "wiki_id": 1908022, 
            "wiki_title": "Government of Peru"
        }, 
        {
            "annotations": [
                {
                    "begin": 1279, 
                    "end": 1286, 
                    "score": 0.0646582841873169, 
                    "spot": "country"
                }, 
                {
                    "begin": 1767, 
                    "end": 1774, 
                    "score": 0.1388678401708603, 
                    "spot": "country"
                }
            ], 
            "wiki_id": 21627, 
            "wiki_title": "Nation state"
        }, 
        {
            "annotations": [
                {
                    "begin": 62, 
                    "end": 66, 
                    "score": 0.27420464158058167, 
                    "spot": "Lima"
                }, 
                {
                    "begin": 803, 
                    "end": 807, 
                    "score": 0.33191537857055664, 
                    "spot": "Lima"
                }
            ], 
            "wiki_id": 85423, 
            "wiki_title": "Lima"
        }, 
        {
            "annotations": [
                {
                    "begin": 816, 
                    "end": 825, 
                    "score": 0.6074674129486084, 
                    "spot": "Channel 4"
                }
            ], 
            "wiki_id": 6321, 
            "wiki_title": "Channel 4"
        }, 
        {
            "annotations": [
                {
                    "begin": 884, 
                    "end": 890, 
                    "score": 0.06979481130838394, 
                    "spot": "aspect"
                }
            ], 
            "wiki_id": 275874, 
            "wiki_title": "Railway signal"
        }, 
        {
            "annotations": [
                {
                    "begin": 1130, 
                    "end": 1141, 
                    "score": 0.11910287290811539, 
                    "spot": "destruction"
                }
            ], 
            "wiki_id": 5058690, 
            "wiki_title": "September 11 attacks"
        }, 
        {
            "annotations": [
                {
                    "begin": 321, 
                    "end": 331, 
                    "score": 0.0034722222480922937, 
                    "spot": "vanquished"
                }, 
                {
                    "begin": 1645, 
                    "end": 1655, 
                    "score": 0.0034722222480922937, 
                    "spot": "vanquished"
                }
            ], 
            "wiki_id": 46239526, 
            "wiki_title": "The Vanquished"
        }, 
        {
            "annotations": [
                {
                    "begin": 1677, 
                    "end": 1680, 
                    "score": 0.06427302211523056, 
                    "spot": "way"
                }
            ], 
            "wiki_id": 736919, 
            "wiki_title": "Camino de Santiago"
        }, 
        {
            "annotations": [
                {
                    "begin": 1454, 
                    "end": 1458, 
                    "score": 0.17103484272956848, 
                    "spot": "will"
                }
            ], 
            "wiki_id": 47921, 
            "wiki_title": "Free will"
        }, 
        {
            "annotations": [
                {
                    "begin": 1631, 
                    "end": 1641, 
                    "score": 0.0592428594827652, 
                    "spot": "conquerors"
                }
            ], 
            "wiki_id": 303159, 
            "wiki_title": "Conquistador"
        }, 
        {
            "annotations": [
                {
                    "begin": 627, 
                    "end": 633, 
                    "score": 0.16041649878025055, 
                    "spot": "prison"
                }
            ], 
            "wiki_id": 19008450, 
            "wiki_title": "Prison"
        }, 
        {
            "annotations": [
                {
                    "begin": 1727, 
                    "end": 1740, 
                    "score": 0.16442786157131195, 
                    "spot": "living abroad"
                }
            ], 
            "wiki_id": 287078, 
            "wiki_title": "Expatriate"
        }, 
        {
            "annotations": [
                {
                    "begin": 2192, 
                    "end": 2200, 
                    "score": 0.09364379942417145, 
                    "spot": "accuracy"
                }
            ], 
            "wiki_id": 41932, 
            "wiki_title": "Accuracy and precision"
        }, 
        {
            "annotations": [
                {
                    "begin": 943, 
                    "end": 951, 
                    "score": 0.09178123623132706, 
                    "spot": "fighting"
                }
            ], 
            "wiki_id": 23769768, 
            "wiki_title": "Boko Haram"
        }, 
        {
            "annotations": [
                {
                    "begin": 47, 
                    "end": 50, 
                    "score": 0.30000001192092896, 
                    "spot": "BFN"
                }
            ], 
            "wiki_id": 23401414, 
            "wiki_title": "Federal Agency for Nature Conservation"
        }, 
        {
            "annotations": [
                {
                    "begin": 1998, 
                    "end": 2001, 
                    "score": 0.2592284083366394, 
                    "spot": "One"
                }
            ], 
            "wiki_id": 22770, 
            "wiki_title": "1 (number)"
        }, 
        {
            "annotations": [
                {
                    "begin": 190, 
                    "end": 197, 
                    "score": 0.06370346993207932, 
                    "spot": "popular"
                }, 
                {
                    "begin": 908, 
                    "end": 915, 
                    "score": 0.07328913360834122, 
                    "spot": "popular"
                }
            ], 
            "wiki_id": 24297671, 
            "wiki_title": "Popular music"
        }, 
        {
            "annotations": [
                {
                    "begin": 1755, 
                    "end": 1762, 
                    "score": 0.0015738899819552898, 
                    "spot": "recover"
                }
            ], 
            "wiki_id": 239217, 
            "wiki_title": "Healing"
        }, 
        {
            "annotations": [
                {
                    "begin": 284, 
                    "end": 299, 
                    "score": 0.017672648653388023, 
                    "spot": "peace agreement"
                }
            ], 
            "wiki_id": 404505, 
            "wiki_title": "Peace treaty"
        }, 
        {
            "annotations": [
                {
                    "begin": 104, 
                    "end": 123, 
                    "score": 0.09154538810253143, 
                    "spot": "television \nprogram"
                }, 
                {
                    "begin": 749, 
                    "end": 756, 
                    "score": 0.15546686947345734, 
                    "spot": "program"
                }
            ], 
            "wiki_id": 19508643, 
            "wiki_title": "Television program"
        }, 
        {
            "annotations": [
                {
                    "begin": 1788, 
                    "end": 1799, 
                    "score": 0.0058139534667134285, 
                    "spot": "normal life"
                }
            ], 
            "wiki_id": 12883423, 
            "wiki_title": "Normal Life"
        }, 
        {
            "annotations": [
                {
                    "begin": 975, 
                    "end": 982, 
                    "score": 0.10816190391778946, 
                    "spot": "murders"
                }
            ], 
            "wiki_id": 20171, 
            "wiki_title": "Murder"
        }, 
        {
            "annotations": [
                {
                    "begin": 446, 
                    "end": 454, 
                    "score": 0.060078322887420654, 
                    "spot": "admitted"
                }
            ], 
            "wiki_id": 167316, 
            "wiki_title": "Graduation"
        }, 
        {
            "annotations": [
                {
                    "begin": 490, 
                    "end": 493, 
                    "score": 0.001720538828521967, 
                    "spot": "who"
                }
            ], 
            "wiki_id": 36517, 
            "wiki_title": "The Who"
        }, 
        {
            "annotations": [
                {
                    "begin": 1043, 
                    "end": 1048, 
                    "score": 0.041628558188676834, 
                    "spot": "point"
                }
            ], 
            "wiki_id": 354010, 
            "wiki_title": "The Point (radio network)"
        }, 
        {
            "annotations": [
                {
                    "begin": 1869, 
                    "end": 1878, 
                    "score": 0.07378605008125305, 
                    "spot": "relatives"
                }
            ], 
            "wiki_id": 265570, 
            "wiki_title": "Kinship"
        }, 
        {
            "annotations": [
                {
                    "begin": 221, 
                    "end": 228, 
                    "score": 0.16054362058639526, 
                    "spot": "weapons"
                }
            ], 
            "wiki_id": 21785, 
            "wiki_title": "Nuclear weapon"
        }, 
        {
            "annotations": [
                {
                    "begin": 208, 
                    "end": 217, 
                    "score": 0.21959377825260162, 
                    "spot": "surrender"
                }, 
                {
                    "begin": 1112, 
                    "end": 1121, 
                    "score": 0.1888846755027771, 
                    "spot": "surrender"
                }
            ], 
            "wiki_id": 2214085, 
            "wiki_title": "Surrender (military)"
        }, 
        {
            "annotations": [
                {
                    "begin": 21, 
                    "end": 28, 
                    "score": 0.2721529006958008, 
                    "spot": "Spanish"
                }
            ], 
            "wiki_id": 26825, 
            "wiki_title": "Spanish language"
        }, 
        {
            "annotations": [
                {
                    "begin": 424, 
                    "end": 440, 
                    "score": 0.5, 
                    "spot": "Alberto Fujimori"
                }
            ], 
            "wiki_id": 148483, 
            "wiki_title": "Alberto Fujimori"
        }
    ]
}