{
    "tagme": [
        {
            "annotations": [
                {
                    "begin": 1303, 
                    "end": 1317, 
                    "score": 0.03298347070813179, 
                    "spot": "free of charge"
                }
            ], 
            "wiki_id": 11592, 
            "wiki_title": "Freeware"
        }, 
        {
            "annotations": [
                {
                    "begin": 183, 
                    "end": 192, 
                    "score": 0.18805643916130066, 
                    "spot": "mortality"
                }, 
                {
                    "begin": 293, 
                    "end": 302, 
                    "score": 0.17006412148475647, 
                    "spot": "mortality"
                }
            ], 
            "wiki_id": 8221, 
            "wiki_title": "Death"
        }, 
        {
            "annotations": [
                {
                    "begin": 1229, 
                    "end": 1234, 
                    "score": 0.1293700486421585, 
                    "spot": "state"
                }
            ], 
            "wiki_id": 28151, 
            "wiki_title": "State (polity)"
        }, 
        {
            "annotations": [
                {
                    "begin": 1248, 
                    "end": 1257, 
                    "score": 0.1892836093902588, 
                    "spot": "hospitals"
                }
            ], 
            "wiki_id": 18994221, 
            "wiki_title": "Hospital"
        }, 
        {
            "annotations": [
                {
                    "begin": 112, 
                    "end": 116, 
                    "score": 0.3994219899177551, 
                    "spot": "Riga"
                }
            ], 
            "wiki_id": 25508, 
            "wiki_title": "Riga"
        }, 
        {
            "annotations": [
                {
                    "begin": 671, 
                    "end": 683, 
                    "score": 0.020192991942167282, 
                    "spot": "shortcomings"
                }
            ], 
            "wiki_id": 27686, 
            "wiki_title": "Spreadsheet"
        }, 
        {
            "annotations": [
                {
                    "begin": 29, 
                    "end": 33, 
                    "score": 0.06281094253063202, 
                    "spot": "Anda"
                }
            ], 
            "wiki_id": 1021646, 
            "wiki_title": "Anda, Pangasinan"
        }, 
        {
            "annotations": [
                {
                    "begin": 348, 
                    "end": 353, 
                    "score": 0.03319491446018219, 
                    "spot": "cases"
                }, 
                {
                    "begin": 793, 
                    "end": 798, 
                    "score": 0.08257798850536346, 
                    "spot": "cases"
                }, 
                {
                    "begin": 1036, 
                    "end": 1041, 
                    "score": 0.12334974110126495, 
                    "spot": "cases"
                }
            ], 
            "wiki_id": 304471, 
            "wiki_title": "Case study"
        }, 
        {
            "annotations": [
                {
                    "begin": 460, 
                    "end": 468, 
                    "score": 0.08788313716650009, 
                    "spot": "registry"
                }
            ], 
            "wiki_id": 6162348, 
            "wiki_title": "Flag state"
        }, 
        {
            "annotations": [
                {
                    "begin": 826, 
                    "end": 835, 
                    "score": 0.07329479604959488, 
                    "spot": "mandatory"
                }, 
                {
                    "begin": 1070, 
                    "end": 1079, 
                    "score": 0.07329479604959488, 
                    "spot": "mandatory"
                }
            ], 
            "wiki_id": 5735, 
            "wiki_title": "Conscription"
        }, 
        {
            "annotations": [
                {
                    "begin": 509, 
                    "end": 521, 
                    "score": 0.06550218164920807, 
                    "spot": "Lung Disease"
                }
            ], 
            "wiki_id": 30206738, 
            "wiki_title": "Chronic obstructive pulmonary disease"
        }, 
        {
            "annotations": [
                {
                    "begin": 1382, 
                    "end": 1392, 
                    "score": 0.13716024160385132, 
                    "spot": "operations"
                }
            ], 
            "wiki_id": 45599, 
            "wiki_title": "Surgery"
        }, 
        {
            "annotations": [
                {
                    "begin": 69, 
                    "end": 74, 
                    "score": 0.09450297802686691, 
                    "spot": "Cases"
                }
            ], 
            "wiki_id": 8645, 
            "wiki_title": "Declension"
        }, 
        {
            "annotations": [
                {
                    "begin": 1460, 
                    "end": 1478, 
                    "score": 0.3723033368587494, 
                    "spot": "chronic alcoholics"
                }, 
                {
                    "begin": 1468, 
                    "end": 1478, 
                    "score": 0.35376715660095215, 
                    "spot": "alcoholics"
                }
            ], 
            "wiki_id": 2965, 
            "wiki_title": "Alcoholism"
        }, 
        {
            "annotations": [
                {
                    "begin": 46, 
                    "end": 52, 
                    "score": 0.13516207039356232, 
                    "spot": "Number"
                }, 
                {
                    "begin": 324, 
                    "end": 330, 
                    "score": 0.0007761751185171306, 
                    "spot": "number"
                }
            ], 
            "wiki_id": 42296, 
            "wiki_title": "Grammatical number"
        }, 
        {
            "annotations": [
                {
                    "begin": 663, 
                    "end": 667, 
                    "score": 0.06743602454662323, 
                    "spot": "well"
                }
            ], 
            "wiki_id": 198570, 
            "wiki_title": "Oil well"
        }, 
        {
            "annotations": [
                {
                    "begin": 1, 
                    "end": 4, 
                    "score": 0.09375784546136856, 
                    "spot": "CSO"
                }
            ], 
            "wiki_id": 46539, 
            "wiki_title": "Non-governmental organization"
        }, 
        {
            "annotations": [
                {
                    "begin": 1175, 
                    "end": 1180, 
                    "score": 0.011201015673577785, 
                    "spot": "still"
                }
            ], 
            "wiki_id": 23604, 
            "wiki_title": "Photography"
        }, 
        {
            "annotations": [
                {
                    "begin": 782, 
                    "end": 792, 
                    "score": 0.07916570454835892, 
                    "spot": "infectious"
                }, 
                {
                    "begin": 1025, 
                    "end": 1035, 
                    "score": 0.08441811800003052, 
                    "spot": "infectious"
                }
            ], 
            "wiki_id": 37220, 
            "wiki_title": "Infection"
        }, 
        {
            "annotations": [
                {
                    "begin": 651, 
                    "end": 657, 
                    "score": 0.12339337915182114, 
                    "spot": "nation"
                }
            ], 
            "wiki_id": 21754, 
            "wiki_title": "Nation"
        }, 
        {
            "annotations": [
                {
                    "begin": 914, 
                    "end": 933, 
                    "score": 0.1666666716337204, 
                    "spot": "Ministry of Welfare"
                }
            ], 
            "wiki_id": 35812795, 
            "wiki_title": "Ministry of Welfare (Iceland)"
        }, 
        {
            "annotations": [
                {
                    "begin": 1483, 
                    "end": 1489, 
                    "score": 0.10734730958938599, 
                    "spot": "suffer"
                }
            ], 
            "wiki_id": 206583, 
            "wiki_title": "Suffering"
        }, 
        {
            "annotations": [
                {
                    "begin": 614, 
                    "end": 618, 
                    "score": 0.23789891600608826, 
                    "spot": "poor"
                }
            ], 
            "wiki_id": 64959, 
            "wiki_title": "Poverty"
        }, 
        {
            "annotations": [
                {
                    "begin": 946, 
                    "end": 953, 
                    "score": 0.08599475771188736, 
                    "spot": "medical"
                }
            ], 
            "wiki_id": 175440, 
            "wiki_title": "Medical cannabis"
        }, 
        {
            "annotations": [
                {
                    "begin": 440, 
                    "end": 455, 
                    "score": 0.056065239012241364, 
                    "spot": "data processing"
                }
            ], 
            "wiki_id": 41961, 
            "wiki_title": "Data processing"
        }, 
        {
            "annotations": [
                {
                    "begin": 1270, 
                    "end": 1279, 
                    "score": 0.21608732640743256, 
                    "spot": "treatment"
                }
            ], 
            "wiki_id": 13311819, 
            "wiki_title": "Therapy"
        }, 
        {
            "annotations": [
                {
                    "begin": 983, 
                    "end": 1003, 
                    "score": 0.0762711837887764, 
                    "spot": "Cabinet of Ministers"
                }, 
                {
                    "begin": 1149, 
                    "end": 1169, 
                    "score": 0.3267478346824646, 
                    "spot": "Cabinet of Ministers"
                }
            ], 
            "wiki_id": 32187890, 
            "wiki_title": "Cabinet (government)"
        }, 
        {
            "annotations": [
                {
                    "begin": 18, 
                    "end": 25, 
                    "score": 0.16503049433231354, 
                    "spot": "Article"
                }
            ], 
            "wiki_id": 48203, 
            "wiki_title": "Article (grammar)"
        }, 
        {
            "annotations": [
                {
                    "begin": 1124, 
                    "end": 1127, 
                    "score": 0.0015304551925510168, 
                    "spot": "day"
                }
            ], 
            "wiki_id": 8376, 
            "wiki_title": "Day"
        }, 
        {
            "annotations": [
                {
                    "begin": 720, 
                    "end": 732, 
                    "score": 0.26525887846946716, 
                    "spot": "present time"
                }, 
                {
                    "begin": 1206, 
                    "end": 1213, 
                    "score": 0.02552741952240467, 
                    "spot": "present"
                }
            ], 
            "wiki_id": 873021, 
            "wiki_title": "Present"
        }, 
        {
            "annotations": [
                {
                    "begin": 691, 
                    "end": 702, 
                    "score": 0.17494668066501617, 
                    "spot": "legislative"
                }, 
                {
                    "begin": 954, 
                    "end": 965, 
                    "score": 0.20080813765525818, 
                    "spot": "legislative"
                }
            ], 
            "wiki_id": 44421, 
            "wiki_title": "Legislature"
        }, 
        {
            "annotations": [
                {
                    "begin": 118, 
                    "end": 123, 
                    "score": 0.5, 
                    "spot": "Feb.4"
                }
            ], 
            "wiki_id": 40816967, 
            "wiki_title": "Iron tetraboride"
        }, 
        {
            "annotations": [
                {
                    "begin": 56, 
                    "end": 68, 
                    "score": 0.3703380525112152, 
                    "spot": "Tuberculosis"
                }, 
                {
                    "begin": 156, 
                    "end": 168, 
                    "score": 0.4750269055366516, 
                    "spot": "tuberculosis"
                }, 
                {
                    "begin": 241, 
                    "end": 253, 
                    "score": 0.4750269055366516, 
                    "spot": "tuberculosis"
                }, 
                {
                    "begin": 335, 
                    "end": 347, 
                    "score": 0.3714832365512848, 
                    "spot": "tuberculosis"
                }, 
                {
                    "begin": 492, 
                    "end": 504, 
                    "score": 0.5246663689613342, 
                    "spot": "Tuberculosis"
                }, 
                {
                    "begin": 566, 
                    "end": 578, 
                    "score": 0.49738508462905884, 
                    "spot": "tuberculosis"
                }, 
                {
                    "begin": 802, 
                    "end": 814, 
                    "score": 0.5160794258117676, 
                    "spot": "tuberculosis"
                }, 
                {
                    "begin": 1046, 
                    "end": 1058, 
                    "score": 0.5160794258117676, 
                    "spot": "tuberculosis"
                }, 
                {
                    "begin": 1235, 
                    "end": 1247, 
                    "score": 0.4486220180988312, 
                    "spot": "tuberculosis"
                }, 
                {
                    "begin": 1284, 
                    "end": 1296, 
                    "score": 0.5051873922348022, 
                    "spot": "tuberculosis"
                }, 
                {
                    "begin": 1496, 
                    "end": 1508, 
                    "score": 0.46621471643447876, 
                    "spot": "tuberculosis"
                }
            ], 
            "wiki_id": 30653, 
            "wiki_title": "Tuberculosis"
        }, 
        {
            "annotations": [
                {
                    "begin": 318, 
                    "end": 323, 
                    "score": 0.0009600822231732309, 
                    "spot": "total"
                }
            ], 
            "wiki_id": 23577, 
            "wiki_title": "Partial function"
        }, 
        {
            "annotations": [
                {
                    "begin": 1311, 
                    "end": 1317, 
                    "score": 0.0849234089255333, 
                    "spot": "charge"
                }
            ], 
            "wiki_id": 921126, 
            "wiki_title": "Charge (heraldry)"
        }, 
        {
            "annotations": [
                {
                    "begin": 169, 
                    "end": 178, 
                    "score": 0.29223304986953735, 
                    "spot": "morbidity"
                }, 
                {
                    "begin": 254, 
                    "end": 263, 
                    "score": 0.29223304986953735, 
                    "spot": "morbidity"
                }, 
                {
                    "begin": 579, 
                    "end": 588, 
                    "score": 0.3430555462837219, 
                    "spot": "morbidity"
                }
            ], 
            "wiki_id": 8072, 
            "wiki_title": "Disease"
        }, 
        {
            "annotations": [
                {
                    "begin": 691, 
                    "end": 710, 
                    "score": 0.1416526436805725, 
                    "spot": "legislative process"
                }
            ], 
            "wiki_id": 70935, 
            "wiki_title": "Parliamentary procedure"
        }, 
        {
            "annotations": [
                {
                    "begin": 83, 
                    "end": 89, 
                    "score": 0.6138619184494019, 
                    "spot": "Latvia"
                }, 
                {
                    "begin": 755, 
                    "end": 761, 
                    "score": 0.45911189913749695, 
                    "spot": "Latvia"
                }, 
                {
                    "begin": 1215, 
                    "end": 1221, 
                    "score": 0.49578914046287537, 
                    "spot": "Latvia"
                }
            ], 
            "wiki_id": 17514, 
            "wiki_title": "Latvia"
        }, 
        {
            "annotations": [
                {
                    "begin": 1479, 
                    "end": 1482, 
                    "score": 0.08680100739002228, 
                    "spot": "who"
                }
            ], 
            "wiki_id": 36517, 
            "wiki_title": "The Who"
        }, 
        {
            "annotations": [
                {
                    "begin": 728, 
                    "end": 732, 
                    "score": 0.1990424245595932, 
                    "spot": "time"
                }
            ], 
            "wiki_id": 30012, 
            "wiki_title": "Time"
        }, 
        {
            "annotations": [
                {
                    "begin": 1430, 
                    "end": 1438, 
                    "score": 0.16323012113571167, 
                    "spot": "patients"
                }
            ], 
            "wiki_id": 437724, 
            "wiki_title": "Patient"
        }, 
        {
            "annotations": [
                {
                    "begin": 836, 
                    "end": 845, 
                    "score": 0.09808780252933502, 
                    "spot": "treatment"
                }, 
                {
                    "begin": 1080, 
                    "end": 1089, 
                    "score": 0.09808780252933502, 
                    "spot": "treatment"
                }
            ], 
            "wiki_id": 1330683, 
            "wiki_title": "Tuberculosis management"
        }, 
        {
            "annotations": [
                {
                    "begin": 1297, 
                    "end": 1302, 
                    "score": 0.08933599293231964, 
                    "spot": "cases"
                }
            ], 
            "wiki_id": 23004, 
            "wiki_title": "Precedent"
        }, 
        {
            "annotations": [
                {
                    "begin": 869, 
                    "end": 873, 
                    "score": 0.019332563504576683, 
                    "spot": "past"
                }
            ], 
            "wiki_id": 31591, 
            "wiki_title": "Time travel"
        }, 
        {
            "annotations": [
                {
                    "begin": 954, 
                    "end": 974, 
                    "score": 0.2091006189584732, 
                    "spot": "legislative proposal"
                }, 
                {
                    "begin": 1133, 
                    "end": 1141, 
                    "score": 0.08547700941562653, 
                    "spot": "proposal"
                }
            ], 
            "wiki_id": 377411, 
            "wiki_title": "Bill (law)"
        }, 
        {
            "annotations": [
                {
                    "begin": 106, 
                    "end": 110, 
                    "score": 0.05409001559019089, 
                    "spot": "Text"
                }
            ], 
            "wiki_id": 28207, 
            "wiki_title": "Short Message Service"
        }, 
        {
            "annotations": [
                {
                    "begin": 408, 
                    "end": 412, 
                    "score": 0.11554621905088425, 
                    "spot": "Inta"
                }
            ], 
            "wiki_id": 3906809, 
            "wiki_title": "Inta"
        }, 
        {
            "annotations": [
                {
                    "begin": 1355, 
                    "end": 1359, 
                    "score": 0.31061598658561707, 
                    "spot": "Ogre"
                }
            ], 
            "wiki_id": 239835, 
            "wiki_title": "Ogre"
        }, 
        {
            "annotations": [
                {
                    "begin": 486, 
                    "end": 491, 
                    "score": 0.15449205040931702, 
                    "spot": "State"
                }
            ], 
            "wiki_id": 23604120, 
            "wiki_title": "Sovereign state"
        }, 
        {
            "annotations": [
                {
                    "begin": 747, 
                    "end": 751, 
                    "score": 0.11167402565479279, 
                    "spot": "laws"
                }
            ], 
            "wiki_id": 18949668, 
            "wiki_title": "Law"
        }, 
        {
            "annotations": [
                {
                    "begin": 884, 
                    "end": 904, 
                    "score": 0.07969270646572113, 
                    "spot": "Department of Health"
                }
            ], 
            "wiki_id": 373579, 
            "wiki_title": "Department of Health (United Kingdom)"
        }, 
        {
            "annotations": [
                {
                    "begin": 619, 
                    "end": 632, 
                    "score": 0.19547772407531738, 
                    "spot": "socioeconomic"
                }
            ], 
            "wiki_id": 503119, 
            "wiki_title": "Socioeconomics"
        }, 
        {
            "annotations": [
                {
                    "begin": 539, 
                    "end": 544, 
                    "score": 0.18125000596046448, 
                    "spot": "DIENA"
                }
            ], 
            "wiki_id": 20206180, 
            "wiki_title": "Diena"
        }, 
        {
            "annotations": [
                {
                    "begin": 219, 
                    "end": 229, 
                    "score": 0.12267372012138367, 
                    "spot": "comparison"
                }
            ], 
            "wiki_id": 206610, 
            "wiki_title": "Comparative"
        }, 
        {
            "annotations": [
                {
                    "begin": 413, 
                    "end": 422, 
                    "score": 0.20000000298023224, 
                    "spot": "Pavlovska"
                }, 
                {
                    "begin": 1105, 
                    "end": 1114, 
                    "score": 0.20000000298023224, 
                    "spot": "Pavlovska"
                }
            ], 
            "wiki_id": 6312287, 
            "wiki_title": "Blagica Pavlovska"
        }, 
        {
            "annotations": [
                {
                    "begin": 1360, 
                    "end": 1365, 
                    "score": 0.06016135215759277, 
                    "spot": "rayon"
                }
            ], 
            "wiki_id": 162017, 
            "wiki_title": "Rayon"
        }, 
        {
            "annotations": [
                {
                    "begin": 522, 
                    "end": 528, 
                    "score": 0.052577730268239975, 
                    "spot": "Center"
                }
            ], 
            "wiki_id": 136589, 
            "wiki_title": "Center, Texas"
        }, 
        {
            "annotations": [
                {
                    "begin": 470, 
                    "end": 478, 
                    "score": 0.13450771570205688, 
                    "spot": "division"
                }
            ], 
            "wiki_id": 1938160, 
            "wiki_title": "Division (country subdivision)"
        }, 
        {
            "annotations": [
                {
                    "begin": 424, 
                    "end": 432, 
                    "score": 0.07783744484186172, 
                    "spot": "director"
                }
            ], 
            "wiki_id": 4822, 
            "wiki_title": "Board of directors"
        }, 
        {
            "annotations": [
                {
                    "begin": 204, 
                    "end": 208, 
                    "score": 0.18233056366443634, 
                    "spot": "past"
                }
            ], 
            "wiki_id": 450647, 
            "wiki_title": "Past tense"
        }
    ]
}