{
    "tagme": [
        {
            "annotations": [
                {
                    "begin": 866, 
                    "end": 871, 
                    "score": 0.2339315414428711, 
                    "spot": "sheep"
                }, 
                {
                    "begin": 1381, 
                    "end": 1386, 
                    "score": 0.20220714807510376, 
                    "spot": "Sheep"
                }
            ], 
            "wiki_id": 17158563, 
            "wiki_title": "Sheep"
        }, 
        {
            "annotations": [
                {
                    "begin": 2674, 
                    "end": 2678, 
                    "score": 0.20816732943058014, 
                    "spot": "kudu"
                }
            ], 
            "wiki_id": 869753, 
            "wiki_title": "CTI Records"
        }, 
        {
            "annotations": [
                {
                    "begin": 540, 
                    "end": 544, 
                    "score": 0.16363221406936646, 
                    "spot": "cows"
                }, 
                {
                    "begin": 624, 
                    "end": 628, 
                    "score": 0.20456251502037048, 
                    "spot": "cows"
                }, 
                {
                    "begin": 1001, 
                    "end": 1005, 
                    "score": 0.26492998003959656, 
                    "spot": "cows"
                }, 
                {
                    "begin": 1984, 
                    "end": 1988, 
                    "score": 0.12906956672668457, 
                    "spot": "cows"
                }, 
                {
                    "begin": 2625, 
                    "end": 2629, 
                    "score": 0.19957536458969116, 
                    "spot": "cows"
                }
            ], 
            "wiki_id": 26051975, 
            "wiki_title": "Cattle"
        }, 
        {
            "annotations": [
                {
                    "begin": 81, 
                    "end": 87, 
                    "score": 0.07315438240766525, 
                    "spot": "Hawkes"
                }
            ], 
            "wiki_id": 1706889, 
            "wiki_title": "John Hawkes (novelist)"
        }, 
        {
            "annotations": [
                {
                    "begin": 2697, 
                    "end": 2708, 
                    "score": 0.08482810854911804, 
                    "spot": "susceptible"
                }
            ], 
            "wiki_id": 931668, 
            "wiki_title": "Susceptible individual"
        }, 
        {
            "annotations": [
                {
                    "begin": 831, 
                    "end": 836, 
                    "score": 0.120873361825943, 
                    "spot": "eaten"
                }
            ], 
            "wiki_id": 5658, 
            "wiki_title": "Cannibalism"
        }, 
        {
            "annotations": [
                {
                    "begin": 1752, 
                    "end": 1755, 
                    "score": 0.14441955089569092, 
                    "spot": "who"
                }
            ], 
            "wiki_id": 33583, 
            "wiki_title": "World Health Organization"
        }, 
        {
            "annotations": [
                {
                    "begin": 2247, 
                    "end": 2252, 
                    "score": 0.05286509916186333, 
                    "spot": "taken"
                }
            ], 
            "wiki_id": 169376, 
            "wiki_title": "Kidnapping"
        }, 
        {
            "annotations": [
                {
                    "begin": 64, 
                    "end": 71, 
                    "score": 0.04055972024798393, 
                    "spot": "Article"
                }
            ], 
            "wiki_id": 2633667, 
            "wiki_title": "Article (publishing)"
        }, 
        {
            "annotations": [
                {
                    "begin": 764, 
                    "end": 768, 
                    "score": 0.02993064746260643, 
                    "spot": "five"
                }
            ], 
            "wiki_id": 6412297, 
            "wiki_title": "5 (number)"
        }, 
        {
            "annotations": [
                {
                    "begin": 565, 
                    "end": 569, 
                    "score": 0.24466225504875183, 
                    "spot": "herd"
                }, 
                {
                    "begin": 2073, 
                    "end": 2077, 
                    "score": 0.1377442479133606, 
                    "spot": "herd"
                }, 
                {
                    "begin": 2205, 
                    "end": 2209, 
                    "score": 0.16240549087524414, 
                    "spot": "herd"
                }
            ], 
            "wiki_id": 969684, 
            "wiki_title": "Herd"
        }, 
        {
            "annotations": [
                {
                    "begin": 1777, 
                    "end": 1783, 
                    "score": 0.5, 
                    "spot": "it. It"
                }
            ], 
            "wiki_id": 2681261, 
            "wiki_title": "Laconic phrase"
        }, 
        {
            "annotations": [
                {
                    "begin": 1464, 
                    "end": 1470, 
                    "score": 0.09767717123031616, 
                    "spot": "births"
                }
            ], 
            "wiki_id": 83443, 
            "wiki_title": "Birth"
        }, 
        {
            "annotations": [
                {
                    "begin": 1106, 
                    "end": 1111, 
                    "score": 0.6267498731613159, 
                    "spot": "eland"
                }
            ], 
            "wiki_id": 934206, 
            "wiki_title": "Common eland"
        }, 
        {
            "annotations": [
                {
                    "begin": 648, 
                    "end": 651, 
                    "score": 0.027393104508519173, 
                    "spot": "hit"
                }
            ], 
            "wiki_id": 250879, 
            "wiki_title": "Contract killing"
        }, 
        {
            "annotations": [
                {
                    "begin": 75, 
                    "end": 80, 
                    "score": 0.056656964123249054, 
                    "spot": "Nigel"
                }
            ], 
            "wiki_id": 3879486, 
            "wiki_title": "Nigel Lythgoe"
        }, 
        {
            "annotations": [
                {
                    "begin": 2742, 
                    "end": 2748, 
                    "score": 0.13625642657279968, 
                    "spot": "turned"
                }
            ], 
            "wiki_id": 35334391, 
            "wiki_title": "Sexual arousal"
        }, 
        {
            "annotations": [
                {
                    "begin": 2567, 
                    "end": 2572, 
                    "score": 0.14130714535713196, 
                    "spot": "agent"
                }
            ], 
            "wiki_id": 9311172, 
            "wiki_title": "Drug"
        }, 
        {
            "annotations": [
                {
                    "begin": 1033, 
                    "end": 1047, 
                    "score": 0.07744373381137848, 
                    "spot": "domestic \ncats"
                }
            ], 
            "wiki_id": 6678, 
            "wiki_title": "Cat"
        }, 
        {
            "annotations": [
                {
                    "begin": 345, 
                    "end": 351, 
                    "score": 0.10354092717170715, 
                    "spot": "threat"
                }
            ], 
            "wiki_id": 13341876, 
            "wiki_title": "Threat"
        }, 
        {
            "annotations": [
                {
                    "begin": 1743, 
                    "end": 1750, 
                    "score": 0.11635614931583405, 
                    "spot": "mothers"
                }, 
                {
                    "begin": 1818, 
                    "end": 1825, 
                    "score": 0.0030894067604094744, 
                    "spot": "mothers"
                }
            ], 
            "wiki_id": 83430, 
            "wiki_title": "Mother"
        }, 
        {
            "annotations": [
                {
                    "begin": 1543, 
                    "end": 1560, 
                    "score": 0.5, 
                    "spot": "VETERINARY RECORD"
                }
            ], 
            "wiki_id": 26307750, 
            "wiki_title": "Veterinary Record"
        }, 
        {
            "annotations": [
                {
                    "begin": 1660, 
                    "end": 1663, 
                    "score": 0.0028629458975046873, 
                    "spot": "Nor"
                }
            ], 
            "wiki_id": 21704, 
            "wiki_title": "Norwegian language"
        }, 
        {
            "annotations": [
                {
                    "begin": 2042, 
                    "end": 2054, 
                    "score": 0.0012958669103682041, 
                    "spot": "unidentified"
                }
            ], 
            "wiki_id": 4475214, 
            "wiki_title": "Khoe languages"
        }, 
        {
            "annotations": [
                {
                    "begin": 1403, 
                    "end": 1408, 
                    "score": 0.07142024487257004, 
                    "spot": "catch"
                }
            ], 
            "wiki_id": 363336, 
            "wiki_title": "Bycatch"
        }, 
        {
            "annotations": [
                {
                    "begin": 907, 
                    "end": 915, 
                    "score": 0.15528781712055206, 
                    "spot": "outbreak"
                }
            ], 
            "wiki_id": 66981, 
            "wiki_title": "Epidemic"
        }, 
        {
            "annotations": [
                {
                    "begin": 247, 
                    "end": 251, 
                    "score": 0.004603345412760973, 
                    "spot": "type"
                }
            ], 
            "wiki_id": 28927, 
            "wiki_title": "Stellar classification"
        }, 
        {
            "annotations": [
                {
                    "begin": 2081, 
                    "end": 2093, 
                    "score": 0.0765392929315567, 
                    "spot": "contaminated"
                }
            ], 
            "wiki_id": 312266, 
            "wiki_title": "Water pollution"
        }, 
        {
            "annotations": [
                {
                    "begin": 1831, 
                    "end": 1839, 
                    "score": 0.09706214815378189, 
                    "spot": "carriers"
                }, 
                {
                    "begin": 2375, 
                    "end": 2380, 
                    "score": 0.13892175257205963, 
                    "spot": "carry"
                }
            ], 
            "wiki_id": 679680, 
            "wiki_title": "Asymptomatic carrier"
        }, 
        {
            "annotations": [
                {
                    "begin": 370, 
                    "end": 377, 
                    "score": 0.19517338275909424, 
                    "spot": "species"
                }, 
                {
                    "begin": 949, 
                    "end": 956, 
                    "score": 0.14231553673744202, 
                    "spot": "species"
                }, 
                {
                    "begin": 1331, 
                    "end": 1338, 
                    "score": 0.18653345108032227, 
                    "spot": "species"
                }
            ], 
            "wiki_id": 21780446, 
            "wiki_title": "Species"
        }, 
        {
            "annotations": [
                {
                    "begin": 2425, 
                    "end": 2427, 
                    "score": 0.13294865190982819, 
                    "spot": "If"
                }
            ], 
            "wiki_id": 612840, 
            "wiki_title": "If...."
        }, 
        {
            "annotations": [
                {
                    "begin": 1116, 
                    "end": 1121, 
                    "score": 0.8367897868156433, 
                    "spot": "nyala"
                }
            ], 
            "wiki_id": 287149, 
            "wiki_title": "Nyala"
        }, 
        {
            "annotations": [
                {
                    "begin": 1764, 
                    "end": 1770, 
                    "score": 0.001330770319327712, 
                    "spot": "suffer"
                }
            ], 
            "wiki_id": 197514, 
            "wiki_title": "Suffer (album)"
        }, 
        {
            "annotations": [
                {
                    "begin": 2314, 
                    "end": 2332, 
                    "score": 0.4705438017845154, 
                    "spot": "endangered species"
                }
            ], 
            "wiki_id": 20110668, 
            "wiki_title": "Endangered species"
        }, 
        {
            "annotations": [
                {
                    "begin": 106, 
                    "end": 109, 
                    "score": 0.1412164866924286, 
                    "spot": "Zoo"
                }, 
                {
                    "begin": 553, 
                    "end": 556, 
                    "score": 0.16408830881118774, 
                    "spot": "zoo"
                }, 
                {
                    "begin": 945, 
                    "end": 948, 
                    "score": 0.17559188604354858, 
                    "spot": "zoo"
                }
            ], 
            "wiki_id": 9096372, 
            "wiki_title": "Zoo"
        }, 
        {
            "annotations": [
                {
                    "begin": 2596, 
                    "end": 2600, 
                    "score": 0.3592877686023712, 
                    "spot": "kudu"
                }
            ], 
            "wiki_id": 931806, 
            "wiki_title": "Greater kudu"
        }, 
        {
            "annotations": [
                {
                    "begin": 1451, 
                    "end": 1457, 
                    "score": 0.06553935259580612, 
                    "spot": "fields"
                }
            ], 
            "wiki_id": 10859, 
            "wiki_title": "Fields Medal"
        }, 
        {
            "annotations": [
                {
                    "begin": 1225, 
                    "end": 1240, 
                    "score": 0.3648083508014679, 
                    "spot": "infective agent"
                }
            ], 
            "wiki_id": 35038133, 
            "wiki_title": "Pathogen"
        }, 
        {
            "annotations": [
                {
                    "begin": 2270, 
                    "end": 2273, 
                    "score": 0.0625634640455246, 
                    "spot": "zoo"
                }
            ], 
            "wiki_id": 43223749, 
            "wiki_title": "Zoo (TV series)"
        }, 
        {
            "annotations": [
                {
                    "begin": 47, 
                    "end": 50, 
                    "score": 0.09606224298477173, 
                    "spot": "CSO"
                }
            ], 
            "wiki_id": 46539, 
            "wiki_title": "Non-governmental organization"
        }, 
        {
            "annotations": [
                {
                    "begin": 2171, 
                    "end": 2177, 
                    "score": 0.09970270097255707, 
                    "spot": "danger"
                }, 
                {
                    "begin": 2240, 
                    "end": 2246, 
                    "score": 0.12968173623085022, 
                    "spot": "danger"
                }
            ], 
            "wiki_id": 24462958, 
            "wiki_title": "Risk"
        }, 
        {
            "annotations": [
                {
                    "begin": 2219, 
                    "end": 2227, 
                    "score": 0.07487092912197113, 
                    "spot": "isolated"
                }
            ], 
            "wiki_id": 5028523, 
            "wiki_title": "Social isolation"
        }, 
        {
            "annotations": [
                {
                    "begin": 774, 
                    "end": 784, 
                    "score": 0.07109815627336502, 
                    "spot": "contracted"
                }
            ], 
            "wiki_id": 1110611, 
            "wiki_title": "Muscle contraction"
        }, 
        {
            "annotations": [
                {
                    "begin": 2409, 
                    "end": 2422, 
                    "score": 0.16683267056941986, 
                    "spot": "into the wild"
                }
            ], 
            "wiki_id": 11893755, 
            "wiki_title": "Into the Wild (film)"
        }, 
        {
            "annotations": [
                {
                    "begin": 1909, 
                    "end": 1911, 
                    "score": 0.0010810111416503787, 
                    "spot": "If"
                }, 
                {
                    "begin": 2725, 
                    "end": 2727, 
                    "score": 0.0010810111416503787, 
                    "spot": "If"
                }
            ], 
            "wiki_id": 155571, 
            "wiki_title": "If (magazine)"
        }, 
        {
            "annotations": [
                {
                    "begin": 34, 
                    "end": 41, 
                    "score": 0.1510871797800064, 
                    "spot": "Article"
                }
            ], 
            "wiki_id": 48203, 
            "wiki_title": "Article (grammar)"
        }, 
        {
            "annotations": [
                {
                    "begin": 1653, 
                    "end": 1658, 
                    "score": 0.061495717614889145, 
                    "spot": "cases"
                }
            ], 
            "wiki_id": 113258, 
            "wiki_title": "Lawsuit"
        }, 
        {
            "annotations": [
                {
                    "begin": 2631, 
                    "end": 2633, 
                    "score": 0.0010810111416503787, 
                    "spot": "If"
                }
            ], 
            "wiki_id": 658808, 
            "wiki_title": "Material conditional"
        }, 
        {
            "annotations": [
                {
                    "begin": 1275, 
                    "end": 1282, 
                    "score": 0.0020553821232169867, 
                    "spot": "unknown"
                }
            ], 
            "wiki_id": 9284, 
            "wiki_title": "Equation"
        }, 
        {
            "annotations": [
                {
                    "begin": 138, 
                    "end": 145, 
                    "score": 0.18051700294017792, 
                    "spot": "Disease"
                }, 
                {
                    "begin": 657, 
                    "end": 664, 
                    "score": 0.1282070279121399, 
                    "spot": "disease"
                }, 
                {
                    "begin": 789, 
                    "end": 796, 
                    "score": 0.11872366070747375, 
                    "spot": "disease"
                }, 
                {
                    "begin": 971, 
                    "end": 978, 
                    "score": 0.22393162548542023, 
                    "spot": "disease"
                }, 
                {
                    "begin": 1414, 
                    "end": 1421, 
                    "score": 0.15764833986759186, 
                    "spot": "disease"
                }, 
                {
                    "begin": 1724, 
                    "end": 1731, 
                    "score": 0.12531353533267975, 
                    "spot": "disease"
                }, 
                {
                    "begin": 1973, 
                    "end": 1980, 
                    "score": 0.18642741441726685, 
                    "spot": "disease"
                }, 
                {
                    "begin": 2585, 
                    "end": 2592, 
                    "score": 0.13906702399253845, 
                    "spot": "disease"
                }, 
                {
                    "begin": 2716, 
                    "end": 2723, 
                    "score": 0.0970836728811264, 
                    "spot": "disease"
                }
            ], 
            "wiki_id": 8072, 
            "wiki_title": "Disease"
        }, 
        {
            "annotations": [
                {
                    "begin": 1172, 
                    "end": 1185, 
                    "score": 0.19831359386444092, 
                    "spot": "United States"
                }
            ], 
            "wiki_id": 3434750, 
            "wiki_title": "United States"
        }, 
        {
            "annotations": [
                {
                    "begin": 355, 
                    "end": 363, 
                    "score": 0.16249987483024597, 
                    "spot": "breeding"
                }
            ], 
            "wiki_id": 26310, 
            "wiki_title": "Reproduction"
        }, 
        {
            "annotations": [
                {
                    "begin": 2645, 
                    "end": 2655, 
                    "score": 0.000996800372377038, 
                    "spot": "conclusion"
                }
            ], 
            "wiki_id": 7241366, 
            "wiki_title": "Conclusion (music)"
        }, 
        {
            "annotations": [
                {
                    "begin": 264, 
                    "end": 267, 
                    "score": 0.056779343634843826, 
                    "spot": "can"
                }
            ], 
            "wiki_id": 198153, 
            "wiki_title": "Canning"
        }, 
        {
            "annotations": [
                {
                    "begin": 2055, 
                    "end": 2060, 
                    "score": 0.10921023041009903, 
                    "spot": "agent"
                }
            ], 
            "wiki_id": 2711317, 
            "wiki_title": "Intelligent agent"
        }, 
        {
            "annotations": [
                {
                    "begin": 1713, 
                    "end": 1719, 
                    "score": 0.04858888313174248, 
                    "spot": "caught"
                }
            ], 
            "wiki_id": 1459316, 
            "wiki_title": "Lobster fishing"
        }, 
        {
            "annotations": [
                {
                    "begin": 1065, 
                    "end": 1074, 
                    "score": 0.0013175010681152344, 
                    "spot": "relations"
                }
            ], 
            "wiki_id": 82533, 
            "wiki_title": "International relations"
        }, 
        {
            "annotations": [
                {
                    "begin": 2013, 
                    "end": 2023, 
                    "score": 0.1845981627702713, 
                    "spot": "scientists"
                }, 
                {
                    "begin": 2501, 
                    "end": 2511, 
                    "score": 0.04314052313566208, 
                    "spot": "scientists"
                }
            ], 
            "wiki_id": 26997, 
            "wiki_title": "Scientist"
        }, 
        {
            "annotations": [
                {
                    "begin": 110, 
                    "end": 118, 
                    "score": 0.28120356798171997, 
                    "spot": "Antelope"
                }
            ], 
            "wiki_id": 18952649, 
            "wiki_title": "Pronghorn"
        }, 
        {
            "annotations": [
                {
                    "begin": 815, 
                    "end": 819, 
                    "score": 0.053047407418489456, 
                    "spot": "five"
                }
            ], 
            "wiki_id": 28952356, 
            "wiki_title": "Channel 5 (UK)"
        }, 
        {
            "annotations": [
                {
                    "begin": 2749, 
                    "end": 2752, 
                    "score": 0.08103924244642258, 
                    "spot": "out"
                }
            ], 
            "wiki_id": 18912922, 
            "wiki_title": "Closeted"
        }, 
        {
            "annotations": [
                {
                    "begin": 1339, 
                    "end": 1342, 
                    "score": 0.04039296507835388, 
                    "spot": "may"
                }
            ], 
            "wiki_id": 1679278, 
            "wiki_title": "May 2005 in science"
        }, 
        {
            "annotations": [
                {
                    "begin": 2350, 
                    "end": 2368, 
                    "score": 0.12161385267972946, 
                    "spot": "bred in \ncaptivity"
                }
            ], 
            "wiki_id": 2965243, 
            "wiki_title": "Captive breeding"
        }, 
        {
            "annotations": [
                {
                    "begin": 152, 
                    "end": 156, 
                    "score": 0.13370350003242493, 
                    "spot": "Text"
                }
            ], 
            "wiki_id": 32977, 
            "wiki_title": "Writing"
        }, 
        {
            "annotations": [
                {
                    "begin": 2277, 
                    "end": 2289, 
                    "score": 0.015384615398943424, 
                    "spot": "world centre"
                }
            ], 
            "wiki_id": 25021542, 
            "wiki_title": "The World Centre"
        }, 
        {
            "annotations": [
                {
                    "begin": 2801, 
                    "end": 2805, 
                    "score": 0.13378983736038208, 
                    "spot": "form"
                }
            ], 
            "wiki_id": 20646, 
            "wiki_title": "Morphology (linguistics)"
        }, 
        {
            "annotations": [
                {
                    "begin": 2187, 
                    "end": 2194, 
                    "score": 0.07515263557434082, 
                    "spot": "animals"
                }, 
                {
                    "begin": 2342, 
                    "end": 2349, 
                    "score": 0.14435377717018127, 
                    "spot": "animals"
                }
            ], 
            "wiki_id": 11039790, 
            "wiki_title": "Animal"
        }, 
        {
            "annotations": [
                {
                    "begin": 42, 
                    "end": 46, 
                    "score": 0.10108879953622818, 
                    "spot": "Type"
                }
            ], 
            "wiki_id": 169180, 
            "wiki_title": "Typesetting"
        }, 
        {
            "annotations": [
                {
                    "begin": 2181, 
                    "end": 2194, 
                    "score": 0.09149685502052307, 
                    "spot": "other animals"
                }
            ], 
            "wiki_id": 159421, 
            "wiki_title": "Urination"
        }, 
        {
            "annotations": [
                {
                    "begin": 2821, 
                    "end": 2830, 
                    "score": 0.24694518744945526, 
                    "spot": "isolating"
                }
            ], 
            "wiki_id": 161994, 
            "wiki_title": "Isolating language"
        }, 
        {
            "annotations": [
                {
                    "begin": 2094, 
                    "end": 2098, 
                    "score": 0.11597274243831635, 
                    "spot": "feed"
                }
            ], 
            "wiki_id": 212818, 
            "wiki_title": "Eating"
        }, 
        {
            "annotations": [
                {
                    "begin": 2024, 
                    "end": 2031, 
                    "score": 0.10767463594675064, 
                    "spot": "believe"
                }
            ], 
            "wiki_id": 102883, 
            "wiki_title": "Belief"
        }, 
        {
            "annotations": [
                {
                    "begin": 226, 
                    "end": 233, 
                    "score": 0.014267753809690475, 
                    "spot": "disease"
                }, 
                {
                    "begin": 1359, 
                    "end": 1367, 
                    "score": 0.037206389009952545, 
                    "spot": "infected"
                }, 
                {
                    "begin": 1614, 
                    "end": 1622, 
                    "score": 0.23416629433631897, 
                    "spot": "Infected"
                }, 
                {
                    "begin": 1860, 
                    "end": 1869, 
                    "score": 0.28645646572113037, 
                    "spot": "infection"
                }, 
                {
                    "begin": 2143, 
                    "end": 2153, 
                    "score": 0.13691267371177673, 
                    "spot": "infections"
                }, 
                {
                    "begin": 2385, 
                    "end": 2394, 
                    "score": 0.1858007311820984, 
                    "spot": "infection"
                }
            ], 
            "wiki_id": 37220, 
            "wiki_title": "Infection"
        }, 
        {
            "annotations": [
                {
                    "begin": 960, 
                    "end": 966, 
                    "score": 0.07802075892686844, 
                    "spot": "suffer"
                }
            ], 
            "wiki_id": 206583, 
            "wiki_title": "Suffering"
        }, 
        {
            "annotations": [
                {
                    "begin": 747, 
                    "end": 751, 
                    "score": 0.13207077980041504, 
                    "spot": "herd"
                }
            ], 
            "wiki_id": 1797547, 
            "wiki_title": "The Herd (UK band)"
        }, 
        {
            "annotations": [
                {
                    "begin": 89, 
                    "end": 103, 
                    "score": 0.21949276328086853, 
                    "spot": "Science Editor"
                }, 
                {
                    "begin": 97, 
                    "end": 103, 
                    "score": 0.17026780545711517, 
                    "spot": "Editor"
                }
            ], 
            "wiki_id": 167897, 
            "wiki_title": "Editing"
        }, 
        {
            "annotations": [
                {
                    "begin": 1885, 
                    "end": 1893, 
                    "score": 0.19472253322601318, 
                    "spot": "symptoms"
                }
            ], 
            "wiki_id": 20107078, 
            "wiki_title": "Symptom"
        }, 
        {
            "annotations": [
                {
                    "begin": 2812, 
                    "end": 2816, 
                    "score": 0.2561095654964447, 
                    "spot": "case"
                }
            ], 
            "wiki_id": 12898, 
            "wiki_title": "Grammatical case"
        }, 
        {
            "annotations": [
                {
                    "begin": 1, 
                    "end": 9, 
                    "score": 0.20184201002120972, 
                    "spot": "Language"
                }
            ], 
            "wiki_id": 17524, 
            "wiki_title": "Language"
        }, 
        {
            "annotations": [
                {
                    "begin": 130, 
                    "end": 145, 
                    "score": 0.2622641623020172, 
                    "spot": "Mad Cow Disease"
                }, 
                {
                    "begin": 218, 
                    "end": 233, 
                    "score": 0.2622641623020172, 
                    "spot": "mad cow disease"
                }, 
                {
                    "begin": 677, 
                    "end": 709, 
                    "score": 0.5, 
                    "spot": "bovine spongiform encephalopathy"
                }, 
                {
                    "begin": 711, 
                    "end": 714, 
                    "score": 0.23903244733810425, 
                    "spot": "BSE"
                }
            ], 
            "wiki_id": 19344418, 
            "wiki_title": "Bovine spongiform encephalopathy"
        }, 
        {
            "annotations": [
                {
                    "begin": 89, 
                    "end": 96, 
                    "score": 0.1546899378299713, 
                    "spot": "Science"
                }, 
                {
                    "begin": 158, 
                    "end": 168, 
                    "score": 0.19086390733718872, 
                    "spot": "Scientists"
                }, 
                {
                    "begin": 458, 
                    "end": 468, 
                    "score": 0.18317197263240814, 
                    "spot": "scientists"
                }, 
                {
                    "begin": 1566, 
                    "end": 1576, 
                    "score": 0.06357987225055695, 
                    "spot": "scientists"
                }
            ], 
            "wiki_id": 26700, 
            "wiki_title": "Science"
        }, 
        {
            "annotations": [
                {
                    "begin": 720, 
                    "end": 725, 
                    "score": 0.10275595635175705, 
                    "spot": "eight"
                }
            ], 
            "wiki_id": 9719, 
            "wiki_title": "Eight-bar blues"
        }, 
        {
            "annotations": [
                {
                    "begin": 21, 
                    "end": 28, 
                    "score": 0.23762238025665283, 
                    "spot": "English"
                }
            ], 
            "wiki_id": 8569916, 
            "wiki_title": "English language"
        }, 
        {
            "annotations": [
                {
                    "begin": 798, 
                    "end": 806, 
                    "score": 0.06383809447288513, 
                    "spot": "Only one"
                }
            ], 
            "wiki_id": 565947, 
            "wiki_title": "Scooter (band)"
        }, 
        {
            "annotations": [
                {
                    "begin": 893, 
                    "end": 899, 
                    "score": 0.1250206083059311, 
                    "spot": "origin"
                }
            ], 
            "wiki_id": 19179706, 
            "wiki_title": "Abiogenesis"
        }, 
        {
            "annotations": [
                {
                    "begin": 1438, 
                    "end": 1447, 
                    "score": 0.0181818176060915, 
                    "spot": "placentas"
                }
            ], 
            "wiki_id": 3845750, 
            "wiki_title": "Placentation"
        }, 
        {
            "annotations": [
                {
                    "begin": 837, 
                    "end": 841, 
                    "score": 0.16068759560585022, 
                    "spot": "feed"
                }, 
                {
                    "begin": 1623, 
                    "end": 1627, 
                    "score": 0.07243890315294266, 
                    "spot": "feed"
                }
            ], 
            "wiki_id": 14193930, 
            "wiki_title": "Animal feed"
        }, 
        {
            "annotations": [
                {
                    "begin": 255, 
                    "end": 263, 
                    "score": 0.2029440551996231, 
                    "spot": "antelope"
                }, 
                {
                    "begin": 593, 
                    "end": 602, 
                    "score": 0.27577394247055054, 
                    "spot": "antelopes"
                }
            ], 
            "wiki_id": 48517, 
            "wiki_title": "Antelope"
        }, 
        {
            "annotations": [
                {
                    "begin": 1150, 
                    "end": 1162, 
                    "score": 0.5, 
                    "spot": "Arabian oryx"
                }
            ], 
            "wiki_id": 937029, 
            "wiki_title": "Arabian oryx"
        }, 
        {
            "annotations": [
                {
                    "begin": 853, 
                    "end": 860, 
                    "score": 0.40726184844970703, 
                    "spot": "protein"
                }
            ], 
            "wiki_id": 6531493, 
            "wiki_title": "Protein (nutrient)"
        }, 
        {
            "annotations": [
                {
                    "begin": 1425, 
                    "end": 1432, 
                    "score": 0.04573163390159607, 
                    "spot": "contact"
                }
            ], 
            "wiki_id": 34327569, 
            "wiki_title": "Social network"
        }, 
        {
            "annotations": [
                {
                    "begin": 172, 
                    "end": 182, 
                    "score": 0.48275861144065857, 
                    "spot": "London zoo"
                }
            ], 
            "wiki_id": 69841, 
            "wiki_title": "London Zoo"
        }, 
        {
            "annotations": [
                {
                    "begin": 2305, 
                    "end": 2309, 
                    "score": 0.2567571997642517, 
                    "spot": "rare"
                }
            ], 
            "wiki_id": 2665468, 
            "wiki_title": "Rare species"
        }, 
        {
            "annotations": [
                {
                    "begin": 726, 
                    "end": 733, 
                    "score": 0.20969852805137634, 
                    "spot": "animals"
                }, 
                {
                    "begin": 1699, 
                    "end": 1706, 
                    "score": 0.1034199446439743, 
                    "spot": "animals"
                }
            ], 
            "wiki_id": 77003, 
            "wiki_title": "The Animals"
        }, 
        {
            "annotations": [
                {
                    "begin": 1484, 
                    "end": 1488, 
                    "score": 0.00254480866715312, 
                    "spot": "case"
                }
            ], 
            "wiki_id": 625125, 
            "wiki_title": "Letter case"
        }, 
        {
            "annotations": [
                {
                    "begin": 382, 
                    "end": 391, 
                    "score": 0.06776440888643265, 
                    "spot": "captivity"
                }
            ], 
            "wiki_id": 4097096, 
            "wiki_title": "Captivity (animal)"
        }, 
        {
            "annotations": [
                {
                    "begin": 124, 
                    "end": 129, 
                    "score": 0.006987315136939287, 
                    "spot": "Catch"
                }
            ], 
            "wiki_id": 1042416, 
            "wiki_title": "Caught"
        }, 
        {
            "annotations": [
                {
                    "begin": 2867, 
                    "end": 2891, 
                    "score": 0.1780821979045868, 
                    "spot": "TIMES NEWSPAPERS LIMITED"
                }
            ], 
            "wiki_id": 39127, 
            "wiki_title": "The Times"
        }, 
        {
            "annotations": [
                {
                    "begin": 1096, 
                    "end": 1100, 
                    "score": 0.5245814323425293, 
                    "spot": "puma"
                }
            ], 
            "wiki_id": 78160, 
            "wiki_title": "Cougar"
        }, 
        {
            "annotations": [
                {
                    "begin": 207, 
                    "end": 213, 
                    "score": 0.29991981387138367, 
                    "spot": "strain"
                }
            ], 
            "wiki_id": 1034106, 
            "wiki_title": "Strain (biology)"
        }, 
        {
            "annotations": [
                {
                    "begin": 1080, 
                    "end": 1087, 
                    "score": 0.5033823251724243, 
                    "spot": "cheetah"
                }
            ], 
            "wiki_id": 45609, 
            "wiki_title": "Cheetah"
        }, 
        {
            "annotations": [
                {
                    "begin": 245, 
                    "end": 251, 
                    "score": 0.04323044791817665, 
                    "spot": "a type"
                }
            ], 
            "wiki_id": 13088, 
            "wiki_title": "Granite"
        }, 
        {
            "annotations": [
                {
                    "begin": 2443, 
                    "end": 2453, 
                    "score": 0.1397748589515686, 
                    "spot": "vulnerable"
                }
            ], 
            "wiki_id": 25986983, 
            "wiki_title": "Vulnerable species"
        }, 
        {
            "annotations": [
                {
                    "begin": 1511, 
                    "end": 1516, 
                    "score": 0.0006663751555606723, 
                    "spot": "route"
                }
            ], 
            "wiki_id": 48519, 
            "wiki_title": "Highway"
        }, 
        {
            "annotations": [
                {
                    "begin": 402, 
                    "end": 405, 
                    "score": 0.02894972264766693, 
                    "spot": "can"
                }, 
                {
                    "begin": 1664, 
                    "end": 1667, 
                    "score": 0.094270259141922, 
                    "spot": "can"
                }
            ], 
            "wiki_id": 251573, 
            "wiki_title": "Can (band)"
        }, 
        {
            "annotations": [
                {
                    "begin": 485, 
                    "end": 493, 
                    "score": 0.05045673996210098, 
                    "spot": "evidence"
                }, 
                {
                    "begin": 1293, 
                    "end": 1301, 
                    "score": 0.0239840317517519, 
                    "spot": "evidence"
                }
            ], 
            "wiki_id": 201657, 
            "wiki_title": "Scientific evidence"
        }, 
        {
            "annotations": [
                {
                    "begin": 2296, 
                    "end": 2304, 
                    "score": 0.11509573459625244, 
                    "spot": "breeding"
                }
            ], 
            "wiki_id": 4400, 
            "wiki_title": "Bear"
        }, 
        {
            "annotations": [
                {
                    "begin": 1373, 
                    "end": 1379, 
                    "score": 0.039710476994514465, 
                    "spot": "others"
                }
            ], 
            "wiki_id": 63239, 
            "wiki_title": "Times New Roman"
        }, 
        {
            "annotations": [
                {
                    "begin": 2854, 
                    "end": 2862, 
                    "score": 0.05517343804240227, 
                    "spot": "stronger"
                }
            ], 
            "wiki_id": 3665601, 
            "wiki_title": "Stronger (Sugababes song)"
        }, 
        {
            "annotations": [
                {
                    "begin": 573, 
                    "end": 577, 
                    "score": 0.5657903552055359, 
                    "spot": "kudu"
                }, 
                {
                    "begin": 924, 
                    "end": 928, 
                    "score": 0.3835998773574829, 
                    "spot": "kudu"
                }, 
                {
                    "begin": 1307, 
                    "end": 1311, 
                    "score": 0.25653716921806335, 
                    "spot": "kudu"
                }, 
                {
                    "begin": 1496, 
                    "end": 1500, 
                    "score": 0.29882341623306274, 
                    "spot": "kudu"
                }, 
                {
                    "begin": 2200, 
                    "end": 2204, 
                    "score": 0.44313934445381165, 
                    "spot": "kudu"
                }, 
                {
                    "begin": 2461, 
                    "end": 2465, 
                    "score": 0.2810809314250946, 
                    "spot": "kudu"
                }, 
                {
                    "begin": 2835, 
                    "end": 2839, 
                    "score": 0.20816732943058014, 
                    "spot": "kudu"
                }
            ], 
            "wiki_id": 666560, 
            "wiki_title": "Kudu"
        }, 
        {
            "annotations": [
                {
                    "begin": 2535, 
                    "end": 2539, 
                    "score": 0.0005572407389990985, 
                    "spot": "must"
                }
            ], 
            "wiki_id": 1178382, 
            "wiki_title": "English modal verbs"
        }, 
        {
            "annotations": [
                {
                    "begin": 469, 
                    "end": 472, 
                    "score": 0.04546363279223442, 
                    "spot": "say"
                }, 
                {
                    "begin": 2512, 
                    "end": 2515, 
                    "score": 0.04034184291958809, 
                    "spot": "say"
                }
            ], 
            "wiki_id": 621455, 
            "wiki_title": "Thomas Say"
        }, 
        {
            "annotations": [
                {
                    "begin": 1134, 
                    "end": 1141, 
                    "score": 0.9859015345573425, 
                    "spot": "gemsbok"
                }
            ], 
            "wiki_id": 2835482, 
            "wiki_title": "Gemsbok"
        }, 
        {
            "annotations": [
                {
                    "begin": 2525, 
                    "end": 2534, 
                    "score": 0.011624203994870186, 
                    "spot": "next step"
                }
            ], 
            "wiki_id": 38763133, 
            "wiki_title": "The Next Step (2013 TV series)"
        }, 
        {
            "annotations": [
                {
                    "begin": 442, 
                    "end": 452, 
                    "score": 0.07424508035182953, 
                    "spot": "vulnerable"
                }
            ], 
            "wiki_id": 36648147, 
            "wiki_title": "Vulnerability"
        }, 
        {
            "annotations": [
                {
                    "begin": 508, 
                    "end": 520, 
                    "score": 0.12868870794773102, 
                    "spot": "transmission"
                }, 
                {
                    "begin": 1249, 
                    "end": 1269, 
                    "score": 0.029411764815449715, 
                    "spot": "mode of transmission"
                }, 
                {
                    "begin": 1593, 
                    "end": 1612, 
                    "score": 0.195180743932724, 
                    "spot": "routes of infection"
                }
            ], 
            "wiki_id": 729317, 
            "wiki_title": "Transmission (medicine)"
        }, 
        {
            "annotations": [
                {
                    "begin": 310, 
                    "end": 317, 
                    "score": 0.15621043741703033, 
                    "spot": "thought"
                }
            ], 
            "wiki_id": 37080, 
            "wiki_title": "Thought"
        }, 
        {
            "annotations": [
                {
                    "begin": 559, 
                    "end": 564, 
                    "score": 0.03583916276693344, 
                    "spot": "small"
                }
            ], 
            "wiki_id": 276495, 
            "wiki_title": "Small business"
        }, 
        {
            "annotations": [
                {
                    "begin": 272, 
                    "end": 283, 
                    "score": 0.0022577610798180103, 
                    "spot": "transmitted"
                }
            ], 
            "wiki_id": 42168, 
            "wiki_title": "Data transmission"
        }, 
        {
            "annotations": [
                {
                    "begin": 1187, 
                    "end": 1191, 
                    "score": 0.28983035683631897, 
                    "spot": "mink"
                }
            ], 
            "wiki_id": 154920, 
            "wiki_title": "Mink"
        }, 
        {
            "annotations": [
                {
                    "begin": 695, 
                    "end": 709, 
                    "score": 0.25852373242378235, 
                    "spot": "encephalopathy"
                }
            ], 
            "wiki_id": 392001, 
            "wiki_title": "Encephalopathy"
        }, 
        {
            "annotations": [
                {
                    "begin": 1635, 
                    "end": 1642, 
                    "score": 0.08866793662309647, 
                    "spot": "account"
                }
            ], 
            "wiki_id": 2593, 
            "wiki_title": "Accounting"
        }, 
        {
            "annotations": [
                {
                    "begin": 2135, 
                    "end": 2142, 
                    "score": 0.10662654787302017, 
                    "spot": "mundane"
                }
            ], 
            "wiki_id": 2122, 
            "wiki_title": "Astrology"
        }
    ]
}