{
    "tagme": [
        {
            "annotations": [
                {
                    "begin": 2564, 
                    "end": 2570, 
                    "score": 0.11842144280672073, 
                    "spot": "skills"
                }
            ], 
            "wiki_id": 45803, 
            "wiki_title": "Individual capital"
        }, 
        {
            "annotations": [
                {
                    "begin": 773, 
                    "end": 781, 
                    "score": 0.09969823807477951, 
                    "spot": "transfer"
                }
            ], 
            "wiki_id": 42175, 
            "wiki_title": "Population transfer"
        }, 
        {
            "annotations": [
                {
                    "begin": 2485, 
                    "end": 2493, 
                    "score": 0.006387114524841309, 
                    "spot": "inhibits"
                }
            ], 
            "wiki_id": 5464960, 
            "wiki_title": "Enzyme inhibitor"
        }, 
        {
            "annotations": [
                {
                    "begin": 102, 
                    "end": 106, 
                    "score": 0.14053092896938324, 
                    "spot": "debt"
                }
            ], 
            "wiki_id": 666269, 
            "wiki_title": "Debt of developing countries"
        }, 
        {
            "annotations": [
                {
                    "begin": 2477, 
                    "end": 2484, 
                    "score": 0.016438251361250877, 
                    "spot": "default"
                }
            ], 
            "wiki_id": 939599, 
            "wiki_title": "1998\u20132002 Argentine great depression"
        }, 
        {
            "annotations": [
                {
                    "begin": 1736, 
                    "end": 1745, 
                    "score": 0.07923652976751328, 
                    "spot": "pertinent"
                }
            ], 
            "wiki_id": 442688, 
            "wiki_title": "Relevance"
        }, 
        {
            "annotations": [
                {
                    "begin": 236, 
                    "end": 242, 
                    "score": 0.030857032164931297, 
                    "spot": "thrust"
                }
            ], 
            "wiki_id": 15944, 
            "wiki_title": "Jet engine"
        }, 
        {
            "annotations": [
                {
                    "begin": 2220, 
                    "end": 2224, 
                    "score": 0.10946118831634521, 
                    "spot": "poor"
                }
            ], 
            "wiki_id": 14618220, 
            "wiki_title": "Poverty in Canada"
        }, 
        {
            "annotations": [
                {
                    "begin": 2274, 
                    "end": 2279, 
                    "score": 0.27738869190216064, 
                    "spot": "Tigre"
                }
            ], 
            "wiki_id": 3768519, 
            "wiki_title": "Tigray Province"
        }, 
        {
            "annotations": [
                {
                    "begin": 1599, 
                    "end": 1606, 
                    "score": 0.07129038125276566, 
                    "spot": "factors"
                }
            ], 
            "wiki_id": 11231, 
            "wiki_title": "Factors of production"
        }, 
        {
            "annotations": [
                {
                    "begin": 1418, 
                    "end": 1433, 
                    "score": 0.030927835032343864, 
                    "spot": "external causes"
                }
            ], 
            "wiki_id": 14450457, 
            "wiki_title": "External cause"
        }, 
        {
            "annotations": [
                {
                    "begin": 107, 
                    "end": 113, 
                    "score": 0.09414598345756531, 
                    "spot": "burden"
                }
            ], 
            "wiki_id": 3134763, 
            "wiki_title": "Tax incidence"
        }, 
        {
            "annotations": [
                {
                    "begin": 609, 
                    "end": 618, 
                    "score": 0.09431488811969757, 
                    "spot": "countries"
                }
            ], 
            "wiki_id": 21754, 
            "wiki_title": "Nation"
        }, 
        {
            "annotations": [
                {
                    "begin": 1069, 
                    "end": 1077, 
                    "score": 0.08226905763149261, 
                    "spot": "borrowed"
                }
            ], 
            "wiki_id": 31287, 
            "wiki_title": "Theft"
        }, 
        {
            "annotations": [
                {
                    "begin": 796, 
                    "end": 808, 
                    "score": 0.004694835748523474, 
                    "spot": "This is like"
                }
            ], 
            "wiki_id": 27515343, 
            "wiki_title": "Careless World: Rise of the Last King"
        }, 
        {
            "annotations": [
                {
                    "begin": 337, 
                    "end": 341, 
                    "score": 0.2392275333404541, 
                    "spot": "debt"
                }, 
                {
                    "begin": 404, 
                    "end": 409, 
                    "score": 0.2934877276420593, 
                    "spot": "debts"
                }, 
                {
                    "begin": 592, 
                    "end": 597, 
                    "score": 0.18733955919742584, 
                    "spot": "debts"
                }, 
                {
                    "begin": 717, 
                    "end": 721, 
                    "score": 0.20800316333770752, 
                    "spot": "debt"
                }
            ], 
            "wiki_id": 152835, 
            "wiki_title": "Debt"
        }, 
        {
            "annotations": [
                {
                    "begin": 329, 
                    "end": 336, 
                    "score": 0.06644292920827866, 
                    "spot": "African"
                }
            ], 
            "wiki_id": 2154, 
            "wiki_title": "African Americans"
        }, 
        {
            "annotations": [
                {
                    "begin": 1137, 
                    "end": 1149, 
                    "score": 0.17618143558502197, 
                    "spot": "institutions"
                }
            ], 
            "wiki_id": 294833, 
            "wiki_title": "Institution"
        }, 
        {
            "annotations": [
                {
                    "begin": 1189, 
                    "end": 1194, 
                    "score": 0.07667585462331772, 
                    "spot": "clear"
                }
            ], 
            "wiki_id": 10286566, 
            "wiki_title": "Clear (Unix)"
        }, 
        {
            "annotations": [
                {
                    "begin": 1952, 
                    "end": 1958, 
                    "score": 0.0771733745932579, 
                    "spot": "accord"
                }
            ], 
            "wiki_id": 13002869, 
            "wiki_title": "Labor\u2013Green Accord"
        }, 
        {
            "annotations": [
                {
                    "begin": 1527, 
                    "end": 1535, 
                    "score": 0.07538704574108124, 
                    "spot": "domestic"
                }
            ], 
            "wiki_id": 636781, 
            "wiki_title": "Domestic worker"
        }, 
        {
            "annotations": [
                {
                    "begin": 59, 
                    "end": 79, 
                    "score": 0.5, 
                    "spot": "misuse of\nstatistics"
                }
            ], 
            "wiki_id": 1217358, 
            "wiki_title": "Misuse of statistics"
        }, 
        {
            "annotations": [
                {
                    "begin": 226, 
                    "end": 235, 
                    "score": 0.0812947005033493, 
                    "spot": "principal"
                }
            ], 
            "wiki_id": 60737, 
            "wiki_title": "Bond (finance)"
        }, 
        {
            "annotations": [
                {
                    "begin": 951, 
                    "end": 963, 
                    "score": 0.003488372080028057, 
                    "spot": "productively"
                }
            ], 
            "wiki_id": 894368, 
            "wiki_title": "Productivity (linguistics)"
        }, 
        {
            "annotations": [
                {
                    "begin": 2026, 
                    "end": 2040, 
                    "score": 0.037383176386356354, 
                    "spot": "civil conflict"
                }
            ], 
            "wiki_id": 7085, 
            "wiki_title": "Civil war"
        }, 
        {
            "annotations": [
                {
                    "begin": 1558, 
                    "end": 1571, 
                    "score": 0.0012347472365945578, 
                    "spot": "possibilities"
                }
            ], 
            "wiki_id": 4122226, 
            "wiki_title": "Possibilities"
        }, 
        {
            "annotations": [
                {
                    "begin": 1079, 
                    "end": 1083, 
                    "score": 0.01007535308599472, 
                    "spot": "I do"
                }
            ], 
            "wiki_id": 5658057, 
            "wiki_title": "I Do (Rain song)"
        }, 
        {
            "annotations": [
                {
                    "begin": 384, 
                    "end": 387, 
                    "score": 0.19111213088035583, 
                    "spot": "aid"
                }
            ], 
            "wiki_id": 1908551, 
            "wiki_title": "Aid"
        }, 
        {
            "annotations": [
                {
                    "begin": 1098, 
                    "end": 1100, 
                    "score": 0.189510315656662, 
                    "spot": "Mr"
                }
            ], 
            "wiki_id": 19446, 
            "wiki_title": "Magnetic resonance imaging"
        }, 
        {
            "annotations": [
                {
                    "begin": 2429, 
                    "end": 2438, 
                    "score": 0.21247141063213348, 
                    "spot": "sentiment"
                }
            ], 
            "wiki_id": 163390, 
            "wiki_title": "Feeling"
        }, 
        {
            "annotations": [
                {
                    "begin": 828, 
                    "end": 846, 
                    "score": 0.23597021400928497, 
                    "spot": "building societies"
                }
            ], 
            "wiki_id": 4776, 
            "wiki_title": "Building society"
        }, 
        {
            "annotations": [
                {
                    "begin": 207, 
                    "end": 220, 
                    "score": 0.30609697103500366, 
                    "spot": "Latin America"
                }, 
                {
                    "begin": 1289, 
                    "end": 1302, 
                    "score": 0.19659681618213654, 
                    "spot": "Latin\nAmerica"
                }, 
                {
                    "begin": 2699, 
                    "end": 2712, 
                    "score": 0.19659681618213654, 
                    "spot": "Latin America"
                }
            ], 
            "wiki_id": 18524, 
            "wiki_title": "Latin America"
        }, 
        {
            "annotations": [
                {
                    "begin": 1349, 
                    "end": 1351, 
                    "score": 0.0011683235643431544, 
                    "spot": "we"
                }
            ], 
            "wiki_id": 65758, 
            "wiki_title": "Western (genre)"
        }, 
        {
            "annotations": [
                {
                    "begin": 872, 
                    "end": 878, 
                    "score": 0.3066023886203766, 
                    "spot": "saving"
                }
            ], 
            "wiki_id": 65228, 
            "wiki_title": "Saving"
        }, 
        {
            "annotations": [
                {
                    "begin": 2253, 
                    "end": 2261, 
                    "score": 0.6486201286315918, 
                    "spot": "Ethiopia"
                }
            ], 
            "wiki_id": 187749, 
            "wiki_title": "Ethiopia"
        }, 
        {
            "annotations": [
                {
                    "begin": 1786, 
                    "end": 1796, 
                    "score": 0.0007270964561030269, 
                    "spot": "priorities"
                }
            ], 
            "wiki_id": 40333806, 
            "wiki_title": "Priorities (album)"
        }, 
        {
            "annotations": [
                {
                    "begin": 164, 
                    "end": 174, 
                    "score": 0.07799995690584183, 
                    "spot": "contention"
                }
            ], 
            "wiki_id": 181592, 
            "wiki_title": "Competition"
        }, 
        {
            "annotations": [
                {
                    "begin": 1772, 
                    "end": 1775, 
                    "score": 0.06014235317707062, 
                    "spot": "low"
                }
            ], 
            "wiki_id": 803804, 
            "wiki_title": "Low church"
        }, 
        {
            "annotations": [
                {
                    "begin": 2683, 
                    "end": 2694, 
                    "score": 0.17829680442810059, 
                    "spot": "west Africa"
                }
            ], 
            "wiki_id": 67393, 
            "wiki_title": "West Africa"
        }, 
        {
            "annotations": [
                {
                    "begin": 136, 
                    "end": 141, 
                    "score": 0.10564140975475311, 
                    "spot": "cites"
                }
            ], 
            "wiki_id": 6201, 
            "wiki_title": "CITES"
        }, 
        {
            "annotations": [
                {
                    "begin": 180, 
                    "end": 190, 
                    "score": 0.12166358530521393, 
                    "spot": "statistics"
                }
            ], 
            "wiki_id": 26685, 
            "wiki_title": "Statistics"
        }, 
        {
            "annotations": [
                {
                    "begin": 936, 
                    "end": 941, 
                    "score": 0.11647595465183258, 
                    "spot": "funds"
                }
            ], 
            "wiki_id": 805953, 
            "wiki_title": "Funding"
        }, 
        {
            "annotations": [
                {
                    "begin": 1818, 
                    "end": 1823, 
                    "score": 0.08741432428359985, 
                    "spot": "State"
                }
            ], 
            "wiki_id": 28151, 
            "wiki_title": "State (polity)"
        }, 
        {
            "annotations": [
                {
                    "begin": 1001, 
                    "end": 1009, 
                    "score": 0.1591951698064804, 
                    "spot": "critical"
                }
            ], 
            "wiki_id": 276872, 
            "wiki_title": "Critical thinking"
        }, 
        {
            "annotations": [
                {
                    "begin": 573, 
                    "end": 577, 
                    "score": 0.13903775811195374, 
                    "spot": "zero"
                }
            ], 
            "wiki_id": 34513, 
            "wiki_title": "0 (number)"
        }, 
        {
            "annotations": [
                {
                    "begin": 2398, 
                    "end": 2403, 
                    "score": 0.36397677659988403, 
                    "spot": "guilt"
                }
            ], 
            "wiki_id": 12239, 
            "wiki_title": "Guilt (emotion)"
        }, 
        {
            "annotations": [
                {
                    "begin": 578, 
                    "end": 586, 
                    "score": 0.1671036034822464, 
                    "spot": "interest"
                }, 
                {
                    "begin": 919, 
                    "end": 927, 
                    "score": 0.3012753129005432, 
                    "spot": "interest"
                }
            ], 
            "wiki_id": 146738, 
            "wiki_title": "Interest"
        }, 
        {
            "annotations": [
                {
                    "begin": 1810, 
                    "end": 1816, 
                    "score": 0.1121102124452591, 
                    "spot": "rulers"
                }, 
                {
                    "begin": 1932, 
                    "end": 1938, 
                    "score": 0.15617378056049347, 
                    "spot": "rulers"
                }
            ], 
            "wiki_id": 19012, 
            "wiki_title": "Monarch"
        }, 
        {
            "annotations": [
                {
                    "begin": 1964, 
                    "end": 1969, 
                    "score": 0.046044036746025085, 
                    "spot": "local"
                }
            ], 
            "wiki_id": 52786, 
            "wiki_title": "Local government"
        }, 
        {
            "annotations": [
                {
                    "begin": 2001, 
                    "end": 2011, 
                    "score": 0.04699542373418808, 
                    "spot": "reinforced"
                }
            ], 
            "wiki_id": 54232, 
            "wiki_title": "Reinforced concrete"
        }, 
        {
            "annotations": [
                {
                    "begin": 1489, 
                    "end": 1496, 
                    "score": 0.17433111369609833, 
                    "spot": "factors"
                }
            ], 
            "wiki_id": 253492, 
            "wiki_title": "Factor analysis"
        }, 
        {
            "annotations": [
                {
                    "begin": 852, 
                    "end": 863, 
                    "score": 0.17562656104564667, 
                    "spot": "governments"
                }, 
                {
                    "begin": 1630, 
                    "end": 1640, 
                    "score": 0.20864836871623993, 
                    "spot": "government"
                }, 
                {
                    "begin": 2185, 
                    "end": 2195, 
                    "score": 0.07605762779712677, 
                    "spot": "government"
                }
            ], 
            "wiki_id": 12229, 
            "wiki_title": "Government"
        }, 
        {
            "annotations": [
                {
                    "begin": 765, 
                    "end": 772, 
                    "score": 0.08700253814458847, 
                    "spot": "initial"
                }
            ], 
            "wiki_id": 1052571, 
            "wiki_title": "Acronym"
        }, 
        {
            "annotations": [
                {
                    "begin": 1804, 
                    "end": 1809, 
                    "score": 0.028187034651637077, 
                    "spot": "local"
                }
            ], 
            "wiki_id": 30598, 
            "wiki_title": "Train"
        }, 
        {
            "annotations": [
                {
                    "begin": 929, 
                    "end": 931, 
                    "score": 0.0010810111416503787, 
                    "spot": "If"
                }, 
                {
                    "begin": 1053, 
                    "end": 1055, 
                    "score": 0.054399531334638596, 
                    "spot": "if"
                }
            ], 
            "wiki_id": 155571, 
            "wiki_title": "If (magazine)"
        }, 
        {
            "annotations": [
                {
                    "begin": 445, 
                    "end": 450, 
                    "score": 0.1104666143655777, 
                    "spot": "grant"
                }
            ], 
            "wiki_id": 1980975, 
            "wiki_title": "Grant (money)"
        }, 
        {
            "annotations": [
                {
                    "begin": 1307, 
                    "end": 1312, 
                    "score": 0.15224795043468475, 
                    "spot": "level"
                }
            ], 
            "wiki_id": 1910313, 
            "wiki_title": "Level (video gaming)"
        }, 
        {
            "annotations": [
                {
                    "begin": 6, 
                    "end": 14, 
                    "score": 0.0479704812169075, 
                    "spot": "Mr James"
                }
            ], 
            "wiki_id": 37773, 
            "wiki_title": "M. R. James"
        }, 
        {
            "annotations": [
                {
                    "begin": 1389, 
                    "end": 1397, 
                    "score": 0.07324076443910599, 
                    "spot": "commerce"
                }, 
                {
                    "begin": 2519, 
                    "end": 2529, 
                    "score": 0.1842779517173767, 
                    "spot": "commercial"
                }
            ], 
            "wiki_id": 39208, 
            "wiki_title": "Commerce"
        }, 
        {
            "annotations": [
                {
                    "begin": 1101, 
                    "end": 1108, 
                    "score": 0.2688576281070709, 
                    "spot": "Skinner"
                }
            ], 
            "wiki_id": 4868, 
            "wiki_title": "B. F. Skinner"
        }, 
        {
            "annotations": [
                {
                    "begin": 2239, 
                    "end": 2261, 
                    "score": 0.24849052727222443, 
                    "spot": "government of Ethiopia"
                }
            ], 
            "wiki_id": 77016, 
            "wiki_title": "Government of Ethiopia"
        }, 
        {
            "annotations": [
                {
                    "begin": 353, 
                    "end": 361, 
                    "score": 0.11096814274787903, 
                    "spot": "official"
                }
            ], 
            "wiki_id": 725182, 
            "wiki_title": "Official"
        }, 
        {
            "annotations": [
                {
                    "begin": 987, 
                    "end": 993, 
                    "score": 0.20182256400585175, 
                    "spot": "burden"
                }
            ], 
            "wiki_id": 61610, 
            "wiki_title": "Legal burden of proof"
        }, 
        {
            "annotations": [
                {
                    "begin": 485, 
                    "end": 522, 
                    "score": 0.5, 
                    "spot": "international development association"
                }
            ], 
            "wiki_id": 36755, 
            "wiki_title": "International Development Association"
        }, 
        {
            "annotations": [
                {
                    "begin": 2316, 
                    "end": 2323, 
                    "score": 0.09044205397367477, 
                    "spot": "alleged"
                }
            ], 
            "wiki_id": 2434267, 
            "wiki_title": "Allegation"
        }, 
        {
            "annotations": [
                {
                    "begin": 1381, 
                    "end": 1388, 
                    "score": 0.16264624893665314, 
                    "spot": "western"
                }
            ], 
            "wiki_id": 21208200, 
            "wiki_title": "Western world"
        }, 
        {
            "annotations": [
                {
                    "begin": 1352, 
                    "end": 1361, 
                    "score": 0.0028263796120882034, 
                    "spot": "move away"
                }
            ], 
            "wiki_id": 29320585, 
            "wiki_title": "Move Away"
        }, 
        {
            "annotations": [
                {
                    "begin": 2386, 
                    "end": 2394, 
                    "score": 0.2817576229572296, 
                    "spot": "feelings"
                }
            ], 
            "wiki_id": 10406, 
            "wiki_title": "Emotion"
        }, 
        {
            "annotations": [
                {
                    "begin": 635, 
                    "end": 644, 
                    "score": 0.0268509890884161, 
                    "spot": "cancelled"
                }
            ], 
            "wiki_id": 11752874, 
            "wiki_title": "Cancellation (television)"
        }, 
        {
            "annotations": [
                {
                    "begin": 250, 
                    "end": 258, 
                    "score": 0.03599431365728378, 
                    "spot": "argument"
                }
            ], 
            "wiki_id": 13018310, 
            "wiki_title": "Argument"
        }, 
        {
            "annotations": [
                {
                    "begin": 1207, 
                    "end": 1214, 
                    "score": 0.0008551881182938814, 
                    "spot": "inflict"
                }
            ], 
            "wiki_id": 40774392, 
            "wiki_title": "To Inflict"
        }, 
        {
            "annotations": [
                {
                    "begin": 1238, 
                    "end": 1247, 
                    "score": 0.010162601247429848, 
                    "spot": "What I do"
                }
            ], 
            "wiki_id": 10198320, 
            "wiki_title": "What I Do"
        }, 
        {
            "annotations": [
                {
                    "begin": 309, 
                    "end": 315, 
                    "score": 0.4181348979473114, 
                    "spot": "Brazil"
                }
            ], 
            "wiki_id": 3383, 
            "wiki_title": "Brazil"
        }, 
        {
            "annotations": [
                {
                    "begin": 1337, 
                    "end": 1345, 
                    "score": 0.0006112469709478319, 
                    "spot": "declines"
                }
            ], 
            "wiki_id": 1871471, 
            "wiki_title": "Decline"
        }, 
        {
            "annotations": [
                {
                    "begin": 1325, 
                    "end": 1336, 
                    "score": 0.02351529709994793, 
                    "spot": "achievement"
                }
            ], 
            "wiki_id": 881586, 
            "wiki_title": "Xbox Live"
        }, 
        {
            "annotations": [
                {
                    "begin": 2508, 
                    "end": 2518, 
                    "score": 0.08036797493696213, 
                    "spot": "productive"
                }
            ], 
            "wiki_id": 424899, 
            "wiki_title": "Productivity"
        }, 
        {
            "annotations": [
                {
                    "begin": 2748, 
                    "end": 2751, 
                    "score": 0.26044315099716187, 
                    "spot": "SW1"
                }
            ], 
            "wiki_id": 10113136, 
            "wiki_title": "SW postcode area"
        }, 
        {
            "annotations": [
                {
                    "begin": 1025, 
                    "end": 1032, 
                    "score": 0.07462440431118011, 
                    "spot": "debtors"
                }
            ], 
            "wiki_id": 1109998, 
            "wiki_title": "Debtors' prison"
        }, 
        {
            "annotations": [
                {
                    "begin": 51, 
                    "end": 53, 
                    "score": 0.03955342248082161, 
                    "spot": "me"
                }
            ], 
            "wiki_id": 50711, 
            "wiki_title": "Middle English"
        }, 
        {
            "annotations": [
                {
                    "begin": 1272, 
                    "end": 1276, 
                    "score": 0.4043118357658386, 
                    "spot": "Asia"
                }
            ], 
            "wiki_id": 689, 
            "wiki_title": "Asia"
        }, 
        {
            "annotations": [
                {
                    "begin": 1861, 
                    "end": 1871, 
                    "score": 0.3259504437446594, 
                    "spot": "rural poor"
                }
            ], 
            "wiki_id": 23299088, 
            "wiki_title": "Rural poverty"
        }, 
        {
            "annotations": [
                {
                    "begin": 965, 
                    "end": 969, 
                    "score": 0.26939576864242554, 
                    "spot": "debt"
                }, 
                {
                    "begin": 965, 
                    "end": 977, 
                    "score": 0.261904776096344, 
                    "spot": "debt service"
                }
            ], 
            "wiki_id": 695460, 
            "wiki_title": "Government debt"
        }, 
        {
            "annotations": [
                {
                    "begin": 1873, 
                    "end": 1882, 
                    "score": 0.1255662590265274, 
                    "spot": "conflicts"
                }
            ], 
            "wiki_id": 33158, 
            "wiki_title": "War"
        }, 
        {
            "annotations": [
                {
                    "begin": 2546, 
                    "end": 2554, 
                    "score": 0.022615356370806694, 
                    "spot": "together"
                }
            ], 
            "wiki_id": 1237887, 
            "wiki_title": "Concurrency (road)"
        }, 
        {
            "annotations": [
                {
                    "begin": 2155, 
                    "end": 2169, 
                    "score": 0.045109931379556656, 
                    "spot": "armed\nconflict"
                }
            ], 
            "wiki_id": 392720, 
            "wiki_title": "Armed conflict"
        }, 
        {
            "annotations": [
                {
                    "begin": 117, 
                    "end": 131, 
                    "score": 0.002650176640599966, 
                    "spot": "poor countries"
                }, 
                {
                    "begin": 1437, 
                    "end": 1448, 
                    "score": 0.3892383873462677, 
                    "spot": "Third World"
                }, 
                {
                    "begin": 2342, 
                    "end": 2353, 
                    "score": 0.37975504994392395, 
                    "spot": "Third World"
                }, 
                {
                    "begin": 2452, 
                    "end": 2463, 
                    "score": 0.2764095067977905, 
                    "spot": "Third World"
                }, 
                {
                    "begin": 2639, 
                    "end": 2653, 
                    "score": 0.14287948608398438, 
                    "spot": "poor countries"
                }
            ], 
            "wiki_id": 30305, 
            "wiki_title": "Third World"
        }, 
        {
            "annotations": [
                {
                    "begin": 2080, 
                    "end": 2084, 
                    "score": 0.14926756918430328, 
                    "spot": "will"
                }, 
                {
                    "begin": 2196, 
                    "end": 2200, 
                    "score": 0.10375797003507614, 
                    "spot": "will"
                }
            ], 
            "wiki_id": 154698, 
            "wiki_title": "Will Smith"
        }, 
        {
            "annotations": [
                {
                    "begin": 2666, 
                    "end": 2681, 
                    "score": 0.21150724589824677, 
                    "spot": "south-east Asia"
                }
            ], 
            "wiki_id": 28741, 
            "wiki_title": "Southeast Asia"
        }, 
        {
            "annotations": [
                {
                    "begin": 1195, 
                    "end": 1206, 
                    "score": 0.18006381392478943, 
                    "spot": "implication"
                }
            ], 
            "wiki_id": 37531624, 
            "wiki_title": "Logical consequence"
        }, 
        {
            "annotations": [
                {
                    "begin": 1215, 
                    "end": 1224, 
                    "score": 0.07215570658445358, 
                    "spot": "suffering"
                }
            ], 
            "wiki_id": 206583, 
            "wiki_title": "Suffering"
        }, 
        {
            "annotations": [
                {
                    "begin": 559, 
                    "end": 568, 
                    "score": 0.3276504874229431, 
                    "spot": "inflation"
                }, 
                {
                    "begin": 2332, 
                    "end": 2338, 
                    "score": 0.1688111126422882, 
                    "spot": "causes"
                }
            ], 
            "wiki_id": 38286, 
            "wiki_title": "Inflation"
        }, 
        {
            "annotations": [
                {
                    "begin": 2720, 
                    "end": 2734, 
                    "score": 0.48038846254348755, 
                    "spot": "House of Lords"
                }
            ], 
            "wiki_id": 13658, 
            "wiki_title": "House of Lords"
        }, 
        {
            "annotations": [
                {
                    "begin": 2226, 
                    "end": 2229, 
                    "score": 0.052485790103673935, 
                    "spot": "nor"
                }
            ], 
            "wiki_id": 21704, 
            "wiki_title": "Norwegian language"
        }, 
        {
            "annotations": [
                {
                    "begin": 680, 
                    "end": 685, 
                    "score": 0.08239056169986725, 
                    "spot": "times"
                }
            ], 
            "wiki_id": 39127, 
            "wiki_title": "The Times"
        }, 
        {
            "annotations": [
                {
                    "begin": 1824, 
                    "end": 1828, 
                    "score": 0.05286567285656929, 
                    "spot": "help"
                }, 
                {
                    "begin": 2089, 
                    "end": 2093, 
                    "score": 0.22574321925640106, 
                    "spot": "help"
                }, 
                {
                    "begin": 2205, 
                    "end": 2209, 
                    "score": 0.10030552744865417, 
                    "spot": "help"
                }
            ], 
            "wiki_id": 29454281, 
            "wiki_title": "The Help (film)"
        }, 
        {
            "annotations": [
                {
                    "begin": 1944, 
                    "end": 1947, 
                    "score": 0.0967460498213768, 
                    "spot": "may"
                }
            ], 
            "wiki_id": 311205, 
            "wiki_title": "May 1968 events in France"
        }, 
        {
            "annotations": [
                {
                    "begin": 1410, 
                    "end": 1417, 
                    "score": 0.001254750182852149, 
                    "spot": "alleged"
                }
            ], 
            "wiki_id": 7177045, 
            "wiki_title": "Alleged (horse)"
        }, 
        {
            "annotations": [
                {
                    "begin": 388, 
                    "end": 398, 
                    "score": 0.23169340193271637, 
                    "spot": "agreements"
                }
            ], 
            "wiki_id": 19280537, 
            "wiki_title": "Contract"
        }, 
        {
            "annotations": [
                {
                    "begin": 711, 
                    "end": 716, 
                    "score": 0.20009638369083405, 
                    "spot": "treat"
                }
            ], 
            "wiki_id": 30432, 
            "wiki_title": "Treaty"
        }, 
        {
            "annotations": [
                {
                    "begin": 2498, 
                    "end": 2504, 
                    "score": 0.020637407898902893, 
                    "spot": "inflow"
                }
            ], 
            "wiki_id": 8282374, 
            "wiki_title": "Tropical cyclone"
        }, 
        {
            "annotations": [
                {
                    "begin": 785, 
                    "end": 794, 
                    "score": 0.14862218499183655, 
                    "spot": "resources"
                }
            ], 
            "wiki_id": 21675, 
            "wiki_title": "Natural resource"
        }, 
        {
            "annotations": [
                {
                    "begin": 1695, 
                    "end": 1705, 
                    "score": 0.0011430437443777919, 
                    "spot": "precarious"
                }
            ], 
            "wiki_id": 10387939, 
            "wiki_title": "Precarious work"
        }, 
        {
            "annotations": [
                {
                    "begin": 9, 
                    "end": 22, 
                    "score": 0.239130437374115, 
                    "spot": "James Skinner"
                }
            ], 
            "wiki_id": 7393356, 
            "wiki_title": "James Skinner (East India Company officer)"
        }, 
        {
            "annotations": [
                {
                    "begin": 2125, 
                    "end": 2135, 
                    "score": 0.005423675291240215, 
                    "spot": "miles away"
                }
            ], 
            "wiki_id": 26963933, 
            "wiki_title": "Miles Away (band)"
        }, 
        {
            "annotations": [
                {
                    "begin": 362, 
                    "end": 369, 
                    "score": 0.19620634615421295, 
                    "spot": "lenders"
                }, 
                {
                    "begin": 420, 
                    "end": 425, 
                    "score": 0.22656644880771637, 
                    "spot": "loans"
                }, 
                {
                    "begin": 523, 
                    "end": 528, 
                    "score": 0.2432847023010254, 
                    "spot": "loans"
                }
            ], 
            "wiki_id": 208852, 
            "wiki_title": "Loan"
        }, 
        {
            "annotations": [
                {
                    "begin": 1970, 
                    "end": 1975, 
                    "score": 0.12105150520801544, 
                    "spot": "mores"
                }
            ], 
            "wiki_id": 52510, 
            "wiki_title": "Mores"
        }, 
        {
            "annotations": [
                {
                    "begin": 142, 
                    "end": 148, 
                    "score": 0.15479153394699097, 
                    "spot": "Africa"
                }, 
                {
                    "begin": 601, 
                    "end": 608, 
                    "score": 0.25274279713630676, 
                    "spot": "African"
                }, 
                {
                    "begin": 601, 
                    "end": 618, 
                    "score": 0.22415980696678162, 
                    "spot": "African countries"
                }, 
                {
                    "begin": 1278, 
                    "end": 1284, 
                    "score": 0.3895566463470459, 
                    "spot": "Africa"
                }
            ], 
            "wiki_id": 5334607, 
            "wiki_title": "Africa"
        }, 
        {
            "annotations": [
                {
                    "begin": 2362, 
                    "end": 2370, 
                    "score": 0.0005164593458175659, 
                    "spot": "reflects"
                }
            ], 
            "wiki_id": 521267, 
            "wiki_title": "Reflection (physics)"
        }, 
        {
            "annotations": [
                {
                    "begin": 511, 
                    "end": 522, 
                    "score": 0.19786478579044342, 
                    "spot": "association"
                }
            ], 
            "wiki_id": 28831284, 
            "wiki_title": "Voluntary association"
        }, 
        {
            "annotations": [
                {
                    "begin": 1010, 
                    "end": 1015, 
                    "score": 0.152154341340065, 
                    "spot": "sense"
                }
            ], 
            "wiki_id": 23416874, 
            "wiki_title": "Sense"
        }, 
        {
            "annotations": [
                {
                    "begin": 699, 
                    "end": 706, 
                    "score": 0.18993057310581207, 
                    "spot": "country"
                }
            ], 
            "wiki_id": 21627, 
            "wiki_title": "Nation state"
        }, 
        {
            "annotations": [
                {
                    "begin": 2015, 
                    "end": 2025, 
                    "score": 0.08193178474903107, 
                    "spot": "ubiquitous"
                }
            ], 
            "wiki_id": 218271, 
            "wiki_title": "Omnipresence"
        }, 
        {
            "annotations": [
                {
                    "begin": 1, 
                    "end": 4, 
                    "score": 0.08850310742855072, 
                    "spot": "Sir"
                }
            ], 
            "wiki_id": 390067, 
            "wiki_title": "Knight Bachelor"
        }, 
        {
            "annotations": [
                {
                    "begin": 1116, 
                    "end": 1120, 
                    "score": 0.2776544988155365, 
                    "spot": "mind"
                }
            ], 
            "wiki_id": 19378, 
            "wiki_title": "Mind"
        }, 
        {
            "annotations": [
                {
                    "begin": 1484, 
                    "end": 1488, 
                    "score": 0.22505392134189606, 
                    "spot": "real"
                }
            ], 
            "wiki_id": 43854, 
            "wiki_title": "Reality"
        }, 
        {
            "annotations": [
                {
                    "begin": 2736, 
                    "end": 2747, 
                    "score": 0.3473392128944397, 
                    "spot": "Westminster"
                }
            ], 
            "wiki_id": 37432, 
            "wiki_title": "Westminster"
        }, 
        {
            "annotations": [
                {
                    "begin": 2614, 
                    "end": 2625, 
                    "score": 0.0013223085552453995, 
                    "spot": "transformed"
                }
            ], 
            "wiki_id": 244219, 
            "wiki_title": "Shapeshifting"
        }, 
        {
            "annotations": [
                {
                    "begin": 2230, 
                    "end": 2234, 
                    "score": 0.0018194559961557388, 
                    "spot": "will"
                }
            ], 
            "wiki_id": 47921, 
            "wiki_title": "Free will"
        }, 
        {
            "annotations": [
                {
                    "begin": 24, 
                    "end": 31, 
                    "score": 0.07060239464044571, 
                    "spot": "Letters"
                }
            ], 
            "wiki_id": 51138, 
            "wiki_title": "Mail"
        }, 
        {
            "annotations": [
                {
                    "begin": 451, 
                    "end": 458, 
                    "score": 0.006042784079909325, 
                    "spot": "element"
                }
            ], 
            "wiki_id": 5659, 
            "wiki_title": "Chemical element"
        }, 
        {
            "annotations": [
                {
                    "begin": 1316, 
                    "end": 1324, 
                    "score": 0.0015044172760099173, 
                    "spot": "material"
                }
            ], 
            "wiki_id": 19622, 
            "wiki_title": "Materials science"
        }, 
        {
            "annotations": [
                {
                    "begin": 2599, 
                    "end": 2603, 
                    "score": 0.0010033606085926294, 
                    "spot": "last"
                }
            ], 
            "wiki_id": 39078347, 
            "wiki_title": "Peter R. Last"
        }, 
        {
            "annotations": [
                {
                    "begin": 1706, 
                    "end": 1728, 
                    "score": 0.12068965286016464, 
                    "spot": "subsistence production"
                }
            ], 
            "wiki_id": 1069073, 
            "wiki_title": "Subsistence economy"
        }, 
        {
            "annotations": [
                {
                    "begin": 2106, 
                    "end": 2112, 
                    "score": 0.18203793466091156, 
                    "spot": "blacks"
                }
            ], 
            "wiki_id": 4745, 
            "wiki_title": "Black people"
        }, 
        {
            "annotations": [
                {
                    "begin": 1465, 
                    "end": 1474, 
                    "score": 0.25709986686706543, 
                    "spot": "attention"
                }
            ], 
            "wiki_id": 68753, 
            "wiki_title": "Attention"
        }, 
        {
            "annotations": [
                {
                    "begin": 84, 
                    "end": 97, 
                    "score": 0.0019642857369035482, 
                    "spot": "understanding"
                }
            ], 
            "wiki_id": 216180, 
            "wiki_title": "Understanding"
        }, 
        {
            "annotations": [
                {
                    "begin": 1232, 
                    "end": 1236, 
                    "score": 0.10427604615688324, 
                    "spot": "poor"
                }, 
                {
                    "begin": 1437, 
                    "end": 1456, 
                    "score": 0.3160044252872467, 
                    "spot": "Third World poverty"
                }, 
                {
                    "begin": 1509, 
                    "end": 1516, 
                    "score": 0.18418285250663757, 
                    "spot": "poverty"
                }, 
                {
                    "begin": 1760, 
                    "end": 1767, 
                    "score": 0.16509407758712769, 
                    "spot": "poorest"
                }, 
                {
                    "begin": 1837, 
                    "end": 1844, 
                    "score": 0.23990927636623383, 
                    "spot": "poorest"
                }, 
                {
                    "begin": 2098, 
                    "end": 2105, 
                    "score": 0.14625991880893707, 
                    "spot": "poorest"
                }, 
                {
                    "begin": 2266, 
                    "end": 2270, 
                    "score": 0.14696332812309265, 
                    "spot": "poor"
                }, 
                {
                    "begin": 2342, 
                    "end": 2361, 
                    "score": 0.3160044252872467, 
                    "spot": "Third World\npoverty"
                }
            ], 
            "wiki_id": 64959, 
            "wiki_title": "Poverty"
        }, 
        {
            "annotations": [
                {
                    "begin": 2214, 
                    "end": 2219, 
                    "score": 0.2622999846935272, 
                    "spot": "Tamil"
                }
            ], 
            "wiki_id": 300548, 
            "wiki_title": "Tamils"
        }, 
        {
            "annotations": [
                {
                    "begin": 276, 
                    "end": 282, 
                    "score": 0.11587552726268768, 
                    "spot": "Oxford"
                }
            ], 
            "wiki_id": 22308, 
            "wiki_title": "Oxford"
        }, 
        {
            "annotations": [
                {
                    "begin": 464, 
                    "end": 477, 
                    "score": 0.13705584406852722, 
                    "spot": "limiting case"
                }
            ], 
            "wiki_id": 40400729, 
            "wiki_title": "Limiting case (mathematics)"
        }, 
        {
            "annotations": [
                {
                    "begin": 821, 
                    "end": 826, 
                    "score": 0.1498112976551056, 
                    "spot": "banks"
                }
            ], 
            "wiki_id": 19360669, 
            "wiki_title": "Bank"
        }, 
        {
            "annotations": [
                {
                    "begin": 2113, 
                    "end": 2121, 
                    "score": 0.08924955129623413, 
                    "spot": "hundreds"
                }
            ], 
            "wiki_id": 1291391, 
            "wiki_title": "History of Shropshire"
        }, 
        {
            "annotations": [
                {
                    "begin": 1622, 
                    "end": 1628, 
                    "score": 0.030584264546632767, 
                    "spot": "others"
                }
            ], 
            "wiki_id": 2172378, 
            "wiki_title": "Independent politician"
        }, 
        {
            "annotations": [
                {
                    "begin": 33, 
                    "end": 41, 
                    "score": 0.0006286432617343962, 
                    "spot": "April 11"
                }
            ], 
            "wiki_id": 1648720, 
            "wiki_title": "April 11 (Eastern Orthodox liturgics)"
        }, 
        {
            "annotations": [
                {
                    "begin": 2060, 
                    "end": 2079, 
                    "score": 0.05025125667452812, 
                    "spot": "Sudanese government"
                }
            ], 
            "wiki_id": 27425, 
            "wiki_title": "Politics of Sudan"
        }, 
        {
            "annotations": [
                {
                    "begin": 2626, 
                    "end": 2630, 
                    "score": 0.0496743805706501, 
                    "spot": "life"
                }
            ], 
            "wiki_id": 18393, 
            "wiki_title": "Life"
        }, 
        {
            "annotations": [
                {
                    "begin": 152, 
                    "end": 159, 
                    "score": 0.10034159570932388, 
                    "spot": "support"
                }
            ], 
            "wiki_id": 381013, 
            "wiki_title": "Support (mathematics)"
        }, 
        {
            "annotations": [
                {
                    "begin": 321, 
                    "end": 325, 
                    "score": 0.08695369213819504, 
                    "spot": "bulk"
                }
            ], 
            "wiki_id": 1542741, 
            "wiki_title": "Bulk material handling"
        }, 
        {
            "annotations": [
                {
                    "begin": 43, 
                    "end": 50, 
                    "score": 0.02736733853816986, 
                    "spot": "charges"
                }
            ], 
            "wiki_id": 10192, 
            "wiki_title": "Explosive material"
        }, 
        {
            "annotations": [
                {
                    "begin": 2375, 
                    "end": 2385, 
                    "score": 0.147442027926445, 
                    "spot": "reinforces"
                }
            ], 
            "wiki_id": 211960, 
            "wiki_title": "Reinforcement"
        }, 
        {
            "annotations": [
                {
                    "begin": 1163, 
                    "end": 1170, 
                    "score": 0.15859152376651764, 
                    "spot": "western"
                }, 
                {
                    "begin": 2324, 
                    "end": 2331, 
                    "score": 0.11478465795516968, 
                    "spot": "western"
                }
            ], 
            "wiki_id": 21208262, 
            "wiki_title": "Western culture"
        }, 
        {
            "annotations": [
                {
                    "begin": 1681, 
                    "end": 1691, 
                    "score": 0.11171196401119232, 
                    "spot": "dependence"
                }
            ], 
            "wiki_id": 27158894, 
            "wiki_title": "Addiction"
        }, 
        {
            "annotations": [
                {
                    "begin": 2297, 
                    "end": 2303, 
                    "score": 0.09367670118808746, 
                    "spot": "letter"
                }
            ], 
            "wiki_id": 17845, 
            "wiki_title": "Letter (message)"
        }, 
        {
            "annotations": [
                {
                    "begin": 879, 
                    "end": 891, 
                    "score": 0.3369317352771759, 
                    "spot": "certificates"
                }
            ], 
            "wiki_id": 644912, 
            "wiki_title": "Certificate of deposit"
        }, 
        {
            "annotations": [
                {
                    "begin": 2175, 
                    "end": 2184, 
                    "score": 0.3495503067970276, 
                    "spot": "Sinhalese"
                }
            ], 
            "wiki_id": 29359, 
            "wiki_title": "Sinhalese people"
        }, 
        {
            "annotations": [
                {
                    "begin": 2530, 
                    "end": 2537, 
                    "score": 0.20700983703136444, 
                    "spot": "capital"
                }
            ], 
            "wiki_id": 181293, 
            "wiki_title": "Capital (economics)"
        }, 
        {
            "annotations": [
                {
                    "begin": 2714, 
                    "end": 2719, 
                    "score": 0.1388114094734192, 
                    "spot": "Bauer"
                }
            ], 
            "wiki_id": 14778269, 
            "wiki_title": "K. Jack Bauer"
        }, 
        {
            "annotations": [
                {
                    "begin": 1892, 
                    "end": 1901, 
                    "score": 0.2052871733903885, 
                    "spot": "political"
                }
            ], 
            "wiki_id": 22986, 
            "wiki_title": "Politics"
        }, 
        {
            "annotations": [
                {
                    "begin": 1630, 
                    "end": 1649, 
                    "score": 0.17260892689228058, 
                    "spot": "government policies"
                }
            ], 
            "wiki_id": 153324, 
            "wiki_title": "Public policy"
        }, 
        {
            "annotations": [
                {
                    "begin": 1402, 
                    "end": 1406, 
                    "score": 0.13874316215515137, 
                    "spot": "harp"
                }
            ], 
            "wiki_id": 13911, 
            "wiki_title": "Harp"
        }, 
        {
            "annotations": [
                {
                    "begin": 266, 
                    "end": 272, 
                    "score": 0.1779050976037979, 
                    "spot": "Bishop"
                }
            ], 
            "wiki_id": 4092, 
            "wiki_title": "Bishop"
        }, 
        {
            "annotations": [
                {
                    "begin": 1042, 
                    "end": 1052, 
                    "score": 0.13524854183197021, 
                    "spot": "better off"
                }
            ], 
            "wiki_id": 45479, 
            "wiki_title": "Utility"
        }
    ]
}