{
    "tagme": [
        {
            "annotations": [
                {
                    "begin": 2677, 
                    "end": 2681, 
                    "score": 0.03513031080365181, 
                    "spot": "head"
                }
            ], 
            "wiki_id": 29029594, 
            "wiki_title": "Human head"
        }, 
        {
            "annotations": [
                {
                    "begin": 3440, 
                    "end": 3449, 
                    "score": 0.28862982988357544, 
                    "spot": "Kimberley"
                }
            ], 
            "wiki_id": 313628, 
            "wiki_title": "Kimberley, Northern Cape"
        }, 
        {
            "annotations": [
                {
                    "begin": 3004, 
                    "end": 3013, 
                    "score": 0.0005668155499733984, 
                    "spot": "Meanwhile"
                }
            ], 
            "wiki_id": 7052969, 
            "wiki_title": "...Meanwhile"
        }, 
        {
            "annotations": [
                {
                    "begin": 166, 
                    "end": 174, 
                    "score": 0.1260996311903, 
                    "spot": "republic"
                }
            ], 
            "wiki_id": 25536, 
            "wiki_title": "Republic"
        }, 
        {
            "annotations": [
                {
                    "begin": 108, 
                    "end": 116, 
                    "score": 0.4579918086528778, 
                    "spot": "De Beers"
                }, 
                {
                    "begin": 418, 
                    "end": 426, 
                    "score": 0.4579918086528778, 
                    "spot": "De Beers"
                }, 
                {
                    "begin": 635, 
                    "end": 643, 
                    "score": 0.4579918086528778, 
                    "spot": "De Beers"
                }, 
                {
                    "begin": 780, 
                    "end": 788, 
                    "score": 0.4579918086528778, 
                    "spot": "De Beers"
                }, 
                {
                    "begin": 1212, 
                    "end": 1220, 
                    "score": 0.4579918086528778, 
                    "spot": "De Beers"
                }, 
                {
                    "begin": 1282, 
                    "end": 1290, 
                    "score": 0.499707967042923, 
                    "spot": "De Beers"
                }, 
                {
                    "begin": 2920, 
                    "end": 2928, 
                    "score": 0.4579918086528778, 
                    "spot": "De Beers"
                }
            ], 
            "wiki_id": 53713, 
            "wiki_title": "De Beers"
        }, 
        {
            "annotations": [
                {
                    "begin": 2601, 
                    "end": 2604, 
                    "score": 0.002038082107901573, 
                    "spot": "set"
                }
            ], 
            "wiki_id": 2020378, 
            "wiki_title": "Tennis scoring system"
        }, 
        {
            "annotations": [
                {
                    "begin": 124, 
                    "end": 129, 
                    "score": 0.04597704857587814, 
                    "spot": "visit"
                }
            ], 
            "wiki_id": 2994571, 
            "wiki_title": "1972 Nixon visit to China"
        }, 
        {
            "annotations": [
                {
                    "begin": 507, 
                    "end": 515, 
                    "score": 0.028911884874105453, 
                    "spot": "presence"
                }
            ], 
            "wiki_id": 6045065, 
            "wiki_title": "South Lebanon conflict (1985\u20132000)"
        }, 
        {
            "annotations": [
                {
                    "begin": 545, 
                    "end": 548, 
                    "score": 0.09117542952299118, 
                    "spot": "who"
                }
            ], 
            "wiki_id": 33583, 
            "wiki_title": "World Health Organization"
        }, 
        {
            "annotations": [
                {
                    "begin": 2126, 
                    "end": 2132, 
                    "score": 0.05124826729297638, 
                    "spot": "set up"
                }
            ], 
            "wiki_id": 1570532, 
            "wiki_title": "The Set-Up (1949 film)"
        }, 
        {
            "annotations": [
                {
                    "begin": 2644, 
                    "end": 2650, 
                    "score": 0.037906669080257416, 
                    "spot": "charge"
                }
            ], 
            "wiki_id": 18963787, 
            "wiki_title": "Ion"
        }, 
        {
            "annotations": [
                {
                    "begin": 3622, 
                    "end": 3644, 
                    "score": 0.3333333432674408, 
                    "spot": "Mount\nPleasant, London"
                }
            ], 
            "wiki_id": 14141366, 
            "wiki_title": "Mount Pleasant Mail Centre"
        }, 
        {
            "annotations": [
                {
                    "begin": 1230, 
                    "end": 1236, 
                    "score": 0.051269691437482834, 
                    "spot": "formal"
                }
            ], 
            "wiki_id": 773685, 
            "wiki_title": "Formalism (art)"
        }, 
        {
            "annotations": [
                {
                    "begin": 3257, 
                    "end": 3265, 
                    "score": 0.0008694707066752017, 
                    "spot": "punished"
                }
            ], 
            "wiki_id": 146764, 
            "wiki_title": "Punishment"
        }, 
        {
            "annotations": [
                {
                    "begin": 2016, 
                    "end": 2029, 
                    "score": 0.0018028846243396401, 
                    "spot": "Everything\nis"
                }
            ], 
            "wiki_id": 2703283, 
            "wiki_title": "Everything Is"
        }, 
        {
            "annotations": [
                {
                    "begin": 3163, 
                    "end": 3170, 
                    "score": 0.29968178272247314, 
                    "spot": "Belgian"
                }
            ], 
            "wiki_id": 1263929, 
            "wiki_title": "Belgians"
        }, 
        {
            "annotations": [
                {
                    "begin": 2707, 
                    "end": 2716, 
                    "score": 0.021114282310009003, 
                    "spot": "broken up"
                }
            ], 
            "wiki_id": 1037955, 
            "wiki_title": "Ship breaking"
        }, 
        {
            "annotations": [
                {
                    "begin": 2231, 
                    "end": 2238, 
                    "score": 0.4372432827949524, 
                    "spot": "Gokhran"
                }
            ], 
            "wiki_id": 25581445, 
            "wiki_title": "Gokhran"
        }, 
        {
            "annotations": [
                {
                    "begin": 430, 
                    "end": 433, 
                    "score": 0.13935503363609314, 
                    "spot": "cut"
                }
            ], 
            "wiki_id": 17253537, 
            "wiki_title": "Censorship"
        }, 
        {
            "annotations": [
                {
                    "begin": 1269, 
                    "end": 1280, 
                    "score": 0.000643755542114377, 
                    "spot": "September 8"
                }
            ], 
            "wiki_id": 1616305, 
            "wiki_title": "September 8 (Eastern Orthodox liturgics)"
        }, 
        {
            "annotations": [
                {
                    "begin": 234, 
                    "end": 239, 
                    "score": 0.0017998437397181988, 
                    "spot": "visit"
                }
            ], 
            "wiki_id": 327283, 
            "wiki_title": "State visit"
        }, 
        {
            "annotations": [
                {
                    "begin": 686, 
                    "end": 693, 
                    "score": 0.011985779739916325, 
                    "spot": "guiding"
                }
            ], 
            "wiki_id": 26207714, 
            "wiki_title": "Girl Guides"
        }, 
        {
            "annotations": [
                {
                    "begin": 1666, 
                    "end": 1674, 
                    "score": 0.018613260239362717, 
                    "spot": "contract"
                }
            ], 
            "wiki_id": 250879, 
            "wiki_title": "Contract killing"
        }, 
        {
            "annotations": [
                {
                    "begin": 471, 
                    "end": 479, 
                    "score": 0.11769550293684006, 
                    "spot": "industry"
                }
            ], 
            "wiki_id": 14543, 
            "wiki_title": "Industry"
        }, 
        {
            "annotations": [
                {
                    "begin": 385, 
                    "end": 391, 
                    "score": 0.11026979237794876, 
                    "spot": "market"
                }, 
                {
                    "begin": 2949, 
                    "end": 2955, 
                    "score": 0.06270059943199158, 
                    "spot": "market"
                }
            ], 
            "wiki_id": 3736784, 
            "wiki_title": "Market (economics)"
        }, 
        {
            "annotations": [
                {
                    "begin": 1987, 
                    "end": 1994, 
                    "score": 0.07716606557369232, 
                    "spot": "Russian"
                }
            ], 
            "wiki_id": 24795561, 
            "wiki_title": "Russian Soviet Federative Socialist Republic"
        }, 
        {
            "annotations": [
                {
                    "begin": 3095, 
                    "end": 3103, 
                    "score": 0.06431875377893448, 
                    "spot": "magazine"
                }
            ], 
            "wiki_id": 21001, 
            "wiki_title": "Magazine"
        }, 
        {
            "annotations": [
                {
                    "begin": 861, 
                    "end": 869, 
                    "score": 0.11768142879009247, 
                    "spot": "Nicholas"
                }
            ], 
            "wiki_id": 30172853, 
            "wiki_title": "Nicholas II of Russia"
        }, 
        {
            "annotations": [
                {
                    "begin": 3312, 
                    "end": 3318, 
                    "score": 0.04035339131951332, 
                    "spot": "sights"
                }
            ], 
            "wiki_id": 1041421, 
            "wiki_title": "Iron sights"
        }, 
        {
            "annotations": [
                {
                    "begin": 392, 
                    "end": 399, 
                    "score": 0.001630298444069922, 
                    "spot": "turmoil"
                }
            ], 
            "wiki_id": 43350694, 
            "wiki_title": "The Turmoil"
        }, 
        {
            "annotations": [
                {
                    "begin": 1321, 
                    "end": 1333, 
                    "score": 0.0022592919413000345, 
                    "spot": "Organisation"
                }, 
                {
                    "begin": 1739, 
                    "end": 1751, 
                    "score": 0.1159551590681076, 
                    "spot": "organisation"
                }, 
                {
                    "begin": 3187, 
                    "end": 3200, 
                    "score": 0.1676429957151413, 
                    "spot": "organisations"
                }, 
                {
                    "begin": 3492, 
                    "end": 3505, 
                    "score": 0.020892176777124405, 
                    "spot": "organisations"
                }
            ], 
            "wiki_id": 105070, 
            "wiki_title": "Organization"
        }, 
        {
            "annotations": [
                {
                    "begin": 718, 
                    "end": 725, 
                    "score": 0.03123890608549118, 
                    "spot": "current"
                }
            ], 
            "wiki_id": 772, 
            "wiki_title": "Ampere"
        }, 
        {
            "annotations": [
                {
                    "begin": 2623, 
                    "end": 2630, 
                    "score": 0.1899999976158142, 
                    "spot": "Rudakov"
                }
            ], 
            "wiki_id": 6866300, 
            "wiki_title": "Rudakov"
        }, 
        {
            "annotations": [
                {
                    "begin": 3603, 
                    "end": 3606, 
                    "score": 0.15261878073215485, 
                    "spot": "CRU"
                }
            ], 
            "wiki_id": 276928, 
            "wiki_title": "Cru (Christian organization)"
        }, 
        {
            "annotations": [
                {
                    "begin": 3397, 
                    "end": 3400, 
                    "score": 0.0017064312705770135, 
                    "spot": "ten"
                }
            ], 
            "wiki_id": 342308, 
            "wiki_title": "Network Ten"
        }, 
        {
            "annotations": [
                {
                    "begin": 48, 
                    "end": 56, 
                    "score": 0.07606825977563858, 
                    "spot": "controls"
                }
            ], 
            "wiki_id": 275473, 
            "wiki_title": "Control system"
        }, 
        {
            "annotations": [
                {
                    "begin": 1722, 
                    "end": 1726, 
                    "score": 0.22600369155406952, 
                    "spot": "gold"
                }
            ], 
            "wiki_id": 12240, 
            "wiki_title": "Gold"
        }, 
        {
            "annotations": [
                {
                    "begin": 1714, 
                    "end": 1726, 
                    "score": 0.2783956229686737, 
                    "spot": "Russian gold"
                }
            ], 
            "wiki_id": 20063724, 
            "wiki_title": "Colored gold"
        }, 
        {
            "annotations": [
                {
                    "begin": 2016, 
                    "end": 2026, 
                    "score": 0.0025429686065763235, 
                    "spot": "Everything"
                }
            ], 
            "wiki_id": 5048124, 
            "wiki_title": "Everything (Anna Vissi song)"
        }, 
        {
            "annotations": [
                {
                    "begin": 152, 
                    "end": 156, 
                    "score": 0.16627000272274017, 
                    "spot": "time"
                }, 
                {
                    "begin": 1510, 
                    "end": 1514, 
                    "score": 0.03361807018518448, 
                    "spot": "time"
                }
            ], 
            "wiki_id": 31600, 
            "wiki_title": "Time (magazine)"
        }, 
        {
            "annotations": [
                {
                    "begin": 2308, 
                    "end": 2314, 
                    "score": 0.06445712596178055, 
                    "spot": "centre"
                }
            ], 
            "wiki_id": 553883, 
            "wiki_title": "Government of India"
        }, 
        {
            "annotations": [
                {
                    "begin": 1292, 
                    "end": 1304, 
                    "score": 0.05644616857171059, 
                    "spot": "London-based"
                }, 
                {
                    "begin": 1588, 
                    "end": 1594, 
                    "score": 0.2255367934703827, 
                    "spot": "London"
                }
            ], 
            "wiki_id": 17867, 
            "wiki_title": "London"
        }, 
        {
            "annotations": [
                {
                    "begin": 959, 
                    "end": 970, 
                    "score": 0.23400957882404327, 
                    "spot": "coup d'etat"
                }
            ], 
            "wiki_id": 684813, 
            "wiki_title": "1973 Chilean coup d'\u00e9tat"
        }, 
        {
            "annotations": [
                {
                    "begin": 920, 
                    "end": 929, 
                    "score": 0.004724409431219101, 
                    "spot": "last year"
                }
            ], 
            "wiki_id": 7353934, 
            "wiki_title": "Last Year (song)"
        }, 
        {
            "annotations": [
                {
                    "begin": 1952, 
                    "end": 1955, 
                    "score": 0.17575061321258545, 
                    "spot": "CSO"
                }, 
                {
                    "begin": 3216, 
                    "end": 3219, 
                    "score": 0.1896379292011261, 
                    "spot": "CSO"
                }
            ], 
            "wiki_id": 11057154, 
            "wiki_title": "Chief science officer"
        }, 
        {
            "annotations": [
                {
                    "begin": 2058, 
                    "end": 2061, 
                    "score": 0.03844280168414116, 
                    "spot": "out"
                }
            ], 
            "wiki_id": 71537, 
            "wiki_title": "Coming out"
        }, 
        {
            "annotations": [
                {
                    "begin": 2346, 
                    "end": 2349, 
                    "score": 0.10642746090888977, 
                    "spot": "buy"
                }
            ], 
            "wiki_id": 29678, 
            "wiki_title": "Trade"
        }, 
        {
            "annotations": [
                {
                    "begin": 3073, 
                    "end": 3080, 
                    "score": 0.09564578533172607, 
                    "spot": "Diamond"
                }
            ], 
            "wiki_id": 308242, 
            "wiki_title": "Music recording sales certification"
        }, 
        {
            "annotations": [
                {
                    "begin": 2051, 
                    "end": 2057, 
                    "score": 0.004128383006900549, 
                    "spot": "points"
                }
            ], 
            "wiki_id": 593693, 
            "wiki_title": "Point (geometry)"
        }, 
        {
            "annotations": [
                {
                    "begin": 1821, 
                    "end": 1825, 
                    "score": 0.003307982115074992, 
                    "spot": "area"
                }
            ], 
            "wiki_id": 1209, 
            "wiki_title": "Area"
        }, 
        {
            "annotations": [
                {
                    "begin": 2839, 
                    "end": 2841, 
                    "score": 0.10399951785802841, 
                    "spot": "Mr"
                }
            ], 
            "wiki_id": 23783987, 
            "wiki_title": "Roentgen (unit)"
        }, 
        {
            "annotations": [
                {
                    "begin": 2985, 
                    "end": 2992, 
                    "score": 0.06976617127656937, 
                    "spot": "changes"
                }
            ], 
            "wiki_id": 8380370, 
            "wiki_title": "Die Wende"
        }, 
        {
            "annotations": [
                {
                    "begin": 3567, 
                    "end": 3580, 
                    "score": 0.069234199821949, 
                    "spot": "International"
                }
            ], 
            "wiki_id": 3741372, 
            "wiki_title": "International"
        }, 
        {
            "annotations": [
                {
                    "begin": 1386, 
                    "end": 1391, 
                    "score": 0.03977728262543678, 
                    "spot": "rough"
                }
            ], 
            "wiki_id": 393585, 
            "wiki_title": "Golf course"
        }, 
        {
            "annotations": [
                {
                    "begin": 1341, 
                    "end": 1349, 
                    "score": 0.06856826692819595, 
                    "spot": "controls"
                }
            ], 
            "wiki_id": 18842281, 
            "wiki_title": "Computer keyboard"
        }, 
        {
            "annotations": [
                {
                    "begin": 773, 
                    "end": 778, 
                    "score": 0.05472543090581894, 
                    "spot": "today"
                }
            ], 
            "wiki_id": 226675, 
            "wiki_title": "Today (U.S. TV program)"
        }, 
        {
            "annotations": [
                {
                    "begin": 3305, 
                    "end": 3308, 
                    "score": 0.13839691877365112, 
                    "spot": "CSO"
                }
            ], 
            "wiki_id": 46539, 
            "wiki_title": "Non-governmental organization"
        }, 
        {
            "annotations": [
                {
                    "begin": 1393, 
                    "end": 1398, 
                    "score": 0.213556170463562, 
                    "spot": "uncut"
                }
            ], 
            "wiki_id": 2043650, 
            "wiki_title": "Uncut (magazine)"
        }, 
        {
            "annotations": [
                {
                    "begin": 1252, 
                    "end": 1258, 
                    "score": 0.3196636736392975, 
                    "spot": "Moscow"
                }, 
                {
                    "begin": 1578, 
                    "end": 1584, 
                    "score": 0.3025852143764496, 
                    "spot": "Moscow"
                }, 
                {
                    "begin": 2244, 
                    "end": 2250, 
                    "score": 0.348155677318573, 
                    "spot": "Moscow"
                }
            ], 
            "wiki_id": 19004, 
            "wiki_title": "Moscow"
        }, 
        {
            "annotations": [
                {
                    "begin": 3369, 
                    "end": 3379, 
                    "score": 0.1701730489730835, 
                    "spot": "privileged"
                }
            ], 
            "wiki_id": 829338, 
            "wiki_title": "Privilege (legal ethics)"
        }, 
        {
            "annotations": [
                {
                    "begin": 1971, 
                    "end": 1980, 
                    "score": 0.04203345254063606, 
                    "spot": "yesterday"
                }
            ], 
            "wiki_id": 721696, 
            "wiki_title": "Yesterday (TV channel)"
        }, 
        {
            "annotations": [
                {
                    "begin": 3081, 
                    "end": 3094, 
                    "score": 0.1208154633641243, 
                    "spot": "International"
                }
            ], 
            "wiki_id": 130495, 
            "wiki_title": "EBay"
        }, 
        {
            "annotations": [
                {
                    "begin": 1363, 
                    "end": 1367, 
                    "score": 0.19678525626659393, 
                    "spot": "cent"
                }, 
                {
                    "begin": 1427, 
                    "end": 1434, 
                    "score": 0.006146878004074097, 
                    "spot": "Dollars"
                }, 
                {
                    "begin": 1534, 
                    "end": 1541, 
                    "score": 0.13597603142261505, 
                    "spot": "Dollars"
                }
            ], 
            "wiki_id": 18717338, 
            "wiki_title": "United States dollar"
        }, 
        {
            "annotations": [
                {
                    "begin": 813, 
                    "end": 818, 
                    "score": 0.0017998437397181988, 
                    "spot": "visit"
                }
            ], 
            "wiki_id": 24101956, 
            "wiki_title": "The Beatles in India"
        }, 
        {
            "annotations": [
                {
                    "begin": 2528, 
                    "end": 2535, 
                    "score": 0.0018433179939165711, 
                    "spot": "backing"
                }
            ], 
            "wiki_id": 412339, 
            "wiki_title": "Accompaniment"
        }, 
        {
            "annotations": [
                {
                    "begin": 2071, 
                    "end": 2089, 
                    "score": 0.2970884144306183, 
                    "spot": "Russian parliament"
                }
            ], 
            "wiki_id": 1010187, 
            "wiki_title": "State Duma"
        }, 
        {
            "annotations": [
                {
                    "begin": 2166, 
                    "end": 2173, 
                    "score": 0.002002404537051916, 
                    "spot": "control"
                }
            ], 
            "wiki_id": 312266, 
            "wiki_title": "Water pollution"
        }, 
        {
            "annotations": [
                {
                    "begin": 2777, 
                    "end": 2787, 
                    "score": 0.07033655792474747, 
                    "spot": "operations"
                }
            ], 
            "wiki_id": 666301, 
            "wiki_title": "Military operation"
        }, 
        {
            "annotations": [
                {
                    "begin": 614, 
                    "end": 618, 
                    "score": 0.005101976916193962, 
                    "spot": "sign"
                }
            ], 
            "wiki_id": 562907, 
            "wiki_title": "Sign (semiotics)"
        }, 
        {
            "annotations": [
                {
                    "begin": 1025, 
                    "end": 1027, 
                    "score": 0.0013314478565007448, 
                    "spot": "Mr"
                }
            ], 
            "wiki_id": 464522, 
            "wiki_title": "Master of Laws"
        }, 
        {
            "annotations": [
                {
                    "begin": 480, 
                    "end": 489, 
                    "score": 0.058633167296648026, 
                    "spot": "observers"
                }
            ], 
            "wiki_id": 733548, 
            "wiki_title": "Fire lookout"
        }, 
        {
            "annotations": [
                {
                    "begin": 1760, 
                    "end": 1769, 
                    "score": 0.15712840855121613, 
                    "spot": "exclusive"
                }, 
                {
                    "begin": 2326, 
                    "end": 2342, 
                    "score": 0.00493150670081377, 
                    "spot": "exclusive rights"
                }
            ], 
            "wiki_id": 18935410, 
            "wiki_title": "Exclusive right"
        }, 
        {
            "annotations": [
                {
                    "begin": 2822, 
                    "end": 2831, 
                    "score": 0.0019839785527437925, 
                    "spot": "Observers"
                }
            ], 
            "wiki_id": 22649, 
            "wiki_title": "Observation"
        }, 
        {
            "annotations": [
                {
                    "begin": 377, 
                    "end": 384, 
                    "score": 0.06018487736582756, 
                    "spot": "present"
                }
            ], 
            "wiki_id": 50021, 
            "wiki_title": "Gift"
        }, 
        {
            "annotations": [
                {
                    "begin": 2426, 
                    "end": 2434, 
                    "score": 0.16086000204086304, 
                    "spot": "monopoly"
                }
            ], 
            "wiki_id": 18878, 
            "wiki_title": "Monopoly"
        }, 
        {
            "annotations": [
                {
                    "begin": 1956, 
                    "end": 1965, 
                    "score": 0.12591421604156494, 
                    "spot": "spokesman"
                }
            ], 
            "wiki_id": 338047, 
            "wiki_title": "Spokesperson"
        }, 
        {
            "annotations": [
                {
                    "begin": 2126, 
                    "end": 2129, 
                    "score": 0.05021119862794876, 
                    "spot": "set"
                }
            ], 
            "wiki_id": 27553, 
            "wiki_title": "Set theory"
        }, 
        {
            "annotations": [
                {
                    "begin": 1598, 
                    "end": 1608, 
                    "score": 0.26310473680496216, 
                    "spot": "collateral"
                }
            ], 
            "wiki_id": 1560425, 
            "wiki_title": "Collateral (finance)"
        }, 
        {
            "annotations": [
                {
                    "begin": 532, 
                    "end": 543, 
                    "score": 0.07888469845056534, 
                    "spot": "Oppenheimer"
                }, 
                {
                    "begin": 825, 
                    "end": 836, 
                    "score": 0.14158812165260315, 
                    "spot": "Oppenheimer"
                }, 
                {
                    "begin": 1028, 
                    "end": 1039, 
                    "score": 0.09122869372367859, 
                    "spot": "Oppenheimer"
                }, 
                {
                    "begin": 2842, 
                    "end": 2853, 
                    "score": 0.15835052728652954, 
                    "spot": "Oppenheimer"
                }
            ], 
            "wiki_id": 39034, 
            "wiki_title": "J. Robert Oppenheimer"
        }, 
        {
            "annotations": [
                {
                    "begin": 1400, 
                    "end": 1408, 
                    "score": 0.10979599505662918, 
                    "spot": "diamonds"
                }
            ], 
            "wiki_id": 13788545, 
            "wiki_title": "Diamonds (instrumental)"
        }, 
        {
            "annotations": [
                {
                    "begin": 130, 
                    "end": 136, 
                    "score": 0.4066951274871826, 
                    "spot": "Russia"
                }, 
                {
                    "begin": 350, 
                    "end": 356, 
                    "score": 0.4030476212501526, 
                    "spot": "Russia"
                }, 
                {
                    "begin": 1714, 
                    "end": 1721, 
                    "score": 0.11681552976369858, 
                    "spot": "Russian"
                }, 
                {
                    "begin": 1930, 
                    "end": 1948, 
                    "score": 0.2230781614780426, 
                    "spot": "Russian Federation"
                }, 
                {
                    "begin": 2382, 
                    "end": 2400, 
                    "score": 0.3237925171852112, 
                    "spot": "Russian Federation"
                }, 
                {
                    "begin": 3528, 
                    "end": 3534, 
                    "score": 0.5021927356719971, 
                    "spot": "Russia"
                }
            ], 
            "wiki_id": 25391, 
            "wiki_title": "Russia"
        }, 
        {
            "annotations": [
                {
                    "begin": 3226, 
                    "end": 3246, 
                    "score": 0.11612576246261597, 
                    "spot": "special relationship"
                }
            ], 
            "wiki_id": 1155299, 
            "wiki_title": "Twin towns and sister cities"
        }, 
        {
            "annotations": [
                {
                    "begin": 822, 
                    "end": 824, 
                    "score": 0.06243082880973816, 
                    "spot": "Mr"
                }
            ], 
            "wiki_id": 19446, 
            "wiki_title": "Magnetic resonance imaging"
        }, 
        {
            "annotations": [
                {
                    "begin": 3287, 
                    "end": 3295, 
                    "score": 0.05017421394586563, 
                    "spot": "excluded"
                }
            ], 
            "wiki_id": 544390, 
            "wiki_title": "Special member state territories and the European Union"
        }, 
        {
            "annotations": [
                {
                    "begin": 357, 
                    "end": 369, 
                    "score": 0.0009675397304818034, 
                    "spot": "contributing"
                }
            ], 
            "wiki_id": 9596931, 
            "wiki_title": "Contributing property"
        }, 
        {
            "annotations": [
                {
                    "begin": 2438, 
                    "end": 2445, 
                    "score": 0.05822336673736572, 
                    "spot": "sorting"
                }
            ], 
            "wiki_id": 70157, 
            "wiki_title": "Recycling"
        }, 
        {
            "annotations": [
                {
                    "begin": 857, 
                    "end": 860, 
                    "score": 0.19482125341892242, 
                    "spot": "son"
                }
            ], 
            "wiki_id": 1095706, 
            "wiki_title": "Jesus"
        }, 
        {
            "annotations": [
                {
                    "begin": 3342, 
                    "end": 3345, 
                    "score": 0.13180570304393768, 
                    "spot": "CSO"
                }
            ], 
            "wiki_id": 46953, 
            "wiki_title": "Chroma key"
        }, 
        {
            "annotations": [
                {
                    "begin": 885, 
                    "end": 888, 
                    "score": 0.0007970848819240928, 
                    "spot": "one"
                }
            ], 
            "wiki_id": 1635901, 
            "wiki_title": "The One (Elton John album)"
        }, 
        {
            "annotations": [
                {
                    "begin": 2832, 
                    "end": 2838, 
                    "score": 0.0006993432180024683, 
                    "spot": "expect"
                }
            ], 
            "wiki_id": 1161030, 
            "wiki_title": "Expect"
        }, 
        {
            "annotations": [
                {
                    "begin": 2538, 
                    "end": 2557, 
                    "score": 0.10240963846445084, 
                    "spot": "joint-stock company"
                }
            ], 
            "wiki_id": 362024, 
            "wiki_title": "Joint-stock company"
        }, 
        {
            "annotations": [
                {
                    "begin": 877, 
                    "end": 884, 
                    "score": 0.12537217140197754, 
                    "spot": "private"
                }
            ], 
            "wiki_id": 147767, 
            "wiki_title": "Private property"
        }, 
        {
            "annotations": [
                {
                    "begin": 1083, 
                    "end": 1090, 
                    "score": 0.18371109664440155, 
                    "spot": "Russian"
                }, 
                {
                    "begin": 1856, 
                    "end": 1863, 
                    "score": 0.26486316323280334, 
                    "spot": "Russian"
                }
            ], 
            "wiki_id": 59510, 
            "wiki_title": "Russians"
        }, 
        {
            "annotations": [
                {
                    "begin": 2613, 
                    "end": 2615, 
                    "score": 0.054480619728565216, 
                    "spot": "Mr"
                }
            ], 
            "wiki_id": 1485646, 
            "wiki_title": "Mathematical Reviews"
        }, 
        {
            "annotations": [
                {
                    "begin": 312, 
                    "end": 319, 
                    "score": 0.01403186284005642, 
                    "spot": "rumours"
                }
            ], 
            "wiki_id": 179293, 
            "wiki_title": "Rumours (album)"
        }, 
        {
            "annotations": [
                {
                    "begin": 1896, 
                    "end": 1899, 
                    "score": 0.0009024579776450992, 
                    "spot": "now"
                }
            ], 
            "wiki_id": 37854217, 
            "wiki_title": "Now (Paramore song)"
        }, 
        {
            "annotations": [
                {
                    "begin": 137, 
                    "end": 141, 
                    "score": 0.052970293909311295, 
                    "spot": "next"
                }, 
                {
                    "begin": 2105, 
                    "end": 2109, 
                    "score": 0.001524612889625132, 
                    "spot": "next"
                }
            ], 
            "wiki_id": 21694, 
            "wiki_title": "NeXT"
        }, 
        {
            "annotations": [
                {
                    "begin": 2141, 
                    "end": 2148, 
                    "score": 0.05643783509731293, 
                    "spot": "diamond"
                }
            ], 
            "wiki_id": 308159, 
            "wiki_title": "RIAA certification"
        }, 
        {
            "annotations": [
                {
                    "begin": 2507, 
                    "end": 2517, 
                    "score": 0.009091141633689404, 
                    "spot": "government"
                }
            ], 
            "wiki_id": 616255, 
            "wiki_title": "Government of Canada"
        }, 
        {
            "annotations": [
                {
                    "begin": 326, 
                    "end": 336, 
                    "score": 0.06019299104809761, 
                    "spot": "unofficial"
                }
            ], 
            "wiki_id": 13279, 
            "wiki_title": "Holiday"
        }, 
        {
            "annotations": [
                {
                    "begin": 1049, 
                    "end": 1056, 
                    "score": 0.11774563789367676, 
                    "spot": "meeting"
                }
            ], 
            "wiki_id": 228005, 
            "wiki_title": "Meeting"
        }, 
        {
            "annotations": [
                {
                    "begin": 2962, 
                    "end": 2968, 
                    "score": 0.0020627062767744064, 
                    "spot": "no way"
                }
            ], 
            "wiki_id": 41289201, 
            "wiki_title": "No Way (Rottyful Sky song)"
        }, 
        {
            "annotations": [
                {
                    "begin": 2601, 
                    "end": 2607, 
                    "score": 0.02740989625453949, 
                    "spot": "set up"
                }
            ], 
            "wiki_id": 726337, 
            "wiki_title": "Frameup"
        }, 
        {
            "annotations": [
                {
                    "begin": 212, 
                    "end": 219, 
                    "score": 0.3491395115852356, 
                    "spot": "diamond"
                }, 
                {
                    "begin": 212, 
                    "end": 228, 
                    "score": 0.3518770635128021, 
                    "spot": "diamond\nindustry"
                }, 
                {
                    "begin": 282, 
                    "end": 289, 
                    "score": 0.37511301040649414, 
                    "spot": "diamond"
                }, 
                {
                    "begin": 282, 
                    "end": 298, 
                    "score": 0.28642383217811584, 
                    "spot": "diamond industry"
                }, 
                {
                    "begin": 1091, 
                    "end": 1098, 
                    "score": 0.35317981243133545, 
                    "spot": "diamond"
                }, 
                {
                    "begin": 1091, 
                    "end": 1107, 
                    "score": 0.28642383217811584, 
                    "spot": "diamond industry"
                }, 
                {
                    "begin": 1547, 
                    "end": 1554, 
                    "score": 0.1595601588487625, 
                    "spot": "Diamond"
                }, 
                {
                    "begin": 1731, 
                    "end": 1738, 
                    "score": 0.17352183163166046, 
                    "spot": "diamond"
                }, 
                {
                    "begin": 1864, 
                    "end": 1872, 
                    "score": 0.23024511337280273, 
                    "spot": "diamonds"
                }, 
                {
                    "begin": 2265, 
                    "end": 2273, 
                    "score": 0.2343202829360962, 
                    "spot": "diamonds"
                }, 
                {
                    "begin": 2300, 
                    "end": 2307, 
                    "score": 0.2350412905216217, 
                    "spot": "diamond"
                }, 
                {
                    "begin": 2574, 
                    "end": 2582, 
                    "score": 0.14204815030097961, 
                    "spot": "Diamonds"
                }, 
                {
                    "begin": 2758, 
                    "end": 2765, 
                    "score": 0.3918831944465637, 
                    "spot": "diamond"
                }, 
                {
                    "begin": 2758, 
                    "end": 2774, 
                    "score": 0.38820067048072815, 
                    "spot": "diamond industry"
                }, 
                {
                    "begin": 2941, 
                    "end": 2948, 
                    "score": 0.23613856732845306, 
                    "spot": "diamond"
                }, 
                {
                    "begin": 3171, 
                    "end": 3186, 
                    "score": 0.18589414656162262, 
                    "spot": "diamond trading"
                }, 
                {
                    "begin": 3323, 
                    "end": 3330, 
                    "score": 0.1439131200313568, 
                    "spot": "diamond"
                }, 
                {
                    "begin": 3559, 
                    "end": 3566, 
                    "score": 0.12671038508415222, 
                    "spot": "Diamond"
                }
            ], 
            "wiki_id": 8082, 
            "wiki_title": "Diamond"
        }, 
        {
            "annotations": [
                {
                    "begin": 2135, 
                    "end": 2140, 
                    "score": 0.01618543453514576, 
                    "spot": "state"
                }
            ], 
            "wiki_id": 28151, 
            "wiki_title": "State (polity)"
        }, 
        {
            "annotations": [
                {
                    "begin": 302, 
                    "end": 306, 
                    "score": 0.005849582143127918, 
                    "spot": "rife"
                }
            ], 
            "wiki_id": 2437765, 
            "wiki_title": "RIFE"
        }, 
        {
            "annotations": [
                {
                    "begin": 1064, 
                    "end": 1073, 
                    "score": 0.09356885403394699, 
                    "spot": "officials"
                }
            ], 
            "wiki_id": 160793, 
            "wiki_title": "Civil service"
        }, 
        {
            "annotations": [
                {
                    "begin": 4, 
                    "end": 21, 
                    "score": 0.4555555582046509, 
                    "spot": "HARRY Oppenheimer"
                }
            ], 
            "wiki_id": 194247, 
            "wiki_title": "Harry Frederick Oppenheimer"
        }, 
        {
            "annotations": [
                {
                    "begin": 580, 
                    "end": 586, 
                    "score": 0.0016089488053694367, 
                    "spot": "timely"
                }
            ], 
            "wiki_id": 410356, 
            "wiki_title": "Timely Comics"
        }, 
        {
            "annotations": [
                {
                    "begin": 900, 
                    "end": 908, 
                    "score": 0.004203862976282835, 
                    "spot": "arranged"
                }
            ], 
            "wiki_id": 26503411, 
            "wiki_title": "Arranged marriage"
        }, 
        {
            "annotations": [
                {
                    "begin": 3484, 
                    "end": 3491, 
                    "score": 0.2003406286239624, 
                    "spot": "Belgian"
                }
            ], 
            "wiki_id": 3343, 
            "wiki_title": "Belgium"
        }, 
        {
            "annotations": [
                {
                    "begin": 438, 
                    "end": 446, 
                    "score": 0.3018811345100403, 
                    "spot": "dividend"
                }
            ], 
            "wiki_id": 41930, 
            "wiki_title": "Dividend"
        }, 
        {
            "annotations": [
                {
                    "begin": 985, 
                    "end": 997, 
                    "score": 0.3677740693092346, 
                    "spot": "Soviet Union"
                }, 
                {
                    "begin": 1481, 
                    "end": 1493, 
                    "score": 0.5047560930252075, 
                    "spot": "Soviet Union"
                }, 
                {
                    "begin": 1649, 
                    "end": 1661, 
                    "score": 0.4132064878940582, 
                    "spot": "Soviet Union"
                }
            ], 
            "wiki_id": 26779, 
            "wiki_title": "Soviet Union"
        }, 
        {
            "annotations": [
                {
                    "begin": 750, 
                    "end": 761, 
                    "score": 0.38461539149284363, 
                    "spot": "Diamantaire"
                }, 
                {
                    "begin": 2039, 
                    "end": 2050, 
                    "score": 0.38461539149284363, 
                    "spot": "Diamantaire"
                }, 
                {
                    "begin": 2809, 
                    "end": 2820, 
                    "score": 0.38461539149284363, 
                    "spot": "Diamantaire"
                }, 
                {
                    "begin": 3451, 
                    "end": 3462, 
                    "score": 0.38461539149284363, 
                    "spot": "Diamantaire"
                }, 
                {
                    "begin": 3585, 
                    "end": 3596, 
                    "score": 0.4806062579154968, 
                    "spot": "Diamantaire"
                }
            ], 
            "wiki_id": 16963468, 
            "wiki_title": "Diamantaire"
        }, 
        {
            "annotations": [
                {
                    "begin": 2118, 
                    "end": 2122, 
                    "score": 0.057827264070510864, 
                    "spot": "plan"
                }
            ], 
            "wiki_id": 179824, 
            "wiki_title": "Plan"
        }, 
        {
            "annotations": [
                {
                    "begin": 1119, 
                    "end": 1123, 
                    "score": 0.004019180778414011, 
                    "spot": "stay"
                }
            ], 
            "wiki_id": 1175802, 
            "wiki_title": "Stays (nautical)"
        }, 
        {
            "annotations": [
                {
                    "begin": 2501, 
                    "end": 2506, 
                    "score": 0.22537878155708313, 
                    "spot": "Yakut"
                }
            ], 
            "wiki_id": 483558, 
            "wiki_title": "Yakuts"
        }, 
        {
            "annotations": [
                {
                    "begin": 2466, 
                    "end": 2475, 
                    "score": 0.0012858782429248095, 
                    "spot": "proposals"
                }
            ], 
            "wiki_id": 4401725, 
            "wiki_title": "Proposals"
        }, 
        {
            "annotations": [
                {
                    "begin": 1776, 
                    "end": 1785, 
                    "score": 0.16811683773994446, 
                    "spot": "agreement"
                }
            ], 
            "wiki_id": 19280537, 
            "wiki_title": "Contract"
        }, 
        {
            "annotations": [
                {
                    "begin": 794, 
                    "end": 803, 
                    "score": 0.04203345254063606, 
                    "spot": "yesterday"
                }
            ], 
            "wiki_id": 8666784, 
            "wiki_title": "Yesterday (2002 film)"
        }, 
        {
            "annotations": [
                {
                    "begin": 337, 
                    "end": 344, 
                    "score": 0.09240595996379852, 
                    "spot": "exports"
                }, 
                {
                    "begin": 1371, 
                    "end": 1382, 
                    "score": 0.2912774682044983, 
                    "spot": "world trade"
                }, 
                {
                    "begin": 1377, 
                    "end": 1382, 
                    "score": 0.19590964913368225, 
                    "spot": "trade"
                }
            ], 
            "wiki_id": 14567, 
            "wiki_title": "International trade"
        }, 
        {
            "annotations": [
                {
                    "begin": 256, 
                    "end": 260, 
                    "score": 0.1762925535440445, 
                    "spot": "time"
                }
            ], 
            "wiki_id": 30012, 
            "wiki_title": "Time"
        }, 
        {
            "annotations": [
                {
                    "begin": 1555, 
                    "end": 1561, 
                    "score": 0.09377163648605347, 
                    "spot": "stocks"
                }
            ], 
            "wiki_id": 294096, 
            "wiki_title": "Stocks"
        }, 
        {
            "annotations": [
                {
                    "begin": 412, 
                    "end": 417, 
                    "score": 0.003801880870014429, 
                    "spot": "force"
                }
            ], 
            "wiki_id": 10902, 
            "wiki_title": "Force"
        }, 
        {
            "annotations": [
                {
                    "begin": 29, 
                    "end": 35, 
                    "score": 0.10348737984895706, 
                    "spot": "family"
                }
            ], 
            "wiki_id": 10401954, 
            "wiki_title": "Family"
        }, 
        {
            "annotations": [
                {
                    "begin": 1526, 
                    "end": 1530, 
                    "score": 0.10471340268850327, 
                    "spot": "loan"
                }, 
                {
                    "begin": 1617, 
                    "end": 1621, 
                    "score": 0.37224864959716797, 
                    "spot": "loan"
                }
            ], 
            "wiki_id": 208852, 
            "wiki_title": "Loan"
        }, 
        {
            "annotations": [
                {
                    "begin": 1770, 
                    "end": 1775, 
                    "score": 0.25615864992141724, 
                    "spot": "sales"
                }, 
                {
                    "begin": 3331, 
                    "end": 3336, 
                    "score": 0.08567533642053604, 
                    "spot": "sales"
                }
            ], 
            "wiki_id": 155698, 
            "wiki_title": "Sales"
        }, 
        {
            "annotations": [
                {
                    "begin": 2929, 
                    "end": 2933, 
                    "score": 0.12726908922195435, 
                    "spot": "grip"
                }
            ], 
            "wiki_id": 11062, 
            "wiki_title": "Friction"
        }, 
        {
            "annotations": [
                {
                    "begin": 519, 
                    "end": 525, 
                    "score": 0.43129149079322815, 
                    "spot": "Russia"
                }, 
                {
                    "begin": 2586, 
                    "end": 2592, 
                    "score": 0.4214116930961609, 
                    "spot": "Russia"
                }, 
                {
                    "begin": 2996, 
                    "end": 3002, 
                    "score": 0.4365586042404175, 
                    "spot": "Russia"
                }
            ], 
            "wiki_id": 20611504, 
            "wiki_title": "Russian Empire"
        }, 
        {
            "annotations": [
                {
                    "begin": 1011, 
                    "end": 1019, 
                    "score": 0.0007238243706524372, 
                    "spot": "admitted"
                }
            ], 
            "wiki_id": 30688587, 
            "wiki_title": "Admission to the Union"
        }, 
        {
            "annotations": [
                {
                    "begin": 192, 
                    "end": 195, 
                    "score": 0.07959797233343124, 
                    "spot": "big"
                }, 
                {
                    "begin": 1165, 
                    "end": 1168, 
                    "score": 0.0008870810270309448, 
                    "spot": "big"
                }
            ], 
            "wiki_id": 142510, 
            "wiki_title": "The Notorious B.I.G."
        }, 
        {
            "annotations": [
                {
                    "begin": 529, 
                    "end": 531, 
                    "score": 0.0013314478565007448, 
                    "spot": "Mr"
                }
            ], 
            "wiki_id": 1237628, 
            "wiki_title": ".mr"
        }, 
        {
            "annotations": [
                {
                    "begin": 3607, 
                    "end": 3617, 
                    "score": 0.04280073195695877, 
                    "spot": "Publishing"
                }
            ], 
            "wiki_id": 68761, 
            "wiki_title": "Publishing"
        }, 
        {
            "annotations": [
                {
                    "begin": 91, 
                    "end": 103, 
                    "score": 0.5928943157196045, 
                    "spot": "South Africa"
                }
            ], 
            "wiki_id": 44555, 
            "wiki_title": "Union of South Africa"
        }, 
        {
            "annotations": [
                {
                    "begin": 1995, 
                    "end": 2003, 
                    "score": 0.0073095085099339485, 
                    "spot": "contract"
                }
            ], 
            "wiki_id": 2447976, 
            "wiki_title": "Recording contract"
        }, 
        {
            "annotations": [
                {
                    "begin": 698, 
                    "end": 705, 
                    "score": 0.03337650001049042, 
                    "spot": "company"
                }
            ], 
            "wiki_id": 7485, 
            "wiki_title": "Corporation"
        }, 
        {
            "annotations": [
                {
                    "begin": 3131, 
                    "end": 3138, 
                    "score": 0.48498696088790894, 
                    "spot": "Antwerp"
                }
            ], 
            "wiki_id": 32149462, 
            "wiki_title": "Antwerp"
        }, 
        {
            "annotations": [
                {
                    "begin": 2867, 
                    "end": 2877, 
                    "score": 0.005501375533640385, 
                    "spot": "formidable"
                }
            ], 
            "wiki_id": 2137297, 
            "wiki_title": "French ship Formidable (1795)"
        }, 
        {
            "annotations": [
                {
                    "begin": 671, 
                    "end": 677, 
                    "score": 0.09461797028779984, 
                    "spot": "active"
                }
            ], 
            "wiki_id": 1369507, 
            "wiki_title": "Active duty"
        }, 
        {
            "annotations": [
                {
                    "begin": 2788, 
                    "end": 2802, 
                    "score": 0.05521472543478012, 
                    "spot": "under\none roof"
                }
            ], 
            "wiki_id": 936018, 
            "wiki_title": "Under One Roof (1994 TV series)"
        }, 
        {
            "annotations": [
                {
                    "begin": 1515, 
                    "end": 1525, 
                    "score": 0.046201568096876144, 
                    "spot": "advanced a"
                }
            ], 
            "wiki_id": 48704155, 
            "wiki_title": "Minor League Baseball"
        }, 
        {
            "annotations": [
                {
                    "begin": 3380, 
                    "end": 3389, 
                    "score": 0.09235122799873352, 
                    "spot": "merchants"
                }
            ], 
            "wiki_id": 14194836, 
            "wiki_title": "Four occupations"
        }, 
        {
            "annotations": [
                {
                    "begin": 245, 
                    "end": 250, 
                    "score": 0.06759003549814224, 
                    "spot": "comes"
                }
            ], 
            "wiki_id": 888207, 
            "wiki_title": "Etymology"
        }, 
        {
            "annotations": [
                {
                    "begin": 3473, 
                    "end": 3476, 
                    "score": 0.010446629486978054, 
                    "spot": "one"
                }
            ], 
            "wiki_id": 19969891, 
            "wiki_title": "One (Australian TV channel)"
        }, 
        {
            "annotations": [
                {
                    "begin": 549, 
                    "end": 553, 
                    "score": 0.056470997631549835, 
                    "spot": "will"
                }
            ], 
            "wiki_id": 47921, 
            "wiki_title": "Free will"
        }, 
        {
            "annotations": [
                {
                    "begin": 1305, 
                    "end": 1312, 
                    "score": 0.035527024418115616, 
                    "spot": "Central"
                }
            ], 
            "wiki_id": 5188, 
            "wiki_title": "Central Europe"
        }, 
        {
            "annotations": [
                {
                    "begin": 2110, 
                    "end": 2115, 
                    "score": 0.11297276616096497, 
                    "spot": "month"
                }
            ], 
            "wiki_id": 20354, 
            "wiki_title": "Month"
        }, 
        {
            "annotations": [
                {
                    "begin": 2181, 
                    "end": 2197, 
                    "score": 0.032575756311416626, 
                    "spot": "finance\nministry"
                }
            ], 
            "wiki_id": 870389, 
            "wiki_title": "Ministry of Finance (Japan)"
        }, 
        {
            "annotations": [
                {
                    "begin": 2732, 
                    "end": 2740, 
                    "score": 0.13651494681835175, 
                    "spot": "proposes"
                }
            ], 
            "wiki_id": 8019411, 
            "wiki_title": "Marriage proposal"
        }, 
        {
            "annotations": [
                {
                    "begin": 1169, 
                    "end": 1174, 
                    "score": 0.09750477969646454, 
                    "spot": "mines"
                }, 
                {
                    "begin": 1877, 
                    "end": 1882, 
                    "score": 0.1277850866317749, 
                    "spot": "mined"
                }
            ], 
            "wiki_id": 20381, 
            "wiki_title": "Mining"
        }, 
        {
            "annotations": [
                {
                    "begin": 3058, 
                    "end": 3069, 
                    "score": 0.09336532652378082, 
                    "spot": "subscribers"
                }
            ], 
            "wiki_id": 259338, 
            "wiki_title": "Subscription business model"
        }, 
        {
            "annotations": [
                {
                    "begin": 76, 
                    "end": 87, 
                    "score": 0.009367546066641808, 
                    "spot": "Corporation"
                }
            ], 
            "wiki_id": 1709164, 
            "wiki_title": "The Corporation (professional wrestling)"
        }, 
        {
            "annotations": [
                {
                    "begin": 2900, 
                    "end": 2904, 
                    "score": 0.0626431554555893, 
                    "spot": "bear"
                }
            ], 
            "wiki_id": 4400, 
            "wiki_title": "Bear"
        }, 
        {
            "annotations": [
                {
                    "begin": 3650, 
                    "end": 3653, 
                    "score": 0.5, 
                    "spot": "0AD"
                }
            ], 
            "wiki_id": 4145437, 
            "wiki_title": "0 (year)"
        }, 
        {
            "annotations": [
                {
                    "begin": 2130, 
                    "end": 2132, 
                    "score": 0.066419318318367, 
                    "spot": "up"
                }
            ], 
            "wiki_id": 42317, 
            "wiki_title": "United Press International"
        }, 
        {
            "annotations": [
                {
                    "begin": 1057, 
                    "end": 1063, 
                    "score": 0.17060472071170807, 
                    "spot": "senior"
                }
            ], 
            "wiki_id": 155526, 
            "wiki_title": "Student"
        }, 
        {
            "annotations": [
                {
                    "begin": 3402, 
                    "end": 3408, 
                    "score": 0.00424407422542572, 
                    "spot": "sights"
                }
            ], 
            "wiki_id": 21280496, 
            "wiki_title": "Visual perception"
        }, 
        {
            "annotations": [
                {
                    "begin": 447, 
                    "end": 454, 
                    "score": 0.15167808532714844, 
                    "spot": "payment"
                }
            ], 
            "wiki_id": 3648961, 
            "wiki_title": "Payment"
        }, 
        {
            "annotations": [
                {
                    "begin": 1178, 
                    "end": 1185, 
                    "score": 0.5312576293945312, 
                    "spot": "Siberia"
                }, 
                {
                    "begin": 1837, 
                    "end": 1844, 
                    "score": 0.6487427949905396, 
                    "spot": "Siberia"
                }
            ], 
            "wiki_id": 29639, 
            "wiki_title": "Siberia"
        }, 
        {
            "annotations": [
                {
                    "begin": 1903, 
                    "end": 1922, 
                    "score": 0.07897862046957016, 
                    "spot": "autonomous\nrepublic"
                }
            ], 
            "wiki_id": 611989, 
            "wiki_title": "Autonomous republic"
        }, 
        {
            "annotations": [
                {
                    "begin": 2251, 
                    "end": 2261, 
                    "score": 0.0294179804623127, 
                    "spot": "depository"
                }
            ], 
            "wiki_id": 629729, 
            "wiki_title": "Legal deposit"
        }, 
        {
            "annotations": [
                {
                    "begin": 1259, 
                    "end": 1265, 
                    "score": 0.030619025230407715, 
                    "spot": "office"
                }
            ], 
            "wiki_id": 203688, 
            "wiki_title": "Canonical hours"
        }, 
        {
            "annotations": [
                {
                    "begin": 1450, 
                    "end": 1464, 
                    "score": 0.02469135820865631, 
                    "spot": "sales contract"
                }
            ], 
            "wiki_id": 221252, 
            "wiki_title": "Contract of sale"
        }, 
        {
            "annotations": [
                {
                    "begin": 2616, 
                    "end": 2622, 
                    "score": 0.0029659694992005825, 
                    "spot": "Valery"
                }
            ], 
            "wiki_id": 23519, 
            "wiki_title": "Paul Val\u00e9ry"
        }, 
        {
            "annotations": [
                {
                    "begin": 142, 
                    "end": 146, 
                    "score": 0.08410369604825974, 
                    "spot": "week"
                }
            ], 
            "wiki_id": 2627062, 
            "wiki_title": "The Week"
        }, 
        {
            "annotations": [
                {
                    "begin": 2369, 
                    "end": 2374, 
                    "score": 0.06468166410923004, 
                    "spot": "mined"
                }
            ], 
            "wiki_id": 18172, 
            "wiki_title": "Land mine"
        }, 
        {
            "annotations": [
                {
                    "begin": 61, 
                    "end": 87, 
                    "score": 0.3362068831920624, 
                    "spot": "Anglo American\nCorporation"
                }
            ], 
            "wiki_id": 1344523, 
            "wiki_title": "Anglo American plc"
        }, 
        {
            "annotations": [
                {
                    "begin": 3428, 
                    "end": 3435, 
                    "score": 0.4178145229816437, 
                    "spot": "Lucerne"
                }
            ], 
            "wiki_id": 184017, 
            "wiki_title": "Lucerne"
        }, 
        {
            "annotations": [
                {
                    "begin": 3420, 
                    "end": 3426, 
                    "score": 0.19098980724811554, 
                    "spot": "London"
                }
            ], 
            "wiki_id": 40353, 
            "wiki_title": "London, Ontario"
        }, 
        {
            "annotations": [
                {
                    "begin": 934, 
                    "end": 943, 
                    "score": 0.0010363124310970306, 
                    "spot": "postponed"
                }
            ], 
            "wiki_id": 47337009, 
            "wiki_title": "Postponed"
        }, 
        {
            "annotations": [
                {
                    "begin": 3645, 
                    "end": 3649, 
                    "score": 0.1666666716337204, 
                    "spot": "WC1X"
                }
            ], 
            "wiki_id": 1432918, 
            "wiki_title": "WC postcode area"
        }, 
        {
            "annotations": [
                {
                    "begin": 1199, 
                    "end": 1206, 
                    "score": 0.111545130610466, 
                    "spot": "present"
                }
            ], 
            "wiki_id": 13471, 
            "wiki_title": "Holocene"
        }, 
        {
            "annotations": [
                {
                    "begin": 2878, 
                    "end": 2889, 
                    "score": 0.07106419652700424, 
                    "spot": "negotiating"
                }
            ], 
            "wiki_id": 22083, 
            "wiki_title": "Negotiation"
        }, 
        {
            "annotations": [
                {
                    "begin": 1237, 
                    "end": 1244, 
                    "score": 0.06404391676187515, 
                    "spot": "opening"
                }
            ], 
            "wiki_id": 22576, 
            "wiki_title": "Olympic Games"
        }, 
        {
            "annotations": [
                {
                    "begin": 853, 
                    "end": 860, 
                    "score": 0.1581086665391922, 
                    "spot": "his\nson"
                }
            ], 
            "wiki_id": 28170, 
            "wiki_title": "Son of God"
        }, 
        {
            "annotations": [
                {
                    "begin": 2149, 
                    "end": 2155, 
                    "score": 0.007920609787106514, 
                    "spot": "centre"
                }
            ], 
            "wiki_id": 91971, 
            "wiki_title": "Centre County, Pennsylvania"
        }, 
        {
            "annotations": [
                {
                    "begin": 2446, 
                    "end": 2458, 
                    "score": 0.20270270109176636, 
                    "spot": "gem diamonds"
                }
            ], 
            "wiki_id": 17704053, 
            "wiki_title": "Gem Diamonds"
        }, 
        {
            "annotations": [
                {
                    "begin": 3655, 
                    "end": 3657, 
                    "score": 0.08187521249055862, 
                    "spot": "UK"
                }
            ], 
            "wiki_id": 31717, 
            "wiki_title": "United Kingdom"
        }, 
        {
            "annotations": [
                {
                    "begin": 1, 
                    "end": 3, 
                    "score": 0.0013314478565007448, 
                    "spot": "MR"
                }
            ], 
            "wiki_id": 229971, 
            "wiki_title": "Mouvement R\u00e9formateur"
        }, 
        {
            "annotations": [
                {
                    "begin": 2354, 
                    "end": 2368, 
                    "score": 0.13235294818878174, 
                    "spot": "rough diamonds"
                }
            ], 
            "wiki_id": 1833214, 
            "wiki_title": "Rough Diamonds (album)"
        }, 
        {
            "annotations": [
                {
                    "begin": 2605, 
                    "end": 2607, 
                    "score": 0.07152527570724487, 
                    "spot": "up"
                }
            ], 
            "wiki_id": 312240, 
            "wiki_title": "UP (complexity)"
        }, 
        {
            "annotations": [
                {
                    "begin": 2030, 
                    "end": 2036, 
                    "score": 0.004796805325895548, 
                    "spot": "normal"
                }
            ], 
            "wiki_id": 43851, 
            "wiki_title": "Norm (social)"
        }, 
        {
            "annotations": [
                {
                    "begin": 2890, 
                    "end": 2896, 
                    "score": 0.11367621272802353, 
                    "spot": "skills"
                }
            ], 
            "wiki_id": 355343, 
            "wiki_title": "Skill"
        }, 
        {
            "annotations": [
                {
                    "begin": 762, 
                    "end": 772, 
                    "score": 0.04980255290865898, 
                    "spot": "newsletter"
                }, 
                {
                    "begin": 3019, 
                    "end": 3029, 
                    "score": 0.10642948746681213, 
                    "spot": "newsletter"
                }
            ], 
            "wiki_id": 439613, 
            "wiki_title": "Newsletter"
        }, 
        {
            "annotations": [
                {
                    "begin": 645, 
                    "end": 653, 
                    "score": 0.2472362220287323, 
                    "spot": "chairman"
                }
            ], 
            "wiki_id": 1607856, 
            "wiki_title": "Chairman Joint Chiefs of Staff Committee"
        }
    ]
}