{
    "tagme": [
        {
            "annotations": [
                {
                    "begin": 169, 
                    "end": 177, 
                    "score": 0.0007238243706524372, 
                    "spot": "admitted"
                }
            ], 
            "wiki_id": 30688587, 
            "wiki_title": "Admission to the Union"
        }, 
        {
            "annotations": [
                {
                    "begin": 561, 
                    "end": 566, 
                    "score": 0.215653657913208, 
                    "spot": "sheep"
                }, 
                {
                    "begin": 618, 
                    "end": 623, 
                    "score": 0.22292938828468323, 
                    "spot": "sheep"
                }, 
                {
                    "begin": 801, 
                    "end": 806, 
                    "score": 0.2135331630706787, 
                    "spot": "sheep"
                }
            ], 
            "wiki_id": 17158563, 
            "wiki_title": "Sheep"
        }, 
        {
            "annotations": [
                {
                    "begin": 397, 
                    "end": 407, 
                    "score": 0.10716591030359268, 
                    "spot": "statistics"
                }
            ], 
            "wiki_id": 26685, 
            "wiki_title": "Statistics"
        }, 
        {
            "annotations": [
                {
                    "begin": 734, 
                    "end": 740, 
                    "score": 0.10275407135486603, 
                    "spot": "states"
                }
            ], 
            "wiki_id": 28151, 
            "wiki_title": "State (polity)"
        }, 
        {
            "annotations": [
                {
                    "begin": 1275, 
                    "end": 1280, 
                    "score": 0.09736046940088272, 
                    "spot": "cases"
                }
            ], 
            "wiki_id": 304471, 
            "wiki_title": "Case study"
        }, 
        {
            "annotations": [
                {
                    "begin": 888, 
                    "end": 896, 
                    "score": 0.1327020227909088, 
                    "spot": "research"
                }
            ], 
            "wiki_id": 25524, 
            "wiki_title": "Research"
        }, 
        {
            "annotations": [
                {
                    "begin": 1261, 
                    "end": 1271, 
                    "score": 0.0014608859783038497, 
                    "spot": "contracted"
                }
            ], 
            "wiki_id": 590473, 
            "wiki_title": "Contraction (grammar)"
        }, 
        {
            "annotations": [
                {
                    "begin": 645, 
                    "end": 652, 
                    "score": 0.691713273525238, 
                    "spot": "scrapie"
                }, 
                {
                    "begin": 790, 
                    "end": 797, 
                    "score": 0.5868269801139832, 
                    "spot": "scrapie"
                }, 
                {
                    "begin": 1292, 
                    "end": 1299, 
                    "score": 0.5, 
                    "spot": "scrapie"
                }
            ], 
            "wiki_id": 221689, 
            "wiki_title": "Scrapie"
        }, 
        {
            "annotations": [
                {
                    "begin": 475, 
                    "end": 481, 
                    "score": 0.10213369876146317, 
                    "spot": "Labour"
                }
            ], 
            "wiki_id": 19279158, 
            "wiki_title": "Labour Party (UK)"
        }, 
        {
            "annotations": [
                {
                    "begin": 992, 
                    "end": 998, 
                    "score": 0.053327225148677826, 
                    "spot": "junior"
                }
            ], 
            "wiki_id": 234954, 
            "wiki_title": "Middle school"
        }, 
        {
            "annotations": [
                {
                    "begin": 363, 
                    "end": 372, 
                    "score": 0.10125575214624405, 
                    "spot": "condition"
                }
            ], 
            "wiki_id": 24104134, 
            "wiki_title": "Conditional probability"
        }, 
        {
            "annotations": [
                {
                    "begin": 974, 
                    "end": 976, 
                    "score": 0.11025124043226242, 
                    "spot": "Mr"
                }
            ], 
            "wiki_id": 1069269, 
            "wiki_title": "Mr. and Mrs. Beaver"
        }, 
        {
            "annotations": [
                {
                    "begin": 344, 
                    "end": 353, 
                    "score": 0.1327434778213501, 
                    "spot": "confirmed"
                }
            ], 
            "wiki_id": 2063590, 
            "wiki_title": "Confirmation (Latter Day Saints)"
        }, 
        {
            "annotations": [
                {
                    "begin": 596, 
                    "end": 601, 
                    "score": 0.04491456225514412, 
                    "spot": "total"
                }
            ], 
            "wiki_id": 804161, 
            "wiki_title": "Total S.A."
        }, 
        {
            "annotations": [
                {
                    "begin": 1205, 
                    "end": 1209, 
                    "score": 0.16588927805423737, 
                    "spot": "firm"
                }
            ], 
            "wiki_id": 25767, 
            "wiki_title": "Real-time computing"
        }, 
        {
            "annotations": [
                {
                    "begin": 1340, 
                    "end": 1353, 
                    "score": 0.327338308095932, 
                    "spot": "transmissible"
                }
            ], 
            "wiki_id": 729317, 
            "wiki_title": "Transmission (medicine)"
        }, 
        {
            "annotations": [
                {
                    "begin": 1375, 
                    "end": 1387, 
                    "score": 0.3471846580505371, 
                    "spot": "horizontally"
                }
            ], 
            "wiki_id": 4949970, 
            "wiki_title": "Horizontal transmission"
        }, 
        {
            "annotations": [
                {
                    "begin": 53, 
                    "end": 80, 
                    "score": 0.24064983427524567, 
                    "spot": "spongiform\nencephalopathies"
                }, 
                {
                    "begin": 862, 
                    "end": 887, 
                    "score": 0.20951539278030396, 
                    "spot": "spongiform encephalopathy"
                }, 
                {
                    "begin": 1055, 
                    "end": 1082, 
                    "score": 0.21073342859745026, 
                    "spot": "spongiform encephalopathies"
                }
            ], 
            "wiki_id": 235248, 
            "wiki_title": "Transmissible spongiform encephalopathy"
        }, 
        {
            "annotations": [
                {
                    "begin": 723, 
                    "end": 733, 
                    "score": 0.11223583668470383, 
                    "spot": "government"
                }
            ], 
            "wiki_id": 12229, 
            "wiki_title": "Government"
        }, 
        {
            "annotations": [
                {
                    "begin": 261, 
                    "end": 268, 
                    "score": 0.07437251508235931, 
                    "spot": "disease"
                }
            ], 
            "wiki_id": 37220, 
            "wiki_title": "Infection"
        }, 
        {
            "annotations": [
                {
                    "begin": 967, 
                    "end": 972, 
                    "score": 0.1893511414527893, 
                    "spot": "goats"
                }
            ], 
            "wiki_id": 19167553, 
            "wiki_title": "Goat"
        }, 
        {
            "annotations": [
                {
                    "begin": 1210, 
                    "end": 1221, 
                    "score": 0.12053930014371872, 
                    "spot": "conclusions"
                }
            ], 
            "wiki_id": 37531624, 
            "wiki_title": "Logical consequence"
        }, 
        {
            "annotations": [
                {
                    "begin": 494, 
                    "end": 503, 
                    "score": 0.07962898910045624, 
                    "spot": "spokesman"
                }
            ], 
            "wiki_id": 338047, 
            "wiki_title": "Spokesperson"
        }, 
        {
            "annotations": [
                {
                    "begin": 1021, 
                    "end": 1029, 
                    "score": 0.04093912988901138, 
                    "spot": "stressed"
                }
            ], 
            "wiki_id": 146072, 
            "wiki_title": "Stress (biology)"
        }, 
        {
            "annotations": [
                {
                    "begin": 138, 
                    "end": 148, 
                    "score": 0.06295195966959, 
                    "spot": "population"
                }
            ], 
            "wiki_id": 1156819, 
            "wiki_title": "Population ecology"
        }, 
        {
            "annotations": [
                {
                    "begin": 1190, 
                    "end": 1194, 
                    "score": 0.18156088888645172, 
                    "spot": "data"
                }
            ], 
            "wiki_id": 18985040, 
            "wiki_title": "Data"
        }, 
        {
            "annotations": [
                {
                    "begin": 100, 
                    "end": 107, 
                    "score": 0.09554888308048248, 
                    "spot": "Britain"
                }
            ], 
            "wiki_id": 4721, 
            "wiki_title": "British Empire"
        }, 
        {
            "annotations": [
                {
                    "begin": 849, 
                    "end": 857, 
                    "score": 0.05400295555591583, 
                    "spot": "material"
                }
            ], 
            "wiki_id": 9722260, 
            "wiki_title": "Chemical substance"
        }, 
        {
            "annotations": [
                {
                    "begin": 609, 
                    "end": 614, 
                    "score": 0.026898479089140892, 
                    "spot": "cases"
                }
            ], 
            "wiki_id": 12898, 
            "wiki_title": "Grammatical case"
        }, 
        {
            "annotations": [
                {
                    "begin": 199, 
                    "end": 211, 
                    "score": 0.9839673638343811, 
                    "spot": "greater kudu"
                }
            ], 
            "wiki_id": 931806, 
            "wiki_title": "Greater kudu"
        }, 
        {
            "annotations": [
                {
                    "begin": 939, 
                    "end": 948, 
                    "score": 0.1396256536245346, 
                    "spot": "confirmed"
                }
            ], 
            "wiki_id": 7202, 
            "wiki_title": "Corroborating evidence"
        }, 
        {
            "annotations": [
                {
                    "begin": 444, 
                    "end": 452, 
                    "score": 0.003053921740502119, 
                    "spot": "question"
                }
            ], 
            "wiki_id": 16705549, 
            "wiki_title": "Question (The Moody Blues song)"
        }, 
        {
            "annotations": [
                {
                    "begin": 35, 
                    "end": 50, 
                    "score": 0.2622641623020172, 
                    "spot": "mad cow disease"
                }
            ], 
            "wiki_id": 19344418, 
            "wiki_title": "Bovine spongiform encephalopathy"
        }, 
        {
            "annotations": [
                {
                    "begin": 999, 
                    "end": 1019, 
                    "score": 0.07734356820583344, 
                    "spot": "agriculture minister"
                }
            ], 
            "wiki_id": 387638, 
            "wiki_title": "Minister of Agriculture (Canada)"
        }, 
        {
            "annotations": [
                {
                    "begin": 64, 
                    "end": 80, 
                    "score": 0.2687481939792633, 
                    "spot": "encephalopathies"
                }, 
                {
                    "begin": 624, 
                    "end": 640, 
                    "score": 0.2503582835197449, 
                    "spot": "encephalopathies"
                }, 
                {
                    "begin": 873, 
                    "end": 887, 
                    "score": 0.22508278489112854, 
                    "spot": "encephalopathy"
                }, 
                {
                    "begin": 1066, 
                    "end": 1082, 
                    "score": 0.21437671780586243, 
                    "spot": "encephalopathies"
                }
            ], 
            "wiki_id": 392001, 
            "wiki_title": "Encephalopathy"
        }, 
        {
            "annotations": [
                {
                    "begin": 777, 
                    "end": 786, 
                    "score": 0.08744467049837112, 
                    "spot": "reporting"
                }
            ], 
            "wiki_id": 15928, 
            "wiki_title": "Journalism"
        }, 
        {
            "annotations": [
                {
                    "begin": 5, 
                    "end": 14, 
                    "score": 0.21024586260318756, 
                    "spot": "CONDITION"
                }, 
                {
                    "begin": 43, 
                    "end": 50, 
                    "score": 0.2679290771484375, 
                    "spot": "disease"
                }, 
                {
                    "begin": 585, 
                    "end": 592, 
                    "score": 0.09870384633541107, 
                    "spot": "disease"
                }, 
                {
                    "begin": 915, 
                    "end": 924, 
                    "score": 0.22857941687107086, 
                    "spot": "condition"
                }, 
                {
                    "begin": 1132, 
                    "end": 1140, 
                    "score": 0.26350897550582886, 
                    "spot": "diseases"
                }, 
                {
                    "begin": 1237, 
                    "end": 1244, 
                    "score": 0.07879714667797089, 
                    "spot": "disease"
                }
            ], 
            "wiki_id": 8072, 
            "wiki_title": "Disease"
        }, 
        {
            "annotations": [
                {
                    "begin": 506, 
                    "end": 510, 
                    "score": 0.06979021430015564, 
                    "spot": "show"
                }
            ], 
            "wiki_id": 19508643, 
            "wiki_title": "Television program"
        }, 
        {
            "annotations": [
                {
                    "begin": 955, 
                    "end": 959, 
                    "score": 0.21135501563549042, 
                    "spot": "cats"
                }
            ], 
            "wiki_id": 6678, 
            "wiki_title": "Cat"
        }, 
        {
            "annotations": [
                {
                    "begin": 746, 
                    "end": 754, 
                    "score": 0.10124295949935913, 
                    "spot": "footnote"
                }
            ], 
            "wiki_id": 330432, 
            "wiki_title": "Note (typography)"
        }, 
        {
            "annotations": [
                {
                    "begin": 678, 
                    "end": 684, 
                    "score": 0.005707820411771536, 
                    "spot": "versus"
                }
            ], 
            "wiki_id": 32398, 
            "wiki_title": "Fighting game"
        }, 
        {
            "annotations": [
                {
                    "begin": 1200, 
                    "end": 1204, 
                    "score": 0.06918004900217056, 
                    "spot": "draw"
                }
            ], 
            "wiki_id": 8544, 
            "wiki_title": "Drawing"
        }, 
        {
            "annotations": [
                {
                    "begin": 278, 
                    "end": 282, 
                    "score": 0.049898769706487656, 
                    "spot": "past"
                }
            ], 
            "wiki_id": 31591, 
            "wiki_title": "Time travel"
        }, 
        {
            "annotations": [
                {
                    "begin": 762, 
                    "end": 767, 
                    "score": 0.13345156610012054, 
                    "spot": "table"
                }
            ], 
            "wiki_id": 337862, 
            "wiki_title": "Table (information)"
        }, 
        {
            "annotations": [
                {
                    "begin": 385, 
                    "end": 391, 
                    "score": 0.09557783603668213, 
                    "spot": "period"
                }
            ], 
            "wiki_id": 38203, 
            "wiki_title": "Menstruation"
        }, 
        {
            "annotations": [
                {
                    "begin": 129, 
                    "end": 137, 
                    "score": 0.28163307905197144, 
                    "spot": "antelope"
                }
            ], 
            "wiki_id": 48517, 
            "wiki_title": "Antelope"
        }, 
        {
            "annotations": [
                {
                    "begin": 219, 
                    "end": 231, 
                    "score": 0.5, 
                    "spot": "arabian oryx"
                }
            ], 
            "wiki_id": 937029, 
            "wiki_title": "Arabian oryx"
        }, 
        {
            "annotations": [
                {
                    "begin": 529, 
                    "end": 534, 
                    "score": 0.12612824141979218, 
                    "spot": "rapid"
                }
            ], 
            "wiki_id": 25919, 
            "wiki_title": "Rapids"
        }, 
        {
            "annotations": [
                {
                    "begin": 1174, 
                    "end": 1189, 
                    "score": 0.40775617957115173, 
                    "spot": "epidemiological"
                }
            ], 
            "wiki_id": 66997, 
            "wiki_title": "Epidemiology"
        }, 
        {
            "annotations": [
                {
                    "begin": 436, 
                    "end": 443, 
                    "score": 0.06899848580360413, 
                    "spot": "written"
                }
            ], 
            "wiki_id": 33660916, 
            "wiki_title": "Test (assessment)"
        }, 
        {
            "annotations": [
                {
                    "begin": 551, 
                    "end": 557, 
                    "score": 0.1748771220445633, 
                    "spot": "number"
                }
            ], 
            "wiki_id": 19630739, 
            "wiki_title": "Continent"
        }, 
        {
            "annotations": [
                {
                    "begin": 458, 
                    "end": 460, 
                    "score": 0.0013314478565007448, 
                    "spot": "Mr"
                }
            ], 
            "wiki_id": 229971, 
            "wiki_title": "Mouvement R\u00e9formateur"
        }, 
        {
            "annotations": [
                {
                    "begin": 154, 
                    "end": 164, 
                    "score": 0.009091141633689404, 
                    "spot": "government"
                }
            ], 
            "wiki_id": 553883, 
            "wiki_title": "Government of India"
        }, 
        {
            "annotations": [
                {
                    "begin": 461, 
                    "end": 471, 
                    "score": 0.7414464950561523, 
                    "spot": "Ron\nDavies"
                }
            ], 
            "wiki_id": 359999, 
            "wiki_title": "Ron Davies (Welsh politician)"
        }, 
        {
            "annotations": [
                {
                    "begin": 24, 
                    "end": 30, 
                    "score": 0.2955959737300873, 
                    "spot": "cattle"
                }, 
                {
                    "begin": 327, 
                    "end": 333, 
                    "score": 0.14304286241531372, 
                    "spot": "cattle"
                }, 
                {
                    "begin": 1105, 
                    "end": 1111, 
                    "score": 0.1317201405763626, 
                    "spot": "cattle"
                }
            ], 
            "wiki_id": 26051975, 
            "wiki_title": "Cattle"
        }, 
        {
            "annotations": [
                {
                    "begin": 977, 
                    "end": 990, 
                    "score": 0.43023255467414856, 
                    "spot": "David Maclean"
                }
            ], 
            "wiki_id": 414504, 
            "wiki_title": "David Maclean"
        }, 
        {
            "annotations": [
                {
                    "begin": 1035, 
                    "end": 1054, 
                    "score": 0.004809093661606312, 
                    "spot": "naturally\noccurring"
                }
            ], 
            "wiki_id": 1209760, 
            "wiki_title": "Natural product"
        }, 
        {
            "annotations": [
                {
                    "begin": 482, 
                    "end": 493, 
                    "score": 0.08464238047599792, 
                    "spot": "agriculture"
                }, 
                {
                    "begin": 999, 
                    "end": 1010, 
                    "score": 0.1713458001613617, 
                    "spot": "agriculture"
                }
            ], 
            "wiki_id": 627, 
            "wiki_title": "Agriculture"
        }, 
        {
            "annotations": [
                {
                    "begin": 308, 
                    "end": 315, 
                    "score": 0.11140015721321106, 
                    "spot": "species"
                }, 
                {
                    "begin": 1086, 
                    "end": 1093, 
                    "score": 0.13396404683589935, 
                    "spot": "species"
                }
            ], 
            "wiki_id": 21780446, 
            "wiki_title": "Species"
        }, 
        {
            "annotations": [
                {
                    "begin": 185, 
                    "end": 191, 
                    "score": 0.30212920904159546, 
                    "spot": "elands"
                }
            ], 
            "wiki_id": 5821698, 
            "wiki_title": "Taurotragus"
        }, 
        {
            "annotations": [
                {
                    "begin": 1121, 
                    "end": 1131, 
                    "score": 0.1054886132478714, 
                    "spot": "notifiable"
                }
            ], 
            "wiki_id": 6747510, 
            "wiki_title": "Notifiable disease"
        }
    ]
}