{
    "tagme": [
        {
            "annotations": [
                {
                    "begin": 80, 
                    "end": 89, 
                    "score": 0.20558413863182068, 
                    "spot": "yesterday"
                }, 
                {
                    "begin": 1158, 
                    "end": 1167, 
                    "score": 0.23231732845306396, 
                    "spot": "yesterday"
                }, 
                {
                    "begin": 1728, 
                    "end": 1737, 
                    "score": 0.04203345254063606, 
                    "spot": "yesterday"
                }
            ], 
            "wiki_id": 143184, 
            "wiki_title": "Yesterday (Beatles song)"
        }, 
        {
            "annotations": [
                {
                    "begin": 210, 
                    "end": 220, 
                    "score": 0.009091141633689404, 
                    "spot": "Government"
                }
            ], 
            "wiki_id": 37570, 
            "wiki_title": "Head of government"
        }, 
        {
            "annotations": [
                {
                    "begin": 245, 
                    "end": 256, 
                    "score": 0.36369413137435913, 
                    "spot": "Mississippi"
                }, 
                {
                    "begin": 664, 
                    "end": 666, 
                    "score": 0.09204261749982834, 
                    "spot": "Ms"
                }
            ], 
            "wiki_id": 16949861, 
            "wiki_title": "Mississippi"
        }, 
        {
            "annotations": [
                {
                    "begin": 1178, 
                    "end": 1183, 
                    "score": 0.19355356693267822, 
                    "spot": "miles"
                }
            ], 
            "wiki_id": 4237326, 
            "wiki_title": "Barry Miles"
        }, 
        {
            "annotations": [
                {
                    "begin": 2736, 
                    "end": 2741, 
                    "score": 0.006469025742262602, 
                    "spot": "cover"
                }
            ], 
            "wiki_id": 317552, 
            "wiki_title": "Cover (topology)"
        }, 
        {
            "annotations": [
                {
                    "begin": 763, 
                    "end": 768, 
                    "score": 0.15339303016662598, 
                    "spot": "storm"
                }
            ], 
            "wiki_id": 182000, 
            "wiki_title": "Gulf War"
        }, 
        {
            "annotations": [
                {
                    "begin": 1774, 
                    "end": 1791, 
                    "score": 0.4493332803249359, 
                    "spot": "British Petroleum"
                }
            ], 
            "wiki_id": 18998720, 
            "wiki_title": "BP"
        }, 
        {
            "annotations": [
                {
                    "begin": 1492, 
                    "end": 1496, 
                    "score": 0.0005456139915622771, 
                    "spot": "lies"
                }
            ], 
            "wiki_id": 5160993, 
            "wiki_title": "The Black Donnellys"
        }, 
        {
            "annotations": [
                {
                    "begin": 1203, 
                    "end": 1226, 
                    "score": 0.5636110305786133, 
                    "spot": "Pascagoula, Mississippi"
                }
            ], 
            "wiki_id": 124678, 
            "wiki_title": "Pascagoula, Mississippi"
        }, 
        {
            "annotations": [
                {
                    "begin": 234, 
                    "end": 243, 
                    "score": 0.5531432032585144, 
                    "spot": "Louisiana"
                }, 
                {
                    "begin": 1327, 
                    "end": 1336, 
                    "score": 0.5020973086357117, 
                    "spot": "Louisiana"
                }, 
                {
                    "begin": 1690, 
                    "end": 1699, 
                    "score": 0.35689544677734375, 
                    "spot": "Louisiana"
                }, 
                {
                    "begin": 1816, 
                    "end": 1825, 
                    "score": 0.3855628967285156, 
                    "spot": "Louisiana"
                }, 
                {
                    "begin": 2481, 
                    "end": 2490, 
                    "score": 0.3288525938987732, 
                    "spot": "Louisiana"
                }
            ], 
            "wiki_id": 18130, 
            "wiki_title": "Louisiana"
        }, 
        {
            "annotations": [
                {
                    "begin": 261, 
                    "end": 266, 
                    "score": 0.26253950595855713, 
                    "spot": "Texas"
                }, 
                {
                    "begin": 1243, 
                    "end": 1248, 
                    "score": 0.20554764568805695, 
                    "spot": "Texas"
                }, 
                {
                    "begin": 1680, 
                    "end": 1685, 
                    "score": 0.3853076100349426, 
                    "spot": "Texas"
                }
            ], 
            "wiki_id": 29810, 
            "wiki_title": "Texas"
        }, 
        {
            "annotations": [
                {
                    "begin": 2756, 
                    "end": 2768, 
                    "score": 0.04434250667691231, 
                    "spot": "its\nreserves"
                }
            ], 
            "wiki_id": 26866945, 
            "wiki_title": "Athletic Bilbao B"
        }, 
        {
            "annotations": [
                {
                    "begin": 2060, 
                    "end": 2067, 
                    "score": 0.0007453307043761015, 
                    "spot": "escaped"
                }
            ], 
            "wiki_id": 3902454, 
            "wiki_title": "Prison escape"
        }, 
        {
            "annotations": [
                {
                    "begin": 1006, 
                    "end": 1012, 
                    "score": 0.21543054282665253, 
                    "spot": "Claims"
                }
            ], 
            "wiki_id": 3221417, 
            "wiki_title": "Cause of action"
        }, 
        {
            "annotations": [
                {
                    "begin": 2166, 
                    "end": 2176, 
                    "score": 0.13293252885341644, 
                    "spot": "businesses"
                }, 
                {
                    "begin": 2877, 
                    "end": 2881, 
                    "score": 0.18608127534389496, 
                    "spot": "firm"
                }
            ], 
            "wiki_id": 39206, 
            "wiki_title": "Business"
        }, 
        {
            "annotations": [
                {
                    "begin": 1794, 
                    "end": 1806, 
                    "score": 0.40909090638160706, 
                    "spot": "Belle Chasse"
                }
            ], 
            "wiki_id": 115687, 
            "wiki_title": "Belle Chasse, Louisiana"
        }, 
        {
            "annotations": [
                {
                    "begin": 2182, 
                    "end": 2187, 
                    "score": 0.10883235186338425, 
                    "spot": "still"
                }
            ], 
            "wiki_id": 23604, 
            "wiki_title": "Photography"
        }, 
        {
            "annotations": [
                {
                    "begin": 1881, 
                    "end": 1889, 
                    "score": 0.016282308846712112, 
                    "spot": "suburban"
                }
            ], 
            "wiki_id": 28908, 
            "wiki_title": "Suburb"
        }, 
        {
            "annotations": [
                {
                    "begin": 2090, 
                    "end": 2096, 
                    "score": 0.0024916050024330616, 
                    "spot": "damage"
                }
            ], 
            "wiki_id": 854294, 
            "wiki_title": "DNA repair"
        }, 
        {
            "annotations": [
                {
                    "begin": 2365, 
                    "end": 2383, 
                    "score": 0.3489583432674408, 
                    "spot": "Allstate Insurance"
                }
            ], 
            "wiki_id": 797063, 
            "wiki_title": "Allstate"
        }, 
        {
            "annotations": [
                {
                    "begin": 1444, 
                    "end": 1446, 
                    "score": 0.002436053706333041, 
                    "spot": "6m"
                }
            ], 
            "wiki_id": 1340260, 
            "wiki_title": "6-meter band"
        }, 
        {
            "annotations": [
                {
                    "begin": 2978, 
                    "end": 2988, 
                    "score": 0.006729286629706621, 
                    "spot": "Travellers"
                }, 
                {
                    "begin": 3115, 
                    "end": 3125, 
                    "score": 0.11279855668544769, 
                    "spot": "Travellers"
                }
            ], 
            "wiki_id": 29789, 
            "wiki_title": "Tourism"
        }, 
        {
            "annotations": [
                {
                    "begin": 1013, 
                    "end": 1020, 
                    "score": 0.13663284480571747, 
                    "spot": "Service"
                }
            ], 
            "wiki_id": 181586, 
            "wiki_title": "Service (economics)"
        }, 
        {
            "annotations": [
                {
                    "begin": 1258, 
                    "end": 1269, 
                    "score": 0.1306300312280655, 
                    "spot": "forecasting"
                }
            ], 
            "wiki_id": 73231, 
            "wiki_title": "Weather forecasting"
        }, 
        {
            "annotations": [
                {
                    "begin": 1890, 
                    "end": 1896, 
                    "score": 0.005235602147877216, 
                    "spot": "swathe"
                }
            ], 
            "wiki_id": 14932215, 
            "wiki_title": "Swath width"
        }, 
        {
            "annotations": [
                {
                    "begin": 1375, 
                    "end": 1390, 
                    "score": 0.14615385234355927, 
                    "spot": "late last night"
                }
            ], 
            "wiki_id": 18676748, 
            "wiki_title": "Late Last Night (film)"
        }, 
        {
            "annotations": [
                {
                    "begin": 1923, 
                    "end": 1928, 
                    "score": 0.28295376896858215, 
                    "spot": "Miami"
                }, 
                {
                    "begin": 2040, 
                    "end": 2045, 
                    "score": 0.1498960256576538, 
                    "spot": "Miami"
                }
            ], 
            "wiki_id": 53846, 
            "wiki_title": "Miami"
        }, 
        {
            "annotations": [
                {
                    "begin": 986, 
                    "end": 994, 
                    "score": 0.15231817960739136, 
                    "spot": "industry"
                }, 
                {
                    "begin": 2276, 
                    "end": 2284, 
                    "score": 0.18900854885578156, 
                    "spot": "industry"
                }, 
                {
                    "begin": 3324, 
                    "end": 3332, 
                    "score": 0.2015393227338791, 
                    "spot": "industry"
                }
            ], 
            "wiki_id": 14543, 
            "wiki_title": "Industry"
        }, 
        {
            "annotations": [
                {
                    "begin": 1503, 
                    "end": 1512, 
                    "score": 0.18236137926578522, 
                    "spot": "sea level"
                }
            ], 
            "wiki_id": 62529, 
            "wiki_title": "Sea level"
        }, 
        {
            "annotations": [
                {
                    "begin": 1603, 
                    "end": 1608, 
                    "score": 0.015384964644908905, 
                    "spot": "north"
                }
            ], 
            "wiki_id": 62046, 
            "wiki_title": "North Island"
        }, 
        {
            "annotations": [
                {
                    "begin": 3375, 
                    "end": 3384, 
                    "score": 0.05299873650074005, 
                    "spot": "estimates"
                }
            ], 
            "wiki_id": 36687154, 
            "wiki_title": "Estimation"
        }, 
        {
            "annotations": [
                {
                    "begin": 1, 
                    "end": 7, 
                    "score": 0.24401898682117462, 
                    "spot": "DAMAGE"
                }
            ], 
            "wiki_id": 15526387, 
            "wiki_title": "Effect of Hurricane Katrina on the Louisiana Superdome"
        }, 
        {
            "annotations": [
                {
                    "begin": 125, 
                    "end": 137, 
                    "score": 0.010570824146270752, 
                    "spot": "this century"
                }
            ], 
            "wiki_id": 30540856, 
            "wiki_title": "This Century"
        }, 
        {
            "annotations": [
                {
                    "begin": 569, 
                    "end": 574, 
                    "score": 0.292670875787735, 
                    "spot": "miles"
                }
            ], 
            "wiki_id": 19159, 
            "wiki_title": "Mile"
        }, 
        {
            "annotations": [
                {
                    "begin": 841, 
                    "end": 847, 
                    "score": 0.20833198726177216, 
                    "spot": "Pounds"
                }
            ], 
            "wiki_id": 270673, 
            "wiki_title": "Pound sterling"
        }, 
        {
            "annotations": [
                {
                    "begin": 2700, 
                    "end": 2704, 
                    "score": 0.062117189168930054, 
                    "spot": "size"
                }
            ], 
            "wiki_id": 19022, 
            "wiki_title": "Measurement"
        }, 
        {
            "annotations": [
                {
                    "begin": 1908, 
                    "end": 1913, 
                    "score": 0.11841665953397751, 
                    "spot": "miles"
                }
            ], 
            "wiki_id": 2292327, 
            "wiki_title": "Miles College"
        }, 
        {
            "annotations": [
                {
                    "begin": 3175, 
                    "end": 3184, 
                    "score": 0.004724409431219101, 
                    "spot": "last\nyear"
                }
            ], 
            "wiki_id": 7353934, 
            "wiki_title": "Last Year (song)"
        }, 
        {
            "annotations": [
                {
                    "begin": 94, 
                    "end": 97, 
                    "score": 0.1585194170475006, 
                    "spot": "one"
                }
            ], 
            "wiki_id": 2233309, 
            "wiki_title": "One (U2 song)"
        }, 
        {
            "annotations": [
                {
                    "begin": 1962, 
                    "end": 1968, 
                    "score": 0.1431809812784195, 
                    "spot": "centre"
                }
            ], 
            "wiki_id": 104551, 
            "wiki_title": "Centre, Alabama"
        }, 
        {
            "annotations": [
                {
                    "begin": 2256, 
                    "end": 2260, 
                    "score": 0.027009282261133194, 
                    "spot": "will"
                }
            ], 
            "wiki_id": 154698, 
            "wiki_title": "Will Smith"
        }, 
        {
            "annotations": [
                {
                    "begin": 2084, 
                    "end": 2089, 
                    "score": 0.0055876667611300945, 
                    "spot": "light"
                }
            ], 
            "wiki_id": 2372443, 
            "wiki_title": "Secret Society of Super Villains"
        }, 
        {
            "annotations": [
                {
                    "begin": 1632, 
                    "end": 1649, 
                    "score": 0.012500000186264515, 
                    "spot": "refining industry"
                }
            ], 
            "wiki_id": 994887, 
            "wiki_title": "Petroleum industry"
        }, 
        {
            "annotations": [
                {
                    "begin": 3398, 
                    "end": 3404, 
                    "score": 0.09514780342578888, 
                    "spot": "damage"
                }
            ], 
            "wiki_id": 8587640, 
            "wiki_title": "Health (gaming)"
        }, 
        {
            "annotations": [
                {
                    "begin": 3061, 
                    "end": 3067, 
                    "score": 0.03007848747074604, 
                    "spot": "Monday"
                }
            ], 
            "wiki_id": 4464270, 
            "wiki_title": "Monday Night Baseball"
        }, 
        {
            "annotations": [
                {
                    "begin": 870, 
                    "end": 876, 
                    "score": 0.21626338362693787, 
                    "spot": "damage"
                }
            ], 
            "wiki_id": 8134, 
            "wiki_title": "Damages"
        }, 
        {
            "annotations": [
                {
                    "begin": 614, 
                    "end": 620, 
                    "score": 0.1877443492412567, 
                    "spot": "Sunday"
                }
            ], 
            "wiki_id": 3613092, 
            "wiki_title": "NBC Sunday Night Football"
        }, 
        {
            "annotations": [
                {
                    "begin": 2313, 
                    "end": 2318, 
                    "score": 0.12646357715129852, 
                    "spot": "local"
                }
            ], 
            "wiki_id": 52786, 
            "wiki_title": "Local government"
        }, 
        {
            "annotations": [
                {
                    "begin": 357, 
                    "end": 361, 
                    "score": 0.004332623910158873, 
                    "spot": "tore"
                }
            ], 
            "wiki_id": 6611169, 
            "wiki_title": "T\u00f6re"
        }, 
        {
            "annotations": [
                {
                    "begin": 1056, 
                    "end": 1062, 
                    "score": 0.08449441194534302, 
                    "spot": "losses"
                }, 
                {
                    "begin": 3086, 
                    "end": 3092, 
                    "score": 0.003698623739182949, 
                    "spot": "losses"
                }, 
                {
                    "begin": 3360, 
                    "end": 3366, 
                    "score": 0.12614805996418, 
                    "spot": "losses"
                }
            ], 
            "wiki_id": 19417927, 
            "wiki_title": "Profit (accounting)"
        }, 
        {
            "annotations": [
                {
                    "begin": 1126, 
                    "end": 1143, 
                    "score": 0.19360269606113434, 
                    "spot": "hurricane warning"
                }
            ], 
            "wiki_id": 937479, 
            "wiki_title": "Tropical cyclone warnings and watches"
        }, 
        {
            "annotations": [
                {
                    "begin": 267, 
                    "end": 276, 
                    "score": 0.11980393528938293, 
                    "spot": "yesterday"
                }
            ], 
            "wiki_id": 721696, 
            "wiki_title": "Yesterday (TV channel)"
        }, 
        {
            "annotations": [
                {
                    "begin": 2529, 
                    "end": 2537, 
                    "score": 0.032401781529188156, 
                    "spot": "Group.\nA"
                }, 
                {
                    "begin": 2841, 
                    "end": 2849, 
                    "score": 0.09652185440063477, 
                    "spot": "Group, a"
                }
            ], 
            "wiki_id": 591683, 
            "wiki_title": "Group A"
        }, 
        {
            "annotations": [
                {
                    "begin": 49, 
                    "end": 56, 
                    "score": 0.03685895353555679, 
                    "spot": "Dollars"
                }, 
                {
                    "begin": 432, 
                    "end": 439, 
                    "score": 0.17623230814933777, 
                    "spot": "dollars"
                }, 
                {
                    "begin": 811, 
                    "end": 818, 
                    "score": 0.23419073224067688, 
                    "spot": "Dollars"
                }, 
                {
                    "begin": 983, 
                    "end": 985, 
                    "score": 0.14029505848884583, 
                    "spot": "US"
                }, 
                {
                    "begin": 2273, 
                    "end": 2275, 
                    "score": 0.13593502342700958, 
                    "spot": "US"
                }, 
                {
                    "begin": 2621, 
                    "end": 2625, 
                    "score": 0.19731979072093964, 
                    "spot": "cent"
                }, 
                {
                    "begin": 2779, 
                    "end": 2786, 
                    "score": 0.006146878004074097, 
                    "spot": "Dollars"
                }, 
                {
                    "begin": 3107, 
                    "end": 3111, 
                    "score": 0.14610373973846436, 
                    "spot": "cent"
                }, 
                {
                    "begin": 3198, 
                    "end": 3202, 
                    "score": 0.10015632212162018, 
                    "spot": "cent"
                }, 
                {
                    "begin": 3258, 
                    "end": 3260, 
                    "score": 0.15198197960853577, 
                    "spot": "US"
                }, 
                {
                    "begin": 3333, 
                    "end": 3340, 
                    "score": 0.15804441273212433, 
                    "spot": "Dollars"
                }, 
                {
                    "begin": 3427, 
                    "end": 3434, 
                    "score": 0.09962677955627441, 
                    "spot": "Dollars"
                }
            ], 
            "wiki_id": 18717338, 
            "wiki_title": "United States dollar"
        }, 
        {
            "annotations": [
                {
                    "begin": 2307, 
                    "end": 2312, 
                    "score": 0.21998870372772217, 
                    "spot": "heavy"
                }
            ], 
            "wiki_id": 1608478, 
            "wiki_title": "Heavy industry"
        }, 
        {
            "annotations": [
                {
                    "begin": 18, 
                    "end": 34, 
                    "score": 0.5, 
                    "spot": "Hurricane Andrew"
                }, 
                {
                    "begin": 626, 
                    "end": 642, 
                    "score": 0.5, 
                    "spot": "Hurricane Andrew"
                }, 
                {
                    "begin": 785, 
                    "end": 791, 
                    "score": 0.22845086455345154, 
                    "spot": "Andrew"
                }, 
                {
                    "begin": 1839, 
                    "end": 1845, 
                    "score": 0.1519332230091095, 
                    "spot": "Andrew"
                }
            ], 
            "wiki_id": 35999637, 
            "wiki_title": "Hurricane Andrew"
        }, 
        {
            "annotations": [
                {
                    "begin": 915, 
                    "end": 924, 
                    "score": 0.031512875109910965, 
                    "spot": "cautioned"
                }
            ], 
            "wiki_id": 3090014, 
            "wiki_title": "Fouls and misconduct (association football)"
        }, 
        {
            "annotations": [
                {
                    "begin": 1942, 
                    "end": 1951, 
                    "score": 0.30622223019599915, 
                    "spot": "Homestead"
                }
            ], 
            "wiki_id": 109435, 
            "wiki_title": "Homestead, Florida"
        }, 
        {
            "annotations": [
                {
                    "begin": 550, 
                    "end": 555, 
                    "score": 0.27650368213653564, 
                    "spot": "winds"
                }
            ], 
            "wiki_id": 14633336, 
            "wiki_title": "Maximum sustained wind"
        }, 
        {
            "annotations": [
                {
                    "begin": 1934, 
                    "end": 1938, 
                    "score": 0.14210322499275208, 
                    "spot": "town"
                }
            ], 
            "wiki_id": 52911, 
            "wiki_title": "Town"
        }, 
        {
            "annotations": [
                {
                    "begin": 306, 
                    "end": 308, 
                    "score": 0.08583981543779373, 
                    "spot": "2m"
                }
            ], 
            "wiki_id": 1913485, 
            "wiki_title": "2M TV"
        }, 
        {
            "annotations": [
                {
                    "begin": 2538, 
                    "end": 2547, 
                    "score": 0.007103105075657368, 
                    "spot": "spokesman"
                }
            ], 
            "wiki_id": 338047, 
            "wiki_title": "Spokesperson"
        }, 
        {
            "annotations": [
                {
                    "begin": 3412, 
                    "end": 3418, 
                    "score": 0.12181627005338669, 
                    "spot": "ranged"
                }
            ], 
            "wiki_id": 1214551, 
            "wiki_title": "Ranged weapon"
        }, 
        {
            "annotations": [
                {
                    "begin": 1026, 
                    "end": 1034, 
                    "score": 0.10908177495002747, 
                    "spot": "official"
                }
            ], 
            "wiki_id": 725182, 
            "wiki_title": "Official"
        }, 
        {
            "annotations": [
                {
                    "begin": 379, 
                    "end": 386, 
                    "score": 0.1614764779806137, 
                    "spot": "Florida"
                }, 
                {
                    "begin": 712, 
                    "end": 719, 
                    "score": 0.45253193378448486, 
                    "spot": "Florida"
                }, 
                {
                    "begin": 1110, 
                    "end": 1117, 
                    "score": 0.31332632899284363, 
                    "spot": "Florida"
                }, 
                {
                    "begin": 1830, 
                    "end": 1837, 
                    "score": 0.36901038885116577, 
                    "spot": "Florida"
                }, 
                {
                    "begin": 2242, 
                    "end": 2249, 
                    "score": 0.24781404435634613, 
                    "spot": "Florida"
                }, 
                {
                    "begin": 2633, 
                    "end": 2640, 
                    "score": 0.2571324110031128, 
                    "spot": "Florida"
                }, 
                {
                    "begin": 3045, 
                    "end": 3052, 
                    "score": 0.2175532579421997, 
                    "spot": "Florida"
                }, 
                {
                    "begin": 3167, 
                    "end": 3174, 
                    "score": 0.22465917468070984, 
                    "spot": "Florida"
                }
            ], 
            "wiki_id": 18933066, 
            "wiki_title": "Florida"
        }, 
        {
            "annotations": [
                {
                    "begin": 1618, 
                    "end": 1625, 
                    "score": 0.060827065259218216, 
                    "spot": "America"
                }
            ], 
            "wiki_id": 21139, 
            "wiki_title": "North America"
        }, 
        {
            "annotations": [
                {
                    "begin": 319, 
                    "end": 327, 
                    "score": 0.10507792234420776, 
                    "spot": "evacuate"
                }
            ], 
            "wiki_id": 1536572, 
            "wiki_title": "Emergency evacuation"
        }, 
        {
            "annotations": [
                {
                    "begin": 1748, 
                    "end": 1752, 
                    "score": 0.03703703731298447, 
                    "spot": "shut"
                }
            ], 
            "wiki_id": 46669269, 
            "wiki_title": "Shut In (2016 film)"
        }, 
        {
            "annotations": [
                {
                    "begin": 2018, 
                    "end": 2023, 
                    "score": 0.09760337322950363, 
                    "spot": "local"
                }
            ], 
            "wiki_id": 1549583, 
            "wiki_title": "Local government in the United States"
        }, 
        {
            "annotations": [
                {
                    "begin": 420, 
                    "end": 428, 
                    "score": 0.12814927101135254, 
                    "spot": "billions"
                }
            ], 
            "wiki_id": 1136363, 
            "wiki_title": "1,000,000,000"
        }, 
        {
            "annotations": [
                {
                    "begin": 3392, 
                    "end": 3397, 
                    "score": 0.0009600822231732309, 
                    "spot": "total"
                }
            ], 
            "wiki_id": 30330, 
            "wiki_title": "Total order"
        }, 
        {
            "annotations": [
                {
                    "begin": 3022, 
                    "end": 3038, 
                    "score": 0.0833333358168602, 
                    "spot": "claims\nadjusters"
                }
            ], 
            "wiki_id": 3173093, 
            "wiki_title": "Claims adjuster"
        }, 
        {
            "annotations": [
                {
                    "begin": 997, 
                    "end": 1005, 
                    "score": 0.25731879472732544, 
                    "spot": "Property"
                }
            ], 
            "wiki_id": 23626, 
            "wiki_title": "Property"
        }, 
        {
            "annotations": [
                {
                    "begin": 1534, 
                    "end": 1547, 
                    "score": 0.16665026545524597, 
                    "spot": "River running"
                }
            ], 
            "wiki_id": 165698, 
            "wiki_title": "Rafting"
        }, 
        {
            "annotations": [
                {
                    "begin": 2968, 
                    "end": 2973, 
                    "score": 0.5096145868301392, 
                    "spot": "Aetna"
                }
            ], 
            "wiki_id": 78343, 
            "wiki_title": "Aetna"
        }, 
        {
            "annotations": [
                {
                    "begin": 2456, 
                    "end": 2470, 
                    "score": 0.6323899030685425, 
                    "spot": "home insurance"
                }, 
                {
                    "begin": 3127, 
                    "end": 3141, 
                    "score": 0.3825194239616394, 
                    "spot": "home insurance"
                }
            ], 
            "wiki_id": 666133, 
            "wiki_title": "Home insurance"
        }, 
        {
            "annotations": [
                {
                    "begin": 2319, 
                    "end": 2327, 
                    "score": 0.007213913835585117, 
                    "spot": "exposure"
                }
            ], 
            "wiki_id": 146879, 
            "wiki_title": "Hypothermia"
        }, 
        {
            "annotations": [
                {
                    "begin": 2108, 
                    "end": 2116, 
                    "score": 0.004085155203938484, 
                    "spot": "24 hours"
                }
            ], 
            "wiki_id": 241342, 
            "wiki_title": "24-hour clock"
        }, 
        {
            "annotations": [
                {
                    "begin": 309, 
                    "end": 315, 
                    "score": 0.06861520558595657, 
                    "spot": "people"
                }
            ], 
            "wiki_id": 3488351, 
            "wiki_title": "People"
        }, 
        {
            "annotations": [
                {
                    "begin": 171, 
                    "end": 179, 
                    "score": 0.25948238372802734, 
                    "spot": "landfall"
                }, 
                {
                    "begin": 1303, 
                    "end": 1311, 
                    "score": 0.19987083971500397, 
                    "spot": "landfall"
                }, 
                {
                    "begin": 3284, 
                    "end": 3290, 
                    "score": 0.3016147017478943, 
                    "spot": "struck"
                }
            ], 
            "wiki_id": 5016402, 
            "wiki_title": "Landfall"
        }, 
        {
            "annotations": [
                {
                    "begin": 2048, 
                    "end": 2059, 
                    "score": 0.12121114879846573, 
                    "spot": "city centre"
                }
            ], 
            "wiki_id": 931046, 
            "wiki_title": "Cardiff city centre"
        }, 
        {
            "annotations": [
                {
                    "begin": 1914, 
                    "end": 1919, 
                    "score": 0.11991874873638153, 
                    "spot": "south"
                }
            ], 
            "wiki_id": 179553, 
            "wiki_title": "Southern United States"
        }, 
        {
            "annotations": [
                {
                    "begin": 569, 
                    "end": 582, 
                    "score": 0.19507934153079987, 
                    "spot": "miles an hour"
                }
            ], 
            "wiki_id": 182283, 
            "wiki_title": "Miles per hour"
        }, 
        {
            "annotations": [
                {
                    "begin": 2261, 
                    "end": 2265, 
                    "score": 0.15454259514808655, 
                    "spot": "fall"
                }
            ], 
            "wiki_id": 3049, 
            "wiki_title": "Autumn"
        }, 
        {
            "annotations": [
                {
                    "begin": 599, 
                    "end": 605, 
                    "score": 0.1286468356847763, 
                    "spot": "people"
                }
            ], 
            "wiki_id": 507970, 
            "wiki_title": "People (magazine)"
        }, 
        {
            "annotations": [
                {
                    "begin": 690, 
                    "end": 708, 
                    "score": 0.13072986900806427, 
                    "spot": "emergency services"
                }
            ], 
            "wiki_id": 52975, 
            "wiki_title": "Emergency medical services"
        }, 
        {
            "annotations": [
                {
                    "begin": 2290, 
                    "end": 2299, 
                    "score": 0.18201079964637756, 
                    "spot": "companies"
                }, 
                {
                    "begin": 2668, 
                    "end": 2675, 
                    "score": 0.19767647981643677, 
                    "spot": "company"
                }
            ], 
            "wiki_id": 4918223, 
            "wiki_title": "Company"
        }, 
        {
            "annotations": [
                {
                    "begin": 1319, 
                    "end": 1336, 
                    "score": 0.37270647287368774, 
                    "spot": "central\nLouisiana"
                }
            ], 
            "wiki_id": 4747064, 
            "wiki_title": "Central Louisiana"
        }, 
        {
            "annotations": [
                {
                    "begin": 475, 
                    "end": 481, 
                    "score": 0.0855025202035904, 
                    "spot": "deaths"
                }
            ], 
            "wiki_id": 8221, 
            "wiki_title": "Death"
        }, 
        {
            "annotations": [
                {
                    "begin": 1097, 
                    "end": 1102, 
                    "score": 0.03458355367183685, 
                    "spot": "tally"
                }
            ], 
            "wiki_id": 311244, 
            "wiki_title": "Tally (voting)"
        }, 
        {
            "annotations": [
                {
                    "begin": 2196, 
                    "end": 2201, 
                    "score": 0.11268012970685959, 
                    "spot": "power"
                }
            ], 
            "wiki_id": 9550, 
            "wiki_title": "Electricity"
        }, 
        {
            "annotations": [
                {
                    "begin": 655, 
                    "end": 662, 
                    "score": 0.45542851090431213, 
                    "spot": "Bahamas"
                }
            ], 
            "wiki_id": 3451, 
            "wiki_title": "The Bahamas"
        }, 
        {
            "annotations": [
                {
                    "begin": 1853, 
                    "end": 1861, 
                    "score": 0.025173265486955643, 
                    "spot": "greatest"
                }
            ], 
            "wiki_id": 2550675, 
            "wiki_title": "The Greatest (1977 film)"
        }, 
        {
            "annotations": [
                {
                    "begin": 2641, 
                    "end": 2647, 
                    "score": 0.1636492758989334, 
                    "spot": "market"
                }
            ], 
            "wiki_id": 48852, 
            "wiki_title": "Market economy"
        }, 
        {
            "annotations": [
                {
                    "begin": 3210, 
                    "end": 3220, 
                    "score": 0.2784254848957062, 
                    "spot": "commercial"
                }
            ], 
            "wiki_id": 195493, 
            "wiki_title": "Commercial bank"
        }, 
        {
            "annotations": [
                {
                    "begin": 1270, 
                    "end": 1278, 
                    "score": 0.0013916598400101066, 
                    "spot": "agencies"
                }
            ], 
            "wiki_id": 445800, 
            "wiki_title": "Advertising agency"
        }, 
        {
            "annotations": [
                {
                    "begin": 2250, 
                    "end": 2255, 
                    "score": 0.11067332327365875, 
                    "spot": "storm"
                }
            ], 
            "wiki_id": 130312, 
            "wiki_title": "Storm"
        }, 
        {
            "annotations": [
                {
                    "begin": 2340, 
                    "end": 2350, 
                    "score": 0.1227651983499527, 
                    "spot": "State Farm"
                }, 
                {
                    "begin": 2552, 
                    "end": 2572, 
                    "score": 0.45024874806404114, 
                    "spot": "State Farm Insurance"
                }
            ], 
            "wiki_id": 810859, 
            "wiki_title": "State Farm Insurance"
        }, 
        {
            "annotations": [
                {
                    "begin": 2492, 
                    "end": 2500, 
                    "score": 0.05004027858376503, 
                    "spot": "together"
                }
            ], 
            "wiki_id": 1237887, 
            "wiki_title": "Concurrency (road)"
        }, 
        {
            "annotations": [
                {
                    "begin": 750, 
                    "end": 755, 
                    "score": 0.028953544795513153, 
                    "spot": "brunt"
                }, 
                {
                    "begin": 2207, 
                    "end": 2212, 
                    "score": 0.010228932835161686, 
                    "spot": "brunt"
                }
            ], 
            "wiki_id": 1930149, 
            "wiki_title": "Trypticon"
        }, 
        {
            "annotations": [
                {
                    "begin": 2024, 
                    "end": 2033, 
                    "score": 0.32245707511901855, 
                    "spot": "air force"
                }
            ], 
            "wiki_id": 32090, 
            "wiki_title": "United States Air Force"
        }, 
        {
            "annotations": [
                {
                    "begin": 2909, 
                    "end": 2917, 
                    "score": 0.12936502695083618, 
                    "spot": "exposure"
                }
            ], 
            "wiki_id": 245583, 
            "wiki_title": "Publicity"
        }, 
        {
            "annotations": [
                {
                    "begin": 508, 
                    "end": 518, 
                    "score": 0.10597603023052216, 
                    "spot": "north-west"
                }
            ], 
            "wiki_id": 78147, 
            "wiki_title": "Pacific Northwest"
        }, 
        {
            "annotations": [
                {
                    "begin": 643, 
                    "end": 650, 
                    "score": 0.11156310141086578, 
                    "spot": "crossed"
                }
            ], 
            "wiki_id": 1847605, 
            "wiki_title": "George Washington's crossing of the Delaware River"
        }, 
        {
            "annotations": [
                {
                    "begin": 2939, 
                    "end": 2943, 
                    "score": 0.011041059158742428, 
                    "spot": "area"
                }
            ], 
            "wiki_id": 1209, 
            "wiki_title": "Area"
        }, 
        {
            "annotations": [
                {
                    "begin": 1394, 
                    "end": 1406, 
                    "score": 0.27830034494400024, 
                    "spot": "this\nmorning"
                }
            ], 
            "wiki_id": 195130, 
            "wiki_title": "The Early Show"
        }, 
        {
            "annotations": [
                {
                    "begin": 328, 
                    "end": 335, 
                    "score": 0.29212525486946106, 
                    "spot": "coastal"
                }, 
                {
                    "begin": 328, 
                    "end": 341, 
                    "score": 0.23842526972293854, 
                    "spot": "coastal areas"
                }
            ], 
            "wiki_id": 5236, 
            "wiki_title": "Coast"
        }, 
        {
            "annotations": [
                {
                    "begin": 678, 
                    "end": 686, 
                    "score": 0.08308988064527512, 
                    "spot": "director"
                }
            ], 
            "wiki_id": 52234, 
            "wiki_title": "Chief executive officer"
        }, 
        {
            "annotations": [
                {
                    "begin": 2351, 
                    "end": 2356, 
                    "score": 0.00427321158349514, 
                    "spot": "Group"
                }
            ], 
            "wiki_id": 19447, 
            "wiki_title": "Group (mathematics)"
        }, 
        {
            "annotations": [
                {
                    "begin": 1380, 
                    "end": 1390, 
                    "score": 0.029588112607598305, 
                    "spot": "last night"
                }
            ], 
            "wiki_id": 2053414, 
            "wiki_title": "Last Night (1998 film)"
        }, 
        {
            "annotations": [
                {
                    "begin": 1995, 
                    "end": 2004, 
                    "score": 0.000684827275108546, 
                    "spot": "flattened"
                }
            ], 
            "wiki_id": 139950, 
            "wiki_title": "Flat (music)"
        }, 
        {
            "annotations": [
                {
                    "begin": 1626, 
                    "end": 1631, 
                    "score": 0.2859678864479065, 
                    "spot": "s oil"
                }
            ], 
            "wiki_id": 3497599, 
            "wiki_title": "S-Oil"
        }, 
        {
            "annotations": [
                {
                    "begin": 3261, 
                    "end": 3276, 
                    "score": 0.7137041091918945, 
                    "spot": "hurricane, Hugo"
                }
            ], 
            "wiki_id": 278796, 
            "wiki_title": "Hurricane Hugo"
        }, 
        {
            "annotations": [
                {
                    "begin": 487, 
                    "end": 496, 
                    "score": 0.0984334796667099, 
                    "spot": "yesterday"
                }
            ], 
            "wiki_id": 42970995, 
            "wiki_title": "Yesterday (time)"
        }, 
        {
            "annotations": [
                {
                    "begin": 1753, 
                    "end": 1757, 
                    "score": 0.04979498311877251, 
                    "spot": "down"
                }
            ], 
            "wiki_id": 128263, 
            "wiki_title": "County Down"
        }, 
        {
            "annotations": [
                {
                    "begin": 118, 
                    "end": 124, 
                    "score": 0.0058640604838728905, 
                    "spot": "storms"
                }, 
                {
                    "begin": 347, 
                    "end": 356, 
                    "score": 0.2079935073852539, 
                    "spot": "hurricane"
                }, 
                {
                    "begin": 2127, 
                    "end": 2136, 
                    "score": 0.13396427035331726, 
                    "spot": "hurricane"
                }
            ], 
            "wiki_id": 8282374, 
            "wiki_title": "Tropical cyclone"
        }, 
        {
            "annotations": [
                {
                    "begin": 1118, 
                    "end": 1122, 
                    "score": 0.16122190654277802, 
                    "spot": "bill"
                }
            ], 
            "wiki_id": 3356, 
            "wiki_title": "Bill Clinton"
        }, 
        {
            "annotations": [
                {
                    "begin": 1628, 
                    "end": 1640, 
                    "score": 0.49525052309036255, 
                    "spot": "oil refining"
                }, 
                {
                    "begin": 1712, 
                    "end": 1722, 
                    "score": 0.0731981098651886, 
                    "spot": "refineries"
                }
            ], 
            "wiki_id": 195137, 
            "wiki_title": "Oil refinery"
        }, 
        {
            "annotations": [
                {
                    "begin": 1075, 
                    "end": 1082, 
                    "score": 0.01713542826473713, 
                    "spot": "compile"
                }
            ], 
            "wiki_id": 2783826, 
            "wiki_title": "Compile (publisher)"
        }, 
        {
            "annotations": [
                {
                    "begin": 1976, 
                    "end": 1981, 
                    "score": 0.017770271748304367, 
                    "spot": "storm"
                }
            ], 
            "wiki_id": 673804, 
            "wiki_title": "Melbourne Storm"
        }, 
        {
            "annotations": [
                {
                    "begin": 672, 
                    "end": 676, 
                    "score": 0.06882095336914062, 
                    "spot": "Hale"
                }
            ], 
            "wiki_id": 1710186, 
            "wiki_title": "Georgina Hale"
        }, 
        {
            "annotations": [
                {
                    "begin": 722, 
                    "end": 733, 
                    "score": 0.19820891320705414, 
                    "spot": "Dade County"
                }
            ], 
            "wiki_id": 27905225, 
            "wiki_title": "Miami-Dade County, Florida"
        }, 
        {
            "annotations": [
                {
                    "begin": 1579, 
                    "end": 1583, 
                    "score": 0.04824152588844299, 
                    "spot": "lake"
                }
            ], 
            "wiki_id": 73606, 
            "wiki_title": "Lake County, Florida"
        }, 
        {
            "annotations": [
                {
                    "begin": 2948, 
                    "end": 2956, 
                    "score": 0.2646814286708832, 
                    "spot": "Hartford"
                }, 
                {
                    "begin": 2948, 
                    "end": 2966, 
                    "score": 0.30882352590560913, 
                    "spot": "Hartford\nInsurance"
                }
            ], 
            "wiki_id": 3902314, 
            "wiki_title": "The Hartford"
        }, 
        {
            "annotations": [
                {
                    "begin": 41, 
                    "end": 45, 
                    "score": 0.048928577452898026, 
                    "spot": "rise"
                }
            ], 
            "wiki_id": 2418347, 
            "wiki_title": "Rise: Blood Hunter"
        }, 
        {
            "annotations": [
                {
                    "begin": 2151, 
                    "end": 2161, 
                    "score": 0.16043800115585327, 
                    "spot": "households"
                }
            ], 
            "wiki_id": 725893, 
            "wiki_title": "Household"
        }, 
        {
            "annotations": [
                {
                    "begin": 906, 
                    "end": 914, 
                    "score": 0.0022842029575258493, 
                    "spot": "analysts"
                }
            ], 
            "wiki_id": 2744257, 
            "wiki_title": "Industry analyst"
        }, 
        {
            "annotations": [
                {
                    "begin": 115, 
                    "end": 117, 
                    "score": 0.124720498919487, 
                    "spot": "US"
                }
            ], 
            "wiki_id": 730350, 
            "wiki_title": "Billboard 200"
        }, 
        {
            "annotations": [
                {
                    "begin": 2392, 
                    "end": 2397, 
                    "score": 0.5777782201766968, 
                    "spot": "Sears"
                }, 
                {
                    "begin": 2392, 
                    "end": 2405, 
                    "score": 0.5349608659744263, 
                    "spot": "Sears Roebuck"
                }
            ], 
            "wiki_id": 277858, 
            "wiki_title": "Sears"
        }, 
        {
            "annotations": [
                {
                    "begin": 189, 
                    "end": 208, 
                    "score": 0.6424580812454224, 
                    "spot": "city of New Orleans"
                }, 
                {
                    "begin": 197, 
                    "end": 208, 
                    "score": 0.502963125705719, 
                    "spot": "New Orleans"
                }, 
                {
                    "begin": 1353, 
                    "end": 1364, 
                    "score": 0.33163154125213623, 
                    "spot": "New Orleans"
                }, 
                {
                    "begin": 1408, 
                    "end": 1419, 
                    "score": 0.252963125705719, 
                    "spot": "New Orleans"
                }
            ], 
            "wiki_id": 53842, 
            "wiki_title": "New Orleans"
        }, 
        {
            "annotations": [
                {
                    "begin": 138, 
                    "end": 148, 
                    "score": 0.005491473712027073, 
                    "spot": "threatened"
                }
            ], 
            "wiki_id": 478706, 
            "wiki_title": "Threatened species"
        }, 
        {
            "annotations": [
                {
                    "begin": 530, 
                    "end": 544, 
                    "score": 0.750359296798706, 
                    "spot": "Gulf of Mexico"
                }
            ], 
            "wiki_id": 21076367, 
            "wiki_title": "Gulf of Mexico"
        }, 
        {
            "annotations": [
                {
                    "begin": 1653, 
                    "end": 1665, 
                    "score": 0.0005513058858923614, 
                    "spot": "concentrated"
                }
            ], 
            "wiki_id": 7512, 
            "wiki_title": "Concentration"
        }, 
        {
            "annotations": [
                {
                    "begin": 887, 
                    "end": 896, 
                    "score": 0.3995914161205292, 
                    "spot": "insurance"
                }, 
                {
                    "begin": 887, 
                    "end": 905, 
                    "score": 0.3632883131504059, 
                    "spot": "insurance industry"
                }, 
                {
                    "begin": 2216, 
                    "end": 2225, 
                    "score": 0.27964845299720764, 
                    "spot": "insurance"
                }, 
                {
                    "begin": 2226, 
                    "end": 2232, 
                    "score": 0.2895740270614624, 
                    "spot": "claims"
                }, 
                {
                    "begin": 2859, 
                    "end": 2865, 
                    "score": 0.04888094589114189, 
                    "spot": "claims"
                }, 
                {
                    "begin": 2889, 
                    "end": 2897, 
                    "score": 0.1520746499300003, 
                    "spot": "insurers"
                }, 
                {
                    "begin": 3132, 
                    "end": 3149, 
                    "score": 0.4234166145324707, 
                    "spot": "insurance premium"
                }, 
                {
                    "begin": 3221, 
                    "end": 3230, 
                    "score": 0.3830515742301941, 
                    "spot": "insurance"
                }, 
                {
                    "begin": 3231, 
                    "end": 3239, 
                    "score": 0.307422399520874, 
                    "spot": "premiums"
                }, 
                {
                    "begin": 3352, 
                    "end": 3359, 
                    "score": 0.21815279126167297, 
                    "spot": "insured"
                }
            ], 
            "wiki_id": 15176, 
            "wiki_title": "Insurance"
        }, 
        {
            "annotations": [
                {
                    "begin": 1862, 
                    "end": 1867, 
                    "score": 0.02747933939099312, 
                    "spot": "havoc"
                }
            ], 
            "wiki_id": 393887, 
            "wiki_title": "Havok (comics)"
        }, 
        {
            "annotations": [
                {
                    "begin": 2594, 
                    "end": 2601, 
                    "score": 0.004063860513269901, 
                    "spot": "company"
                }
            ], 
            "wiki_id": 7485, 
            "wiki_title": "Corporation"
        }, 
        {
            "annotations": [
                {
                    "begin": 2506, 
                    "end": 2534, 
                    "score": 0.5, 
                    "spot": "American International Group"
                }
            ], 
            "wiki_id": 521884, 
            "wiki_title": "American International Group"
        }, 
        {
            "annotations": [
                {
                    "begin": 501, 
                    "end": 507, 
                    "score": 0.0012086089700460434, 
                    "spot": "moving"
                }
            ], 
            "wiki_id": 38384503, 
            "wiki_title": "Moving On (911 album)"
        }, 
        {
            "annotations": [
                {
                    "begin": 443, 
                    "end": 458, 
                    "score": 0.20508240163326263, 
                    "spot": "property damage"
                }
            ], 
            "wiki_id": 46698, 
            "wiki_title": "Property damage"
        }, 
        {
            "annotations": [
                {
                    "begin": 2443, 
                    "end": 2451, 
                    "score": 0.5895455479621887, 
                    "spot": "casualty"
                }
            ], 
            "wiki_id": 411823, 
            "wiki_title": "Casualty insurance"
        }, 
        {
            "annotations": [
                {
                    "begin": 2384, 
                    "end": 2388, 
                    "score": 0.1411971002817154, 
                    "spot": "unit"
                }
            ], 
            "wiki_id": 11164027, 
            "wiki_title": "Unit (housing)"
        }, 
        {
            "annotations": [
                {
                    "begin": 1464, 
                    "end": 1474, 
                    "score": 0.03040444292128086, 
                    "spot": "vulnerable"
                }
            ], 
            "wiki_id": 25986983, 
            "wiki_title": "Vulnerable species"
        }, 
        {
            "annotations": [
                {
                    "begin": 3245, 
                    "end": 3249, 
                    "score": 0.0010033606085926294, 
                    "spot": "last"
                }
            ], 
            "wiki_id": 41686525, 
            "wiki_title": "2006 Pan Pacific Swimming Championships \u2013 Women's 100 metre freestyle"
        }, 
        {
            "annotations": [
                {
                    "begin": 3150, 
                    "end": 3156, 
                    "score": 0.18331396579742432, 
                    "spot": "income"
                }
            ], 
            "wiki_id": 50845, 
            "wiki_title": "Income tax"
        }, 
        {
            "annotations": [
                {
                    "begin": 1807, 
                    "end": 1812, 
                    "score": 0.07169613242149353, 
                    "spot": "plant"
                }
            ], 
            "wiki_id": 19828134, 
            "wiki_title": "Plant"
        }, 
        {
            "annotations": [
                {
                    "begin": 667, 
                    "end": 671, 
                    "score": 0.0064924005419015884, 
                    "spot": "Kate"
                }
            ], 
            "wiki_id": 62654, 
            "wiki_title": "The Taming of the Shrew"
        }, 
        {
            "annotations": [
                {
                    "begin": 396, 
                    "end": 410, 
                    "score": 0.015841584652662277, 
                    "spot": "Monday morning"
                }
            ], 
            "wiki_id": 26803317, 
            "wiki_title": "Monday Morning (song)"
        }, 
        {
            "annotations": [
                {
                    "begin": 1522, 
                    "end": 1539, 
                    "score": 0.5956619381904602, 
                    "spot": "Mississippi River"
                }
            ], 
            "wiki_id": 19579, 
            "wiki_title": "Mississippi River"
        }, 
        {
            "annotations": [
                {
                    "begin": 3291, 
                    "end": 3305, 
                    "score": 0.4349193871021271, 
                    "spot": "South Carolina"
                }
            ], 
            "wiki_id": 27956, 
            "wiki_title": "South Carolina"
        }, 
        {
            "annotations": [
                {
                    "begin": 2683, 
                    "end": 2694, 
                    "score": 0.25403863191604614, 
                    "spot": "reinsurance"
                }
            ], 
            "wiki_id": 632374, 
            "wiki_title": "Reinsurance"
        }, 
        {
            "annotations": [
                {
                    "begin": 1428, 
                    "end": 1438, 
                    "score": 0.10053892433643341, 
                    "spot": "population"
                }
            ], 
            "wiki_id": 1156819, 
            "wiki_title": "Population ecology"
        }, 
        {
            "annotations": [
                {
                    "begin": 1035, 
                    "end": 1043, 
                    "score": 0.11985182017087936, 
                    "spot": "compiler"
                }
            ], 
            "wiki_id": 5739, 
            "wiki_title": "Compiler"
        }, 
        {
            "annotations": [
                {
                    "begin": 2866, 
                    "end": 2876, 
                    "score": 0.012189697474241257, 
                    "spot": "adjustment"
                }
            ], 
            "wiki_id": 2034692, 
            "wiki_title": "Spinal adjustment"
        }, 
        {
            "annotations": [
                {
                    "begin": 185, 
                    "end": 193, 
                    "score": 0.358953595161438, 
                    "spot": "the city"
                }, 
                {
                    "begin": 1483, 
                    "end": 1491, 
                    "score": 0.3125, 
                    "spot": "the city"
                }
            ], 
            "wiki_id": 149109, 
            "wiki_title": "Carole King"
        }, 
        {
            "annotations": [
                {
                    "begin": 1187, 
                    "end": 1197, 
                    "score": 0.40168023109436035, 
                    "spot": "Gulf coast"
                }, 
                {
                    "begin": 1672, 
                    "end": 1679, 
                    "score": 0.1738721877336502, 
                    "spot": "coastal"
                }
            ], 
            "wiki_id": 11969, 
            "wiki_title": "Gulf Coast of the United States"
        }, 
        {
            "annotations": [
                {
                    "begin": 2832, 
                    "end": 2840, 
                    "score": 0.15938864648342133, 
                    "spot": "Balcombe"
                }
            ], 
            "wiki_id": 2855159, 
            "wiki_title": "Balcombe"
        }, 
        {
            "annotations": [
                {
                    "begin": 3029, 
                    "end": 3038, 
                    "score": 0.30000001192092896, 
                    "spot": "adjusters"
                }
            ], 
            "wiki_id": 43416331, 
            "wiki_title": "The Adjusters"
        }, 
        {
            "annotations": [
                {
                    "begin": 1047, 
                    "end": 1055, 
                    "score": 0.13184930384159088, 
                    "spot": "disaster"
                }
            ], 
            "wiki_id": 8137, 
            "wiki_title": "Disaster"
        }, 
        {
            "annotations": [
                {
                    "begin": 1560, 
                    "end": 1566, 
                    "score": 0.22776855528354645, 
                    "spot": "centre"
                }
            ], 
            "wiki_id": 91971, 
            "wiki_title": "Centre County, Pennsylvania"
        }, 
        {
            "annotations": [
                {
                    "begin": 2471, 
                    "end": 2477, 
                    "score": 0.045900650322437286, 
                    "spot": "groups"
                }
            ], 
            "wiki_id": 808296, 
            "wiki_title": "Group (military aviation unit)"
        }, 
        {
            "annotations": [
                {
                    "begin": 2850, 
                    "end": 2858, 
                    "score": 0.09852130711078644, 
                    "spot": "UK-based"
                }
            ], 
            "wiki_id": 31717, 
            "wiki_title": "United Kingdom"
        }, 
        {
            "annotations": [
                {
                    "begin": 741, 
                    "end": 745, 
                    "score": 0.039804428815841675, 
                    "spot": "bore"
                }
            ], 
            "wiki_id": 15105978, 
            "wiki_title": "Water well"
        }, 
        {
            "annotations": [
                {
                    "begin": 961, 
                    "end": 966, 
                    "score": 0.11705832183361053, 
                    "spot": "costs"
                }, 
                {
                    "begin": 3315, 
                    "end": 3319, 
                    "score": 0.11705931276082993, 
                    "spot": "cost"
                }
            ], 
            "wiki_id": 166789, 
            "wiki_title": "Cost"
        }, 
        {
            "annotations": [
                {
                    "begin": 1345, 
                    "end": 1349, 
                    "score": 0.1767328381538391, 
                    "spot": "west"
                }
            ], 
            "wiki_id": 252507, 
            "wiki_title": "American frontier"
        }
    ]
}