{
    "tagme": [
        {
            "annotations": [
                {
                    "begin": 483, 
                    "end": 492, 
                    "score": 0.10950939357280731, 
                    "spot": "yesterday"
                }, 
                {
                    "begin": 727, 
                    "end": 736, 
                    "score": 0.09577390551567078, 
                    "spot": "yesterday"
                }
            ], 
            "wiki_id": 143184, 
            "wiki_title": "Yesterday (Beatles song)"
        }, 
        {
            "annotations": [
                {
                    "begin": 1033, 
                    "end": 1041, 
                    "score": 0.05272483453154564, 
                    "spot": "industry"
                }
            ], 
            "wiki_id": 372478, 
            "wiki_title": "Video game industry"
        }, 
        {
            "annotations": [
                {
                    "begin": 1548, 
                    "end": 1555, 
                    "score": 0.21071967482566833, 
                    "spot": "Florida"
                }
            ], 
            "wiki_id": 60611, 
            "wiki_title": "University of Florida"
        }, 
        {
            "annotations": [
                {
                    "begin": 1826, 
                    "end": 1834, 
                    "score": 0.02863689325749874, 
                    "spot": "contrast"
                }
            ], 
            "wiki_id": 1323496, 
            "wiki_title": "Exonym and endonym"
        }, 
        {
            "annotations": [
                {
                    "begin": 1362, 
                    "end": 1371, 
                    "score": 0.2751829922199249, 
                    "spot": "Louisiana"
                }
            ], 
            "wiki_id": 18130, 
            "wiki_title": "Louisiana"
        }, 
        {
            "annotations": [
                {
                    "begin": 201, 
                    "end": 209, 
                    "score": 0.04467988759279251, 
                    "spot": "official"
                }
            ], 
            "wiki_id": 193178, 
            "wiki_title": "Official language"
        }, 
        {
            "annotations": [
                {
                    "begin": 1556, 
                    "end": 1562, 
                    "score": 0.04707547277212143, 
                    "spot": "losses"
                }, 
                {
                    "begin": 2565, 
                    "end": 2571, 
                    "score": 0.0029344074428081512, 
                    "spot": "record"
                }
            ], 
            "wiki_id": 300785, 
            "wiki_title": "Win\u2013loss record (pitching)"
        }, 
        {
            "annotations": [
                {
                    "begin": 1213, 
                    "end": 1218, 
                    "score": 0.08726136386394501, 
                    "spot": "south"
                }
            ], 
            "wiki_id": 179553, 
            "wiki_title": "Southern United States"
        }, 
        {
            "annotations": [
                {
                    "begin": 368, 
                    "end": 373, 
                    "score": 0.07618431746959686, 
                    "spot": "still"
                }, 
                {
                    "begin": 1288, 
                    "end": 1293, 
                    "score": 0.047012798488140106, 
                    "spot": "still"
                }
            ], 
            "wiki_id": 23604, 
            "wiki_title": "Photography"
        }, 
        {
            "annotations": [
                {
                    "begin": 1755, 
                    "end": 1767, 
                    "score": 0.2729218006134033, 
                    "spot": "Oakland\nfire"
                }
            ], 
            "wiki_id": 349554, 
            "wiki_title": "Oakland firestorm of 1991"
        }, 
        {
            "annotations": [
                {
                    "begin": 586, 
                    "end": 597, 
                    "score": 0.049909546971321106, 
                    "spot": "see through"
                }
            ], 
            "wiki_id": 351077, 
            "wiki_title": "Transparency and translucency"
        }, 
        {
            "annotations": [
                {
                    "begin": 821, 
                    "end": 829, 
                    "score": 0.1558898538351059, 
                    "spot": "Services"
                }, 
                {
                    "begin": 1003, 
                    "end": 1011, 
                    "score": 0.16563504934310913, 
                    "spot": "services"
                }
            ], 
            "wiki_id": 181586, 
            "wiki_title": "Service (economics)"
        }, 
        {
            "annotations": [
                {
                    "begin": 549, 
                    "end": 552, 
                    "score": 0.04734250158071518, 
                    "spot": "hit"
                }, 
                {
                    "begin": 1664, 
                    "end": 1667, 
                    "score": 0.00889560766518116, 
                    "spot": "hit"
                }
            ], 
            "wiki_id": 250879, 
            "wiki_title": "Contract killing"
        }, 
        {
            "annotations": [
                {
                    "begin": 1222, 
                    "end": 1227, 
                    "score": 0.24561640620231628, 
                    "spot": "Miami"
                }
            ], 
            "wiki_id": 53846, 
            "wiki_title": "Miami"
        }, 
        {
            "annotations": [
                {
                    "begin": 471, 
                    "end": 482, 
                    "score": 0.19137516617774963, 
                    "spot": "George Bush"
                }
            ], 
            "wiki_id": 11955, 
            "wiki_title": "George H. W. Bush"
        }, 
        {
            "annotations": [
                {
                    "begin": 152, 
                    "end": 160, 
                    "score": 0.14201289415359497, 
                    "spot": "industry"
                }, 
                {
                    "begin": 2430, 
                    "end": 2438, 
                    "score": 0.08820624649524689, 
                    "spot": "industry"
                }, 
                {
                    "begin": 2689, 
                    "end": 2697, 
                    "score": 0.1939452439546585, 
                    "spot": "industry"
                }
            ], 
            "wiki_id": 14543, 
            "wiki_title": "Industry"
        }, 
        {
            "annotations": [
                {
                    "begin": 1451, 
                    "end": 1459, 
                    "score": 0.054476767778396606, 
                    "spot": "estimate"
                }
            ], 
            "wiki_id": 36687154, 
            "wiki_title": "Estimation"
        }, 
        {
            "annotations": [
                {
                    "begin": 2138, 
                    "end": 2142, 
                    "score": 0.2507879137992859, 
                    "spot": "wind"
                }
            ], 
            "wiki_id": 15440316, 
            "wiki_title": "Wind"
        }, 
        {
            "annotations": [
                {
                    "begin": 2364, 
                    "end": 2370, 
                    "score": 0.0029344074428081512, 
                    "spot": "record"
                }
            ], 
            "wiki_id": 7080256, 
            "wiki_title": "The Record (Troy)"
        }, 
        {
            "annotations": [
                {
                    "begin": 1281, 
                    "end": 1287, 
                    "score": 0.07404036819934845, 
                    "spot": "higher"
                }
            ], 
            "wiki_id": 14423, 
            "wiki_title": "Higher education"
        }, 
        {
            "annotations": [
                {
                    "begin": 2738, 
                    "end": 2743, 
                    "score": 0.02580312453210354, 
                    "spot": "cover"
                }
            ], 
            "wiki_id": 159031, 
            "wiki_title": "Cover version"
        }, 
        {
            "annotations": [
                {
                    "begin": 786, 
                    "end": 794, 
                    "score": 0.11171447485685349, 
                    "spot": "division"
                }
            ], 
            "wiki_id": 7207645, 
            "wiki_title": "Division (business)"
        }, 
        {
            "annotations": [
                {
                    "begin": 2176, 
                    "end": 2182, 
                    "score": 0.33044707775115967, 
                    "spot": "Kansas"
                }
            ], 
            "wiki_id": 16716, 
            "wiki_title": "Kansas"
        }, 
        {
            "annotations": [
                {
                    "begin": 59, 
                    "end": 65, 
                    "score": 0.14395742118358612, 
                    "spot": "Pounds"
                }
            ], 
            "wiki_id": 270673, 
            "wiki_title": "Pound sterling"
        }, 
        {
            "annotations": [
                {
                    "begin": 1872, 
                    "end": 1889, 
                    "score": 0.23928682506084442, 
                    "spot": "Los Angeles riots"
                }, 
                {
                    "begin": 2102, 
                    "end": 2110, 
                    "score": 0.36106693744659424, 
                    "spot": "LA riots"
                }
            ], 
            "wiki_id": 1553191, 
            "wiki_title": "1992 Los Angeles riots"
        }, 
        {
            "annotations": [
                {
                    "begin": 1792, 
                    "end": 1801, 
                    "score": 0.004724409431219101, 
                    "spot": "last year"
                }
            ], 
            "wiki_id": 7353934, 
            "wiki_title": "Last Year (song)"
        }, 
        {
            "annotations": [
                {
                    "begin": 325, 
                    "end": 331, 
                    "score": 0.0035513092298060656, 
                    "spot": "region"
                }
            ], 
            "wiki_id": 1692431, 
            "wiki_title": "DVD region code"
        }, 
        {
            "annotations": [
                {
                    "begin": 461, 
                    "end": 470, 
                    "score": 0.3629639148712158, 
                    "spot": "President"
                }
            ], 
            "wiki_id": 24113, 
            "wiki_title": "President of the United States"
        }, 
        {
            "annotations": [
                {
                    "begin": 979, 
                    "end": 987, 
                    "score": 0.09475864470005035, 
                    "spot": "director"
                }
            ], 
            "wiki_id": 4822, 
            "wiki_title": "Board of directors"
        }, 
        {
            "annotations": [
                {
                    "begin": 1672, 
                    "end": 1682, 
                    "score": 0.039186134934425354, 
                    "spot": "east coast"
                }
            ], 
            "wiki_id": 171272, 
            "wiki_title": "East Coast hip hop"
        }, 
        {
            "annotations": [
                {
                    "begin": 557, 
                    "end": 564, 
                    "score": 0.001554293092340231, 
                    "spot": "pledged"
                }
            ], 
            "wiki_id": 9031588, 
            "wiki_title": "Pledge (law)"
        }, 
        {
            "annotations": [
                {
                    "begin": 298, 
                    "end": 307, 
                    "score": 0.07213690876960754, 
                    "spot": "last week"
                }
            ], 
            "wiki_id": 41923028, 
            "wiki_title": "Last Week Tonight with John Oliver"
        }, 
        {
            "annotations": [
                {
                    "begin": 2117, 
                    "end": 2136, 
                    "score": 0.33100616931915283, 
                    "spot": "series of\ntornadoes"
                }
            ], 
            "wiki_id": 9566474, 
            "wiki_title": "May 1995 tornado outbreak sequence"
        }, 
        {
            "annotations": [
                {
                    "begin": 13, 
                    "end": 19, 
                    "score": 0.06697302311658859, 
                    "spot": "expect"
                }
            ], 
            "wiki_id": 9653, 
            "wiki_title": "Expected value"
        }, 
        {
            "annotations": [
                {
                    "begin": 971, 
                    "end": 977, 
                    "score": 0.10526315867900848, 
                    "spot": "Kerney"
                }
            ], 
            "wiki_id": 18097992, 
            "wiki_title": "Kelly Kerney"
        }, 
        {
            "annotations": [
                {
                    "begin": 2197, 
                    "end": 2201, 
                    "score": 0.4065678119659424, 
                    "spot": "Iowa"
                }
            ], 
            "wiki_id": 26810748, 
            "wiki_title": "Iowa"
        }, 
        {
            "annotations": [
                {
                    "begin": 1404, 
                    "end": 1409, 
                    "score": 0.10156650841236115, 
                    "spot": "storm"
                }
            ], 
            "wiki_id": 305311, 
            "wiki_title": "Tampa Bay Storm"
        }, 
        {
            "annotations": [
                {
                    "begin": 1475, 
                    "end": 1481, 
                    "score": 0.09957980364561081, 
                    "spot": "losses"
                }, 
                {
                    "begin": 2090, 
                    "end": 2096, 
                    "score": 0.231631800532341, 
                    "spot": "losses"
                }, 
                {
                    "begin": 2231, 
                    "end": 2237, 
                    "score": 0.12614805996418, 
                    "spot": "losses"
                }, 
                {
                    "begin": 2288, 
                    "end": 2294, 
                    "score": 0.0017241750610992312, 
                    "spot": "losses"
                }, 
                {
                    "begin": 2400, 
                    "end": 2406, 
                    "score": 0.1273583024740219, 
                    "spot": "losses"
                }, 
                {
                    "begin": 2572, 
                    "end": 2578, 
                    "score": 0.12116507440805435, 
                    "spot": "losses"
                }
            ], 
            "wiki_id": 19417927, 
            "wiki_title": "Profit (accounting)"
        }, 
        {
            "annotations": [
                {
                    "begin": 1, 
                    "end": 3, 
                    "score": 0.11402429640293121, 
                    "spot": "US"
                }, 
                {
                    "begin": 44, 
                    "end": 51, 
                    "score": 0.17197193205356598, 
                    "spot": "Dollars"
                }, 
                {
                    "begin": 1140, 
                    "end": 1147, 
                    "score": 0.15576010942459106, 
                    "spot": "Dollars"
                }, 
                {
                    "begin": 1638, 
                    "end": 1640, 
                    "score": 0.16668975353240967, 
                    "spot": "US"
                }, 
                {
                    "begin": 1736, 
                    "end": 1743, 
                    "score": 0.13926324248313904, 
                    "spot": "Dollars"
                }, 
                {
                    "begin": 1808, 
                    "end": 1815, 
                    "score": 0.07110729068517685, 
                    "spot": "Dollars"
                }, 
                {
                    "begin": 1954, 
                    "end": 1956, 
                    "score": 0.3271137475967407, 
                    "spot": "US"
                }, 
                {
                    "begin": 1973, 
                    "end": 1980, 
                    "score": 0.36308079957962036, 
                    "spot": "Dollars"
                }, 
                {
                    "begin": 2015, 
                    "end": 2017, 
                    "score": 0.10981667786836624, 
                    "spot": "US"
                }, 
                {
                    "begin": 2241, 
                    "end": 2248, 
                    "score": 0.17285294830799103, 
                    "spot": "Dollars"
                }
            ], 
            "wiki_id": 18717338, 
            "wiki_title": "United States dollar"
        }, 
        {
            "annotations": [
                {
                    "begin": 99, 
                    "end": 115, 
                    "score": 0.6144797801971436, 
                    "spot": "Hurricane Andrew"
                }, 
                {
                    "begin": 1256, 
                    "end": 1272, 
                    "score": 0.5, 
                    "spot": "Hurricane Andrew"
                }, 
                {
                    "begin": 1570, 
                    "end": 1586, 
                    "score": 0.5, 
                    "spot": "Hurricane Andrew"
                }, 
                {
                    "begin": 1987, 
                    "end": 2003, 
                    "score": 0.7138678431510925, 
                    "spot": "Hurricane Andrew"
                }, 
                {
                    "begin": 2271, 
                    "end": 2287, 
                    "score": 0.7229569554328918, 
                    "spot": "Hurricane Andrew"
                }
            ], 
            "wiki_id": 35999637, 
            "wiki_title": "Hurricane Andrew"
        }, 
        {
            "annotations": [
                {
                    "begin": 522, 
                    "end": 528, 
                    "score": 0.07366088777780533, 
                    "spot": "region"
                }
            ], 
            "wiki_id": 1363836, 
            "wiki_title": "Regions of Western Australia"
        }, 
        {
            "annotations": [
                {
                    "begin": 1763, 
                    "end": 1776, 
                    "score": 0.2677001953125, 
                    "spot": "fire disaster"
                }
            ], 
            "wiki_id": 676811, 
            "wiki_title": "Conflagration"
        }, 
        {
            "annotations": [
                {
                    "begin": 966, 
                    "end": 970, 
                    "score": 0.006470995955169201, 
                    "spot": "Gary"
                }
            ], 
            "wiki_id": 755424, 
            "wiki_title": "Gary Barlow"
        }, 
        {
            "annotations": [
                {
                    "begin": 76, 
                    "end": 83, 
                    "score": 0.27295494079589844, 
                    "spot": "Florida"
                }, 
                {
                    "begin": 290, 
                    "end": 297, 
                    "score": 0.18584468960762024, 
                    "spot": "Florida"
                }, 
                {
                    "begin": 1080, 
                    "end": 1087, 
                    "score": 0.22737731039524078, 
                    "spot": "Florida"
                }, 
                {
                    "begin": 1439, 
                    "end": 1446, 
                    "score": 0.322049617767334, 
                    "spot": "Florida"
                }, 
                {
                    "begin": 2261, 
                    "end": 2268, 
                    "score": 0.2591068744659424, 
                    "spot": "Florida"
                }
            ], 
            "wiki_id": 18933066, 
            "wiki_title": "Florida"
        }, 
        {
            "annotations": [
                {
                    "begin": 802, 
                    "end": 810, 
                    "score": 0.11667494475841522, 
                    "spot": "American"
                }
            ], 
            "wiki_id": 3434750, 
            "wiki_title": "United States"
        }, 
        {
            "annotations": [
                {
                    "begin": 1248, 
                    "end": 1252, 
                    "score": 0.0016789959045127034, 
                    "spot": "cost"
                }
            ], 
            "wiki_id": 875871, 
            "wiki_title": "Bowling average"
        }, 
        {
            "annotations": [
                {
                    "begin": 2517, 
                    "end": 2528, 
                    "score": 0.18957272171974182, 
                    "spot": "Wall Street"
                }
            ], 
            "wiki_id": 37274, 
            "wiki_title": "Wall Street"
        }, 
        {
            "annotations": [
                {
                    "begin": 2726, 
                    "end": 2734, 
                    "score": 0.10301606357097626, 
                    "spot": "reserves"
                }
            ], 
            "wiki_id": 3426766, 
            "wiki_title": "Mineral resource classification"
        }, 
        {
            "annotations": [
                {
                    "begin": 195, 
                    "end": 200, 
                    "score": 0.044892411679029465, 
                    "spot": "first"
                }
            ], 
            "wiki_id": 31653, 
            "wiki_title": "First Amendment to the United States Constitution"
        }, 
        {
            "annotations": [
                {
                    "begin": 761, 
                    "end": 769, 
                    "score": 0.15782944858074188, 
                    "spot": "Property"
                }
            ], 
            "wiki_id": 23626, 
            "wiki_title": "Property"
        }, 
        {
            "annotations": [
                {
                    "begin": 685, 
                    "end": 692, 
                    "score": 0.0011252813274040818, 
                    "spot": "guesses"
                }
            ], 
            "wiki_id": 41441053, 
            "wiki_title": "Guessing"
        }, 
        {
            "annotations": [
                {
                    "begin": 1337, 
                    "end": 1347, 
                    "score": 0.19951054453849792, 
                    "spot": "projection"
                }
            ], 
            "wiki_id": 246074, 
            "wiki_title": "Forecasting"
        }, 
        {
            "annotations": [
                {
                    "begin": 361, 
                    "end": 367, 
                    "score": 0.04003988578915596, 
                    "spot": "people"
                }
            ], 
            "wiki_id": 3488351, 
            "wiki_title": "People"
        }, 
        {
            "annotations": [
                {
                    "begin": 777, 
                    "end": 785, 
                    "score": 0.09371580183506012, 
                    "spot": "Services"
                }
            ], 
            "wiki_id": 32212, 
            "wiki_title": "United States Armed Forces"
        }, 
        {
            "annotations": [
                {
                    "begin": 181, 
                    "end": 187, 
                    "score": 0.04751833528280258, 
                    "spot": "figure"
                }
            ], 
            "wiki_id": 169191, 
            "wiki_title": "Shape"
        }, 
        {
            "annotations": [
                {
                    "begin": 1019, 
                    "end": 1022, 
                    "score": 0.18774349987506866, 
                    "spot": "PCS"
                }
            ], 
            "wiki_id": 7878457, 
            "wiki_title": "Computer"
        }, 
        {
            "annotations": [
                {
                    "begin": 2315, 
                    "end": 2320, 
                    "score": 0.0016767270863056183, 
                    "spot": "rises"
                }
            ], 
            "wiki_id": 190919, 
            "wiki_title": "Sunrise"
        }, 
        {
            "annotations": [
                {
                    "begin": 1046, 
                    "end": 1055, 
                    "score": 0.021464267745614052, 
                    "spot": "expecting"
                }
            ], 
            "wiki_id": 1771587, 
            "wiki_title": "Pregnancy"
        }, 
        {
            "annotations": [
                {
                    "begin": 1497, 
                    "end": 1502, 
                    "score": 0.16066919267177582, 
                    "spot": "state"
                }, 
                {
                    "begin": 2161, 
                    "end": 2167, 
                    "score": 0.11156995594501495, 
                    "spot": "states"
                }
            ], 
            "wiki_id": 18618239, 
            "wiki_title": "U.S. state"
        }, 
        {
            "annotations": [
                {
                    "begin": 622, 
                    "end": 625, 
                    "score": 0.004534284118562937, 
                    "spot": "job"
                }
            ], 
            "wiki_id": 314993, 
            "wiki_title": "Employment"
        }, 
        {
            "annotations": [
                {
                    "begin": 27, 
                    "end": 30, 
                    "score": 0.057960133999586105, 
                    "spot": "out"
                }
            ], 
            "wiki_id": 18912922, 
            "wiki_title": "Closeted"
        }, 
        {
            "annotations": [
                {
                    "begin": 382, 
                    "end": 393, 
                    "score": 0.1814480870962143, 
                    "spot": "electricity"
                }
            ], 
            "wiki_id": 9550, 
            "wiki_title": "Electricity"
        }, 
        {
            "annotations": [
                {
                    "begin": 2184, 
                    "end": 2192, 
                    "score": 0.5643981099128723, 
                    "spot": "Oklahoma"
                }
            ], 
            "wiki_id": 22489, 
            "wiki_title": "Oklahoma"
        }, 
        {
            "annotations": [
                {
                    "begin": 1563, 
                    "end": 1568, 
                    "score": 0.0018267182167619467, 
                    "spot": "alone"
                }
            ], 
            "wiki_id": 6558151, 
            "wiki_title": "Alone (Heart song)"
        }, 
        {
            "annotations": [
                {
                    "begin": 869, 
                    "end": 886, 
                    "score": 0.1639145165681839, 
                    "spot": "trade association"
                }
            ], 
            "wiki_id": 536700, 
            "wiki_title": "Trade association"
        }, 
        {
            "annotations": [
                {
                    "begin": 1114, 
                    "end": 1118, 
                    "score": 0.03923948109149933, 
                    "spot": "bulk"
                }
            ], 
            "wiki_id": 2289440, 
            "wiki_title": "Bulk cargo"
        }, 
        {
            "annotations": [
                {
                    "begin": 2309, 
                    "end": 2314, 
                    "score": 0.0009600822231732309, 
                    "spot": "total"
                }
            ], 
            "wiki_id": 5387604, 
            "wiki_title": "Fish measurement"
        }, 
        {
            "annotations": [
                {
                    "begin": 1070, 
                    "end": 1076, 
                    "score": 0.0409681499004364, 
                    "spot": "claims"
                }
            ], 
            "wiki_id": 701802, 
            "wiki_title": "United States House Committee on the Judiciary"
        }, 
        {
            "annotations": [
                {
                    "begin": 938, 
                    "end": 941, 
                    "score": 0.07631763070821762, 
                    "spot": "big"
                }
            ], 
            "wiki_id": 211397, 
            "wiki_title": "Toe"
        }, 
        {
            "annotations": [
                {
                    "begin": 442, 
                    "end": 448, 
                    "score": 0.0009062228491529822, 
                    "spot": "living"
                }
            ], 
            "wiki_id": 825977, 
            "wiki_title": "Living room"
        }, 
        {
            "annotations": [
                {
                    "begin": 926, 
                    "end": 930, 
                    "score": 0.023929519578814507, 
                    "spot": "area"
                }
            ], 
            "wiki_id": 1209, 
            "wiki_title": "Area"
        }, 
        {
            "annotations": [
                {
                    "begin": 2214, 
                    "end": 2222, 
                    "score": 0.016847576946020126, 
                    "spot": "produced"
                }
            ], 
            "wiki_id": 2417230, 
            "wiki_title": "Sound recording and reproduction"
        }, 
        {
            "annotations": [
                {
                    "begin": 1781, 
                    "end": 1791, 
                    "score": 0.1748182475566864, 
                    "spot": "California"
                }, 
                {
                    "begin": 2505, 
                    "end": 2515, 
                    "score": 0.26440685987472534, 
                    "spot": "California"
                }
            ], 
            "wiki_id": 5407, 
            "wiki_title": "California"
        }, 
        {
            "annotations": [
                {
                    "begin": 2748, 
                    "end": 2756, 
                    "score": 0.0938357263803482, 
                    "spot": "disaster"
                }
            ], 
            "wiki_id": 209493, 
            "wiki_title": "Disaster film"
        }, 
        {
            "annotations": [
                {
                    "begin": 1642, 
                    "end": 1656, 
                    "score": 0.7137041091918945, 
                    "spot": "Hurricane Hugo"
                }, 
                {
                    "begin": 2456, 
                    "end": 2470, 
                    "score": 0.5, 
                    "spot": "Hurricane Hugo"
                }
            ], 
            "wiki_id": 278796, 
            "wiki_title": "Hurricane Hugo"
        }, 
        {
            "annotations": [
                {
                    "begin": 2621, 
                    "end": 2626, 
                    "score": 0.13119462132453918, 
                    "spot": "lower"
                }
            ], 
            "wiki_id": 39903086, 
            "wiki_title": "Working class"
        }, 
        {
            "annotations": [
                {
                    "begin": 2004, 
                    "end": 2010, 
                    "score": 0.020288944244384766, 
                    "spot": "leaves"
                }
            ], 
            "wiki_id": 3295384, 
            "wiki_title": "The Leaves"
        }, 
        {
            "annotations": [
                {
                    "begin": 316, 
                    "end": 324, 
                    "score": 0.008651469834148884, 
                    "spot": "battered"
                }
            ], 
            "wiki_id": 47849814, 
            "wiki_title": "Batter (cooking)"
        }, 
        {
            "annotations": [
                {
                    "begin": 210, 
                    "end": 215, 
                    "score": 0.0024274250026792288, 
                    "spot": "tally"
                }
            ], 
            "wiki_id": 11339351, 
            "wiki_title": "Tally (cap)"
        }, 
        {
            "annotations": [
                {
                    "begin": 1755, 
                    "end": 1762, 
                    "score": 0.28831595182418823, 
                    "spot": "Oakland"
                }
            ], 
            "wiki_id": 50548, 
            "wiki_title": "Oakland, California"
        }, 
        {
            "annotations": [
                {
                    "begin": 249, 
                    "end": 258, 
                    "score": 0.152574360370636, 
                    "spot": "hurricane"
                }, 
                {
                    "begin": 539, 
                    "end": 548, 
                    "score": 0.15330755710601807, 
                    "spot": "hurricane"
                }
            ], 
            "wiki_id": 8282374, 
            "wiki_title": "Tropical cyclone"
        }, 
        {
            "annotations": [
                {
                    "begin": 1490, 
                    "end": 1502, 
                    "score": 0.13760560750961304, 
                    "spot": "second state"
                }
            ], 
            "wiki_id": 23332, 
            "wiki_title": "Pennsylvania"
        }, 
        {
            "annotations": [
                {
                    "begin": 1929, 
                    "end": 1946, 
                    "score": 0.09121621400117874, 
                    "spot": "civil disturbance"
                }
            ], 
            "wiki_id": 329906, 
            "wiki_title": "Civil disorder"
        }, 
        {
            "annotations": [
                {
                    "begin": 509, 
                    "end": 514, 
                    "score": 0.0365905687212944, 
                    "spot": "visit"
                }
            ], 
            "wiki_id": 2092648, 
            "wiki_title": "Visitation (Christianity)"
        }, 
        {
            "annotations": [
                {
                    "begin": 1193, 
                    "end": 1205, 
                    "score": 0.010683760978281498, 
                    "spot": "rural region"
                }
            ], 
            "wiki_id": 21729948, 
            "wiki_title": "Regions of Victoria"
        }, 
        {
            "annotations": [
                {
                    "begin": 888, 
                    "end": 898, 
                    "score": 0.0023022908717393875, 
                    "spot": "It follows"
                }
            ], 
            "wiki_id": 44202021, 
            "wiki_title": "It Follows"
        }, 
        {
            "annotations": [
                {
                    "begin": 2388, 
                    "end": 2399, 
                    "score": 0.011174362152814865, 
                    "spot": "catastrophe"
                }
            ], 
            "wiki_id": 23477768, 
            "wiki_title": "Catastrophe (book)"
        }, 
        {
            "annotations": [
                {
                    "begin": 2444, 
                    "end": 2447, 
                    "score": 0.0005023122066631913, 
                    "spot": "out"
                }
            ], 
            "wiki_id": 845825, 
            "wiki_title": "Out (baseball)"
        }, 
        {
            "annotations": [
                {
                    "begin": 1178, 
                    "end": 1189, 
                    "score": 0.08664868772029877, 
                    "spot": "Dade\nCounty"
                }
            ], 
            "wiki_id": 27905225, 
            "wiki_title": "Miami-Dade County, Florida"
        }, 
        {
            "annotations": [
                {
                    "begin": 2324, 
                    "end": 2331, 
                    "score": 0.006146878004074097, 
                    "spot": "Dollars"
                }
            ], 
            "wiki_id": 8100, 
            "wiki_title": "Dollar"
        }, 
        {
            "annotations": [
                {
                    "begin": 602, 
                    "end": 610, 
                    "score": 0.04886896535754204, 
                    "spot": "clean-up"
                }
            ], 
            "wiki_id": 406260, 
            "wiki_title": "Environmental remediation"
        }, 
        {
            "annotations": [
                {
                    "begin": 426, 
                    "end": 434, 
                    "score": 0.07595926523208618, 
                    "spot": "homeless"
                }
            ], 
            "wiki_id": 667980, 
            "wiki_title": "Homelessness in the United States"
        }, 
        {
            "annotations": [
                {
                    "begin": 830, 
                    "end": 835, 
                    "score": 0.1556658297777176, 
                    "spot": "Group"
                }
            ], 
            "wiki_id": 5043287, 
            "wiki_title": "Corporate group"
        }, 
        {
            "annotations": [
                {
                    "begin": 1526, 
                    "end": 1535, 
                    "score": 0.10358739644289017, 
                    "spot": "this week"
                }
            ], 
            "wiki_id": 1139893, 
            "wiki_title": "BBC News"
        }, 
        {
            "annotations": [
                {
                    "begin": 4, 
                    "end": 12, 
                    "score": 0.1209857389330864, 
                    "spot": "INSURERS"
                }, 
                {
                    "begin": 709, 
                    "end": 718, 
                    "score": 0.27964845299720764, 
                    "spot": "insurance"
                }, 
                {
                    "begin": 719, 
                    "end": 725, 
                    "score": 0.16723690927028656, 
                    "spot": "claims"
                }, 
                {
                    "begin": 770, 
                    "end": 776, 
                    "score": 0.16870009899139404, 
                    "spot": "Claims"
                }, 
                {
                    "begin": 811, 
                    "end": 820, 
                    "score": 0.19882045686244965, 
                    "spot": "Insurance"
                }, 
                {
                    "begin": 859, 
                    "end": 867, 
                    "score": 0.22440873086452484, 
                    "spot": "insurers"
                }, 
                {
                    "begin": 942, 
                    "end": 951, 
                    "score": 0.3362213671207428, 
                    "spot": "insurance"
                }, 
                {
                    "begin": 942, 
                    "end": 961, 
                    "score": 0.31236857175827026, 
                    "spot": "insurance companies"
                }, 
                {
                    "begin": 1155, 
                    "end": 1162, 
                    "score": 0.24969899654388428, 
                    "spot": "insured"
                }, 
                {
                    "begin": 1163, 
                    "end": 1169, 
                    "score": 0.2757776975631714, 
                    "spot": "claims"
                }, 
                {
                    "begin": 1352, 
                    "end": 1358, 
                    "score": 0.12313423305749893, 
                    "spot": "claims"
                }, 
                {
                    "begin": 1467, 
                    "end": 1474, 
                    "score": 0.16576629877090454, 
                    "spot": "insured"
                }, 
                {
                    "begin": 1611, 
                    "end": 1618, 
                    "score": 0.1929265260696411, 
                    "spot": "insured"
                }, 
                {
                    "begin": 1711, 
                    "end": 1720, 
                    "score": 0.3801520764827728, 
                    "spot": "insurance"
                }, 
                {
                    "begin": 1711, 
                    "end": 1729, 
                    "score": 0.373708039522171, 
                    "spot": "insurance industry"
                }, 
                {
                    "begin": 1836, 
                    "end": 1845, 
                    "score": 0.2544539272785187, 
                    "spot": "insurance"
                }, 
                {
                    "begin": 1846, 
                    "end": 1852, 
                    "score": 0.1702314019203186, 
                    "spot": "claims"
                }, 
                {
                    "begin": 2036, 
                    "end": 2044, 
                    "score": 0.1307210475206375, 
                    "spot": "insurers"
                }, 
                {
                    "begin": 2223, 
                    "end": 2230, 
                    "score": 0.12713047862052917, 
                    "spot": "insured"
                }, 
                {
                    "begin": 2593, 
                    "end": 2601, 
                    "score": 0.18577802181243896, 
                    "spot": "insurers"
                }
            ], 
            "wiki_id": 15176, 
            "wiki_title": "Insurance"
        }, 
        {
            "annotations": [
                {
                    "begin": 1126, 
                    "end": 1132, 
                    "score": 0.11578918993473053, 
                    "spot": "damage"
                }
            ], 
            "wiki_id": 8134, 
            "wiki_title": "Damages"
        }, 
        {
            "annotations": [
                {
                    "begin": 739, 
                    "end": 745, 
                    "score": 0.0545610636472702, 
                    "spot": "figure"
                }
            ], 
            "wiki_id": 11152, 
            "wiki_title": "Figure skating"
        }, 
        {
            "annotations": [
                {
                    "begin": 2701, 
                    "end": 2708, 
                    "score": 0.10084500163793564, 
                    "spot": "thought"
                }
            ], 
            "wiki_id": 557913, 
            "wiki_title": "Freedom of thought"
        }, 
        {
            "annotations": [
                {
                    "begin": 223, 
                    "end": 229, 
                    "score": 0.05968516319990158, 
                    "spot": "damage"
                }
            ], 
            "wiki_id": 46698, 
            "wiki_title": "Property damage"
        }, 
        {
            "annotations": [
                {
                    "begin": 746, 
                    "end": 751, 
                    "score": 0.07931254059076309, 
                    "spot": "comes"
                }
            ], 
            "wiki_id": 888207, 
            "wiki_title": "Etymology"
        }, 
        {
            "annotations": [
                {
                    "begin": 2147, 
                    "end": 2157, 
                    "score": 0.32055366039276123, 
                    "spot": "hailstorms"
                }
            ], 
            "wiki_id": 14458, 
            "wiki_title": "Hail"
        }, 
        {
            "annotations": [
                {
                    "begin": 1872, 
                    "end": 1883, 
                    "score": 0.28705132007598877, 
                    "spot": "Los Angeles"
                }
            ], 
            "wiki_id": 79734, 
            "wiki_title": "Los Angeles County, California"
        }, 
        {
            "annotations": [
                {
                    "begin": 1242, 
                    "end": 1247, 
                    "score": 0.04549182206392288, 
                    "spot": "final"
                }
            ], 
            "wiki_id": 5888730, 
            "wiki_title": "1994 FIFA World Cup Final"
        }, 
        {
            "annotations": [
                {
                    "begin": 1088, 
                    "end": 1093, 
                    "score": 0.0018267182167619467, 
                    "spot": "alone"
                }
            ], 
            "wiki_id": 4517122, 
            "wiki_title": "Alone (Bee Gees song)"
        }, 
        {
            "annotations": [
                {
                    "begin": 298, 
                    "end": 302, 
                    "score": 0.0010033606085926294, 
                    "spot": "last"
                }
            ], 
            "wiki_id": 39078347, 
            "wiki_title": "Peter R. Last"
        }, 
        {
            "annotations": [
                {
                    "begin": 2127, 
                    "end": 2136, 
                    "score": 0.3563670814037323, 
                    "spot": "tornadoes"
                }
            ], 
            "wiki_id": 37530, 
            "wiki_title": "Tornado"
        }, 
        {
            "annotations": [
                {
                    "begin": 1307, 
                    "end": 1315, 
                    "score": 0.10810598731040955, 
                    "spot": "estimate"
                }
            ], 
            "wiki_id": 1565926, 
            "wiki_title": "Estimation theory"
        }, 
        {
            "annotations": [
                {
                    "begin": 902, 
                    "end": 918, 
                    "score": 0.008108108304440975, 
                    "spot": "extensive survey"
                }
            ], 
            "wiki_id": 3154374, 
            "wiki_title": "Systematic survey"
        }, 
        {
            "annotations": [
                {
                    "begin": 449, 
                    "end": 459, 
                    "score": 0.09375, 
                    "spot": "amid ruins"
                }
            ], 
            "wiki_id": 36457132, 
            "wiki_title": "The Walking Dead: Season Two"
        }, 
        {
            "annotations": [
                {
                    "begin": 2603, 
                    "end": 2609, 
                    "score": 0.22490043938159943, 
                    "spot": "shares"
                }
            ], 
            "wiki_id": 19372783, 
            "wiki_title": "Stock"
        }, 
        {
            "annotations": [
                {
                    "begin": 1273, 
                    "end": 1277, 
                    "score": 0.08538035303354263, 
                    "spot": "will"
                }, 
                {
                    "begin": 1503, 
                    "end": 1507, 
                    "score": 0.07961928844451904, 
                    "spot": "will"
                }
            ], 
            "wiki_id": 77697, 
            "wiki_title": "Will and testament"
        }, 
        {
            "annotations": [
                {
                    "begin": 963, 
                    "end": 965, 
                    "score": 0.0013314478565007448, 
                    "spot": "Mr"
                }
            ], 
            "wiki_id": 464522, 
            "wiki_title": "Master of Laws"
        }, 
        {
            "annotations": [
                {
                    "begin": 303, 
                    "end": 307, 
                    "score": 0.08253927528858185, 
                    "spot": "week"
                }
            ], 
            "wiki_id": 2627062, 
            "wiki_title": "The Week"
        }, 
        {
            "annotations": [
                {
                    "begin": 121, 
                    "end": 124, 
                    "score": 0.06977521628141403, 
                    "spot": "far"
                }
            ], 
            "wiki_id": 11672, 
            "wiki_title": "Far East"
        }, 
        {
            "annotations": [
                {
                    "begin": 2479, 
                    "end": 2501, 
                    "score": 0.3545706272125244, 
                    "spot": "Loma Prieta\nearthquake"
                }
            ], 
            "wiki_id": 261671, 
            "wiki_title": "1989 Loma Prieta earthquake"
        }, 
        {
            "annotations": [
                {
                    "begin": 139, 
                    "end": 147, 
                    "score": 0.0809466615319252, 
                    "spot": "disaster"
                }, 
                {
                    "begin": 991, 
                    "end": 1002, 
                    "score": 0.1412828117609024, 
                    "spot": "catastrophe"
                }, 
                {
                    "begin": 1619, 
                    "end": 1630, 
                    "score": 0.12930569052696228, 
                    "spot": "catastrophe"
                }, 
                {
                    "begin": 2078, 
                    "end": 2089, 
                    "score": 0.17269882559776306, 
                    "spot": "catastrophe"
                }
            ], 
            "wiki_id": 8137, 
            "wiki_title": "Disaster"
        }, 
        {
            "annotations": [
                {
                    "begin": 569, 
                    "end": 579, 
                    "score": 0.05127555504441261, 
                    "spot": "government"
                }
            ], 
            "wiki_id": 12229, 
            "wiki_title": "Government"
        }, 
        {
            "annotations": [
                {
                    "begin": 1295, 
                    "end": 1304, 
                    "score": 0.04203345254063606, 
                    "spot": "Yesterday"
                }
            ], 
            "wiki_id": 28097120, 
            "wiki_title": "Yesterday (1981 film)"
        }, 
        {
            "annotations": [
                {
                    "begin": 700, 
                    "end": 705, 
                    "score": 0.04937078803777695, 
                    "spot": "level"
                }
            ], 
            "wiki_id": 20568362, 
            "wiki_title": "GCE Advanced Level (United Kingdom)"
        }, 
        {
            "annotations": [
                {
                    "begin": 502, 
                    "end": 508, 
                    "score": 0.04643804207444191, 
                    "spot": "second"
                }
            ], 
            "wiki_id": 26873, 
            "wiki_title": "Second"
        }, 
        {
            "annotations": [
                {
                    "begin": 1702, 
                    "end": 1706, 
                    "score": 0.1356838345527649, 
                    "spot": "cost"
                }, 
                {
                    "begin": 1803, 
                    "end": 1807, 
                    "score": 0.06060823053121567, 
                    "spot": "cost"
                }
            ], 
            "wiki_id": 166789, 
            "wiki_title": "Cost"
        }, 
        {
            "annotations": [
                {
                    "begin": 266, 
                    "end": 272, 
                    "score": 0.0034270049072802067, 
                    "spot": "ripped"
                }
            ], 
            "wiki_id": 509070, 
            "wiki_title": "Ripping"
        }
    ]
}