{
    "tagme": [
        {
            "annotations": [
                {
                    "begin": 1247, 
                    "end": 1256, 
                    "score": 0.04461678862571716, 
                    "spot": "yesterday"
                }
            ], 
            "wiki_id": 143184, 
            "wiki_title": "Yesterday (Beatles song)"
        }, 
        {
            "annotations": [
                {
                    "begin": 1984, 
                    "end": 1988, 
                    "score": 0.0031978676561266184, 
                    "spot": "head"
                }
            ], 
            "wiki_id": 37570, 
            "wiki_title": "Head of government"
        }, 
        {
            "annotations": [
                {
                    "begin": 1534, 
                    "end": 1543, 
                    "score": 0.18796007335186005, 
                    "spot": "criticism"
                }
            ], 
            "wiki_id": 9209651, 
            "wiki_title": "Communism"
        }, 
        {
            "annotations": [
                {
                    "begin": 2663, 
                    "end": 2674, 
                    "score": 0.3253968358039856, 
                    "spot": "James Baker"
                }, 
                {
                    "begin": 2720, 
                    "end": 2725, 
                    "score": 0.15309451520442963, 
                    "spot": "Baker"
                }
            ], 
            "wiki_id": 213137, 
            "wiki_title": "James Baker"
        }, 
        {
            "annotations": [
                {
                    "begin": 1551, 
                    "end": 1560, 
                    "score": 0.18048131465911865, 
                    "spot": "president"
                }, 
                {
                    "begin": 2745, 
                    "end": 2754, 
                    "score": 0.19603699445724487, 
                    "spot": "president"
                }
            ], 
            "wiki_id": 239646, 
            "wiki_title": "President of Russia"
        }, 
        {
            "annotations": [
                {
                    "begin": 2040, 
                    "end": 2049, 
                    "score": 0.0018914524698629975, 
                    "spot": "associate"
                }
            ], 
            "wiki_id": 418375, 
            "wiki_title": "Associate professor"
        }, 
        {
            "annotations": [
                {
                    "begin": 2875, 
                    "end": 2882, 
                    "score": 0.0013092029839754105, 
                    "spot": "obscure"
                }
            ], 
            "wiki_id": 2491305, 
            "wiki_title": "Obscure (video game)"
        }, 
        {
            "annotations": [
                {
                    "begin": 1667, 
                    "end": 1702, 
                    "score": 0.5, 
                    "spot": "Federal Emergency Management Agency"
                }, 
                {
                    "begin": 1704, 
                    "end": 1708, 
                    "score": 0.1391916573047638, 
                    "spot": "FEMA"
                }, 
                {
                    "begin": 1781, 
                    "end": 1785, 
                    "score": 0.2356397658586502, 
                    "spot": "FEMA"
                }, 
                {
                    "begin": 2275, 
                    "end": 2279, 
                    "score": 0.09847702831029892, 
                    "spot": "FEMA"
                }
            ], 
            "wiki_id": 73797, 
            "wiki_title": "Federal Emergency Management Agency"
        }, 
        {
            "annotations": [
                {
                    "begin": 114, 
                    "end": 123, 
                    "score": 0.36900269985198975, 
                    "spot": "Louisiana"
                }, 
                {
                    "begin": 3636, 
                    "end": 3645, 
                    "score": 0.3795686960220337, 
                    "spot": "Louisiana"
                }
            ], 
            "wiki_id": 18130, 
            "wiki_title": "Louisiana"
        }, 
        {
            "annotations": [
                {
                    "begin": 2652, 
                    "end": 2656, 
                    "score": 0.0027903253212571144, 
                    "spot": "hand"
                }
            ], 
            "wiki_id": 369505, 
            "wiki_title": "Handwriting"
        }, 
        {
            "annotations": [
                {
                    "begin": 553, 
                    "end": 558, 
                    "score": 0.02061038464307785, 
                    "spot": "rival"
                }
            ], 
            "wiki_id": 1141484, 
            "wiki_title": "Yankees\u2013Red Sox rivalry"
        }, 
        {
            "annotations": [
                {
                    "begin": 908, 
                    "end": 913, 
                    "score": 0.0008519482216797769, 
                    "spot": "costs"
                }
            ], 
            "wiki_id": 221832, 
            "wiki_title": "Costs in English law"
        }, 
        {
            "annotations": [
                {
                    "begin": 891, 
                    "end": 907, 
                    "score": 0.2043955773115158, 
                    "spot": "emergency relief"
                }, 
                {
                    "begin": 1675, 
                    "end": 1695, 
                    "score": 0.06910569220781326, 
                    "spot": "Emergency Management"
                }
            ], 
            "wiki_id": 1455589, 
            "wiki_title": "Emergency management"
        }, 
        {
            "annotations": [
                {
                    "begin": 577, 
                    "end": 580, 
                    "score": 0.001720538828521967, 
                    "spot": "who"
                }, 
                {
                    "begin": 2398, 
                    "end": 2401, 
                    "score": 0.06295617669820786, 
                    "spot": "who"
                }, 
                {
                    "begin": 2726, 
                    "end": 2729, 
                    "score": 0.0516233965754509, 
                    "spot": "who"
                }, 
                {
                    "begin": 2827, 
                    "end": 2830, 
                    "score": 0.04543142765760422, 
                    "spot": "who"
                }, 
                {
                    "begin": 2912, 
                    "end": 2915, 
                    "score": 0.15504619479179382, 
                    "spot": "who"
                }
            ], 
            "wiki_id": 33583, 
            "wiki_title": "World Health Organization"
        }, 
        {
            "annotations": [
                {
                    "begin": 1710, 
                    "end": 1716, 
                    "score": 0.05124826729297638, 
                    "spot": "set up"
                }
            ], 
            "wiki_id": 1570532, 
            "wiki_title": "The Set-Up (1949 film)"
        }, 
        {
            "annotations": [
                {
                    "begin": 394, 
                    "end": 404, 
                    "score": 0.1435551941394806, 
                    "spot": "businesses"
                }
            ], 
            "wiki_id": 39206, 
            "wiki_title": "Business"
        }, 
        {
            "annotations": [
                {
                    "begin": 839, 
                    "end": 846, 
                    "score": 0.0470329225063324, 
                    "spot": "Tuesday"
                }
            ], 
            "wiki_id": 1050340, 
            "wiki_title": "Election Day (United States)"
        }, 
        {
            "annotations": [
                {
                    "begin": 523, 
                    "end": 528, 
                    "score": 0.02580692060291767, 
                    "spot": "asset"
                }
            ], 
            "wiki_id": 2876546, 
            "wiki_title": "Asset (intelligence)"
        }, 
        {
            "annotations": [
                {
                    "begin": 1714, 
                    "end": 1716, 
                    "score": 0.11316803097724915, 
                    "spot": "up"
                }
            ], 
            "wiki_id": 42317, 
            "wiki_title": "United Press International"
        }, 
        {
            "annotations": [
                {
                    "begin": 1359, 
                    "end": 1363, 
                    "score": 0.06298083811998367, 
                    "spot": "race"
                }
            ], 
            "wiki_id": 25614, 
            "wiki_title": "Race (human categorization)"
        }, 
        {
            "annotations": [
                {
                    "begin": 1453, 
                    "end": 1457, 
                    "score": 0.05620419606566429, 
                    "spot": "left"
                }
            ], 
            "wiki_id": 18499, 
            "wiki_title": "Left-wing politics"
        }, 
        {
            "annotations": [
                {
                    "begin": 1010, 
                    "end": 1014, 
                    "score": 0.04766685143113136, 
                    "spot": "note"
                }
            ], 
            "wiki_id": 5072834, 
            "wiki_title": "The Note (Seinfeld)"
        }, 
        {
            "annotations": [
                {
                    "begin": 3670, 
                    "end": 3678, 
                    "score": 0.16067954897880554, 
                    "spot": "Services"
                }
            ], 
            "wiki_id": 181586, 
            "wiki_title": "Service (economics)"
        }, 
        {
            "annotations": [
                {
                    "begin": 158, 
                    "end": 178, 
                    "score": 0.2863187789916992, 
                    "spot": "re-election campaign"
                }
            ], 
            "wiki_id": 26937919, 
            "wiki_title": "Barack Obama presidential campaign, 2012"
        }, 
        {
            "annotations": [
                {
                    "begin": 1582, 
                    "end": 1587, 
                    "score": 0.021158933639526367, 
                    "spot": "First"
                }
            ], 
            "wiki_id": 4764461, 
            "wiki_title": "World War I"
        }, 
        {
            "annotations": [
                {
                    "begin": 1844, 
                    "end": 1853, 
                    "score": 0.05504162982106209, 
                    "spot": "backwater"
                }
            ], 
            "wiki_id": 4132489, 
            "wiki_title": "Backcountry"
        }, 
        {
            "annotations": [
                {
                    "begin": 1207, 
                    "end": 1216, 
                    "score": 0.07355248183012009, 
                    "spot": "conducted"
                }
            ], 
            "wiki_id": 199162, 
            "wiki_title": "Conducting"
        }, 
        {
            "annotations": [
                {
                    "begin": 1399, 
                    "end": 1403, 
                    "score": 0.15121686458587646, 
                    "spot": "Bush"
                }
            ], 
            "wiki_id": 171768, 
            "wiki_title": "Bush (band)"
        }, 
        {
            "annotations": [
                {
                    "begin": 3070, 
                    "end": 3076, 
                    "score": 0.23194928467273712, 
                    "spot": "grains"
                }
            ], 
            "wiki_id": 6700, 
            "wiki_title": "Cereal"
        }, 
        {
            "annotations": [
                {
                    "begin": 560, 
                    "end": 567, 
                    "score": 0.3063073754310608, 
                    "spot": "Mr Bill"
                }
            ], 
            "wiki_id": 477264, 
            "wiki_title": "Mr. Bill"
        }, 
        {
            "annotations": [
                {
                    "begin": 1032, 
                    "end": 1037, 
                    "score": 0.0718085914850235, 
                    "spot": "tenth"
                }
            ], 
            "wiki_id": 49171, 
            "wiki_title": "Interval (music)"
        }, 
        {
            "annotations": [
                {
                    "begin": 1123, 
                    "end": 1132, 
                    "score": 0.0005986364558339119, 
                    "spot": "situation"
                }
            ], 
            "wiki_id": 20913980, 
            "wiki_title": "Sitcom"
        }, 
        {
            "annotations": [
                {
                    "begin": 3825, 
                    "end": 3828, 
                    "score": 0.0717926099896431, 
                    "spot": "hit"
                }
            ], 
            "wiki_id": 250879, 
            "wiki_title": "Contract killing"
        }, 
        {
            "annotations": [
                {
                    "begin": 482, 
                    "end": 486, 
                    "score": 0.055903736501932144, 
                    "spot": "call"
                }
            ], 
            "wiki_id": 99722, 
            "wiki_title": "The Call (band)"
        }, 
        {
            "annotations": [
                {
                    "begin": 1917, 
                    "end": 1926, 
                    "score": 0.20745384693145752, 
                    "spot": "political"
                }
            ], 
            "wiki_id": 23040, 
            "wiki_title": "Political philosophy"
        }, 
        {
            "annotations": [
                {
                    "begin": 1002, 
                    "end": 1006, 
                    "score": 0.001504387822933495, 
                    "spot": "sort"
                }
            ], 
            "wiki_id": 4795653, 
            "wiki_title": "Sort (typesetting)"
        }, 
        {
            "annotations": [
                {
                    "begin": 2444, 
                    "end": 2451, 
                    "score": 0.0024457070976495743, 
                    "spot": "arrival"
                }
            ], 
            "wiki_id": 1124252, 
            "wiki_title": "Arrival (ABBA album)"
        }, 
        {
            "annotations": [
                {
                    "begin": 2501, 
                    "end": 2525, 
                    "score": 0.016483517363667488, 
                    "spot": "special responsibilities"
                }
            ], 
            "wiki_id": 44284109, 
            "wiki_title": "Academic ranks in Denmark"
        }, 
        {
            "annotations": [
                {
                    "begin": 490, 
                    "end": 499, 
                    "score": 0.5, 
                    "spot": "the power"
                }
            ], 
            "wiki_id": 8028602, 
            "wiki_title": "The Power (Snap! song)"
        }, 
        {
            "annotations": [
                {
                    "begin": 457, 
                    "end": 459, 
                    "score": 0.06516306847333908, 
                    "spot": "Mr"
                }, 
                {
                    "begin": 1990, 
                    "end": 1992, 
                    "score": 0.07708161324262619, 
                    "spot": "Mr"
                }, 
                {
                    "begin": 2883, 
                    "end": 2885, 
                    "score": 0.05838482081890106, 
                    "spot": "Mr"
                }, 
                {
                    "begin": 2903, 
                    "end": 2905, 
                    "score": 0.07740261405706406, 
                    "spot": "Mr"
                }, 
                {
                    "begin": 3318, 
                    "end": 3320, 
                    "score": 0.042166661471128464, 
                    "spot": "Mr"
                }
            ], 
            "wiki_id": 19446, 
            "wiki_title": "Magnetic resonance imaging"
        }, 
        {
            "annotations": [
                {
                    "begin": 3160, 
                    "end": 3164, 
                    "score": 0.3480490446090698, 
                    "spot": "F-16"
                }
            ], 
            "wiki_id": 11642, 
            "wiki_title": "General Dynamics F-16 Fighting Falcon"
        }, 
        {
            "annotations": [
                {
                    "begin": 1720, 
                    "end": 1736, 
                    "score": 0.18423382937908173, 
                    "spot": "President Carter"
                }
            ], 
            "wiki_id": 15992, 
            "wiki_title": "Jimmy Carter"
        }, 
        {
            "annotations": [
                {
                    "begin": 2487, 
                    "end": 2497, 
                    "score": 0.019819721579551697, 
                    "spot": "assignment"
                }
            ], 
            "wiki_id": 1552945, 
            "wiki_title": "Assignment (law)"
        }, 
        {
            "annotations": [
                {
                    "begin": 1195, 
                    "end": 1206, 
                    "score": 0.33500000834465027, 
                    "spot": "Harris poll"
                }
            ], 
            "wiki_id": 4257833, 
            "wiki_title": "Harris Interactive"
        }, 
        {
            "annotations": [
                {
                    "begin": 2951, 
                    "end": 2957, 
                    "score": 0.12081839144229889, 
                    "spot": "powers"
                }
            ], 
            "wiki_id": 372836, 
            "wiki_title": "Great power"
        }, 
        {
            "annotations": [
                {
                    "begin": 3230, 
                    "end": 3237, 
                    "score": 0.07085712999105453, 
                    "spot": "actions"
                }
            ], 
            "wiki_id": 1696316, 
            "wiki_title": "Social actions"
        }, 
        {
            "annotations": [
                {
                    "begin": 1993, 
                    "end": 2009, 
                    "score": 0.5, 
                    "spot": "Wallace Stickney"
                }
            ], 
            "wiki_id": 3330146, 
            "wiki_title": "Wallace Stickney"
        }, 
        {
            "annotations": [
                {
                    "begin": 3279, 
                    "end": 3285, 
                    "score": 0.12922953069210052, 
                    "spot": "relief"
                }
            ], 
            "wiki_id": 586839, 
            "wiki_title": "Terrain"
        }, 
        {
            "annotations": [
                {
                    "begin": 1510, 
                    "end": 1518, 
                    "score": 0.00904728565365076, 
                    "spot": "sympathy"
                }
            ], 
            "wiki_id": 806023, 
            "wiki_title": "Sympathy"
        }, 
        {
            "annotations": [
                {
                    "begin": 3042, 
                    "end": 3051, 
                    "score": 0.1620599329471588, 
                    "spot": "expansion"
                }
            ], 
            "wiki_id": 69415, 
            "wiki_title": "Economic growth"
        }, 
        {
            "annotations": [
                {
                    "begin": 1825, 
                    "end": 1833, 
                    "score": 0.046253904700279236, 
                    "spot": "ultimate"
                }
            ], 
            "wiki_id": 21350938, 
            "wiki_title": "Absolute (philosophy)"
        }, 
        {
            "annotations": [
                {
                    "begin": 3378, 
                    "end": 3381, 
                    "score": 0.1277153640985489, 
                    "spot": "may"
                }
            ], 
            "wiki_id": 33603524, 
            "wiki_title": "Greek legislative election, May 2012"
        }, 
        {
            "annotations": [
                {
                    "begin": 593, 
                    "end": 606, 
                    "score": 0.25619834661483765, 
                    "spot": "Florida today"
                }
            ], 
            "wiki_id": 2063372, 
            "wiki_title": "Florida Today"
        }, 
        {
            "annotations": [
                {
                    "begin": 1892, 
                    "end": 1897, 
                    "score": 0.07833954691886902, 
                    "spot": "study"
                }
            ], 
            "wiki_id": 9252, 
            "wiki_title": "Education"
        }, 
        {
            "annotations": [
                {
                    "begin": 409, 
                    "end": 414, 
                    "score": 0.15412430465221405, 
                    "spot": "farms"
                }
            ], 
            "wiki_id": 627, 
            "wiki_title": "Agriculture"
        }, 
        {
            "annotations": [
                {
                    "begin": 182, 
                    "end": 191, 
                    "score": 0.3802852928638458, 
                    "spot": "President"
                }, 
                {
                    "begin": 289, 
                    "end": 298, 
                    "score": 0.26314276456832886, 
                    "spot": "president"
                }, 
                {
                    "begin": 649, 
                    "end": 658, 
                    "score": 0.07831442356109619, 
                    "spot": "president"
                }, 
                {
                    "begin": 1182, 
                    "end": 1191, 
                    "score": 0.18486517667770386, 
                    "spot": "president"
                }, 
                {
                    "begin": 2938, 
                    "end": 2950, 
                    "score": 0.15685266256332397, 
                    "spot": "presidential"
                }, 
                {
                    "begin": 3400, 
                    "end": 3409, 
                    "score": 0.12433353066444397, 
                    "spot": "president"
                }
            ], 
            "wiki_id": 24113, 
            "wiki_title": "President of the United States"
        }, 
        {
            "annotations": [
                {
                    "begin": 2569, 
                    "end": 2583, 
                    "score": 0.059710416942834854, 
                    "spot": "transportation"
                }
            ], 
            "wiki_id": 18580879, 
            "wiki_title": "Transport"
        }, 
        {
            "annotations": [
                {
                    "begin": 3457, 
                    "end": 3466, 
                    "score": 0.10615777224302292, 
                    "spot": "guarantee"
                }
            ], 
            "wiki_id": 1501312, 
            "wiki_title": "Guarantee"
        }, 
        {
            "annotations": [
                {
                    "begin": 2549, 
                    "end": 2554, 
                    "score": 0.10435234010219574, 
                    "spot": "young"
                }
            ], 
            "wiki_id": 296565, 
            "wiki_title": "Steve Young"
        }, 
        {
            "annotations": [
                {
                    "begin": 48, 
                    "end": 57, 
                    "score": 0.0009328357991762459, 
                    "spot": "unwelcome"
                }
            ], 
            "wiki_id": 38863179, 
            "wiki_title": "Unwelcome"
        }, 
        {
            "annotations": [
                {
                    "begin": 3760, 
                    "end": 3765, 
                    "score": 0.12070178985595703, 
                    "spot": "storm"
                }
            ], 
            "wiki_id": 130312, 
            "wiki_title": "Storm"
        }, 
        {
            "annotations": [
                {
                    "begin": 2886, 
                    "end": 2894, 
                    "score": 0.002123142359778285, 
                    "spot": "Card. It"
                }
            ], 
            "wiki_id": 13483060, 
            "wiki_title": "CardIt"
        }, 
        {
            "annotations": [
                {
                    "begin": 2167, 
                    "end": 2176, 
                    "score": 0.014179104939103127, 
                    "spot": "prescient"
                }
            ], 
            "wiki_id": 40253, 
            "wiki_title": "Precognition"
        }, 
        {
            "annotations": [
                {
                    "begin": 3690, 
                    "end": 3699, 
                    "score": 0.04203345254063606, 
                    "spot": "yesterday"
                }
            ], 
            "wiki_id": 10191425, 
            "wiki_title": "From Yesterday"
        }, 
        {
            "annotations": [
                {
                    "begin": 587, 
                    "end": 600, 
                    "score": 0.5, 
                    "spot": "visit Florida"
                }
            ], 
            "wiki_id": 3934654, 
            "wiki_title": "Visit Florida"
        }, 
        {
            "annotations": [
                {
                    "begin": 1108, 
                    "end": 1115, 
                    "score": 0.11094900965690613, 
                    "spot": "gravity"
                }
            ], 
            "wiki_id": 38579, 
            "wiki_title": "Gravity"
        }, 
        {
            "annotations": [
                {
                    "begin": 625, 
                    "end": 629, 
                    "score": 0.14484213292598724, 
                    "spot": "home"
                }
            ], 
            "wiki_id": 25122906, 
            "wiki_title": "Home computer"
        }, 
        {
            "annotations": [
                {
                    "begin": 503, 
                    "end": 513, 
                    "score": 0.053707536309957504, 
                    "spot": "incumbency"
                }
            ], 
            "wiki_id": 364022, 
            "wiki_title": "Incumbent"
        }, 
        {
            "annotations": [
                {
                    "begin": 3028, 
                    "end": 3035, 
                    "score": 0.17359794676303864, 
                    "spot": "farmers"
                }
            ], 
            "wiki_id": 58688, 
            "wiki_title": "Farmer"
        }, 
        {
            "annotations": [
                {
                    "begin": 814, 
                    "end": 821, 
                    "score": 0.08380379527807236, 
                    "spot": "address"
                }
            ], 
            "wiki_id": 37081, 
            "wiki_title": "State of the Union"
        }, 
        {
            "annotations": [
                {
                    "begin": 1465, 
                    "end": 1474, 
                    "score": 0.0058639561757445335, 
                    "spot": "sidelines"
                }
            ], 
            "wiki_id": 908725, 
            "wiki_title": "Sidelines"
        }, 
        {
            "annotations": [
                {
                    "begin": 725, 
                    "end": 730, 
                    "score": 0.15854743123054504, 
                    "spot": "local"
                }
            ], 
            "wiki_id": 52786, 
            "wiki_title": "Local government"
        }, 
        {
            "annotations": [
                {
                    "begin": 1748, 
                    "end": 1754, 
                    "score": 0.02730175107717514, 
                    "spot": "handle"
                }
            ], 
            "wiki_id": 40594, 
            "wiki_title": "Pseudonym"
        }, 
        {
            "annotations": [
                {
                    "begin": 996, 
                    "end": 1001, 
                    "score": 0.05624408274888992, 
                    "spot": "right"
                }
            ], 
            "wiki_id": 28426193, 
            "wiki_title": "Port and starboard"
        }, 
        {
            "annotations": [
                {
                    "begin": 763, 
                    "end": 769, 
                    "score": 0.14209547638893127, 
                    "spot": "Andrew"
                }, 
                {
                    "begin": 3290, 
                    "end": 3296, 
                    "score": 0.004815446678549051, 
                    "spot": "Andrew"
                }
            ], 
            "wiki_id": 31663669, 
            "wiki_title": "Andrew the Apostle"
        }, 
        {
            "annotations": [
                {
                    "begin": 270, 
                    "end": 278, 
                    "score": 0.1760469526052475, 
                    "spot": "disaster"
                }
            ], 
            "wiki_id": 177541, 
            "wiki_title": "Space Shuttle Columbia disaster"
        }, 
        {
            "annotations": [
                {
                    "begin": 76, 
                    "end": 86, 
                    "score": 0.010241957381367683, 
                    "spot": "devastated"
                }, 
                {
                    "begin": 2806, 
                    "end": 2816, 
                    "score": 0.044302742928266525, 
                    "spot": "devastated"
                }
            ], 
            "wiki_id": 11778948, 
            "wiki_title": "Atomic bombings of Hiroshima and Nagasaki"
        }, 
        {
            "annotations": [
                {
                    "begin": 1648, 
                    "end": 1659, 
                    "score": 0.09082575887441635, 
                    "spot": "performance"
                }
            ], 
            "wiki_id": 41501, 
            "wiki_title": "Performance management"
        }, 
        {
            "annotations": [
                {
                    "begin": 519, 
                    "end": 522, 
                    "score": 0.0645858496427536, 
                    "spot": "one"
                }, 
                {
                    "begin": 1874, 
                    "end": 1877, 
                    "score": 0.10565616190433502, 
                    "spot": "one"
                }
            ], 
            "wiki_id": 102459, 
            "wiki_title": "One-party state"
        }, 
        {
            "annotations": [
                {
                    "begin": 246, 
                    "end": 253, 
                    "score": 0.11692000180482864, 
                    "spot": "initial"
                }, 
                {
                    "begin": 1563, 
                    "end": 1570, 
                    "score": 0.054075926542282104, 
                    "spot": "initial"
                }
            ], 
            "wiki_id": 1052571, 
            "wiki_title": "Acronym"
        }, 
        {
            "annotations": [
                {
                    "begin": 3569, 
                    "end": 3573, 
                    "score": 0.005033556837588549, 
                    "spot": "500m"
                }
            ], 
            "wiki_id": 14947239, 
            "wiki_title": "Canoeing 500m"
        }, 
        {
            "annotations": [
                {
                    "begin": 1619, 
                    "end": 1626, 
                    "score": 0.0007937907939776778, 
                    "spot": "wanting"
                }
            ], 
            "wiki_id": 22671464, 
            "wiki_title": "Wanting (novel)"
        }, 
        {
            "annotations": [
                {
                    "begin": 630, 
                    "end": 641, 
                    "score": 0.14447373151779175, 
                    "spot": "graphically"
                }
            ], 
            "wiki_id": 25255027, 
            "wiki_title": "Video game graphics"
        }, 
        {
            "annotations": [
                {
                    "begin": 2262, 
                    "end": 2272, 
                    "score": 0.028241945430636406, 
                    "spot": "programmes"
                }, 
                {
                    "begin": 3085, 
                    "end": 3094, 
                    "score": 0.003127779345959425, 
                    "spot": "programme"
                }
            ], 
            "wiki_id": 19508643, 
            "wiki_title": "Television program"
        }, 
        {
            "annotations": [
                {
                    "begin": 1284, 
                    "end": 1288, 
                    "score": 0.053737103939056396, 
                    "spot": "cent"
                }, 
                {
                    "begin": 3524, 
                    "end": 3526, 
                    "score": 0.14320415258407593, 
                    "spot": "US"
                }, 
                {
                    "begin": 3561, 
                    "end": 3568, 
                    "score": 0.036154769361019135, 
                    "spot": "Dollars"
                }, 
                {
                    "begin": 3776, 
                    "end": 3783, 
                    "score": 0.11088155955076218, 
                    "spot": "Dollars"
                }, 
                {
                    "begin": 3833, 
                    "end": 3835, 
                    "score": 0.26378342509269714, 
                    "spot": "US"
                }
            ], 
            "wiki_id": 18717338, 
            "wiki_title": "United States dollar"
        }, 
        {
            "annotations": [
                {
                    "begin": 2886, 
                    "end": 2890, 
                    "score": 0.0816679522395134, 
                    "spot": "Card"
                }
            ], 
            "wiki_id": 1885965, 
            "wiki_title": "Stuart Card"
        }, 
        {
            "annotations": [
                {
                    "begin": 30, 
                    "end": 46, 
                    "score": 0.5, 
                    "spot": "Hurricane Andrew"
                }, 
                {
                    "begin": 1773, 
                    "end": 1779, 
                    "score": 0.21327024698257446, 
                    "spot": "Andrew"
                }, 
                {
                    "begin": 2316, 
                    "end": 2322, 
                    "score": 0.11256026476621628, 
                    "spot": "Andrew"
                }, 
                {
                    "begin": 3616, 
                    "end": 3632, 
                    "score": 0.5, 
                    "spot": "Hurricane Andrew"
                }
            ], 
            "wiki_id": 35999637, 
            "wiki_title": "Hurricane Andrew"
        }, 
        {
            "annotations": [
                {
                    "begin": 3139, 
                    "end": 3144, 
                    "score": 0.24629925191402435, 
                    "spot": "Texas"
                }
            ], 
            "wiki_id": 29810, 
            "wiki_title": "Texas"
        }, 
        {
            "annotations": [
                {
                    "begin": 125, 
                    "end": 128, 
                    "score": 0.08805230259895325, 
                    "spot": "may"
                }
            ], 
            "wiki_id": 167630, 
            "wiki_title": "The May Department Stores Company"
        }, 
        {
            "annotations": [
                {
                    "begin": 679, 
                    "end": 703, 
                    "score": 0.5, 
                    "spot": "Homestead Air Force base"
                }
            ], 
            "wiki_id": 3769509, 
            "wiki_title": "Homestead Air Reserve Base"
        }, 
        {
            "annotations": [
                {
                    "begin": 3599, 
                    "end": 3605, 
                    "score": 0.08245359361171722, 
                    "spot": "damage"
                }
            ], 
            "wiki_id": 8134, 
            "wiki_title": "Damages"
        }, 
        {
            "annotations": [
                {
                    "begin": 3173, 
                    "end": 3177, 
                    "score": 0.038230981677770615, 
                    "spot": "sale"
                }
            ], 
            "wiki_id": 1889525, 
            "wiki_title": "Sal\u00e9"
        }, 
        {
            "annotations": [
                {
                    "begin": 3746, 
                    "end": 3750, 
                    "score": 0.10251711308956146, 
                    "spot": "bill"
                }
            ], 
            "wiki_id": 842201, 
            "wiki_title": "Invoice"
        }, 
        {
            "annotations": [
                {
                    "begin": 2080, 
                    "end": 2094, 
                    "score": 0.5252873301506042, 
                    "spot": "state governor"
                }, 
                {
                    "begin": 2086, 
                    "end": 2094, 
                    "score": 0.3783658742904663, 
                    "spot": "governor"
                }
            ], 
            "wiki_id": 56231, 
            "wiki_title": "Governor"
        }, 
        {
            "annotations": [
                {
                    "begin": 2373, 
                    "end": 2380, 
                    "score": 0.305467814207077, 
                    "spot": "federal"
                }, 
                {
                    "begin": 2373, 
                    "end": 2392, 
                    "score": 0.39942076802253723, 
                    "spot": "federal authorities"
                }
            ], 
            "wiki_id": 195149, 
            "wiki_title": "Federal government of the United States"
        }, 
        {
            "annotations": [
                {
                    "begin": 102, 
                    "end": 109, 
                    "score": 0.3431997299194336, 
                    "spot": "Florida"
                }, 
                {
                    "begin": 707, 
                    "end": 714, 
                    "score": 0.23423044383525848, 
                    "spot": "Florida"
                }, 
                {
                    "begin": 2455, 
                    "end": 2462, 
                    "score": 0.21202659606933594, 
                    "spot": "Florida"
                }
            ], 
            "wiki_id": 18933066, 
            "wiki_title": "Florida"
        }, 
        {
            "annotations": [
                {
                    "begin": 3202, 
                    "end": 3208, 
                    "score": 0.07096920907497406, 
                    "spot": "course"
                }
            ], 
            "wiki_id": 2493919, 
            "wiki_title": "Course (education)"
        }, 
        {
            "annotations": [
                {
                    "begin": 303, 
                    "end": 321, 
                    "score": 0.2552874684333801, 
                    "spot": "his administration"
                }, 
                {
                    "begin": 307, 
                    "end": 321, 
                    "score": 0.1719263792037964, 
                    "spot": "administration"
                }
            ], 
            "wiki_id": 183895, 
            "wiki_title": "Presidency of George W. Bush"
        }, 
        {
            "annotations": [
                {
                    "begin": 829, 
                    "end": 835, 
                    "score": 0.06907375901937485, 
                    "spot": "nation"
                }, 
                {
                    "begin": 3651, 
                    "end": 3659, 
                    "score": 0.15084677934646606, 
                    "spot": "American"
                }
            ], 
            "wiki_id": 3434750, 
            "wiki_title": "United States"
        }, 
        {
            "annotations": [
                {
                    "begin": 918, 
                    "end": 925, 
                    "score": 0.1690787971019745, 
                    "spot": "calling"
                }, 
                {
                    "begin": 918, 
                    "end": 928, 
                    "score": 0.16722387075424194, 
                    "spot": "calling on"
                }
            ], 
            "wiki_id": 28081613, 
            "wiki_title": "Calling On"
        }, 
        {
            "annotations": [
                {
                    "begin": 1487, 
                    "end": 1493, 
                    "score": 0.08052182197570801, 
                    "spot": "little"
                }
            ], 
            "wiki_id": 213766, 
            "wiki_title": "Little grebe"
        }, 
        {
            "annotations": [
                {
                    "begin": 1325, 
                    "end": 1336, 
                    "score": 0.048645321279764175, 
                    "spot": "five points"
                }
            ], 
            "wiki_id": 503118, 
            "wiki_title": "Georgia State University"
        }, 
        {
            "annotations": [
                {
                    "begin": 448, 
                    "end": 455, 
                    "score": 0.0670405924320221, 
                    "spot": "process"
                }
            ], 
            "wiki_id": 616574, 
            "wiki_title": "Draft (sports)"
        }, 
        {
            "annotations": [
                {
                    "begin": 1571, 
                    "end": 1580, 
                    "score": 0.0009523809421807528, 
                    "spot": "stumbling"
                }
            ], 
            "wiki_id": 759881, 
            "wiki_title": "StumbleUpon"
        }, 
        {
            "annotations": [
                {
                    "begin": 146, 
                    "end": 150, 
                    "score": 0.0019763961900025606, 
                    "spot": "harm"
                }
            ], 
            "wiki_id": 1794840, 
            "wiki_title": "Harm"
        }, 
        {
            "annotations": [
                {
                    "begin": 3550, 
                    "end": 3553, 
                    "score": 0.027001583948731422, 
                    "spot": "out"
                }
            ], 
            "wiki_id": 71537, 
            "wiki_title": "Coming out"
        }, 
        {
            "annotations": [
                {
                    "begin": 2184, 
                    "end": 2190, 
                    "score": 0.18427236378192902, 
                    "spot": "report"
                }
            ], 
            "wiki_id": 23456457, 
            "wiki_title": "Congressional Research Service reports"
        }, 
        {
            "annotations": [
                {
                    "begin": 1309, 
                    "end": 1316, 
                    "score": 0.04508347436785698, 
                    "spot": "Clinton"
                }
            ], 
            "wiki_id": 162193, 
            "wiki_title": "Hell's Kitchen, Manhattan"
        }, 
        {
            "annotations": [
                {
                    "begin": 2470, 
                    "end": 2478, 
                    "score": 0.06158126890659332, 
                    "spot": "military"
                }
            ], 
            "wiki_id": 32212, 
            "wiki_title": "United States Armed Forces"
        }, 
        {
            "annotations": [
                {
                    "begin": 2766, 
                    "end": 2777, 
                    "score": 0.002348993206396699, 
                    "spot": "schedule to"
                }
            ], 
            "wiki_id": 18511054, 
            "wiki_title": "Schedule TO"
        }, 
        {
            "annotations": [
                {
                    "begin": 2053, 
                    "end": 2060, 
                    "score": 0.003465003566816449, 
                    "spot": "Mr John"
                }
            ], 
            "wiki_id": 14768345, 
            "wiki_title": "Mr. John"
        }, 
        {
            "annotations": [
                {
                    "begin": 3007, 
                    "end": 3019, 
                    "score": 0.4893757998943329, 
                    "spot": "South Dakota"
                }
            ], 
            "wiki_id": 26746, 
            "wiki_title": "South Dakota"
        }, 
        {
            "annotations": [
                {
                    "begin": 2559, 
                    "end": 2568, 
                    "score": 0.02777777798473835, 
                    "spot": "telegenic"
                }
            ], 
            "wiki_id": 2573382, 
            "wiki_title": "Photogenic"
        }, 
        {
            "annotations": [
                {
                    "begin": 2220, 
                    "end": 2228, 
                    "score": 0.11915887892246246, 
                    "spot": "Stickney"
                }
            ], 
            "wiki_id": 111058, 
            "wiki_title": "Stickney, Illinois"
        }, 
        {
            "annotations": [
                {
                    "begin": 1167, 
                    "end": 1174, 
                    "score": 0.16506771743297577, 
                    "spot": "benefit"
                }
            ], 
            "wiki_id": 247817, 
            "wiki_title": "Welfare"
        }, 
        {
            "annotations": [
                {
                    "begin": 2660, 
                    "end": 2668, 
                    "score": 0.0479704812169075, 
                    "spot": "Mr James"
                }
            ], 
            "wiki_id": 37773, 
            "wiki_title": "M. R. James"
        }, 
        {
            "annotations": [
                {
                    "begin": 839, 
                    "end": 852, 
                    "score": 0.002624671906232834, 
                    "spot": "Tuesday night"
                }
            ], 
            "wiki_id": 30708651, 
            "wiki_title": "Josh Abbott Band"
        }, 
        {
            "annotations": [
                {
                    "begin": 731, 
                    "end": 739, 
                    "score": 0.13379579782485962, 
                    "spot": "employer"
                }, 
                {
                    "begin": 3467, 
                    "end": 3477, 
                    "score": 0.11139552295207977, 
                    "spot": "employment"
                }
            ], 
            "wiki_id": 314993, 
            "wiki_title": "Employment"
        }, 
        {
            "annotations": [
                {
                    "begin": 3385, 
                    "end": 3394, 
                    "score": 0.03613029792904854, 
                    "spot": "presented"
                }
            ], 
            "wiki_id": 545607, 
            "wiki_title": "Sponsor (commercial)"
        }, 
        {
            "annotations": [
                {
                    "begin": 3536, 
                    "end": 3542, 
                    "score": 0.06697302311658859, 
                    "spot": "expect"
                }
            ], 
            "wiki_id": 9653, 
            "wiki_title": "Expected value"
        }, 
        {
            "annotations": [
                {
                    "begin": 2757, 
                    "end": 2765, 
                    "score": 0.08370376378297806, 
                    "spot": "campaign"
                }
            ], 
            "wiki_id": 519775, 
            "wiki_title": "Political campaign"
        }, 
        {
            "annotations": [
                {
                    "begin": 19, 
                    "end": 24, 
                    "score": 0.005303726065903902, 
                    "spot": "signs"
                }
            ], 
            "wiki_id": 72453, 
            "wiki_title": "Signs (film)"
        }, 
        {
            "annotations": [
                {
                    "begin": 1264, 
                    "end": 1266, 
                    "score": 0.0013314478565007448, 
                    "spot": "Mr"
                }, 
                {
                    "begin": 1306, 
                    "end": 1308, 
                    "score": 0.0013314478565007448, 
                    "spot": "Mr"
                }, 
                {
                    "begin": 1396, 
                    "end": 1398, 
                    "score": 0.07059841603040695, 
                    "spot": "Mr"
                }
            ], 
            "wiki_id": 1485646, 
            "wiki_title": "Mathematical Reviews"
        }, 
        {
            "annotations": [
                {
                    "begin": 2056, 
                    "end": 2067, 
                    "score": 0.3717948794364929, 
                    "spot": "John Sununu"
                }
            ], 
            "wiki_id": 171566, 
            "wiki_title": "John E. Sununu"
        }, 
        {
            "annotations": [
                {
                    "begin": 1069, 
                    "end": 1080, 
                    "score": 0.4779660999774933, 
                    "spot": "Oval Office"
                }
            ], 
            "wiki_id": 230331, 
            "wiki_title": "Oval Office"
        }, 
        {
            "annotations": [
                {
                    "begin": 3059, 
                    "end": 3069, 
                    "score": 0.24065378308296204, 
                    "spot": "subsidised"
                }, 
                {
                    "begin": 3260, 
                    "end": 3269, 
                    "score": 0.16441495716571808, 
                    "spot": "subsidies"
                }
            ], 
            "wiki_id": 146719, 
            "wiki_title": "Subsidy"
        }, 
        {
            "annotations": [
                {
                    "begin": 1801, 
                    "end": 1812, 
                    "score": 0.15351679921150208, 
                    "spot": "Republicans"
                }
            ], 
            "wiki_id": 32070, 
            "wiki_title": "Republican Party (United States)"
        }, 
        {
            "annotations": [
                {
                    "begin": 1053, 
                    "end": 1059, 
                    "score": 0.14978572726249695, 
                    "spot": "speech"
                }
            ], 
            "wiki_id": 2917649, 
            "wiki_title": "Speech"
        }, 
        {
            "annotations": [
                {
                    "begin": 795, 
                    "end": 803, 
                    "score": 0.5, 
                    "spot": "poignant"
                }
            ], 
            "wiki_id": 20492553, 
            "wiki_title": "Serge Poignant"
        }, 
        {
            "annotations": [
                {
                    "begin": 3307, 
                    "end": 3314, 
                    "score": 0.0017956362571567297, 
                    "spot": "counter"
                }
            ], 
            "wiki_id": 1159409, 
            "wiki_title": "Counterattack"
        }, 
        {
            "annotations": [
                {
                    "begin": 2607, 
                    "end": 2617, 
                    "score": 0.03399619832634926, 
                    "spot": "difference"
                }
            ], 
            "wiki_id": 13610, 
            "wiki_title": "Heraldry"
        }, 
        {
            "annotations": [
                {
                    "begin": 969, 
                    "end": 978, 
                    "score": 0.22149555385112762, 
                    "spot": "Red Cross"
                }
            ], 
            "wiki_id": 15487, 
            "wiki_title": "International Red Cross and Red Crescent Movement"
        }, 
        {
            "annotations": [
                {
                    "begin": 689, 
                    "end": 698, 
                    "score": 0.031584691256284714, 
                    "spot": "Air Force"
                }
            ], 
            "wiki_id": 32090, 
            "wiki_title": "United States Air Force"
        }, 
        {
            "annotations": [
                {
                    "begin": 1878, 
                    "end": 1891, 
                    "score": 0.14320755004882812, 
                    "spot": "congressional"
                }
            ], 
            "wiki_id": 36546, 
            "wiki_title": "Congress"
        }, 
        {
            "annotations": [
                {
                    "begin": 3679, 
                    "end": 3684, 
                    "score": 0.11427991092205048, 
                    "spot": "Group"
                }
            ], 
            "wiki_id": 191253, 
            "wiki_title": "Social group"
        }, 
        {
            "annotations": [
                {
                    "begin": 2906, 
                    "end": 2911, 
                    "score": 0.07932290434837341, 
                    "spot": "Baker"
                }
            ], 
            "wiki_id": 3453, 
            "wiki_title": "Baker Island"
        }, 
        {
            "annotations": [
                {
                    "begin": 3111, 
                    "end": 3127, 
                    "score": 0.2838522791862488, 
                    "spot": "General Dynamics"
                }
            ], 
            "wiki_id": 52108, 
            "wiki_title": "General Dynamics"
        }, 
        {
            "annotations": [
                {
                    "begin": 2532, 
                    "end": 2543, 
                    "score": 0.5, 
                    "spot": "Andrew Card"
                }
            ], 
            "wiki_id": 212928, 
            "wiki_title": "Andrew Card"
        }, 
        {
            "annotations": [
                {
                    "begin": 1834, 
                    "end": 1843, 
                    "score": 0.08214705437421799, 
                    "spot": "patronage"
                }
            ], 
            "wiki_id": 68055, 
            "wiki_title": "Patron saint"
        }, 
        {
            "annotations": [
                {
                    "begin": 1903, 
                    "end": 1908, 
                    "score": 0.1252743899822235, 
                    "spot": "times"
                }
            ], 
            "wiki_id": 39127, 
            "wiki_title": "The Times"
        }, 
        {
            "annotations": [
                {
                    "begin": 2099, 
                    "end": 2125, 
                    "score": 0.45063984394073486, 
                    "spot": "White House chief\nof staff"
                }, 
                {
                    "begin": 2111, 
                    "end": 2125, 
                    "score": 0.07315746694803238, 
                    "spot": "chief\nof staff"
                }
            ], 
            "wiki_id": 212934, 
            "wiki_title": "White House Chief of Staff"
        }, 
        {
            "annotations": [
                {
                    "begin": 2250, 
                    "end": 2261, 
                    "score": 0.014036262407898903, 
                    "spot": "substantive"
                }
            ], 
            "wiki_id": 37495, 
            "wiki_title": "Noun"
        }, 
        {
            "annotations": [
                {
                    "begin": 563, 
                    "end": 575, 
                    "score": 0.6555219888687134, 
                    "spot": "Bill Clinton"
                }, 
                {
                    "begin": 1436, 
                    "end": 1443, 
                    "score": 0.10000845044851303, 
                    "spot": "Clinton"
                }
            ], 
            "wiki_id": 3356, 
            "wiki_title": "Bill Clinton"
        }, 
        {
            "annotations": [
                {
                    "begin": 1588, 
                    "end": 1597, 
                    "score": 0.020757801830768585, 
                    "spot": "responses"
                }
            ], 
            "wiki_id": 5858648, 
            "wiki_title": "Response (liturgy)"
        }, 
        {
            "annotations": [
                {
                    "begin": 2284, 
                    "end": 2290, 
                    "score": 0.0183896254748106, 
                    "spot": "caught"
                }
            ], 
            "wiki_id": 1459316, 
            "wiki_title": "Lobster fishing"
        }, 
        {
            "annotations": [
                {
                    "begin": 2569, 
                    "end": 2593, 
                    "score": 0.08467451483011246, 
                    "spot": "transportation secretary"
                }
            ], 
            "wiki_id": 4967403, 
            "wiki_title": "Department of Transportation and Communications (Philippines)"
        }, 
        {
            "annotations": [
                {
                    "begin": 2423, 
                    "end": 2429, 
                    "score": 0.031781379133462906, 
                    "spot": "relief"
                }
            ], 
            "wiki_id": 545811, 
            "wiki_title": "Relief"
        }, 
        {
            "annotations": [
                {
                    "begin": 1484, 
                    "end": 1486, 
                    "score": 0.07991278171539307, 
                    "spot": "do"
                }
            ], 
            "wiki_id": 1096360, 
            "wiki_title": "Oxygen saturation"
        }, 
        {
            "annotations": [
                {
                    "begin": 2127, 
                    "end": 2135, 
                    "score": 0.0012137501034885645, 
                    "spot": "Contrary"
                }
            ], 
            "wiki_id": 2052128, 
            "wiki_title": "To the Contrary"
        }, 
        {
            "annotations": [
                {
                    "begin": 129, 
                    "end": 139, 
                    "score": 0.002082103630527854, 
                    "spot": "in the end"
                }
            ], 
            "wiki_id": 22459591, 
            "wiki_title": "Worship Music (album)"
        }, 
        {
            "annotations": [
                {
                    "begin": 3488, 
                    "end": 3496, 
                    "score": 0.001614937442354858, 
                    "spot": "what the"
                }
            ], 
            "wiki_id": 4788532, 
            "wiki_title": "What The--?!"
        }, 
        {
            "annotations": [
                {
                    "begin": 750, 
                    "end": 759, 
                    "score": 0.09681032598018646, 
                    "spot": "destroyed"
                }
            ], 
            "wiki_id": 152534, 
            "wiki_title": "Book burning"
        }, 
        {
            "annotations": [
                {
                    "begin": 3303, 
                    "end": 3306, 
                    "score": 0.0024755001068115234, 
                    "spot": "run"
                }
            ], 
            "wiki_id": 300747, 
            "wiki_title": "Run (baseball)"
        }, 
        {
            "annotations": [
                {
                    "begin": 1352, 
                    "end": 1358, 
                    "score": 0.017777729779481888, 
                    "spot": "closer"
                }
            ], 
            "wiki_id": 12453703, 
            "wiki_title": "Closer (baseball)"
        }, 
        {
            "annotations": [
                {
                    "begin": 1976, 
                    "end": 1983, 
                    "score": 0.001926264725625515, 
                    "spot": "current"
                }
            ], 
            "wiki_id": 6207, 
            "wiki_title": "Electric current"
        }, 
        {
            "annotations": [
                {
                    "begin": 378, 
                    "end": 386, 
                    "score": 0.12978041172027588, 
                    "spot": "homeless"
                }
            ], 
            "wiki_id": 667980, 
            "wiki_title": "Homelessness in the United States"
        }, 
        {
            "annotations": [
                {
                    "begin": 192, 
                    "end": 203, 
                    "score": 0.301277220249176, 
                    "spot": "George Bush"
                }, 
                {
                    "begin": 460, 
                    "end": 464, 
                    "score": 0.08406943082809448, 
                    "spot": "Bush"
                }, 
                {
                    "begin": 1267, 
                    "end": 1271, 
                    "score": 0.1135265976190567, 
                    "spot": "Bush"
                }, 
                {
                    "begin": 2994, 
                    "end": 2998, 
                    "score": 0.14454305171966553, 
                    "spot": "Bush"
                }
            ], 
            "wiki_id": 3414021, 
            "wiki_title": "George W. Bush"
        }, 
        {
            "annotations": [
                {
                    "begin": 3736, 
                    "end": 3745, 
                    "score": 0.11667025089263916, 
                    "spot": "insurance"
                }
            ], 
            "wiki_id": 567696, 
            "wiki_title": "Vehicle insurance"
        }, 
        {
            "annotations": [
                {
                    "begin": 2697, 
                    "end": 2708, 
                    "score": 0.46439266204833984, 
                    "spot": "White House"
                }
            ], 
            "wiki_id": 33057, 
            "wiki_title": "White House"
        }, 
        {
            "annotations": [
                {
                    "begin": 1339, 
                    "end": 1349, 
                    "score": 0.06543175131082535, 
                    "spot": "reflecting"
                }
            ], 
            "wiki_id": 521267, 
            "wiki_title": "Reflection (physics)"
        }, 
        {
            "annotations": [
                {
                    "begin": 1899, 
                    "end": 1902, 
                    "score": 0.06706402450799942, 
                    "spot": "ten"
                }
            ], 
            "wiki_id": 37384020, 
            "wiki_title": "Ten (Girls Aloud album)"
        }, 
        {
            "annotations": [
                {
                    "begin": 1382, 
                    "end": 1389, 
                    "score": 0.13038568198680878, 
                    "spot": "surveys"
                }
            ], 
            "wiki_id": 277315, 
            "wiki_title": "Opinion poll"
        }, 
        {
            "annotations": [
                {
                    "begin": 3181, 
                    "end": 3187, 
                    "score": 0.43155649304389954, 
                    "spot": "Taiwan"
                }
            ], 
            "wiki_id": 25734, 
            "wiki_title": "Taiwan"
        }, 
        {
            "annotations": [
                {
                    "begin": 2844, 
                    "end": 2850, 
                    "score": 0.0006775985821150243, 
                    "spot": "bigger"
                }
            ], 
            "wiki_id": 24937527, 
            "wiki_title": "Bigger (Backstreet Boys song)"
        }, 
        {
            "annotations": [
                {
                    "begin": 87, 
                    "end": 98, 
                    "score": 0.0555899403989315, 
                    "spot": "inhabitants"
                }
            ], 
            "wiki_id": 2404274, 
            "wiki_title": "Residency (domicile)"
        }, 
        {
            "annotations": [
                {
                    "begin": 341, 
                    "end": 348, 
                    "score": 0.021514274179935455, 
                    "spot": "getting"
                }
            ], 
            "wiki_id": 40224738, 
            "wiki_title": "Getting On (U.S. TV series)"
        }, 
        {
            "annotations": [
                {
                    "begin": 2730, 
                    "end": 2740, 
                    "score": 0.056717775762081146, 
                    "spot": "reshuffled"
                }
            ], 
            "wiki_id": 845103, 
            "wiki_title": "Cabinet reshuffle"
        }, 
        {
            "annotations": [
                {
                    "begin": 985, 
                    "end": 991, 
                    "score": 0.08493123203516006, 
                    "spot": "struck"
                }
            ], 
            "wiki_id": 155134, 
            "wiki_title": "Strike action"
        }, 
        {
            "annotations": [
                {
                    "begin": 2961, 
                    "end": 2969, 
                    "score": 0.012164704501628876, 
                    "spot": "dispense"
                }
            ], 
            "wiki_id": 4086742, 
            "wiki_title": "Dispensation (canon law)"
        }, 
        {
            "annotations": [
                {
                    "begin": 3426, 
                    "end": 3443, 
                    "score": 0.21711379289627075, 
                    "spot": "national interest"
                }
            ], 
            "wiki_id": 1273853, 
            "wiki_title": "The National Interest"
        }, 
        {
            "annotations": [
                {
                    "begin": 3128, 
                    "end": 3135, 
                    "score": 0.09720117598772049, 
                    "spot": "factory"
                }
            ], 
            "wiki_id": 166784, 
            "wiki_title": "Factory"
        }, 
        {
            "annotations": [
                {
                    "begin": 2346, 
                    "end": 2354, 
                    "score": 0.07102879881858826, 
                    "spot": "disputes"
                }
            ], 
            "wiki_id": 7283, 
            "wiki_title": "Controversy"
        }, 
        {
            "annotations": [
                {
                    "begin": 2363, 
                    "end": 2368, 
                    "score": 0.2602216303348541, 
                    "spot": "state"
                }
            ], 
            "wiki_id": 15775275, 
            "wiki_title": "State governments of the United States"
        }, 
        {
            "annotations": [
                {
                    "begin": 369, 
                    "end": 377, 
                    "score": 0.05190678685903549, 
                    "spot": "rendered"
                }
            ], 
            "wiki_id": 6604, 
            "wiki_title": "Rendering (computer graphics)"
        }, 
        {
            "annotations": [
                {
                    "begin": 3353, 
                    "end": 3367, 
                    "score": 0.31206294894218445, 
                    "spot": "budget deficit"
                }
            ], 
            "wiki_id": 1897997, 
            "wiki_title": "Balanced budget"
        }, 
        {
            "annotations": [
                {
                    "begin": 1134, 
                    "end": 1139, 
                    "score": 0.0026860362850129604, 
                    "spot": "As if"
                }
            ], 
            "wiki_id": 1887579, 
            "wiki_title": "As If (UK TV series)"
        }, 
        {
            "annotations": [
                {
                    "begin": 1157, 
                    "end": 1166, 
                    "score": 0.14994260668754578, 
                    "spot": "political"
                }, 
                {
                    "begin": 2030, 
                    "end": 2039, 
                    "score": 0.11432614922523499, 
                    "spot": "political"
                }
            ], 
            "wiki_id": 32021, 
            "wiki_title": "Politics of the United States"
        }, 
        {
            "annotations": [
                {
                    "begin": 1523, 
                    "end": 1533, 
                    "score": 0.2931034564971924, 
                    "spot": "sotto voce"
                }
            ], 
            "wiki_id": 1678870, 
            "wiki_title": "Sotto voce"
        }, 
        {
            "annotations": [
                {
                    "begin": 3023, 
                    "end": 3027, 
                    "score": 0.07340742647647858, 
                    "spot": "tell"
                }
            ], 
            "wiki_id": 211183, 
            "wiki_title": "Tell"
        }, 
        {
            "annotations": [
                {
                    "begin": 3165, 
                    "end": 3172, 
                    "score": 0.19960856437683105, 
                    "spot": "fighter"
                }
            ], 
            "wiki_id": 10929, 
            "wiki_title": "Fighter aircraft"
        }, 
        {
            "annotations": [
                {
                    "begin": 3252, 
                    "end": 3259, 
                    "score": 0.1556980460882187, 
                    "spot": "federal"
                }
            ], 
            "wiki_id": 156371, 
            "wiki_title": "Federation"
        }, 
        {
            "annotations": [
                {
                    "begin": 1433, 
                    "end": 1435, 
                    "score": 0.062413930892944336, 
                    "spot": "Mr"
                }, 
                {
                    "begin": 2529, 
                    "end": 2531, 
                    "score": 0.0013314478565007448, 
                    "spot": "Mr"
                }
            ], 
            "wiki_id": 229971, 
            "wiki_title": "Mouvement R\u00e9formateur"
        }, 
        {
            "annotations": [
                {
                    "begin": 2196, 
                    "end": 2211, 
                    "score": 0.3700667917728424, 
                    "spot": "House committee"
                }
            ], 
            "wiki_id": 479224, 
            "wiki_title": "United States congressional committee"
        }, 
        {
            "annotations": [
                {
                    "begin": 3342, 
                    "end": 3348, 
                    "score": 0.07769294828176498, 
                    "spot": "reduce"
                }
            ], 
            "wiki_id": 3325618, 
            "wiki_title": "Tax shelter"
        }, 
        {
            "annotations": [
                {
                    "begin": 2831, 
                    "end": 2837, 
                    "score": 0.0007276217802427709, 
                    "spot": "pushed"
                }
            ], 
            "wiki_id": 849472, 
            "wiki_title": "Push (professional wrestling)"
        }, 
        {
            "annotations": [
                {
                    "begin": 430, 
                    "end": 439, 
                    "score": 0.1070021465420723, 
                    "spot": "destroyed"
                }
            ], 
            "wiki_id": 8103, 
            "wiki_title": "Deforestation"
        }, 
        {
            "annotations": [
                {
                    "begin": 929, 
                    "end": 938, 
                    "score": 0.09331294149160385, 
                    "spot": "Americans"
                }
            ], 
            "wiki_id": 2596591, 
            "wiki_title": "The Americans (commentary)"
        }, 
        {
            "annotations": [
                {
                    "begin": 1289, 
                    "end": 1296, 
                    "score": 0.02327091433107853, 
                    "spot": "support"
                }
            ], 
            "wiki_id": 37600898, 
            "wiki_title": "Abortion-rights movements"
        }, 
        {
            "annotations": [
                {
                    "begin": 2016, 
                    "end": 2029, 
                    "score": 0.3829376697540283, 
                    "spot": "New Hampshire"
                }
            ], 
            "wiki_id": 21134, 
            "wiki_title": "New Hampshire"
        }, 
        {
            "annotations": [
                {
                    "begin": 140, 
                    "end": 150, 
                    "score": 0.08163265138864517, 
                    "spot": "do no harm"
                }
            ], 
            "wiki_id": 35809871, 
            "wiki_title": "Do No Harm (TV series)"
        }, 
        {
            "annotations": [
                {
                    "begin": 1696, 
                    "end": 1702, 
                    "score": 0.06722942739725113, 
                    "spot": "Agency"
                }
            ], 
            "wiki_id": 489674, 
            "wiki_title": "Government agency"
        }, 
        {
            "annotations": [
                {
                    "begin": 2196, 
                    "end": 2201, 
                    "score": 0.18835261464118958, 
                    "spot": "House"
                }
            ], 
            "wiki_id": 19468510, 
            "wiki_title": "United States House of Representatives"
        }, 
        {
            "annotations": [
                {
                    "begin": 540, 
                    "end": 552, 
                    "score": 0.02154381386935711, 
                    "spot": "presidential"
                }
            ], 
            "wiki_id": 24110, 
            "wiki_title": "President"
        }, 
        {
            "annotations": [
                {
                    "begin": 3813, 
                    "end": 3821, 
                    "score": 0.16876520216464996, 
                    "spot": "disaster"
                }
            ], 
            "wiki_id": 58921, 
            "wiki_title": "Natural disaster"
        }, 
        {
            "annotations": [
                {
                    "begin": 3497, 
                    "end": 3505, 
                    "score": 0.12078496068716049, 
                    "spot": "election"
                }
            ], 
            "wiki_id": 9457, 
            "wiki_title": "Election"
        }, 
        {
            "annotations": [
                {
                    "begin": 1422, 
                    "end": 1431, 
                    "score": 0.15125969052314758, 
                    "spot": "headlines"
                }
            ], 
            "wiki_id": 644652, 
            "wiki_title": "Headlines (Jay Leno)"
        }, 
        {
            "annotations": [
                {
                    "begin": 699, 
                    "end": 703, 
                    "score": 0.13932131230831146, 
                    "spot": "base"
                }
            ], 
            "wiki_id": 843566, 
            "wiki_title": "Military base"
        }, 
        {
            "annotations": [
                {
                    "begin": 1043, 
                    "end": 1052, 
                    "score": 0.07169648259878159, 
                    "spot": "televised"
                }
            ], 
            "wiki_id": 29831, 
            "wiki_title": "Television"
        }, 
        {
            "annotations": [
                {
                    "begin": 2783, 
                    "end": 2787, 
                    "score": 0.0016205183928832412, 
                    "spot": "room"
                }
            ], 
            "wiki_id": 11383147, 
            "wiki_title": "Room"
        }, 
        {
            "annotations": [
                {
                    "begin": 1710, 
                    "end": 1713, 
                    "score": 0.002038082107901573, 
                    "spot": "set"
                }
            ], 
            "wiki_id": 3564116, 
            "wiki_title": "Setting (narrative)"
        }, 
        {
            "annotations": [
                {
                    "begin": 2217, 
                    "end": 2219, 
                    "score": 0.08272144198417664, 
                    "spot": "Mr"
                }, 
                {
                    "begin": 2717, 
                    "end": 2719, 
                    "score": 0.1304953545331955, 
                    "spot": "Mr"
                }, 
                {
                    "begin": 2991, 
                    "end": 2993, 
                    "score": 0.05772610381245613, 
                    "spot": "Mr"
                }
            ], 
            "wiki_id": 464522, 
            "wiki_title": "Master of Laws"
        }, 
        {
            "annotations": [
                {
                    "begin": 901, 
                    "end": 907, 
                    "score": 0.11394225060939789, 
                    "spot": "relief"
                }
            ], 
            "wiki_id": 434679, 
            "wiki_title": "Humanitarian aid"
        }, 
        {
            "annotations": [
                {
                    "begin": 782, 
                    "end": 789, 
                    "score": 0.08616390824317932, 
                    "spot": "rebuilt"
                }
            ], 
            "wiki_id": 33130528, 
            "wiki_title": "Victorian restoration"
        }, 
        {
            "annotations": [
                {
                    "begin": 1953, 
                    "end": 1970, 
                    "score": 0.37029436230659485, 
                    "spot": "arm of government"
                }
            ], 
            "wiki_id": 28561, 
            "wiki_title": "Separation of powers"
        }, 
        {
            "annotations": [
                {
                    "begin": 2970, 
                    "end": 2978, 
                    "score": 0.008741258643567562, 
                    "spot": "largesse"
                }
            ], 
            "wiki_id": 2135548, 
            "wiki_title": "Generosity"
        }, 
        {
            "annotations": [
                {
                    "begin": 1487, 
                    "end": 1498, 
                    "score": 0.0007049700361676514, 
                    "spot": "little more"
                }
            ], 
            "wiki_id": 48603955, 
            "wiki_title": "Royalty (Chris Brown album)"
        }, 
        {
            "annotations": [
                {
                    "begin": 2676, 
                    "end": 2679, 
                    "score": 0.20860415697097778, 
                    "spot": "now"
                }
            ], 
            "wiki_id": 8536948, 
            "wiki_title": "National Organization for Women"
        }, 
        {
            "annotations": [
                {
                    "begin": 3707, 
                    "end": 3711, 
                    "score": 0.0627417266368866, 
                    "spot": "Tait"
                }
            ], 
            "wiki_id": 21833566, 
            "wiki_title": "Charles Tait"
        }, 
        {
            "annotations": [
                {
                    "begin": 1091, 
                    "end": 1100, 
                    "score": 0.06819389760494232, 
                    "spot": "testimony"
                }
            ], 
            "wiki_id": 75696, 
            "wiki_title": "Testimony"
        }, 
        {
            "annotations": [
                {
                    "begin": 719, 
                    "end": 724, 
                    "score": 0.07393329590559006, 
                    "spot": "major"
                }
            ], 
            "wiki_id": 201920, 
            "wiki_title": "Major"
        }, 
        {
            "annotations": [
                {
                    "begin": 1755, 
                    "end": 1764, 
                    "score": 0.1874830424785614, 
                    "spot": "disasters"
                }
            ], 
            "wiki_id": 8137, 
            "wiki_title": "Disaster"
        }, 
        {
            "annotations": [
                {
                    "begin": 808, 
                    "end": 813, 
                    "score": 0.00586906261742115, 
                    "spot": "brief"
                }, 
                {
                    "begin": 2143, 
                    "end": 2148, 
                    "score": 0.0011373182060196996, 
                    "spot": "brief"
                }
            ], 
            "wiki_id": 17845, 
            "wiki_title": "Letter (message)"
        }, 
        {
            "annotations": [
                {
                    "begin": 1235, 
                    "end": 1246, 
                    "score": 0.0005800090148113668, 
                    "spot": "September 1"
                }
            ], 
            "wiki_id": 309288, 
            "wiki_title": "Invasion of Poland"
        }, 
        {
            "annotations": [
                {
                    "begin": 869, 
                    "end": 879, 
                    "score": 0.16966509819030762, 
                    "spot": "government"
                }
            ], 
            "wiki_id": 12229, 
            "wiki_title": "Government"
        }, 
        {
            "annotations": [
                {
                    "begin": 2980, 
                    "end": 2989, 
                    "score": 0.04203345254063606, 
                    "spot": "Yesterday"
                }
            ], 
            "wiki_id": 8666784, 
            "wiki_title": "Yesterday (2002 film)"
        }, 
        {
            "annotations": [
                {
                    "begin": 960, 
                    "end": 978, 
                    "score": 0.4318975508213043, 
                    "spot": "American Red Cross"
                }
            ], 
            "wiki_id": 4345474, 
            "wiki_title": "American Red Cross"
        }, 
        {
            "annotations": [
                {
                    "begin": 3701, 
                    "end": 3706, 
                    "score": 0.017031872645020485, 
                    "spot": "Nikki"
                }
            ], 
            "wiki_id": 8763649, 
            "wiki_title": "Nikki Yanofsky"
        }, 
        {
            "annotations": [
                {
                    "begin": 3077, 
                    "end": 3084, 
                    "score": 0.1899440586566925, 
                    "spot": "exports"
                }
            ], 
            "wiki_id": 307592, 
            "wiki_title": "Export"
        }, 
        {
            "annotations": [
                {
                    "begin": 3328, 
                    "end": 3338, 
                    "score": 0.0018671646248549223, 
                    "spot": "commitment"
                }
            ], 
            "wiki_id": 638369, 
            "wiki_title": "Promise"
        }, 
        {
            "annotations": [
                {
                    "begin": 3220, 
                    "end": 3229, 
                    "score": 0.14351046085357666, 
                    "spot": "political"
                }
            ], 
            "wiki_id": 22986, 
            "wiki_title": "Politics"
        }, 
        {
            "annotations": [
                {
                    "begin": 3527, 
                    "end": 3535, 
                    "score": 0.1772107183933258, 
                    "spot": "insurers"
                }, 
                {
                    "begin": 3577, 
                    "end": 3583, 
                    "score": 0.13867104053497314, 
                    "spot": "claims"
                }, 
                {
                    "begin": 3660, 
                    "end": 3669, 
                    "score": 0.16956423223018646, 
                    "spot": "Insurance"
                }
            ], 
            "wiki_id": 15176, 
            "wiki_title": "Insurance"
        }, 
        {
            "annotations": [
                {
                    "begin": 1143, 
                    "end": 1152, 
                    "score": 0.021134020760655403, 
                    "spot": "underline"
                }
            ], 
            "wiki_id": 1892605, 
            "wiki_title": "Underline"
        }, 
        {
            "annotations": [
                {
                    "begin": 3321, 
                    "end": 3325, 
                    "score": 0.024007201194763184, 
                    "spot": "Bush"
                }
            ], 
            "wiki_id": 3070043, 
            "wiki_title": "Bush Theatre"
        }
    ]
}