{
    "tagme": [
        {
            "annotations": [
                {
                    "begin": 2687, 
                    "end": 2691, 
                    "score": 0.2184794843196869, 
                    "spot": "CMEA"
                }
            ], 
            "wiki_id": 384307, 
            "wiki_title": "Comecon"
        }, 
        {
            "annotations": [
                {
                    "begin": 1613, 
                    "end": 1618, 
                    "score": 0.006888051051646471, 
                    "spot": "ratio"
                }
            ], 
            "wiki_id": 87837, 
            "wiki_title": "Ratio"
        }, 
        {
            "annotations": [
                {
                    "begin": 2801, 
                    "end": 2803, 
                    "score": 0.0013314478565007448, 
                    "spot": "Mr"
                }
            ], 
            "wiki_id": 188429, 
            "wiki_title": "Midland Railway"
        }, 
        {
            "annotations": [
                {
                    "begin": 1299, 
                    "end": 1311, 
                    "score": 0.1452467441558838, 
                    "spot": "negotiations"
                }
            ], 
            "wiki_id": 31142303, 
            "wiki_title": "Belgrade\u2013Pristina negotiations"
        }, 
        {
            "annotations": [
                {
                    "begin": 108, 
                    "end": 135, 
                    "score": 0.3457389175891876, 
                    "spot": "National Bank of Yugoslavia"
                }
            ], 
            "wiki_id": 18296527, 
            "wiki_title": "National Bank of Serbia"
        }, 
        {
            "annotations": [
                {
                    "begin": 765, 
                    "end": 773, 
                    "score": 0.15064512193202972, 
                    "spot": "majority"
                }
            ], 
            "wiki_id": 216313, 
            "wiki_title": "Majority"
        }, 
        {
            "annotations": [
                {
                    "begin": 912, 
                    "end": 919, 
                    "score": 0.0032935363706201315, 
                    "spot": "open up"
                }
            ], 
            "wiki_id": 7253388, 
            "wiki_title": "Open Up (Leftfield song)"
        }, 
        {
            "annotations": [
                {
                    "begin": 456, 
                    "end": 467, 
                    "score": 0.0863087922334671, 
                    "spot": "transferred"
                }
            ], 
            "wiki_id": 2643292, 
            "wiki_title": "Transfer (association football)"
        }, 
        {
            "annotations": [
                {
                    "begin": 2710, 
                    "end": 2722, 
                    "score": 0.2972244620323181, 
                    "spot": "organisation"
                }
            ], 
            "wiki_id": 105070, 
            "wiki_title": "Organization"
        }, 
        {
            "annotations": [
                {
                    "begin": 2636, 
                    "end": 2644, 
                    "score": 0.1759663224220276, 
                    "spot": "clearing"
                }
            ], 
            "wiki_id": 1341179, 
            "wiki_title": "Clearing (finance)"
        }, 
        {
            "annotations": [
                {
                    "begin": 963, 
                    "end": 969, 
                    "score": 0.10350316762924194, 
                    "spot": "return"
                }
            ], 
            "wiki_id": 3440956, 
            "wiki_title": "Rate of return"
        }, 
        {
            "annotations": [
                {
                    "begin": 1212, 
                    "end": 1222, 
                    "score": 0.08933313190937042, 
                    "spot": "atmosphere"
                }
            ], 
            "wiki_id": 202898, 
            "wiki_title": "Atmosphere of Earth"
        }, 
        {
            "annotations": [
                {
                    "begin": 2319, 
                    "end": 2336, 
                    "score": 0.29318076372146606, 
                    "spot": "former Yugoslavia"
                }
            ], 
            "wiki_id": 34244, 
            "wiki_title": "Yugoslavia"
        }, 
        {
            "annotations": [
                {
                    "begin": 590, 
                    "end": 597, 
                    "score": 0.12413191795349121, 
                    "spot": "Dollars"
                }
            ], 
            "wiki_id": 81215, 
            "wiki_title": "Australian dollar"
        }, 
        {
            "annotations": [
                {
                    "begin": 3070, 
                    "end": 3078, 
                    "score": 0.20212294161319733, 
                    "spot": "republic"
                }
            ], 
            "wiki_id": 14560, 
            "wiki_title": "Republic of Ireland"
        }, 
        {
            "annotations": [
                {
                    "begin": 388, 
                    "end": 396, 
                    "score": 0.08517567813396454, 
                    "spot": "deposits"
                }, 
                {
                    "begin": 420, 
                    "end": 429, 
                    "score": 0.0645907074213028, 
                    "spot": "deposited"
                }, 
                {
                    "begin": 486, 
                    "end": 494, 
                    "score": 0.054296061396598816, 
                    "spot": "deposits"
                }, 
                {
                    "begin": 580, 
                    "end": 589, 
                    "score": 0.0739351361989975, 
                    "spot": "deposited"
                }, 
                {
                    "begin": 823, 
                    "end": 832, 
                    "score": 0.19762244820594788, 
                    "spot": "deposited"
                }, 
                {
                    "begin": 977, 
                    "end": 985, 
                    "score": 0.15263813734054565, 
                    "spot": "deposits"
                }
            ], 
            "wiki_id": 30873450, 
            "wiki_title": "Deposit account"
        }, 
        {
            "annotations": [
                {
                    "begin": 1, 
                    "end": 9, 
                    "score": 0.5529525876045227, 
                    "spot": "SLOVENIA"
                }, 
                {
                    "begin": 335, 
                    "end": 343, 
                    "score": 0.5069551467895508, 
                    "spot": "Slovenia"
                }, 
                {
                    "begin": 442, 
                    "end": 450, 
                    "score": 0.5583296418190002, 
                    "spot": "Slovenia"
                }, 
                {
                    "begin": 608, 
                    "end": 615, 
                    "score": 0.42185884714126587, 
                    "spot": "Slovene"
                }, 
                {
                    "begin": 726, 
                    "end": 734, 
                    "score": 0.46400177478790283, 
                    "spot": "Slovenia"
                }, 
                {
                    "begin": 872, 
                    "end": 880, 
                    "score": 0.5431499481201172, 
                    "spot": "Slovenia"
                }, 
                {
                    "begin": 1410, 
                    "end": 1418, 
                    "score": 0.5012549161911011, 
                    "spot": "Slovenia"
                }, 
                {
                    "begin": 1564, 
                    "end": 1572, 
                    "score": 0.4963169991970062, 
                    "spot": "Slovenia"
                }, 
                {
                    "begin": 1643, 
                    "end": 1651, 
                    "score": 0.5072404146194458, 
                    "spot": "Slovenia"
                }, 
                {
                    "begin": 2083, 
                    "end": 2091, 
                    "score": 0.5277493000030518, 
                    "spot": "Slovenia"
                }, 
                {
                    "begin": 2826, 
                    "end": 2833, 
                    "score": 0.34465500712394714, 
                    "spot": "Slovene"
                }, 
                {
                    "begin": 3044, 
                    "end": 3052, 
                    "score": 0.5193504095077515, 
                    "spot": "Slovenia"
                }
            ], 
            "wiki_id": 27338, 
            "wiki_title": "Slovenia"
        }, 
        {
            "annotations": [
                {
                    "begin": 1185, 
                    "end": 1197, 
                    "score": 0.21130697429180145, 
                    "spot": "negotiations"
                }, 
                {
                    "begin": 2524, 
                    "end": 2536, 
                    "score": 0.08131753653287888, 
                    "spot": "negotiations"
                }
            ], 
            "wiki_id": 16775, 
            "wiki_title": "Kyoto Protocol"
        }, 
        {
            "annotations": [
                {
                    "begin": 2895, 
                    "end": 2911, 
                    "score": 0.1390782743692398, 
                    "spot": "peace\nconference"
                }
            ], 
            "wiki_id": 295105, 
            "wiki_title": "Paris Peace Conference, 1919"
        }, 
        {
            "annotations": [
                {
                    "begin": 902, 
                    "end": 907, 
                    "score": 0.14205767214298248, 
                    "spot": "debts"
                }, 
                {
                    "begin": 1520, 
                    "end": 1524, 
                    "score": 0.08765925467014313, 
                    "spot": "debt"
                }
            ], 
            "wiki_id": 152835, 
            "wiki_title": "Debt"
        }, 
        {
            "annotations": [
                {
                    "begin": 1282, 
                    "end": 1289, 
                    "score": 0.002699966309592128, 
                    "spot": "anxious"
                }
            ], 
            "wiki_id": 922, 
            "wiki_title": "Anxiety"
        }, 
        {
            "annotations": [
                {
                    "begin": 1331, 
                    "end": 1339, 
                    "score": 0.2760281562805176, 
                    "spot": "Yugoslav"
                }
            ], 
            "wiki_id": 1115992, 
            "wiki_title": "Yugoslav Partisans"
        }, 
        {
            "annotations": [
                {
                    "begin": 533, 
                    "end": 550, 
                    "score": 0.1378927230834961, 
                    "spot": "Croatian citizens"
                }
            ], 
            "wiki_id": 18934818, 
            "wiki_title": "Croatian nationality law"
        }, 
        {
            "annotations": [
                {
                    "begin": 1575, 
                    "end": 1594, 
                    "score": 0.16791044175624847, 
                    "spot": "Ministry of Finance"
                }
            ], 
            "wiki_id": 11974254, 
            "wiki_title": "Ministry of Finance (Norway)"
        }, 
        {
            "annotations": [
                {
                    "begin": 1777, 
                    "end": 1786, 
                    "score": 0.23238684237003326, 
                    "spot": "servicing"
                }, 
                {
                    "begin": 1989, 
                    "end": 1998, 
                    "score": 0.14118681848049164, 
                    "spot": "servicing"
                }
            ], 
            "wiki_id": 5687414, 
            "wiki_title": "Loan servicing"
        }, 
        {
            "annotations": [
                {
                    "begin": 1959, 
                    "end": 1964, 
                    "score": 0.5, 
                    "spot": "a bad"
                }
            ], 
            "wiki_id": 546024, 
            "wiki_title": "Aurangabad, Maharashtra"
        }, 
        {
            "annotations": [
                {
                    "begin": 1703, 
                    "end": 1705, 
                    "score": 0.05669901892542839, 
                    "spot": "Mr"
                }, 
                {
                    "begin": 2461, 
                    "end": 2463, 
                    "score": 0.044207021594047546, 
                    "spot": "Mr"
                }
            ], 
            "wiki_id": 19446, 
            "wiki_title": "Magnetic resonance imaging"
        }, 
        {
            "annotations": [
                {
                    "begin": 2003, 
                    "end": 2007, 
                    "score": 0.17560510337352753, 
                    "spot": "debt"
                }
            ], 
            "wiki_id": 42162, 
            "wiki_title": "Security (finance)"
        }, 
        {
            "annotations": [
                {
                    "begin": 315, 
                    "end": 326, 
                    "score": 0.003156565595418215, 
                    "spot": "complicated"
                }
            ], 
            "wiki_id": 700793, 
            "wiki_title": "Complicated (Avril Lavigne song)"
        }, 
        {
            "annotations": [
                {
                    "begin": 1436, 
                    "end": 1445, 
                    "score": 0.0014322847127914429, 
                    "spot": "allocated"
                }
            ], 
            "wiki_id": 66924, 
            "wiki_title": "Memory management"
        }, 
        {
            "annotations": [
                {
                    "begin": 1446, 
                    "end": 1451, 
                    "score": 0.16783803701400757, 
                    "spot": "share"
                }, 
                {
                    "begin": 2045, 
                    "end": 2050, 
                    "score": 0.2743593454360962, 
                    "spot": "share"
                }, 
                {
                    "begin": 2422, 
                    "end": 2427, 
                    "score": 0.24497273564338684, 
                    "spot": "share"
                }
            ], 
            "wiki_id": 867877, 
            "wiki_title": "Share (finance)"
        }, 
        {
            "annotations": [
                {
                    "begin": 235, 
                    "end": 239, 
                    "score": 0.13386096060276031, 
                    "spot": "join"
                }
            ], 
            "wiki_id": 324164, 
            "wiki_title": "Enlargement of the European Union"
        }, 
        {
            "annotations": [
                {
                    "begin": 411, 
                    "end": 419, 
                    "score": 0.11097647994756699, 
                    "spot": "citizens"
                }
            ], 
            "wiki_id": 6784, 
            "wiki_title": "Citizenship"
        }, 
        {
            "annotations": [
                {
                    "begin": 858, 
                    "end": 880, 
                    "score": 0.4413028955459595, 
                    "spot": "government of Slovenia"
                }
            ], 
            "wiki_id": 25488577, 
            "wiki_title": "Government of Slovenia"
        }, 
        {
            "annotations": [
                {
                    "begin": 1553, 
                    "end": 1560, 
                    "score": 0.03315293416380882, 
                    "spot": "adviser"
                }
            ], 
            "wiki_id": 1239249, 
            "wiki_title": "Military advisor"
        }, 
        {
            "annotations": [
                {
                    "begin": 2779, 
                    "end": 2783, 
                    "score": 0.13021044433116913, 
                    "spot": "time"
                }
            ], 
            "wiki_id": 31600, 
            "wiki_title": "Time (magazine)"
        }, 
        {
            "annotations": [
                {
                    "begin": 2774, 
                    "end": 2778, 
                    "score": 0.11082259565591812, 
                    "spot": "long"
                }
            ], 
            "wiki_id": 102446, 
            "wiki_title": "Huey Long"
        }, 
        {
            "annotations": [
                {
                    "begin": 1813, 
                    "end": 1820, 
                    "score": 0.002126880455762148, 
                    "spot": "problem"
                }
            ], 
            "wiki_id": 1467948, 
            "wiki_title": "Problem solving"
        }, 
        {
            "annotations": [
                {
                    "begin": 1293, 
                    "end": 1298, 
                    "score": 0.07131461054086685, 
                    "spot": "start"
                }
            ], 
            "wiki_id": 3890507, 
            "wiki_title": "Start (newspaper)"
        }, 
        {
            "annotations": [
                {
                    "begin": 1823, 
                    "end": 1832, 
                    "score": 0.004724409431219101, 
                    "spot": "Last year"
                }
            ], 
            "wiki_id": 7353934, 
            "wiki_title": "Last Year (song)"
        }, 
        {
            "annotations": [
                {
                    "begin": 2901, 
                    "end": 2925, 
                    "score": 0.2578811049461365, 
                    "spot": "conference on Yugoslavia"
                }
            ], 
            "wiki_id": 6851165, 
            "wiki_title": "Arbitration Commission of the Peace Conference on Yugoslavia"
        }, 
        {
            "annotations": [
                {
                    "begin": 1724, 
                    "end": 1730, 
                    "score": 0.16854780912399292, 
                    "spot": "member"
                }, 
                {
                    "begin": 1724, 
                    "end": 1743, 
                    "score": 0.33388379216194153, 
                    "spot": "member of the board"
                }, 
                {
                    "begin": 1738, 
                    "end": 1743, 
                    "score": 0.3386204242706299, 
                    "spot": "board"
                }
            ], 
            "wiki_id": 4822, 
            "wiki_title": "Board of directors"
        }, 
        {
            "annotations": [
                {
                    "begin": 886, 
                    "end": 895, 
                    "score": 0.17104747891426086, 
                    "spot": "guarantee"
                }
            ], 
            "wiki_id": 1501312, 
            "wiki_title": "Guarantee"
        }, 
        {
            "annotations": [
                {
                    "begin": 267, 
                    "end": 271, 
                    "score": 0.17824508249759674, 
                    "spot": "Fund"
                }
            ], 
            "wiki_id": 805953, 
            "wiki_title": "Funding"
        }, 
        {
            "annotations": [
                {
                    "begin": 1148, 
                    "end": 1155, 
                    "score": 0.2088135927915573, 
                    "spot": "savings"
                }
            ], 
            "wiki_id": 192617, 
            "wiki_title": "Wealth"
        }, 
        {
            "annotations": [
                {
                    "begin": 2117, 
                    "end": 2124, 
                    "score": 0.017490334808826447, 
                    "spot": "proving"
                }
            ], 
            "wiki_id": 6203320, 
            "wiki_title": "Proofing (baking technique)"
        }, 
        {
            "annotations": [
                {
                    "begin": 1114, 
                    "end": 1117, 
                    "score": 0.11950197070837021, 
                    "spot": "can"
                }
            ], 
            "wiki_id": 307465, 
            "wiki_title": "Andean Community"
        }, 
        {
            "annotations": [
                {
                    "begin": 2261, 
                    "end": 2270, 
                    "score": 0.14962533116340637, 
                    "spot": "earmarked"
                }
            ], 
            "wiki_id": 17649625, 
            "wiki_title": "Earmark (politics)"
        }, 
        {
            "annotations": [
                {
                    "begin": 920, 
                    "end": 932, 
                    "score": 0.08676179498434067, 
                    "spot": "negotiations"
                }
            ], 
            "wiki_id": 253421, 
            "wiki_title": "Collective bargaining"
        }, 
        {
            "annotations": [
                {
                    "begin": 3019, 
                    "end": 3030, 
                    "score": 0.08634170144796371, 
                    "spot": "recognition"
                }
            ], 
            "wiki_id": 524626, 
            "wiki_title": "Diplomatic recognition"
        }, 
        {
            "annotations": [
                {
                    "begin": 1340, 
                    "end": 1352, 
                    "score": 0.07342657446861267, 
                    "spot": "federal debt"
                }, 
                {
                    "begin": 1460, 
                    "end": 1464, 
                    "score": 0.17072167992591858, 
                    "spot": "debt"
                }, 
                {
                    "begin": 1792, 
                    "end": 1796, 
                    "score": 0.14480355381965637, 
                    "spot": "debt"
                }, 
                {
                    "begin": 2070, 
                    "end": 2082, 
                    "score": 0.3728574514389038, 
                    "spot": "federal debt"
                }, 
                {
                    "begin": 2152, 
                    "end": 2164, 
                    "score": 0.07342657446861267, 
                    "spot": "federal debt"
                }, 
                {
                    "begin": 2447, 
                    "end": 2459, 
                    "score": 0.3728574514389038, 
                    "spot": "federal debt"
                }
            ], 
            "wiki_id": 695460, 
            "wiki_title": "Government debt"
        }, 
        {
            "annotations": [
                {
                    "begin": 2932, 
                    "end": 2936, 
                    "score": 0.034428417682647705, 
                    "spot": "play"
                }
            ], 
            "wiki_id": 20913771, 
            "wiki_title": "Theatre"
        }, 
        {
            "annotations": [
                {
                    "begin": 2959, 
                    "end": 2965, 
                    "score": 0.09424038976430893, 
                    "spot": "issues"
                }
            ], 
            "wiki_id": 15752595, 
            "wiki_title": "Periodical literature"
        }, 
        {
            "annotations": [
                {
                    "begin": 1923, 
                    "end": 1934, 
                    "score": 0.0022458629682660103, 
                    "spot": "year before"
                }
            ], 
            "wiki_id": 1273280, 
            "wiki_title": "W.I.T.C.H."
        }, 
        {
            "annotations": [
                {
                    "begin": 1965, 
                    "end": 1973, 
                    "score": 0.01585559919476509, 
                    "spot": "position"
                }
            ], 
            "wiki_id": 48361, 
            "wiki_title": "Geographic coordinate system"
        }, 
        {
            "annotations": [
                {
                    "begin": 505, 
                    "end": 512, 
                    "score": 0.08604589849710464, 
                    "spot": "Dollars"
                }, 
                {
                    "begin": 1378, 
                    "end": 1385, 
                    "score": 0.05882899463176727, 
                    "spot": "Dollars"
                }, 
                {
                    "begin": 1687, 
                    "end": 1694, 
                    "score": 0.1061197817325592, 
                    "spot": "Dollars"
                }, 
                {
                    "begin": 1855, 
                    "end": 1862, 
                    "score": 0.0908358171582222, 
                    "spot": "Dollars"
                }
            ], 
            "wiki_id": 18717338, 
            "wiki_title": "United States dollar"
        }, 
        {
            "annotations": [
                {
                    "begin": 1263, 
                    "end": 1272, 
                    "score": 0.0007770162774249911, 
                    "spot": "officials"
                }
            ], 
            "wiki_id": 501260, 
            "wiki_title": "Referee (association football)"
        }, 
        {
            "annotations": [
                {
                    "begin": 2605, 
                    "end": 2630, 
                    "score": 0.5081747770309448, 
                    "spot": "foreign\nexchange reserves"
                }
            ], 
            "wiki_id": 3961876, 
            "wiki_title": "Central Bank of the Islamic Republic of Iran"
        }, 
        {
            "annotations": [
                {
                    "begin": 1940, 
                    "end": 1942, 
                    "score": 0.021062983199954033, 
                    "spot": "we"
                }
            ], 
            "wiki_id": 65758, 
            "wiki_title": "Western (genre)"
        }, 
        {
            "annotations": [
                {
                    "begin": 996, 
                    "end": 1003, 
                    "score": 0.2114388644695282, 
                    "spot": "Kranjec"
                }, 
                {
                    "begin": 2464, 
                    "end": 2471, 
                    "score": 0.2114388644695282, 
                    "spot": "Kranjec"
                }
            ], 
            "wiki_id": 5853323, 
            "wiki_title": "Robert Kranjec"
        }, 
        {
            "annotations": [
                {
                    "begin": 59, 
                    "end": 61, 
                    "score": 0.0010810111416503787, 
                    "spot": "if"
                }
            ], 
            "wiki_id": 658808, 
            "wiki_title": "Material conditional"
        }, 
        {
            "annotations": [
                {
                    "begin": 174, 
                    "end": 183, 
                    "score": 0.0013175010681152344, 
                    "spot": "relations"
                }
            ], 
            "wiki_id": 3931, 
            "wiki_title": "Binary relation"
        }, 
        {
            "annotations": [
                {
                    "begin": 1711, 
                    "end": 1720, 
                    "score": 0.25, 
                    "spot": "Mencinger"
                }
            ], 
            "wiki_id": 29464034, 
            "wiki_title": "Jo\u017ee Mencinger"
        }, 
        {
            "annotations": [
                {
                    "begin": 3038, 
                    "end": 3043, 
                    "score": 0.13493850827217102, 
                    "spot": "US of"
                }
            ], 
            "wiki_id": 3434750, 
            "wiki_title": "United States"
        }, 
        {
            "annotations": [
                {
                    "begin": 1542, 
                    "end": 1551, 
                    "score": 0.3394030034542084, 
                    "spot": "Klemencic"
                }
            ], 
            "wiki_id": 48081238, 
            "wiki_title": "Zoran Klemen\u010di\u010d"
        }, 
        {
            "annotations": [
                {
                    "begin": 2645, 
                    "end": 2653, 
                    "score": 0.05394512042403221, 
                    "spot": "balances"
                }
            ], 
            "wiki_id": 964428, 
            "wiki_title": "Weighing scale"
        }, 
        {
            "annotations": [
                {
                    "begin": 1756, 
                    "end": 1765, 
                    "score": 0.010309278033673763, 
                    "spot": "s central"
                }
            ], 
            "wiki_id": 2970688, 
            "wiki_title": "T-Centralen"
        }, 
        {
            "annotations": [
                {
                    "begin": 82, 
                    "end": 91, 
                    "score": 0.05637471377849579, 
                    "spot": "relations"
                }
            ], 
            "wiki_id": 28165911, 
            "wiki_title": "Diplomacy"
        }, 
        {
            "annotations": [
                {
                    "begin": 2702, 
                    "end": 2709, 
                    "score": 0.23410391807556152, 
                    "spot": "trading"
                }
            ], 
            "wiki_id": 29678, 
            "wiki_title": "Trade"
        }, 
        {
            "annotations": [
                {
                    "begin": 2302, 
                    "end": 2311, 
                    "score": 0.10922078043222427, 
                    "spot": "republics"
                }, 
                {
                    "begin": 2326, 
                    "end": 2336, 
                    "score": 0.5544593930244446, 
                    "spot": "Yugoslavia"
                }, 
                {
                    "begin": 2915, 
                    "end": 2925, 
                    "score": 0.3740687370300293, 
                    "spot": "Yugoslavia"
                }
            ], 
            "wiki_id": 297809, 
            "wiki_title": "Socialist Federal Republic of Yugoslavia"
        }, 
        {
            "annotations": [
                {
                    "begin": 2834, 
                    "end": 2844, 
                    "score": 0.05517580360174179, 
                    "spot": "economists"
                }
            ], 
            "wiki_id": 57349, 
            "wiki_title": "Economist"
        }, 
        {
            "annotations": [
                {
                    "begin": 679, 
                    "end": 685, 
                    "score": 0.06209313124418259, 
                    "spot": "frozen"
                }
            ], 
            "wiki_id": 339605, 
            "wiki_title": "Frozen food"
        }, 
        {
            "annotations": [
                {
                    "begin": 197, 
                    "end": 206, 
                    "score": 0.0876496285200119, 
                    "spot": "creditors"
                }
            ], 
            "wiki_id": 601598, 
            "wiki_title": "Creditor"
        }, 
        {
            "annotations": [
                {
                    "begin": 288, 
                    "end": 297, 
                    "score": 0.0759023129940033, 
                    "spot": "Relations"
                }
            ], 
            "wiki_id": 30096, 
            "wiki_title": "Foreign relations of Taiwan"
        }, 
        {
            "annotations": [
                {
                    "begin": 2622, 
                    "end": 2630, 
                    "score": 0.37179437279701233, 
                    "spot": "reserves"
                }
            ], 
            "wiki_id": 1190883, 
            "wiki_title": "Bank reserves"
        }, 
        {
            "annotations": [
                {
                    "begin": 1635, 
                    "end": 1639, 
                    "score": 0.16238835453987122, 
                    "spot": "cent"
                }, 
                {
                    "begin": 1902, 
                    "end": 1906, 
                    "score": 0.019651757553219795, 
                    "spot": "cent"
                }
            ], 
            "wiki_id": 269035, 
            "wiki_title": "Cent (currency)"
        }, 
        {
            "annotations": [
                {
                    "begin": 1747, 
                    "end": 1755, 
                    "score": 0.47584956884384155, 
                    "spot": "Slovenia"
                }
            ], 
            "wiki_id": 1008145, 
            "wiki_title": "Slovenia national football team"
        }, 
        {
            "annotations": [
                {
                    "begin": 1069, 
                    "end": 1077, 
                    "score": 0.12736156582832336, 
                    "spot": "Slovenes"
                }
            ], 
            "wiki_id": 37427671, 
            "wiki_title": "Slovene minority in Italy"
        }, 
        {
            "annotations": [
                {
                    "begin": 1231, 
                    "end": 1240, 
                    "score": 0.607496976852417, 
                    "spot": "Ljubljana"
                }
            ], 
            "wiki_id": 42374, 
            "wiki_title": "Ljubljana"
        }, 
        {
            "annotations": [
                {
                    "begin": 1659, 
                    "end": 1668, 
                    "score": 0.1681709885597229, 
                    "spot": "Last year"
                }
            ], 
            "wiki_id": 657196, 
            "wiki_title": "Eurovision Song Contest 2005"
        }, 
        {
            "annotations": [
                {
                    "begin": 1654, 
                    "end": 1657, 
                    "score": 0.32393085956573486, 
                    "spot": "GDP"
                }, 
                {
                    "begin": 1671, 
                    "end": 1674, 
                    "score": 0.35821324586868286, 
                    "spot": "GDP"
                }
            ], 
            "wiki_id": 12594, 
            "wiki_title": "Gross domestic product"
        }, 
        {
            "annotations": [
                {
                    "begin": 125, 
                    "end": 135, 
                    "score": 0.38439929485321045, 
                    "spot": "Yugoslavia"
                }
            ], 
            "wiki_id": 232269, 
            "wiki_title": "Kingdom of Yugoslavia"
        }, 
        {
            "annotations": [
                {
                    "begin": 798, 
                    "end": 806, 
                    "score": 0.19606195390224457, 
                    "spot": "accounts"
                }
            ], 
            "wiki_id": 93755, 
            "wiki_title": "Financial statement"
        }, 
        {
            "annotations": [
                {
                    "begin": 1940, 
                    "end": 1946, 
                    "score": 0.0010089363204315305, 
                    "spot": "we are"
                }
            ], 
            "wiki_id": 4444245, 
            "wiki_title": "We Are (Ana Johnsson song)"
        }, 
        {
            "annotations": [
                {
                    "begin": 2849, 
                    "end": 2856, 
                    "score": 0.04571985825896263, 
                    "spot": "believe"
                }
            ], 
            "wiki_id": 102883, 
            "wiki_title": "Belief"
        }, 
        {
            "annotations": [
                {
                    "begin": 2373, 
                    "end": 2382, 
                    "score": 0.0007770162774249911, 
                    "spot": "officials"
                }
            ], 
            "wiki_id": 1481025, 
            "wiki_title": "Official (American football)"
        }, 
        {
            "annotations": [
                {
                    "begin": 2275, 
                    "end": 2283, 
                    "score": 0.1456349492073059, 
                    "spot": "projects"
                }
            ], 
            "wiki_id": 177912, 
            "wiki_title": "Public housing"
        }, 
        {
            "annotations": [
                {
                    "begin": 687, 
                    "end": 696, 
                    "score": 0.05914252996444702, 
                    "spot": "Officials"
                }
            ], 
            "wiki_id": 160793, 
            "wiki_title": "Civil service"
        }, 
        {
            "annotations": [
                {
                    "begin": 2981, 
                    "end": 2997, 
                    "score": 0.25, 
                    "spot": "debt. Resolution"
                }
            ], 
            "wiki_id": 3861448, 
            "wiki_title": "Debt settlement"
        }, 
        {
            "annotations": [
                {
                    "begin": 403, 
                    "end": 410, 
                    "score": 0.32886701822280884, 
                    "spot": "Slovene"
                }, 
                {
                    "begin": 1255, 
                    "end": 1262, 
                    "score": 0.34865617752075195, 
                    "spot": "Slovene"
                }, 
                {
                    "begin": 2365, 
                    "end": 2372, 
                    "score": 0.35734671354293823, 
                    "spot": "Slovene"
                }
            ], 
            "wiki_id": 246311, 
            "wiki_title": "Slovenes"
        }, 
        {
            "annotations": [
                {
                    "begin": 1484, 
                    "end": 1486, 
                    "score": 0.06237261742353439, 
                    "spot": "We"
                }
            ], 
            "wiki_id": 165128, 
            "wiki_title": "Royal we"
        }, 
        {
            "annotations": [
                {
                    "begin": 1535, 
                    "end": 1541, 
                    "score": 0.0019654089119285345, 
                    "spot": "Andrej"
                }
            ], 
            "wiki_id": 4677497, 
            "wiki_title": "Prince Andrew of Yugoslavia"
        }, 
        {
            "annotations": [
                {
                    "begin": 533, 
                    "end": 541, 
                    "score": 0.16867810487747192, 
                    "spot": "Croatian"
                }, 
                {
                    "begin": 567, 
                    "end": 574, 
                    "score": 0.5043246150016785, 
                    "spot": "Croatia"
                }, 
                {
                    "begin": 625, 
                    "end": 632, 
                    "score": 0.5288472175598145, 
                    "spot": "Croatia"
                }
            ], 
            "wiki_id": 5573, 
            "wiki_title": "Croatia"
        }, 
        {
            "annotations": [
                {
                    "begin": 146, 
                    "end": 158, 
                    "score": 0.1344369500875473, 
                    "spot": "central\nbank"
                }, 
                {
                    "begin": 1758, 
                    "end": 1770, 
                    "score": 0.1344369500875473, 
                    "spot": "central bank"
                }
            ], 
            "wiki_id": 5666, 
            "wiki_title": "Central bank"
        }, 
        {
            "annotations": [
                {
                    "begin": 2210, 
                    "end": 2228, 
                    "score": 0.24895137548446655, 
                    "spot": "federal government"
                }
            ], 
            "wiki_id": 21387, 
            "wiki_title": "Politics of Nigeria"
        }, 
        {
            "annotations": [
                {
                    "begin": 276, 
                    "end": 286, 
                    "score": 0.6604023575782776, 
                    "spot": "World Bank"
                }
            ], 
            "wiki_id": 45358446, 
            "wiki_title": "World Bank"
        }, 
        {
            "annotations": [
                {
                    "begin": 1496, 
                    "end": 1502, 
                    "score": 0.021929824724793434, 
                    "spot": "renege"
                }
            ], 
            "wiki_id": 520882, 
            "wiki_title": "Revoke"
        }, 
        {
            "annotations": [
                {
                    "begin": 2545, 
                    "end": 2550, 
                    "score": 0.039431653916835785, 
                    "spot": "issue"
                }
            ], 
            "wiki_id": 48449, 
            "wiki_title": "Maria Theresa"
        }, 
        {
            "annotations": [
                {
                    "begin": 640, 
                    "end": 652, 
                    "score": 0.10017123818397522, 
                    "spot": "independence"
                }
            ], 
            "wiki_id": 2878844, 
            "wiki_title": "Ten-Day War"
        }, 
        {
            "annotations": [
                {
                    "begin": 2185, 
                    "end": 2190, 
                    "score": 0.2932549715042114, 
                    "spot": "loans"
                }
            ], 
            "wiki_id": 208852, 
            "wiki_title": "Loan"
        }, 
        {
            "annotations": [
                {
                    "begin": 1468, 
                    "end": 1475, 
                    "score": 0.09751373529434204, 
                    "spot": "Dollars"
                }, 
                {
                    "begin": 2350, 
                    "end": 2357, 
                    "score": 0.060822080820798874, 
                    "spot": "Dollars"
                }
            ], 
            "wiki_id": 8100, 
            "wiki_title": "Dollar"
        }, 
        {
            "annotations": [
                {
                    "begin": 1026, 
                    "end": 1042, 
                    "score": 0.9457192420959473, 
                    "spot": "Bank of Slovenia"
                }, 
                {
                    "begin": 2486, 
                    "end": 2502, 
                    "score": 0.7450999021530151, 
                    "spot": "Bank of Slovenia"
                }
            ], 
            "wiki_id": 667222, 
            "wiki_title": "Bank of Slovenia"
        }, 
        {
            "annotations": [
                {
                    "begin": 1532, 
                    "end": 1534, 
                    "score": 0.06959494948387146, 
                    "spot": "Mr"
                }
            ], 
            "wiki_id": 25548811, 
            "wiki_title": "Master of the Rolls in Ireland"
        }, 
        {
            "annotations": [
                {
                    "begin": 1358, 
                    "end": 1370, 
                    "score": 0.33704158663749695, 
                    "spot": "federal debt"
                }
            ], 
            "wiki_id": 322221, 
            "wiki_title": "National debt of the United States"
        }, 
        {
            "annotations": [
                {
                    "begin": 12, 
                    "end": 20, 
                    "score": 0.05232296139001846, 
                    "spot": "economic"
                }
            ], 
            "wiki_id": 19804420, 
            "wiki_title": "Economic union"
        }, 
        {
            "annotations": [
                {
                    "begin": 2866, 
                    "end": 2874, 
                    "score": 0.12569303810596466, 
                    "spot": "European"
                }
            ], 
            "wiki_id": 342640, 
            "wiki_title": "European theatre of World War II"
        }, 
        {
            "annotations": [
                {
                    "begin": 2585, 
                    "end": 2591, 
                    "score": 0.1331670731306076, 
                    "spot": "status"
                }
            ], 
            "wiki_id": 201503, 
            "wiki_title": "Social status"
        }, 
        {
            "annotations": [
                {
                    "begin": 2383, 
                    "end": 2386, 
                    "score": 0.0016523596132174134, 
                    "spot": "say"
                }
            ], 
            "wiki_id": 46789, 
            "wiki_title": "Jean-Baptiste Say"
        }, 
        {
            "annotations": [
                {
                    "begin": 1078, 
                    "end": 1082, 
                    "score": 0.0018194559961557388, 
                    "spot": "will"
                }
            ], 
            "wiki_id": 47921, 
            "wiki_title": "Free will"
        }, 
        {
            "annotations": [
                {
                    "begin": 1047, 
                    "end": 1059, 
                    "score": 0.1344369500875473, 
                    "spot": "central bank"
                }
            ], 
            "wiki_id": 749283, 
            "wiki_title": "Central Bank of Russia"
        }, 
        {
            "annotations": [
                {
                    "begin": 244, 
                    "end": 271, 
                    "score": 0.5, 
                    "spot": "International Monetary Fund"
                }, 
                {
                    "begin": 3098, 
                    "end": 3125, 
                    "score": 0.5, 
                    "spot": "International Monetary Fund"
                }
            ], 
            "wiki_id": 15251, 
            "wiki_title": "International Monetary Fund"
        }, 
        {
            "annotations": [
                {
                    "begin": 2663, 
                    "end": 2672, 
                    "score": 0.10773773491382599, 
                    "spot": "countries"
                }
            ], 
            "wiki_id": 21754, 
            "wiki_title": "Nation"
        }, 
        {
            "annotations": [
                {
                    "begin": 3060, 
                    "end": 3065, 
                    "score": 0.0682130828499794, 
                    "spot": "speed"
                }
            ], 
            "wiki_id": 889234, 
            "wiki_title": "Speed (TV channel)"
        }, 
        {
            "annotations": [
                {
                    "begin": 2728, 
                    "end": 2738, 
                    "score": 0.2979443669319153, 
                    "spot": "operations"
                }
            ], 
            "wiki_id": 1578179, 
            "wiki_title": "Business operations"
        }, 
        {
            "annotations": [
                {
                    "begin": 1838, 
                    "end": 1845, 
                    "score": 0.09858158230781555, 
                    "spot": "exports"
                }
            ], 
            "wiki_id": 307592, 
            "wiki_title": "Export"
        }, 
        {
            "annotations": [
                {
                    "begin": 616, 
                    "end": 621, 
                    "score": 0.031759992241859436, 
                    "spot": "banks"
                }, 
                {
                    "begin": 720, 
                    "end": 724, 
                    "score": 0.08663950860500336, 
                    "spot": "Bank"
                }, 
                {
                    "begin": 745, 
                    "end": 749, 
                    "score": 0.24939045310020447, 
                    "spot": "bank"
                }, 
                {
                    "begin": 2742, 
                    "end": 2747, 
                    "score": 0.17987953126430511, 
                    "spot": "banks"
                }
            ], 
            "wiki_id": 19360669, 
            "wiki_title": "Bank"
        }, 
        {
            "annotations": [
                {
                    "begin": 344, 
                    "end": 365, 
                    "score": 0.21097727119922638, 
                    "spot": "declared\nindependence"
                }
            ], 
            "wiki_id": 8196941, 
            "wiki_title": "Declaration of Independence of Ukraine"
        }, 
        {
            "annotations": [
                {
                    "begin": 3007, 
                    "end": 3013, 
                    "score": 0.06213589012622833, 
                    "spot": "issues"
                }
            ], 
            "wiki_id": 18940, 
            "wiki_title": "Meat"
        }, 
        {
            "annotations": [
                {
                    "begin": 881, 
                    "end": 885, 
                    "score": 0.15556706488132477, 
                    "spot": "will"
                }, 
                {
                    "begin": 1487, 
                    "end": 1491, 
                    "score": 0.14282812178134918, 
                    "spot": "will"
                }
            ], 
            "wiki_id": 77697, 
            "wiki_title": "Will and testament"
        }, 
        {
            "annotations": [
                {
                    "begin": 987, 
                    "end": 989, 
                    "score": 0.046919453889131546, 
                    "spot": "Mr"
                }
            ], 
            "wiki_id": 464522, 
            "wiki_title": "Master of Laws"
        }, 
        {
            "annotations": [
                {
                    "begin": 3081, 
                    "end": 3090, 
                    "score": 0.002172004198655486, 
                    "spot": "admission"
                }
            ], 
            "wiki_id": 37671346, 
            "wiki_title": "Admission (film)"
        }, 
        {
            "annotations": [
                {
                    "begin": 2396, 
                    "end": 2405, 
                    "score": 0.07397612929344177, 
                    "spot": "committed"
                }
            ], 
            "wiki_id": 15416, 
            "wiki_title": "Involuntary commitment"
        }, 
        {
            "annotations": [
                {
                    "begin": 21, 
                    "end": 30, 
                    "score": 0.002598942257463932, 
                    "spot": "prospects"
                }
            ], 
            "wiki_id": 614302, 
            "wiki_title": "Hydrocarbon exploration"
        }, 
        {
            "annotations": [
                {
                    "begin": 3136, 
                    "end": 3158, 
                    "score": 0.016142383217811584, 
                    "spot": "financial institutions"
                }
            ], 
            "wiki_id": 208836, 
            "wiki_title": "Financial institution"
        }, 
        {
            "annotations": [
                {
                    "begin": 2845, 
                    "end": 2848, 
                    "score": 0.036983098834753036, 
                    "spot": "now"
                }
            ], 
            "wiki_id": 8536948, 
            "wiki_title": "National Organization for Women"
        }, 
        {
            "annotations": [
                {
                    "begin": 660, 
                    "end": 668, 
                    "score": 0.042325012385845184, 
                    "spot": "accounts"
                }
            ], 
            "wiki_id": 2593, 
            "wiki_title": "Accounting"
        }, 
        {
            "annotations": [
                {
                    "begin": 433, 
                    "end": 438, 
                    "score": 0.025676961988210678, 
                    "spot": "banks"
                }
            ], 
            "wiki_id": 1637752, 
            "wiki_title": "Bank (geography)"
        }, 
        {
            "annotations": [
                {
                    "begin": 990, 
                    "end": 995, 
                    "score": 0.010267228819429874, 
                    "spot": "Marko"
                }
            ], 
            "wiki_id": 231555, 
            "wiki_title": "Prince Marko"
        }, 
        {
            "annotations": [
                {
                    "begin": 2028, 
                    "end": 2039, 
                    "score": 0.14534932374954224, 
                    "spot": "negotiating"
                }, 
                {
                    "begin": 2947, 
                    "end": 2958, 
                    "score": 0.10508687794208527, 
                    "spot": "negotiating"
                }
            ], 
            "wiki_id": 22083, 
            "wiki_title": "Negotiation"
        }, 
        {
            "annotations": [
                {
                    "begin": 523, 
                    "end": 531, 
                    "score": 0.0006106437067501247, 
                    "spot": "addition"
                }
            ], 
            "wiki_id": 1117907, 
            "wiki_title": "Epenthesis"
        }, 
        {
            "annotations": [
                {
                    "begin": 1245, 
                    "end": 1253, 
                    "score": 0.5656970143318176, 
                    "spot": "Belgrade"
                }
            ], 
            "wiki_id": 55904, 
            "wiki_title": "Belgrade"
        }, 
        {
            "annotations": [
                {
                    "begin": 2804, 
                    "end": 2811, 
                    "score": 0.15308091044425964, 
                    "spot": "Kranjec"
                }
            ], 
            "wiki_id": 12049349, 
            "wiki_title": "Mi\u0161ko Kranjec"
        }, 
        {
            "annotations": [
                {
                    "begin": 2555, 
                    "end": 2559, 
                    "score": 0.15057815611362457, 
                    "spot": "well"
                }
            ], 
            "wiki_id": 15105978, 
            "wiki_title": "Water well"
        }, 
        {
            "annotations": [
                {
                    "begin": 2692, 
                    "end": 2701, 
                    "score": 0.2878096103668213, 
                    "spot": "socialist"
                }
            ], 
            "wiki_id": 26847, 
            "wiki_title": "Socialism"
        }, 
        {
            "annotations": [
                {
                    "begin": 71, 
                    "end": 77, 
                    "score": 0.04222399368882179, 
                    "spot": "settle"
                }, 
                {
                    "begin": 2787, 
                    "end": 2793, 
                    "score": 0.060169294476509094, 
                    "spot": "settle"
                }
            ], 
            "wiki_id": 15123, 
            "wiki_title": "Israeli settlement"
        }, 
        {
            "annotations": [
                {
                    "begin": 371, 
                    "end": 387, 
                    "score": 0.4424094259738922, 
                    "spot": "foreign exchange"
                }, 
                {
                    "begin": 781, 
                    "end": 797, 
                    "score": 0.32865527272224426, 
                    "spot": "foreign exchange"
                }, 
                {
                    "begin": 1131, 
                    "end": 1147, 
                    "score": 0.3573443293571472, 
                    "spot": "foreign exchange"
                }
            ], 
            "wiki_id": 648277, 
            "wiki_title": "Foreign exchange market"
        }, 
        {
            "annotations": [
                {
                    "begin": 1091, 
                    "end": 1095, 
                    "score": 0.004400096833705902, 
                    "spot": "wait"
                }
            ], 
            "wiki_id": 7069245, 
            "wiki_title": "WAIT (AM)"
        }, 
        {
            "annotations": [
                {
                    "begin": 1202, 
                    "end": 1211, 
                    "score": 0.11719570308923721, 
                    "spot": "political"
                }
            ], 
            "wiki_id": 22986, 
            "wiki_title": "Politics"
        }, 
        {
            "annotations": [
                {
                    "begin": 1880, 
                    "end": 1887, 
                    "score": 0.11457742750644684, 
                    "spot": "decline"
                }
            ], 
            "wiki_id": 1758541, 
            "wiki_title": "Urban decay"
        }, 
        {
            "annotations": [
                {
                    "begin": 1706, 
                    "end": 1710, 
                    "score": 0.0669846162199974, 
                    "spot": "Jose"
                }
            ], 
            "wiki_id": 3853837, 
            "wiki_title": "Hurricane Jose (1999)"
        }
    ]
}