{
    "tagme": [
        {
            "annotations": [
                {
                    "begin": 2212, 
                    "end": 2214, 
                    "score": 0.09320494532585144, 
                    "spot": "Ms"
                }
            ], 
            "wiki_id": 16949861, 
            "wiki_title": "Mississippi"
        }, 
        {
            "annotations": [
                {
                    "begin": 1582, 
                    "end": 1586, 
                    "score": 0.17645461857318878, 
                    "spot": "pact"
                }
            ], 
            "wiki_id": 20950, 
            "wiki_title": "Molotov\u2013Ribbentrop Pact"
        }, 
        {
            "annotations": [
                {
                    "begin": 156, 
                    "end": 176, 
                    "score": 0.4467008709907532, 
                    "spot": "Free Trade Agreement"
                }
            ], 
            "wiki_id": 10883, 
            "wiki_title": "Free trade area"
        }, 
        {
            "annotations": [
                {
                    "begin": 905, 
                    "end": 922, 
                    "score": 0.024911031126976013, 
                    "spot": "shoestring budget"
                }
            ], 
            "wiki_id": 3425901, 
            "wiki_title": "Low-budget film"
        }, 
        {
            "annotations": [
                {
                    "begin": 2452, 
                    "end": 2457, 
                    "score": 0.05802612751722336, 
                    "spot": "doubt"
                }
            ], 
            "wiki_id": 306291, 
            "wiki_title": "Doubt"
        }, 
        {
            "annotations": [
                {
                    "begin": 360, 
                    "end": 376, 
                    "score": 0.23471778631210327, 
                    "spot": "Washington state"
                }
            ], 
            "wiki_id": 13015878, 
            "wiki_title": "Washington (state)"
        }, 
        {
            "annotations": [
                {
                    "begin": 726, 
                    "end": 731, 
                    "score": 0.24902456998825073, 
                    "spot": "Texas"
                }
            ], 
            "wiki_id": 29810, 
            "wiki_title": "Texas"
        }, 
        {
            "annotations": [
                {
                    "begin": 2838, 
                    "end": 2843, 
                    "score": 0.005421184469014406, 
                    "spot": "silly"
                }
            ], 
            "wiki_id": 992125, 
            "wiki_title": "Silly (band)"
        }, 
        {
            "annotations": [
                {
                    "begin": 2307, 
                    "end": 2310, 
                    "score": 0.1079210638999939, 
                    "spot": "who"
                }
            ], 
            "wiki_id": 33583, 
            "wiki_title": "World Health Organization"
        }, 
        {
            "annotations": [
                {
                    "begin": 842, 
                    "end": 848, 
                    "score": 0.09790710359811783, 
                    "spot": "slides"
                }
            ], 
            "wiki_id": 37208, 
            "wiki_title": "Landslide"
        }, 
        {
            "annotations": [
                {
                    "begin": 400, 
                    "end": 411, 
                    "score": 0.06396780163049698, 
                    "spot": "alternative"
                }
            ], 
            "wiki_id": 430611, 
            "wiki_title": "Alternative culture"
        }, 
        {
            "annotations": [
                {
                    "begin": 2520, 
                    "end": 2533, 
                    "score": 0.09692191332578659, 
                    "spot": "establishment"
                }
            ], 
            "wiki_id": 39206, 
            "wiki_title": "Business"
        }, 
        {
            "annotations": [
                {
                    "begin": 1800, 
                    "end": 1807, 
                    "score": 0.4228541851043701, 
                    "spot": "Indiana"
                }
            ], 
            "wiki_id": 21883857, 
            "wiki_title": "Indiana"
        }, 
        {
            "annotations": [
                {
                    "begin": 2669, 
                    "end": 2671, 
                    "score": 0.05076136440038681, 
                    "spot": "up"
                }
            ], 
            "wiki_id": 164671, 
            "wiki_title": "Union Pacific Railroad"
        }, 
        {
            "annotations": [
                {
                    "begin": 2489, 
                    "end": 2493, 
                    "score": 0.07569099217653275, 
                    "spot": "rest"
                }
            ], 
            "wiki_id": 17503, 
            "wiki_title": "Leisure"
        }, 
        {
            "annotations": [
                {
                    "begin": 2501, 
                    "end": 2506, 
                    "score": 0.004809388425201178, 
                    "spot": "state"
                }
            ], 
            "wiki_id": 285512, 
            "wiki_title": "State (computer science)"
        }, 
        {
            "annotations": [
                {
                    "begin": 2926, 
                    "end": 2934, 
                    "score": 0.1538461595773697, 
                    "spot": "fig-leaf"
                }
            ], 
            "wiki_id": 2527160, 
            "wiki_title": "Fig leaf"
        }, 
        {
            "annotations": [
                {
                    "begin": 1850, 
                    "end": 1856, 
                    "score": 0.006493506487458944, 
                    "spot": "meagre"
                }
            ], 
            "wiki_id": 226975, 
            "wiki_title": "Meagre set"
        }, 
        {
            "annotations": [
                {
                    "begin": 161, 
                    "end": 176, 
                    "score": 0.019672131165862083, 
                    "spot": "Trade Agreement"
                }, 
                {
                    "begin": 565, 
                    "end": 575, 
                    "score": 0.19333332777023315, 
                    "spot": "trade pact"
                }
            ], 
            "wiki_id": 217089, 
            "wiki_title": "Trade agreement"
        }, 
        {
            "annotations": [
                {
                    "begin": 2316, 
                    "end": 2322, 
                    "score": 0.001891451422125101, 
                    "spot": "follow"
                }
            ], 
            "wiki_id": 2034547, 
            "wiki_title": "We Are Not Alone (Breaking Benjamin album)"
        }, 
        {
            "annotations": [
                {
                    "begin": 156, 
                    "end": 166, 
                    "score": 0.46937626600265503, 
                    "spot": "Free Trade"
                }, 
                {
                    "begin": 560, 
                    "end": 570, 
                    "score": 0.5324410200119019, 
                    "spot": "free trade"
                }
            ], 
            "wiki_id": 59212, 
            "wiki_title": "Free trade"
        }, 
        {
            "annotations": [
                {
                    "begin": 2153, 
                    "end": 2160, 
                    "score": 0.0067139361053705215, 
                    "spot": "support"
                }
            ], 
            "wiki_id": 451135, 
            "wiki_title": "Stockport County F.C."
        }, 
        {
            "annotations": [
                {
                    "begin": 925, 
                    "end": 932, 
                    "score": 0.001692077494226396, 
                    "spot": "no more"
                }
            ], 
            "wiki_id": 6311129, 
            "wiki_title": "No More (Baby I'ma Do Right)"
        }, 
        {
            "annotations": [
                {
                    "begin": 2022, 
                    "end": 2038, 
                    "score": 0.04271356761455536, 
                    "spot": "conference calls"
                }
            ], 
            "wiki_id": 406758, 
            "wiki_title": "Conference call"
        }, 
        {
            "annotations": [
                {
                    "begin": 1203, 
                    "end": 1209, 
                    "score": 0.10302542895078659, 
                    "spot": "voters"
                }
            ], 
            "wiki_id": 99860, 
            "wiki_title": "Voting"
        }, 
        {
            "annotations": [
                {
                    "begin": 2203, 
                    "end": 2210, 
                    "score": 0.03044026717543602, 
                    "spot": "hopeful"
                }
            ], 
            "wiki_id": 3490864, 
            "wiki_title": "Hopeful Stakes"
        }, 
        {
            "annotations": [
                {
                    "begin": 1033, 
                    "end": 1040, 
                    "score": 0.002504553645849228, 
                    "spot": "mount\na"
                }
            ], 
            "wiki_id": 14416969, 
            "wiki_title": "Mount A (album)"
        }, 
        {
            "annotations": [
                {
                    "begin": 2805, 
                    "end": 2812, 
                    "score": 0.12687544524669647, 
                    "spot": "leaders"
                }
            ], 
            "wiki_id": 130918, 
            "wiki_title": "Leadership"
        }, 
        {
            "annotations": [
                {
                    "begin": 636, 
                    "end": 642, 
                    "score": 0.013173707760870457, 
                    "spot": "floods"
                }
            ], 
            "wiki_id": 30234931, 
            "wiki_title": "2010\u201311 Queensland floods"
        }, 
        {
            "annotations": [
                {
                    "begin": 1837, 
                    "end": 1843, 
                    "score": 0.0014255167916417122, 
                    "spot": "pooled"
                }
            ], 
            "wiki_id": 43006637, 
            "wiki_title": "Mining pool"
        }, 
        {
            "annotations": [
                {
                    "begin": 1742, 
                    "end": 1750, 
                    "score": 0.0007673195214010775, 
                    "spot": "speeches"
                }
            ], 
            "wiki_id": 25084, 
            "wiki_title": "Public speaking"
        }, 
        {
            "annotations": [
                {
                    "begin": 955, 
                    "end": 961, 
                    "score": 0.19134585559368134, 
                    "spot": "Pounds"
                }
            ], 
            "wiki_id": 270673, 
            "wiki_title": "Pound sterling"
        }, 
        {
            "annotations": [
                {
                    "begin": 1595, 
                    "end": 1603, 
                    "score": 0.07367847859859467, 
                    "spot": "Congress"
                }, 
                {
                    "begin": 2123, 
                    "end": 2134, 
                    "score": 0.14834831655025482, 
                    "spot": "congressman"
                }
            ], 
            "wiki_id": 31756, 
            "wiki_title": "United States Congress"
        }, 
        {
            "annotations": [
                {
                    "begin": 1389, 
                    "end": 1396, 
                    "score": 0.05205292999744415, 
                    "spot": "surveys"
                }
            ], 
            "wiki_id": 272134, 
            "wiki_title": "Survey methodology"
        }, 
        {
            "annotations": [
                {
                    "begin": 2553, 
                    "end": 2563, 
                    "score": 0.033123843371868134, 
                    "spot": "conclusion"
                }
            ], 
            "wiki_id": 37531624, 
            "wiki_title": "Logical consequence"
        }, 
        {
            "annotations": [
                {
                    "begin": 2663, 
                    "end": 2668, 
                    "score": 0.07302308082580566, 
                    "spot": "crank"
                }
            ], 
            "wiki_id": 893808, 
            "wiki_title": "Robots (2005 film)"
        }, 
        {
            "annotations": [
                {
                    "begin": 1102, 
                    "end": 1108, 
                    "score": 0.09078555554151535, 
                    "spot": "public"
                }
            ], 
            "wiki_id": 471603, 
            "wiki_title": "State school"
        }, 
        {
            "annotations": [
                {
                    "begin": 1288, 
                    "end": 1297, 
                    "score": 0.10780525952577591, 
                    "spot": "last week"
                }
            ], 
            "wiki_id": 41923028, 
            "wiki_title": "Last Week Tonight with John Oliver"
        }, 
        {
            "annotations": [
                {
                    "begin": 2001, 
                    "end": 2011, 
                    "score": 0.0005875440547242761, 
                    "spot": "organisers"
                }
            ], 
            "wiki_id": 17275007, 
            "wiki_title": "European Rugby Cup"
        }, 
        {
            "annotations": [
                {
                    "begin": 2215, 
                    "end": 2229, 
                    "score": 0.5, 
                    "spot": "Kathleen Brown"
                }
            ], 
            "wiki_id": 946320, 
            "wiki_title": "Kathleen Brown"
        }, 
        {
            "annotations": [
                {
                    "begin": 1049, 
                    "end": 1057, 
                    "score": 0.00648225424811244, 
                    "spot": "campaign"
                }, 
                {
                    "begin": 1889, 
                    "end": 1897, 
                    "score": 0.12274691462516785, 
                    "spot": "campaign"
                }
            ], 
            "wiki_id": 519775, 
            "wiki_title": "Political campaign"
        }, 
        {
            "annotations": [
                {
                    "begin": 2432, 
                    "end": 2437, 
                    "score": 0.1429523527622223, 
                    "spot": "Brown"
                }
            ], 
            "wiki_id": 4157, 
            "wiki_title": "Brown University"
        }, 
        {
            "annotations": [
                {
                    "begin": 1672, 
                    "end": 1680, 
                    "score": 0.002962640020996332, 
                    "spot": "contrast"
                }
            ], 
            "wiki_id": 1323496, 
            "wiki_title": "Exonym and endonym"
        }, 
        {
            "annotations": [
                {
                    "begin": 1857, 
                    "end": 1866, 
                    "score": 0.0020536992233246565, 
                    "spot": "resources"
                }
            ], 
            "wiki_id": 10368228, 
            "wiki_title": "Resource"
        }, 
        {
            "annotations": [
                {
                    "begin": 832, 
                    "end": 837, 
                    "score": 0.0034253597259521484, 
                    "spot": "films"
                }
            ], 
            "wiki_id": 21556842, 
            "wiki_title": "Photographic film"
        }, 
        {
            "annotations": [
                {
                    "begin": 628, 
                    "end": 635, 
                    "score": 0.0014537181705236435, 
                    "spot": "produce"
                }
            ], 
            "wiki_id": 13228814, 
            "wiki_title": "Production (economics)"
        }, 
        {
            "annotations": [
                {
                    "begin": 1569, 
                    "end": 1577, 
                    "score": 0.13405367732048035, 
                    "spot": "shepherd"
                }
            ], 
            "wiki_id": 21188297, 
            "wiki_title": "Shepherd"
        }, 
        {
            "annotations": [
                {
                    "begin": 2138, 
                    "end": 2142, 
                    "score": 0.042513519525527954, 
                    "spot": "back"
                }
            ], 
            "wiki_id": 295079, 
            "wiki_title": "Running back"
        }, 
        {
            "annotations": [
                {
                    "begin": 2363, 
                    "end": 2371, 
                    "score": 0.029411764815449715, 
                    "spot": "Mr Craig"
                }
            ], 
            "wiki_id": 10858195, 
            "wiki_title": "Jerry Jacks"
        }, 
        {
            "annotations": [
                {
                    "begin": 2818, 
                    "end": 2822, 
                    "score": 0.00125021836720407, 
                    "spot": "side"
                }
            ], 
            "wiki_id": 2552713, 
            "wiki_title": "Secretariat of Intelligence"
        }, 
        {
            "annotations": [
                {
                    "begin": 282, 
                    "end": 285, 
                    "score": 0.0705842599272728, 
                    "spot": "one"
                }, 
                {
                    "begin": 2781, 
                    "end": 2784, 
                    "score": 0.11100088804960251, 
                    "spot": "one"
                }
            ], 
            "wiki_id": 102459, 
            "wiki_title": "One-party state"
        }, 
        {
            "annotations": [
                {
                    "begin": 744, 
                    "end": 754, 
                    "score": 0.033824414014816284, 
                    "spot": "opposition"
                }, 
                {
                    "begin": 1686, 
                    "end": 1696, 
                    "score": 0.07802604138851166, 
                    "spot": "opposition"
                }
            ], 
            "wiki_id": 3379016, 
            "wiki_title": "Opposition (politics)"
        }, 
        {
            "annotations": [
                {
                    "begin": 1450, 
                    "end": 1457, 
                    "score": 0.004414186347275972, 
                    "spot": "believe"
                }
            ], 
            "wiki_id": 39371476, 
            "wiki_title": "Believe (TV series)"
        }, 
        {
            "annotations": [
                {
                    "begin": 441, 
                    "end": 443, 
                    "score": 0.0013314478565007448, 
                    "spot": "Mr"
                }
            ], 
            "wiki_id": 280679, 
            "wiki_title": "McCune\u2013Reischauer"
        }, 
        {
            "annotations": [
                {
                    "begin": 938, 
                    "end": 945, 
                    "score": 0.13518929481506348, 
                    "spot": "Dollars"
                }, 
                {
                    "begin": 1118, 
                    "end": 1120, 
                    "score": 0.09877044707536697, 
                    "spot": "US"
                }, 
                {
                    "begin": 1312, 
                    "end": 1316, 
                    "score": 0.10701580345630646, 
                    "spot": "cent"
                }, 
                {
                    "begin": 1474, 
                    "end": 1476, 
                    "score": 0.09938766062259674, 
                    "spot": "US"
                }
            ], 
            "wiki_id": 18717338, 
            "wiki_title": "United States dollar"
        }, 
        {
            "annotations": [
                {
                    "begin": 735, 
                    "end": 743, 
                    "score": 0.002487562131136656, 
                    "spot": "mobilise"
                }
            ], 
            "wiki_id": 27277727, 
            "wiki_title": "Mobilise"
        }, 
        {
            "annotations": [
                {
                    "begin": 2750, 
                    "end": 2757, 
                    "score": 0.10294168442487717, 
                    "spot": "details"
                }
            ], 
            "wiki_id": 924170, 
            "wiki_title": "Elections in the United States"
        }, 
        {
            "annotations": [
                {
                    "begin": 546, 
                    "end": 552, 
                    "score": 0.04638126492500305, 
                    "spot": "dishes"
                }
            ], 
            "wiki_id": 418713, 
            "wiki_title": "Polish cuisine"
        }, 
        {
            "annotations": [
                {
                    "begin": 811, 
                    "end": 815, 
                    "score": 0.021049633622169495, 
                    "spot": "town"
                }
            ], 
            "wiki_id": 52911, 
            "wiki_title": "Town"
        }, 
        {
            "annotations": [
                {
                    "begin": 856, 
                    "end": 881, 
                    "score": 0.2001921385526657, 
                    "spot": "environmental degradation"
                }
            ], 
            "wiki_id": 846000, 
            "wiki_title": "Environmental degradation"
        }, 
        {
            "annotations": [
                {
                    "begin": 194, 
                    "end": 210, 
                    "score": 0.019784172996878624, 
                    "spot": "signing ceremony"
                }
            ], 
            "wiki_id": 13044685, 
            "wiki_title": "Signing ceremony"
        }, 
        {
            "annotations": [
                {
                    "begin": 1093, 
                    "end": 1101, 
                    "score": 0.19801613688468933, 
                    "spot": "American"
                }, 
                {
                    "begin": 1949, 
                    "end": 1955, 
                    "score": 0.008074489422142506, 
                    "spot": "states"
                }
            ], 
            "wiki_id": 3434750, 
            "wiki_title": "United States"
        }, 
        {
            "annotations": [
                {
                    "begin": 1069, 
                    "end": 1085, 
                    "score": 0.1383228898048401, 
                    "spot": "hearts and minds"
                }
            ], 
            "wiki_id": 1828366, 
            "wiki_title": "Hearts and Minds (Vietnam)"
        }, 
        {
            "annotations": [
                {
                    "begin": 2871, 
                    "end": 2874, 
                    "score": 0.06098316237330437, 
                    "spot": "old"
                }
            ], 
            "wiki_id": 229060, 
            "wiki_title": "Old age"
        }, 
        {
            "annotations": [
                {
                    "begin": 2042, 
                    "end": 2046, 
                    "score": 0.08610515296459198, 
                    "spot": "plot"
                }
            ], 
            "wiki_id": 255991, 
            "wiki_title": "Narrative"
        }, 
        {
            "annotations": [
                {
                    "begin": 2640, 
                    "end": 2645, 
                    "score": 0.022604217752814293, 
                    "spot": "sides"
                }
            ], 
            "wiki_id": 13755, 
            "wiki_title": "Hull (watercraft)"
        }, 
        {
            "annotations": [
                {
                    "begin": 2767, 
                    "end": 2779, 
                    "score": 0.5, 
                    "spot": "Lori\nWallach"
                }
            ], 
            "wiki_id": 42873648, 
            "wiki_title": "Lori Wallach"
        }, 
        {
            "annotations": [
                {
                    "begin": 2330, 
                    "end": 2341, 
                    "score": 0.07673798501491547, 
                    "spot": "fundraising"
                }
            ], 
            "wiki_id": 917917, 
            "wiki_title": "Fundraising"
        }, 
        {
            "annotations": [
                {
                    "begin": 2678, 
                    "end": 2686, 
                    "score": 0.14622649550437927, 
                    "spot": "lobbying"
                }
            ], 
            "wiki_id": 48934, 
            "wiki_title": "Lobbying"
        }, 
        {
            "annotations": [
                {
                    "begin": 981, 
                    "end": 985, 
                    "score": 0.11293646693229675, 
                    "spot": "cash"
                }
            ], 
            "wiki_id": 8983183, 
            "wiki_title": "Money"
        }, 
        {
            "annotations": [
                {
                    "begin": 780, 
                    "end": 787, 
                    "score": 0.0012597140157595277, 
                    "spot": "centres"
                }
            ], 
            "wiki_id": 1195281, 
            "wiki_title": "Rugby league positions"
        }, 
        {
            "annotations": [
                {
                    "begin": 905, 
                    "end": 915, 
                    "score": 0.13042305409908295, 
                    "spot": "shoestring"
                }
            ], 
            "wiki_id": 2561130, 
            "wiki_title": "Harbor Gateway, Los Angeles"
        }, 
        {
            "annotations": [
                {
                    "begin": 2047, 
                    "end": 2057, 
                    "score": 0.16841714084148407, 
                    "spot": "strategies"
                }
            ], 
            "wiki_id": 239450, 
            "wiki_title": "Strategic management"
        }, 
        {
            "annotations": [
                {
                    "begin": 1477, 
                    "end": 1481, 
                    "score": 0.1456347107887268, 
                    "spot": "jobs"
                }
            ], 
            "wiki_id": 314993, 
            "wiki_title": "Employment"
        }, 
        {
            "annotations": [
                {
                    "begin": 2700, 
                    "end": 2710, 
                    "score": 0.06359143555164337, 
                    "spot": "opposition"
                }, 
                {
                    "begin": 2792, 
                    "end": 2802, 
                    "score": 0.21711550652980804, 
                    "spot": "opposition"
                }
            ], 
            "wiki_id": 310605, 
            "wiki_title": "Opposition (parliamentary)"
        }, 
        {
            "annotations": [
                {
                    "begin": 620, 
                    "end": 627, 
                    "score": 0.19873806834220886, 
                    "spot": "Mexican"
                }
            ], 
            "wiki_id": 20167, 
            "wiki_title": "Mexican cuisine"
        }, 
        {
            "annotations": [
                {
                    "begin": 1939, 
                    "end": 1948, 
                    "score": 0.027180783450603485, 
                    "spot": "Forty-one"
                }
            ], 
            "wiki_id": 21156145, 
            "wiki_title": "41 (number)"
        }, 
        {
            "annotations": [
                {
                    "begin": 232, 
                    "end": 239, 
                    "score": 0.07228560000658035, 
                    "spot": "warning"
                }
            ], 
            "wiki_id": 197906, 
            "wiki_title": "Warning (Green Day album)"
        }, 
        {
            "annotations": [
                {
                    "begin": 1266, 
                    "end": 1273, 
                    "score": 0.11527524888515472, 
                    "spot": "Journal"
                }
            ], 
            "wiki_id": 37316, 
            "wiki_title": "Scientific journal"
        }, 
        {
            "annotations": [
                {
                    "begin": 586, 
                    "end": 593, 
                    "score": 0.11817996203899384, 
                    "spot": "reality"
                }
            ], 
            "wiki_id": 3417455, 
            "wiki_title": "Northgate Information Solutions"
        }, 
        {
            "annotations": [
                {
                    "begin": 2099, 
                    "end": 2107, 
                    "score": 0.057174231857061386, 
                    "spot": "protests"
                }
            ], 
            "wiki_id": 15485731, 
            "wiki_title": "1968 Democratic National Convention protest activity"
        }, 
        {
            "annotations": [
                {
                    "begin": 2442, 
                    "end": 2451, 
                    "score": 0.01845029555261135, 
                    "spot": "expressed"
                }
            ], 
            "wiki_id": 159266, 
            "wiki_title": "Gene expression"
        }, 
        {
            "annotations": [
                {
                    "begin": 1469, 
                    "end": 1473, 
                    "score": 0.09642332047224045, 
                    "spot": "cost"
                }
            ], 
            "wiki_id": 166789, 
            "wiki_title": "Cost"
        }, 
        {
            "annotations": [
                {
                    "begin": 1223, 
                    "end": 1231, 
                    "score": 0.17748716473579407, 
                    "spot": "Congress"
                }
            ], 
            "wiki_id": 36546, 
            "wiki_title": "Congress"
        }, 
        {
            "annotations": [
                {
                    "begin": 2258, 
                    "end": 2269, 
                    "score": 0.915427029132843, 
                    "spot": "Jerry Brown"
                }
            ], 
            "wiki_id": 175220, 
            "wiki_title": "Jerry Brown"
        }, 
        {
            "annotations": [
                {
                    "begin": 1987, 
                    "end": 1996, 
                    "score": 0.008324077352881432, 
                    "spot": "two\nweeks"
                }
            ], 
            "wiki_id": 43435343, 
            "wiki_title": "Two Weeks (FKA twigs song)"
        }, 
        {
            "annotations": [
                {
                    "begin": 1777, 
                    "end": 1783, 
                    "score": 0.06818182021379471, 
                    "spot": "Mr Jim"
                }
            ], 
            "wiki_id": 4779246, 
            "wiki_title": "Jim Catania"
        }, 
        {
            "annotations": [
                {
                    "begin": 1320, 
                    "end": 1333, 
                    "score": 0.06475593149662018, 
                    "spot": "all\nAmericans"
                }
            ], 
            "wiki_id": 735314, 
            "wiki_title": "All-America"
        }, 
        {
            "annotations": [
                {
                    "begin": 1663, 
                    "end": 1667, 
                    "score": 0.001178865204565227, 
                    "spot": "task"
                }
            ], 
            "wiki_id": 1655191, 
            "wiki_title": "Task (computing)"
        }, 
        {
            "annotations": [
                {
                    "begin": 23, 
                    "end": 30, 
                    "score": 0.20980185270309448, 
                    "spot": "leaders"
                }
            ], 
            "wiki_id": 409347, 
            "wiki_title": "Independence Party (Iceland)"
        }, 
        {
            "annotations": [
                {
                    "begin": 2592, 
                    "end": 2596, 
                    "score": 0.03222782537341118, 
                    "spot": "side"
                }
            ], 
            "wiki_id": 156541, 
            "wiki_title": "A-side and B-side"
        }, 
        {
            "annotations": [
                {
                    "begin": 4, 
                    "end": 14, 
                    "score": 0.18594789505004883, 
                    "spot": "California"
                }, 
                {
                    "begin": 711, 
                    "end": 721, 
                    "score": 0.29476234316825867, 
                    "spot": "California"
                }, 
                {
                    "begin": 2178, 
                    "end": 2188, 
                    "score": 0.3325204849243164, 
                    "spot": "California"
                }, 
                {
                    "begin": 2395, 
                    "end": 2405, 
                    "score": 0.19850045442581177, 
                    "spot": "California"
                }
            ], 
            "wiki_id": 5407, 
            "wiki_title": "California"
        }, 
        {
            "annotations": [
                {
                    "begin": 2017, 
                    "end": 2021, 
                    "score": 0.0014563171425834298, 
                    "spot": "long"
                }
            ], 
            "wiki_id": 5090199, 
            "wiki_title": "Length overall"
        }, 
        {
            "annotations": [
                {
                    "begin": 1250, 
                    "end": 1253, 
                    "score": 0.5572410821914673, 
                    "spot": "NBC"
                }
            ], 
            "wiki_id": 21780, 
            "wiki_title": "NBC"
        }, 
        {
            "annotations": [
                {
                    "begin": 444, 
                    "end": 455, 
                    "score": 0.7448821067810059, 
                    "spot": "Rufus Yerxa"
                }
            ], 
            "wiki_id": 10991434, 
            "wiki_title": "Rufus Yerxa"
        }, 
        {
            "annotations": [
                {
                    "begin": 531, 
                    "end": 538, 
                    "score": 0.0013891550479456782, 
                    "spot": "content"
                }
            ], 
            "wiki_id": 1563600, 
            "wiki_title": "Content word"
        }, 
        {
            "annotations": [
                {
                    "begin": 522, 
                    "end": 530, 
                    "score": 0.07552837580442429, 
                    "spot": "chemical"
                }
            ], 
            "wiki_id": 9722260, 
            "wiki_title": "Chemical substance"
        }, 
        {
            "annotations": [
                {
                    "begin": 110, 
                    "end": 128, 
                    "score": 0.26150771975517273, 
                    "spot": "Declaration of War"
                }
            ], 
            "wiki_id": 261939, 
            "wiki_title": "Declaration of war"
        }, 
        {
            "annotations": [
                {
                    "begin": 16, 
                    "end": 22, 
                    "score": 0.21086770296096802, 
                    "spot": "labour"
                }, 
                {
                    "begin": 2611, 
                    "end": 2617, 
                    "score": 0.24972805380821228, 
                    "spot": "labour"
                }
            ], 
            "wiki_id": 18178, 
            "wiki_title": "Labour economics"
        }, 
        {
            "annotations": [
                {
                    "begin": 1496, 
                    "end": 1518, 
                    "score": 0.33043578267097473, 
                    "spot": "Clinton administration"
                }
            ], 
            "wiki_id": 3356, 
            "wiki_title": "Bill Clinton"
        }, 
        {
            "annotations": [
                {
                    "begin": 2509, 
                    "end": 2519, 
                    "score": 0.1718587726354599, 
                    "spot": "Democratic"
                }
            ], 
            "wiki_id": 5043544, 
            "wiki_title": "Democratic Party (United States)"
        }, 
        {
            "annotations": [
                {
                    "begin": 2168, 
                    "end": 2172, 
                    "score": 0.00870827678591013, 
                    "spot": "deal"
                }, 
                {
                    "begin": 2597, 
                    "end": 2607, 
                    "score": 0.15410664677619934, 
                    "spot": "agreements"
                }
            ], 
            "wiki_id": 19280537, 
            "wiki_title": "Contract"
        }, 
        {
            "annotations": [
                {
                    "begin": 1351, 
                    "end": 1355, 
                    "score": 0.03942262753844261, 
                    "spot": "pact"
                }, 
                {
                    "begin": 2468, 
                    "end": 2472, 
                    "score": 0.08280576020479202, 
                    "spot": "pact"
                }
            ], 
            "wiki_id": 30432, 
            "wiki_title": "Treaty"
        }, 
        {
            "annotations": [
                {
                    "begin": 1560, 
                    "end": 1564, 
                    "score": 0.12227606028318405, 
                    "spot": "czar"
                }, 
                {
                    "begin": 1716, 
                    "end": 1720, 
                    "score": 0.20416247844696045, 
                    "spot": "czar"
                }
            ], 
            "wiki_id": 39879893, 
            "wiki_title": "Tsar"
        }, 
        {
            "annotations": [
                {
                    "begin": 2846, 
                    "end": 2854, 
                    "score": 0.00160633132327348, 
                    "spot": "she said"
                }
            ], 
            "wiki_id": 26449392, 
            "wiki_title": "She Said"
        }, 
        {
            "annotations": [
                {
                    "begin": 2383, 
                    "end": 2391, 
                    "score": 0.062433741986751556, 
                    "spot": "director"
                }
            ], 
            "wiki_id": 52234, 
            "wiki_title": "Chief executive officer"
        }, 
        {
            "annotations": [
                {
                    "begin": 1411, 
                    "end": 1415, 
                    "score": 0.019651757553219795, 
                    "spot": "cent"
                }
            ], 
            "wiki_id": 269036, 
            "wiki_title": "Cent (music)"
        }, 
        {
            "annotations": [
                {
                    "begin": 1641, 
                    "end": 1647, 
                    "score": 0.0006289308075793087, 
                    "spot": "anyone"
                }
            ], 
            "wiki_id": 28673799, 
            "wiki_title": "To Anyone"
        }, 
        {
            "annotations": [
                {
                    "begin": 1189, 
                    "end": 1198, 
                    "score": 0.003376623382791877, 
                    "spot": "bypassing"
                }
            ], 
            "wiki_id": 3220876, 
            "wiki_title": "Bypass (road)"
        }, 
        {
            "annotations": [
                {
                    "begin": 1898, 
                    "end": 1904, 
                    "score": 0.05158218741416931, 
                    "spot": "office"
                }
            ], 
            "wiki_id": 382507, 
            "wiki_title": "Office"
        }, 
        {
            "annotations": [
                {
                    "begin": 885, 
                    "end": 891, 
                    "score": 0.2796117961406708, 
                    "spot": "Mexico"
                }
            ], 
            "wiki_id": 3966054, 
            "wiki_title": "Mexico"
        }, 
        {
            "annotations": [
                {
                    "begin": 811, 
                    "end": 823, 
                    "score": 0.0089108906686306, 
                    "spot": "town to town"
                }
            ], 
            "wiki_id": 5256763, 
            "wiki_title": "Town to Town"
        }, 
        {
            "annotations": [
                {
                    "begin": 1337, 
                    "end": 1343, 
                    "score": 0.25, 
                    "spot": "favour"
                }
            ], 
            "wiki_id": 30850689, 
            "wiki_title": "John Favour"
        }, 
        {
            "annotations": [
                {
                    "begin": 2875, 
                    "end": 2879, 
                    "score": 0.15120011568069458, 
                    "spot": "Bush"
                }
            ], 
            "wiki_id": 3414021, 
            "wiki_title": "George W. Bush"
        }, 
        {
            "annotations": [
                {
                    "begin": 553, 
                    "end": 555, 
                    "score": 0.0010810111416503787, 
                    "spot": "if"
                }
            ], 
            "wiki_id": 83139, 
            "wiki_title": "Intermediate frequency"
        }, 
        {
            "annotations": [
                {
                    "begin": 2292, 
                    "end": 2305, 
                    "score": 0.14544114470481873, 
                    "spot": "demonstrators"
                }
            ], 
            "wiki_id": 6787314, 
            "wiki_title": "Demonstration (protest)"
        }, 
        {
            "annotations": [
                {
                    "begin": 1254, 
                    "end": 1273, 
                    "score": 0.41465508937835693, 
                    "spot": "Wall Street Journal"
                }
            ], 
            "wiki_id": 173070, 
            "wiki_title": "The Wall Street Journal"
        }, 
        {
            "annotations": [
                {
                    "begin": 1274, 
                    "end": 1278, 
                    "score": 0.09816217422485352, 
                    "spot": "poll"
                }
            ], 
            "wiki_id": 277315, 
            "wiki_title": "Opinion poll"
        }, 
        {
            "annotations": [
                {
                    "begin": 1762, 
                    "end": 1769, 
                    "score": 0.08076024800539017, 
                    "spot": "country"
                }, 
                {
                    "begin": 2081, 
                    "end": 2088, 
                    "score": 0.08819972723722458, 
                    "spot": "country"
                }
            ], 
            "wiki_id": 21627, 
            "wiki_title": "Nation state"
        }, 
        {
            "annotations": [
                {
                    "begin": 2564, 
                    "end": 2573, 
                    "score": 0.10128974169492722, 
                    "spot": "this week"
                }
            ], 
            "wiki_id": 1139893, 
            "wiki_title": "BBC News"
        }, 
        {
            "annotations": [
                {
                    "begin": 1359, 
                    "end": 1365, 
                    "score": 0.0005647058715112507, 
                    "spot": "slight"
                }
            ], 
            "wiki_id": 973614, 
            "wiki_title": "Slighting"
        }, 
        {
            "annotations": [
                {
                    "begin": 2829, 
                    "end": 2833, 
                    "score": 0.0018194559961557388, 
                    "spot": "will"
                }
            ], 
            "wiki_id": 41353795, 
            "wiki_title": "A Will"
        }, 
        {
            "annotations": [
                {
                    "begin": 461, 
                    "end": 491, 
                    "score": 0.6666666865348816, 
                    "spot": "Deputy US Trade Representative"
                }, 
                {
                    "begin": 468, 
                    "end": 491, 
                    "score": 0.2642045319080353, 
                    "spot": "US Trade Representative"
                }, 
                {
                    "begin": 471, 
                    "end": 491, 
                    "score": 0.029126213863492012, 
                    "spot": "Trade Representative"
                }
            ], 
            "wiki_id": 211349, 
            "wiki_title": "Office of the United States Trade Representative"
        }, 
        {
            "annotations": [
                {
                    "begin": 1910, 
                    "end": 1915, 
                    "score": 0.07325872778892517, 
                    "spot": "field"
                }
            ], 
            "wiki_id": 14924067, 
            "wiki_title": "Discipline (academia)"
        }, 
        {
            "annotations": [
                {
                    "begin": 412, 
                    "end": 417, 
                    "score": 0.11761566996574402, 
                    "spot": "menus"
                }
            ], 
            "wiki_id": 406264, 
            "wiki_title": "Menu"
        }, 
        {
            "annotations": [
                {
                    "begin": 2419, 
                    "end": 2427, 
                    "score": 0.15827246010303497, 
                    "spot": "Campaign"
                }
            ], 
            "wiki_id": 26561880, 
            "wiki_title": "Advocacy group"
        }, 
        {
            "annotations": [
                {
                    "begin": 32, 
                    "end": 49, 
                    "score": 0.22533449530601501, 
                    "spot": "environmentalists"
                }, 
                {
                    "begin": 2622, 
                    "end": 2633, 
                    "score": 0.13942177593708038, 
                    "spot": "environment"
                }
            ], 
            "wiki_id": 1866009, 
            "wiki_title": "Environmentalism"
        }, 
        {
            "annotations": [
                {
                    "begin": 512, 
                    "end": 521, 
                    "score": 0.09410835057497025, 
                    "spot": "potential"
                }
            ], 
            "wiki_id": 24698646, 
            "wiki_title": "Potential"
        }, 
        {
            "annotations": [
                {
                    "begin": 2089, 
                    "end": 2092, 
                    "score": 0.0734224021434784, 
                    "spot": "say"
                }
            ], 
            "wiki_id": 46789, 
            "wiki_title": "Jean-Baptiste Say"
        }, 
        {
            "annotations": [
                {
                    "begin": 1464, 
                    "end": 1468, 
                    "score": 0.03731059283018112, 
                    "spot": "will"
                }
            ], 
            "wiki_id": 47921, 
            "wiki_title": "Free will"
        }, 
        {
            "annotations": [
                {
                    "begin": 85, 
                    "end": 95, 
                    "score": 0.5, 
                    "spot": "Ross Perot"
                }
            ], 
            "wiki_id": 43505, 
            "wiki_title": "Ross Perot"
        }, 
        {
            "annotations": [
                {
                    "begin": 2174, 
                    "end": 2188, 
                    "score": 0.145777627825737, 
                    "spot": "One California"
                }
            ], 
            "wiki_id": 13570488, 
            "wiki_title": "One California"
        }, 
        {
            "annotations": [
                {
                    "begin": 793, 
                    "end": 797, 
                    "score": 0.029546018689870834, 
                    "spot": "vans"
                }
            ], 
            "wiki_id": 1233558, 
            "wiki_title": "Vans"
        }, 
        {
            "annotations": [
                {
                    "begin": 1288, 
                    "end": 1292, 
                    "score": 0.0010033606085926294, 
                    "spot": "last"
                }
            ], 
            "wiki_id": 39078347, 
            "wiki_title": "Peter R. Last"
        }, 
        {
            "annotations": [
                {
                    "begin": 1179, 
                    "end": 1187, 
                    "score": 0.07716434448957443, 
                    "spot": "millions"
                }
            ], 
            "wiki_id": 1045999, 
            "wiki_title": "Million"
        }, 
        {
            "annotations": [
                {
                    "begin": 1916, 
                    "end": 1937, 
                    "score": 0.5, 
                    "spot": "legislative directors"
                }
            ], 
            "wiki_id": 17418456, 
            "wiki_title": "Legislative assistant"
        }, 
        {
            "annotations": [
                {
                    "begin": 1519, 
                    "end": 1524, 
                    "score": 0.2293703407049179, 
                    "spot": "weeks"
                }
            ], 
            "wiki_id": 1136343, 
            "wiki_title": "Sinclair Weeks"
        }, 
        {
            "annotations": [
                {
                    "begin": 214, 
                    "end": 224, 
                    "score": 0.29733312129974365, 
                    "spot": "Sacramento"
                }
            ], 
            "wiki_id": 29631, 
            "wiki_title": "Sacramento, California"
        }, 
        {
            "annotations": [
                {
                    "begin": 1878, 
                    "end": 1881, 
                    "score": 0.0005181347369216383, 
                    "spot": "him"
                }
            ], 
            "wiki_id": 595284, 
            "wiki_title": "HIM (Finnish band)"
        }, 
        {
            "annotations": [
                {
                    "begin": 254, 
                    "end": 265, 
                    "score": 0.23586705327033997, 
                    "spot": "congressman"
                }, 
                {
                    "begin": 328, 
                    "end": 355, 
                    "score": 0.2915666401386261, 
                    "spot": "US House of Representatives"
                }, 
                {
                    "begin": 331, 
                    "end": 355, 
                    "score": 0.23725314438343048, 
                    "spot": "House of Representatives"
                }, 
                {
                    "begin": 1808, 
                    "end": 1819, 
                    "score": 0.258685827255249, 
                    "spot": "congressman"
                }
            ], 
            "wiki_id": 19468510, 
            "wiki_title": "United States House of Representatives"
        }, 
        {
            "annotations": [
                {
                    "begin": 2189, 
                    "end": 2202, 
                    "score": 0.1392129510641098, 
                    "spot": "gubernatorial"
                }, 
                {
                    "begin": 2249, 
                    "end": 2257, 
                    "score": 0.03442845866084099, 
                    "spot": "Governor"
                }
            ], 
            "wiki_id": 62517, 
            "wiki_title": "Governor of California"
        }, 
        {
            "annotations": [
                {
                    "begin": 768, 
                    "end": 779, 
                    "score": 0.02893628552556038, 
                    "spot": "information"
                }
            ], 
            "wiki_id": 36674345, 
            "wiki_title": "Information technology"
        }, 
        {
            "annotations": [
                {
                    "begin": 1235, 
                    "end": 1239, 
                    "score": 0.0734625831246376, 
                    "spot": "pass"
                }
            ], 
            "wiki_id": 7705854, 
            "wiki_title": "Passing (racial identity)"
        }, 
        {
            "annotations": [
                {
                    "begin": 1041, 
                    "end": 1048, 
                    "score": 0.0007923033554106951, 
                    "spot": "massive"
                }
            ], 
            "wiki_id": 454127, 
            "wiki_title": "MASSIVE (software)"
        }, 
        {
            "annotations": [
                {
                    "begin": 2143, 
                    "end": 2147, 
                    "score": 0.03810414671897888, 
                    "spot": "away"
                }
            ], 
            "wiki_id": 12725743, 
            "wiki_title": "Road (sports)"
        }, 
        {
            "annotations": [
                {
                    "begin": 267, 
                    "end": 269, 
                    "score": 0.07188230752944946, 
                    "spot": "Mr"
                }
            ], 
            "wiki_id": 464522, 
            "wiki_title": "Master of Laws"
        }, 
        {
            "annotations": [
                {
                    "begin": 2281, 
                    "end": 2288, 
                    "score": 0.09386521577835083, 
                    "spot": "stalked"
                }
            ], 
            "wiki_id": 25272420, 
            "wiki_title": "Stalking"
        }, 
        {
            "annotations": [
                {
                    "begin": 2232, 
                    "end": 2238, 
                    "score": 0.0022944980300962925, 
                    "spot": "sister"
                }
            ], 
            "wiki_id": 2438185, 
            "wiki_title": "Sister group"
        }, 
        {
            "annotations": [
                {
                    "begin": 1293, 
                    "end": 1297, 
                    "score": 0.09687809646129608, 
                    "spot": "week"
                }
            ], 
            "wiki_id": 2627062, 
            "wiki_title": "The Week"
        }, 
        {
            "annotations": [
                {
                    "begin": 243, 
                    "end": 251, 
                    "score": 0.32938385009765625, 
                    "spot": "the city"
                }
            ], 
            "wiki_id": 149109, 
            "wiki_title": "Carole King"
        }, 
        {
            "annotations": [
                {
                    "begin": 1058, 
                    "end": 1064, 
                    "score": 0.5, 
                    "spot": "to win"
                }
            ], 
            "wiki_id": 18663453, 
            "wiki_title": "To\u0142win"
        }, 
        {
            "annotations": [
                {
                    "begin": 141, 
                    "end": 176, 
                    "score": 0.5, 
                    "spot": "North\nAmerican Free Trade Agreement"
                }, 
                {
                    "begin": 315, 
                    "end": 320, 
                    "score": 0.2756321430206299, 
                    "spot": "Nafta"
                }, 
                {
                    "begin": 378, 
                    "end": 383, 
                    "score": 0.2110331654548645, 
                    "spot": "Nafta"
                }, 
                {
                    "begin": 996, 
                    "end": 1001, 
                    "score": 0.1935148537158966, 
                    "spot": "Nafta"
                }, 
                {
                    "begin": 1110, 
                    "end": 1115, 
                    "score": 0.20569157600402832, 
                    "spot": "Nafta"
                }, 
                {
                    "begin": 1240, 
                    "end": 1245, 
                    "score": 0.2781796455383301, 
                    "spot": "Nafta"
                }, 
                {
                    "begin": 1458, 
                    "end": 1463, 
                    "score": 0.1797427386045456, 
                    "spot": "Nafta"
                }, 
                {
                    "begin": 1554, 
                    "end": 1559, 
                    "score": 0.2461157590150833, 
                    "spot": "Nafta"
                }, 
                {
                    "begin": 1821, 
                    "end": 1826, 
                    "score": 0.23247548937797546, 
                    "spot": "Nafta"
                }, 
                {
                    "begin": 2059, 
                    "end": 2064, 
                    "score": 0.26050418615341187, 
                    "spot": "Nafta"
                }, 
                {
                    "begin": 2880, 
                    "end": 2885, 
                    "score": 0.2738315463066101, 
                    "spot": "Nafta"
                }
            ], 
            "wiki_id": 22050, 
            "wiki_title": "North American Free Trade Agreement"
        }, 
        {
            "annotations": [
                {
                    "begin": 2408, 
                    "end": 2418, 
                    "score": 0.28123027086257935, 
                    "spot": "Fair Trade"
                }
            ], 
            "wiki_id": 49147, 
            "wiki_title": "Fair trade"
        }, 
        {
            "annotations": [
                {
                    "begin": 2823, 
                    "end": 2828, 
                    "score": 0.0022727272007614374, 
                    "spot": "pacts"
                }
            ], 
            "wiki_id": 4161580, 
            "wiki_title": "Parliamentary Advisory Council for Transport Safety"
        }, 
        {
            "annotations": [
                {
                    "begin": 677, 
                    "end": 682, 
                    "score": 0.0016429353272542357, 
                    "spot": "drove"
                }
            ], 
            "wiki_id": 236469, 
            "wiki_title": "Run batted in"
        }, 
        {
            "annotations": [
                {
                    "begin": 667, 
                    "end": 676, 
                    "score": 0.185580775141716, 
                    "spot": "crusaders"
                }
            ], 
            "wiki_id": 4412145, 
            "wiki_title": "Crusades"
        }, 
        {
            "annotations": [
                {
                    "begin": 683, 
                    "end": 691, 
                    "score": 0.12369625270366669, 
                    "spot": "caravans"
                }
            ], 
            "wiki_id": 1299641, 
            "wiki_title": "The Caravans"
        }, 
        {
            "annotations": [
                {
                    "begin": 1145, 
                    "end": 1163, 
                    "score": 0.012115384452044964, 
                    "spot": "business community"
                }
            ], 
            "wiki_id": 17973218, 
            "wiki_title": "Business in the Community"
        }, 
        {
            "annotations": [
                {
                    "begin": 424, 
                    "end": 430, 
                    "score": 0.11284039914608002, 
                    "spot": "dinner"
                }
            ], 
            "wiki_id": 71691, 
            "wiki_title": "Dinner"
        }, 
        {
            "annotations": [
                {
                    "begin": 2012, 
                    "end": 2016, 
                    "score": 0.002660994417965412, 
                    "spot": "hold"
                }
            ], 
            "wiki_id": 6770068, 
            "wiki_title": "Senate hold"
        }, 
        {
            "annotations": [
                {
                    "begin": 2429, 
                    "end": 2431, 
                    "score": 0.17229203879833221, 
                    "spot": "Ms"
                }, 
                {
                    "begin": 2764, 
                    "end": 2766, 
                    "score": 0.08325682580471039, 
                    "spot": "Ms"
                }
            ], 
            "wiki_id": 170346, 
            "wiki_title": "Master's degree"
        }, 
        {
            "annotations": [
                {
                    "begin": 2372, 
                    "end": 2381, 
                    "score": 0.5, 
                    "spot": "Merrilees"
                }
            ], 
            "wiki_id": 31505531, 
            "wiki_title": "William Merrilees"
        }, 
        {
            "annotations": [
                {
                    "begin": 82, 
                    "end": 84, 
                    "score": 0.09896908700466156, 
                    "spot": "Mr"
                }
            ], 
            "wiki_id": 229971, 
            "wiki_title": "Mouvement R\u00e9formateur"
        }, 
        {
            "annotations": [
                {
                    "begin": 1780, 
                    "end": 1789, 
                    "score": 0.5, 
                    "spot": "Jim Jontz"
                }
            ], 
            "wiki_id": 5990783, 
            "wiki_title": "Jim Jontz"
        }, 
        {
            "annotations": [
                {
                    "begin": 700, 
                    "end": 709, 
                    "score": 0.3527912497520447, 
                    "spot": "Tennessee"
                }
            ], 
            "wiki_id": 30395, 
            "wiki_title": "Tennessee"
        }, 
        {
            "annotations": [
                {
                    "begin": 270, 
                    "end": 280, 
                    "score": 0.5, 
                    "spot": "Bob Matsui"
                }
            ], 
            "wiki_id": 408610, 
            "wiki_title": "Bob Matsui"
        }
    ]
}