{
    "tagme": [
        {
            "annotations": [
                {
                    "begin": 552, 
                    "end": 555, 
                    "score": 0.016449039801955223, 
                    "spot": "can"
                }
            ], 
            "wiki_id": 5042916, 
            "wiki_title": "Canada"
        }, 
        {
            "annotations": [
                {
                    "begin": 808, 
                    "end": 819, 
                    "score": 0.4552399814128876, 
                    "spot": "White House"
                }, 
                {
                    "begin": 993, 
                    "end": 1004, 
                    "score": 0.39134660363197327, 
                    "spot": "White House"
                }, 
                {
                    "begin": 1412, 
                    "end": 1423, 
                    "score": 0.2459700107574463, 
                    "spot": "White House"
                }, 
                {
                    "begin": 1745, 
                    "end": 1756, 
                    "score": 0.3111990690231323, 
                    "spot": "White House"
                }
            ], 
            "wiki_id": 33057, 
            "wiki_title": "White House"
        }, 
        {
            "annotations": [
                {
                    "begin": 187, 
                    "end": 207, 
                    "score": 0.4467008709907532, 
                    "spot": "Free Trade Agreement"
                }
            ], 
            "wiki_id": 10883, 
            "wiki_title": "Free trade area"
        }, 
        {
            "annotations": [
                {
                    "begin": 515, 
                    "end": 519, 
                    "score": 0.018617436289787292, 
                    "spot": "fold"
                }
            ], 
            "wiki_id": 763490, 
            "wiki_title": "Fold (geology)"
        }, 
        {
            "annotations": [
                {
                    "begin": 1351, 
                    "end": 1365, 
                    "score": 0.005030181258916855, 
                    "spot": "State by\nstate"
                }
            ], 
            "wiki_id": 20161572, 
            "wiki_title": "State by State"
        }, 
        {
            "annotations": [
                {
                    "begin": 1399, 
                    "end": 1404, 
                    "score": 0.003200393868610263, 
                    "spot": "lured"
                }
            ], 
            "wiki_id": 8202158, 
            "wiki_title": "Lured"
        }, 
        {
            "annotations": [
                {
                    "begin": 1340, 
                    "end": 1349, 
                    "score": 0.04183267056941986, 
                    "spot": "high gear"
                }
            ], 
            "wiki_id": 24576535, 
            "wiki_title": "High Gear (1933 film)"
        }, 
        {
            "annotations": [
                {
                    "begin": 1617, 
                    "end": 1621, 
                    "score": 0.003507028566673398, 
                    "spot": "gain"
                }
            ], 
            "wiki_id": 41968, 
            "wiki_title": "Gain (electronics)"
        }, 
        {
            "annotations": [
                {
                    "begin": 290, 
                    "end": 293, 
                    "score": 0.053959839046001434, 
                    "spot": "who"
                }
            ], 
            "wiki_id": 33583, 
            "wiki_title": "World Health Organization"
        }, 
        {
            "annotations": [
                {
                    "begin": 1937, 
                    "end": 1948, 
                    "score": 0.01171875, 
                    "spot": "one\nanother"
                }
            ], 
            "wiki_id": 21283574, 
            "wiki_title": "One to Another"
        }, 
        {
            "annotations": [
                {
                    "begin": 47, 
                    "end": 54, 
                    "score": 0.11499175429344177, 
                    "spot": "support"
                }
            ], 
            "wiki_id": 180546, 
            "wiki_title": "Child support"
        }, 
        {
            "annotations": [
                {
                    "begin": 979, 
                    "end": 987, 
                    "score": 0.02604486420750618, 
                    "spot": "scenario"
                }
            ], 
            "wiki_id": 1137997, 
            "wiki_title": "Screenwriting"
        }, 
        {
            "annotations": [
                {
                    "begin": 672, 
                    "end": 678, 
                    "score": 0.13856324553489685, 
                    "spot": "reason"
                }
            ], 
            "wiki_id": 42446, 
            "wiki_title": "Reason"
        }, 
        {
            "annotations": [
                {
                    "begin": 1464, 
                    "end": 1471, 
                    "score": 0.20526351034641266, 
                    "spot": "leaders"
                }
            ], 
            "wiki_id": 130918, 
            "wiki_title": "Leadership"
        }, 
        {
            "annotations": [
                {
                    "begin": 61, 
                    "end": 92, 
                    "score": 0.5, 
                    "spot": "North American\nDevelopment Bank"
                }, 
                {
                    "begin": 223, 
                    "end": 230, 
                    "score": 0.3333333432674408, 
                    "spot": "NADBank"
                }
            ], 
            "wiki_id": 9060811, 
            "wiki_title": "North American Development Bank"
        }, 
        {
            "annotations": [
                {
                    "begin": 331, 
                    "end": 342, 
                    "score": 0.18028569221496582, 
                    "spot": "institution"
                }
            ], 
            "wiki_id": 294833, 
            "wiki_title": "Institution"
        }, 
        {
            "annotations": [
                {
                    "begin": 240, 
                    "end": 258, 
                    "score": 0.002617801073938608, 
                    "spot": "strongly supported"
                }
            ], 
            "wiki_id": 3763850, 
            "wiki_title": "Resampling (statistics)"
        }, 
        {
            "annotations": [
                {
                    "begin": 192, 
                    "end": 207, 
                    "score": 0.019672131165862083, 
                    "spot": "Trade Agreement"
                }
            ], 
            "wiki_id": 217089, 
            "wiki_title": "Trade agreement"
        }, 
        {
            "annotations": [
                {
                    "begin": 1489, 
                    "end": 1496, 
                    "score": 0.08300308883190155, 
                    "spot": "Members"
                }
            ], 
            "wiki_id": 98066, 
            "wiki_title": "Member of parliament"
        }, 
        {
            "annotations": [
                {
                    "begin": 2188, 
                    "end": 2192, 
                    "score": 0.06610991060733795, 
                    "spot": "lost"
                }
            ], 
            "wiki_id": 16454230, 
            "wiki_title": "Lost (TV series)"
        }, 
        {
            "annotations": [
                {
                    "begin": 743, 
                    "end": 750, 
                    "score": 0.0006938937585800886, 
                    "spot": "pushing"
                }
            ], 
            "wiki_id": 43765390, 
            "wiki_title": "Pushing On"
        }, 
        {
            "annotations": [
                {
                    "begin": 111, 
                    "end": 119, 
                    "score": 0.1722230166196823, 
                    "spot": "projects"
                }
            ], 
            "wiki_id": 160483, 
            "wiki_title": "Project"
        }, 
        {
            "annotations": [
                {
                    "begin": 187, 
                    "end": 197, 
                    "score": 0.46937626600265503, 
                    "spot": "Free Trade"
                }, 
                {
                    "begin": 1833, 
                    "end": 1843, 
                    "score": 0.47202712297439575, 
                    "spot": "free trade"
                }
            ], 
            "wiki_id": 59212, 
            "wiki_title": "Free trade"
        }, 
        {
            "annotations": [
                {
                    "begin": 692, 
                    "end": 703, 
                    "score": 0.28524139523506165, 
                    "spot": "constituent"
                }, 
                {
                    "begin": 714, 
                    "end": 718, 
                    "score": 0.12247838824987411, 
                    "spot": "vote"
                }, 
                {
                    "begin": 1061, 
                    "end": 1065, 
                    "score": 0.11065550893545151, 
                    "spot": "vote"
                }, 
                {
                    "begin": 1123, 
                    "end": 1128, 
                    "score": 0.024822691455483437, 
                    "spot": "votes"
                }
            ], 
            "wiki_id": 99860, 
            "wiki_title": "Voting"
        }, 
        {
            "annotations": [
                {
                    "begin": 1765, 
                    "end": 1773, 
                    "score": 0.09303216636180878, 
                    "spot": "products"
                }
            ], 
            "wiki_id": 240410, 
            "wiki_title": "Product (business)"
        }, 
        {
            "annotations": [
                {
                    "begin": 581, 
                    "end": 586, 
                    "score": 0.030832329764962196, 
                    "spot": "votes"
                }
            ], 
            "wiki_id": 994892, 
            "wiki_title": "Voter registration"
        }, 
        {
            "annotations": [
                {
                    "begin": 1708, 
                    "end": 1714, 
                    "score": 0.09129122644662857, 
                    "spot": "speech"
                }, 
                {
                    "begin": 2158, 
                    "end": 2166, 
                    "score": 0.10278329253196716, 
                    "spot": "speakers"
                }
            ], 
            "wiki_id": 25084, 
            "wiki_title": "Public speaking"
        }, 
        {
            "annotations": [
                {
                    "begin": 1689, 
                    "end": 1695, 
                    "score": 0.0539468452334404, 
                    "spot": "second"
                }
            ], 
            "wiki_id": 563379, 
            "wiki_title": "Football League Second Division"
        }, 
        {
            "annotations": [
                {
                    "begin": 346, 
                    "end": 353, 
                    "score": 0.11479157209396362, 
                    "spot": "support"
                }
            ], 
            "wiki_id": 806023, 
            "wiki_title": "Sympathy"
        }, 
        {
            "annotations": [
                {
                    "begin": 647, 
                    "end": 658, 
                    "score": 0.13626787066459656, 
                    "spot": "congressman"
                }
            ], 
            "wiki_id": 31756, 
            "wiki_title": "United States Congress"
        }, 
        {
            "annotations": [
                {
                    "begin": 525, 
                    "end": 539, 
                    "score": 0.020996317267417908, 
                    "spot": "administration"
                }
            ], 
            "wiki_id": 183895, 
            "wiki_title": "Presidency of George W. Bush"
        }, 
        {
            "annotations": [
                {
                    "begin": 588, 
                    "end": 591, 
                    "score": 0.07005861401557922, 
                    "spot": "out"
                }
            ], 
            "wiki_id": 71537, 
            "wiki_title": "Coming out"
        }, 
        {
            "annotations": [
                {
                    "begin": 1644, 
                    "end": 1653, 
                    "score": 0.20772531628608704, 
                    "spot": "President"
                }
            ], 
            "wiki_id": 24113, 
            "wiki_title": "President of the United States"
        }, 
        {
            "annotations": [
                {
                    "begin": 106, 
                    "end": 110, 
                    "score": 0.2419780194759369, 
                    "spot": "fund"
                }
            ], 
            "wiki_id": 805953, 
            "wiki_title": "Funding"
        }, 
        {
            "annotations": [
                {
                    "begin": 1207, 
                    "end": 1216, 
                    "score": 0.1720684915781021, 
                    "spot": "Democrats"
                }
            ], 
            "wiki_id": 7959, 
            "wiki_title": "Democracy"
        }, 
        {
            "annotations": [
                {
                    "begin": 1005, 
                    "end": 1009, 
                    "score": 0.0018194559961557388, 
                    "spot": "will"
                }
            ], 
            "wiki_id": 154698, 
            "wiki_title": "Will Smith"
        }, 
        {
            "annotations": [
                {
                    "begin": 1153, 
                    "end": 1159, 
                    "score": 0.057745736092329025, 
                    "spot": "forces"
                }
            ], 
            "wiki_id": 25682, 
            "wiki_title": "Red Army"
        }, 
        {
            "annotations": [
                {
                    "begin": 1160, 
                    "end": 1166, 
                    "score": 0.10511738061904907, 
                    "spot": "expect"
                }
            ], 
            "wiki_id": 9653, 
            "wiki_title": "Expected value"
        }, 
        {
            "annotations": [
                {
                    "begin": 146, 
                    "end": 152, 
                    "score": 0.22474634647369385, 
                    "spot": "losses"
                }
            ], 
            "wiki_id": 19417927, 
            "wiki_title": "Profit (accounting)"
        }, 
        {
            "annotations": [
                {
                    "begin": 1566, 
                    "end": 1571, 
                    "score": 0.0017998437397181988, 
                    "spot": "visit"
                }
            ], 
            "wiki_id": 2994571, 
            "wiki_title": "1972 Nixon visit to China"
        }, 
        {
            "annotations": [
                {
                    "begin": 844, 
                    "end": 848, 
                    "score": 0.0017083840211853385, 
                    "spot": "vote"
                }
            ], 
            "wiki_id": 924170, 
            "wiki_title": "Elections in the United States"
        }, 
        {
            "annotations": [
                {
                    "begin": 556, 
                    "end": 562, 
                    "score": 0.025465575978159904, 
                    "spot": "garner"
                }
            ], 
            "wiki_id": 454495, 
            "wiki_title": "Erroll Garner"
        }, 
        {
            "annotations": [
                {
                    "begin": 2029, 
                    "end": 2033, 
                    "score": 0.01898670196533203, 
                    "spot": "town"
                }
            ], 
            "wiki_id": 52911, 
            "wiki_title": "Town"
        }, 
        {
            "annotations": [
                {
                    "begin": 2039, 
                    "end": 2046, 
                    "score": 0.5484704971313477, 
                    "spot": "AFL-CIO"
                }
            ], 
            "wiki_id": 178766, 
            "wiki_title": "AFL\u2013CIO"
        }, 
        {
            "annotations": [
                {
                    "begin": 1428, 
                    "end": 1436, 
                    "score": 0.11027281731367111, 
                    "spot": "intimate"
                }
            ], 
            "wiki_id": 1056700, 
            "wiki_title": "Intimate relationship"
        }, 
        {
            "annotations": [
                {
                    "begin": 354, 
                    "end": 364, 
                    "score": 0.014282803982496262, 
                    "spot": "adjustment"
                }
            ], 
            "wiki_id": 2034692, 
            "wiki_title": "Spinal adjustment"
        }, 
        {
            "annotations": [
                {
                    "begin": 781, 
                    "end": 795, 
                    "score": 0.1702021062374115, 
                    "spot": "public opinion"
                }
            ], 
            "wiki_id": 216170, 
            "wiki_title": "Public opinion"
        }, 
        {
            "annotations": [
                {
                    "begin": 2071, 
                    "end": 2080, 
                    "score": 0.013679658062756062, 
                    "spot": "Wednesday"
                }
            ], 
            "wiki_id": 13273843, 
            "wiki_title": "Wednesday (band)"
        }, 
        {
            "annotations": [
                {
                    "begin": 1894, 
                    "end": 1898, 
                    "score": 0.06457102298736572, 
                    "spot": "bloc"
                }
            ], 
            "wiki_id": 97477, 
            "wiki_title": "Eastern Bloc"
        }, 
        {
            "annotations": [
                {
                    "begin": 1455, 
                    "end": 1463, 
                    "score": 0.2041822373867035, 
                    "spot": "business"
                }
            ], 
            "wiki_id": 39206, 
            "wiki_title": "Business"
        }, 
        {
            "annotations": [
                {
                    "begin": 1871, 
                    "end": 1877, 
                    "score": 0.10918845981359482, 
                    "spot": "people"
                }
            ], 
            "wiki_id": 3488351, 
            "wiki_title": "People"
        }, 
        {
            "annotations": [
                {
                    "begin": 727, 
                    "end": 731, 
                    "score": 0.07634828239679337, 
                    "spot": "pact"
                }
            ], 
            "wiki_id": 633927, 
            "wiki_title": "Constitution of Medina"
        }, 
        {
            "annotations": [
                {
                    "begin": 1886, 
                    "end": 1893, 
                    "score": 0.1364661008119583, 
                    "spot": "trading"
                }
            ], 
            "wiki_id": 29678, 
            "wiki_title": "Trade"
        }, 
        {
            "annotations": [
                {
                    "begin": 1784, 
                    "end": 1791, 
                    "score": 0.1304866224527359, 
                    "spot": "benefit"
                }
            ], 
            "wiki_id": 247817, 
            "wiki_title": "Welfare"
        }, 
        {
            "annotations": [
                {
                    "begin": 1932, 
                    "end": 1936, 
                    "score": 0.002006788970902562, 
                    "spot": "help"
                }
            ], 
            "wiki_id": 22315047, 
            "wiki_title": "Help (Thee Oh Sees album)"
        }, 
        {
            "annotations": [
                {
                    "begin": 142, 
                    "end": 145, 
                    "score": 0.14894559979438782, 
                    "spot": "job"
                }, 
                {
                    "begin": 1622, 
                    "end": 1626, 
                    "score": 0.11115927994251251, 
                    "spot": "jobs"
                }, 
                {
                    "begin": 2199, 
                    "end": 2203, 
                    "score": 0.16851231455802917, 
                    "spot": "jobs"
                }, 
                {
                    "begin": 2215, 
                    "end": 2224, 
                    "score": 0.182869091629982, 
                    "spot": "employers"
                }
            ], 
            "wiki_id": 314993, 
            "wiki_title": "Employment"
        }, 
        {
            "annotations": [
                {
                    "begin": 940, 
                    "end": 947, 
                    "score": 0.25, 
                    "spot": "leaning"
                }, 
                {
                    "begin": 1242, 
                    "end": 1249, 
                    "score": 0.25, 
                    "spot": "leaning"
                }
            ], 
            "wiki_id": 27987592, 
            "wiki_title": "Andy Leaning"
        }, 
        {
            "annotations": [
                {
                    "begin": 880, 
                    "end": 891, 
                    "score": 0.24792063236236572, 
                    "spot": "Republicans"
                }, 
                {
                    "begin": 1268, 
                    "end": 1279, 
                    "score": 0.19225281476974487, 
                    "spot": "Republicans"
                }
            ], 
            "wiki_id": 32070, 
            "wiki_title": "Republican Party (United States)"
        }, 
        {
            "annotations": [
                {
                    "begin": 2093, 
                    "end": 2101, 
                    "score": 0.0798041969537735, 
                    "spot": "products"
                }
            ], 
            "wiki_id": 158015, 
            "wiki_title": "Cosmetics"
        }, 
        {
            "annotations": [
                {
                    "begin": 1069, 
                    "end": 1075, 
                    "score": 0.007407407276332378, 
                    "spot": "cajole"
                }
            ], 
            "wiki_id": 29509193, 
            "wiki_title": "Cajole"
        }, 
        {
            "annotations": [
                {
                    "begin": 971, 
                    "end": 978, 
                    "score": 0.004108463414013386, 
                    "spot": "hopeful"
                }
            ], 
            "wiki_id": 43058235, 
            "wiki_title": "Hopeful (Bars and Melody song)"
        }, 
        {
            "annotations": [
                {
                    "begin": 1925, 
                    "end": 1927, 
                    "score": 0.06619761139154434, 
                    "spot": "we"
                }
            ], 
            "wiki_id": 5161598, 
            "wiki_title": "We (kana)"
        }, 
        {
            "annotations": [
                {
                    "begin": 1179, 
                    "end": 1186, 
                    "score": 0.10542942583560944, 
                    "spot": "outcome"
                }
            ], 
            "wiki_id": 437701, 
            "wiki_title": "Dependent and independent variables"
        }, 
        {
            "annotations": [
                {
                    "begin": 380, 
                    "end": 389, 
                    "score": 0.08278817683458328, 
                    "spot": "continent"
                }
            ], 
            "wiki_id": 9239, 
            "wiki_title": "Europe"
        }, 
        {
            "annotations": [
                {
                    "begin": 859, 
                    "end": 865, 
                    "score": 0.16915938258171082, 
                    "spot": "breaks"
                }, 
                {
                    "begin": 859, 
                    "end": 870, 
                    "score": 0.16855652630329132, 
                    "spot": "breaks down"
                }
            ], 
            "wiki_id": 652595, 
            "wiki_title": "Break (music)"
        }, 
        {
            "annotations": [
                {
                    "begin": 1328, 
                    "end": 1334, 
                    "score": 0.0012086089700460434, 
                    "spot": "moving"
                }
            ], 
            "wiki_id": 22912451, 
            "wiki_title": "Moving On (TV series)"
        }, 
        {
            "annotations": [
                {
                    "begin": 2047, 
                    "end": 2058, 
                    "score": 0.5603727698326111, 
                    "spot": "trade\nunion"
                }
            ], 
            "wiki_id": 17626, 
            "wiki_title": "Trade union"
        }, 
        {
            "annotations": [
                {
                    "begin": 1730, 
                    "end": 1737, 
                    "score": 0.08785901963710785, 
                    "spot": "exhibit"
                }
            ], 
            "wiki_id": 1131934, 
            "wiki_title": "Art exhibition"
        }, 
        {
            "annotations": [
                {
                    "begin": 1504, 
                    "end": 1511, 
                    "score": 0.16010594367980957, 
                    "spot": "cabinet"
                }
            ], 
            "wiki_id": 32187890, 
            "wiki_title": "Cabinet (government)"
        }, 
        {
            "annotations": [
                {
                    "begin": 2172, 
                    "end": 2179, 
                    "score": 0.1444951891899109, 
                    "spot": "workers"
                }
            ], 
            "wiki_id": 39903086, 
            "wiki_title": "Working class"
        }, 
        {
            "annotations": [
                {
                    "begin": 1193, 
                    "end": 1198, 
                    "score": 0.057657018303871155, 
                    "spot": "count"
                }
            ], 
            "wiki_id": 196470, 
            "wiki_title": "Count"
        }, 
        {
            "annotations": [
                {
                    "begin": 866, 
                    "end": 870, 
                    "score": 0.002051425399258733, 
                    "spot": "down"
                }
            ], 
            "wiki_id": 128263, 
            "wiki_title": "County Down"
        }, 
        {
            "annotations": [
                {
                    "begin": 1654, 
                    "end": 1666, 
                    "score": 0.8370559811592102, 
                    "spot": "Bill Clinton"
                }
            ], 
            "wiki_id": 3356, 
            "wiki_title": "Bill Clinton"
        }, 
        {
            "annotations": [
                {
                    "begin": 1757, 
                    "end": 1761, 
                    "score": 0.16553089022636414, 
                    "spot": "lawn"
                }
            ], 
            "wiki_id": 3459003, 
            "wiki_title": "The Lawn"
        }, 
        {
            "annotations": [
                {
                    "begin": 1095, 
                    "end": 1099, 
                    "score": 0.17041227221488953, 
                    "spot": "arms"
                }
            ], 
            "wiki_id": 33496, 
            "wiki_title": "Weapon"
        }, 
        {
            "annotations": [
                {
                    "begin": 1670, 
                    "end": 1679, 
                    "score": 0.013679658062756062, 
                    "spot": "Wednesday"
                }
            ], 
            "wiki_id": 54634, 
            "wiki_title": "Wednesday"
        }, 
        {
            "annotations": [
                {
                    "begin": 391, 
                    "end": 400, 
                    "score": 0.11652050912380219, 
                    "spot": "Agreement"
                }, 
                {
                    "begin": 1077, 
                    "end": 1084, 
                    "score": 0.060903456062078476, 
                    "spot": "bargain"
                }
            ], 
            "wiki_id": 19280537, 
            "wiki_title": "Contract"
        }, 
        {
            "annotations": [
                {
                    "begin": 1586, 
                    "end": 1595, 
                    "score": 0.05630456283688545, 
                    "spot": "factories"
                }
            ], 
            "wiki_id": 166784, 
            "wiki_title": "Factory"
        }, 
        {
            "annotations": [
                {
                    "begin": 475, 
                    "end": 483, 
                    "score": 0.6033315062522888, 
                    "spot": "Hispanic"
                }
            ], 
            "wiki_id": 56120, 
            "wiki_title": "Hispanic"
        }, 
        {
            "annotations": [
                {
                    "begin": 1928, 
                    "end": 1931, 
                    "score": 0.0007124306866899133, 
                    "spot": "can"
                }
            ], 
            "wiki_id": 9331428, 
            "wiki_title": "Canadian Albums Chart"
        }, 
        {
            "annotations": [
                {
                    "begin": 1949, 
                    "end": 1953, 
                    "score": 0.0007369584636762738, 
                    "spot": "grow"
                }
            ], 
            "wiki_id": 11692351, 
            "wiki_title": "GROW"
        }, 
        {
            "annotations": [
                {
                    "begin": 408, 
                    "end": 422, 
                    "score": 0.0982927456498146, 
                    "spot": "administration"
                }
            ], 
            "wiki_id": 58886, 
            "wiki_title": "Business administration"
        }, 
        {
            "annotations": [
                {
                    "begin": 323, 
                    "end": 330, 
                    "score": 0.07130789011716843, 
                    "spot": "lending"
                }
            ], 
            "wiki_id": 208852, 
            "wiki_title": "Loan"
        }, 
        {
            "annotations": [
                {
                    "begin": 895, 
                    "end": 901, 
                    "score": 0.25, 
                    "spot": "favour"
                }, 
                {
                    "begin": 922, 
                    "end": 928, 
                    "score": 0.25, 
                    "spot": "favour"
                }
            ], 
            "wiki_id": 30850689, 
            "wiki_title": "John Favour"
        }, 
        {
            "annotations": [
                {
                    "begin": 1627, 
                    "end": 1629, 
                    "score": 0.12186279892921448, 
                    "spot": "if"
                }
            ], 
            "wiki_id": 83139, 
            "wiki_title": "Intermediate frequency"
        }, 
        {
            "annotations": [
                {
                    "begin": 1576, 
                    "end": 1585, 
                    "score": 0.0013513513840734959, 
                    "spot": "publicise"
                }
            ], 
            "wiki_id": 34382408, 
            "wiki_title": "Publicise"
        }, 
        {
            "annotations": [
                {
                    "begin": 2102, 
                    "end": 2109, 
                    "score": 0.06618598848581314, 
                    "spot": "exhibit"
                }
            ], 
            "wiki_id": 29815796, 
            "wiki_title": "Exhibition"
        }, 
        {
            "annotations": [
                {
                    "begin": 1845, 
                    "end": 1852, 
                    "score": 0.5, 
                    "spot": "when we"
                }
            ], 
            "wiki_id": 34866762, 
            "wiki_title": "When We On"
        }, 
        {
            "annotations": [
                {
                    "begin": 1853, 
                    "end": 1855, 
                    "score": 0.012069689109921455, 
                    "spot": "ll"
                }
            ], 
            "wiki_id": 370192, 
            "wiki_title": "Ll"
        }, 
        {
            "annotations": [
                {
                    "begin": 1303, 
                    "end": 1311, 
                    "score": 0.06678564101457596, 
                    "spot": "campaign"
                }
            ], 
            "wiki_id": 26561880, 
            "wiki_title": "Advocacy group"
        }, 
        {
            "annotations": [
                {
                    "begin": 637, 
                    "end": 646, 
                    "score": 0.0131880734115839, 
                    "spot": "undecided"
                }, 
                {
                    "begin": 1367, 
                    "end": 1376, 
                    "score": 0.0131880734115839, 
                    "spot": "undecided"
                }
            ], 
            "wiki_id": 3626679, 
            "wiki_title": "Undecided"
        }, 
        {
            "annotations": [
                {
                    "begin": 704, 
                    "end": 708, 
                    "score": 0.11535540223121643, 
                    "spot": "mail"
                }
            ], 
            "wiki_id": 51138, 
            "wiki_title": "Mail"
        }, 
        {
            "annotations": [
                {
                    "begin": 1312, 
                    "end": 1321, 
                    "score": 0.14398279786109924, 
                    "spot": "this week"
                }
            ], 
            "wiki_id": 1718235, 
            "wiki_title": "This Week (ABC TV series)"
        }, 
        {
            "annotations": [
                {
                    "begin": 1089, 
                    "end": 1094, 
                    "score": 0.0966961607336998, 
                    "spot": "twist"
                }
            ], 
            "wiki_id": 94139, 
            "wiki_title": "Rifling"
        }, 
        {
            "annotations": [
                {
                    "begin": 1018, 
                    "end": 1022, 
                    "score": 0.0010033606085926294, 
                    "spot": "last"
                }
            ], 
            "wiki_id": 39078347, 
            "wiki_title": "Peter R. Last"
        }, 
        {
            "annotations": [
                {
                    "begin": 5, 
                    "end": 27, 
                    "score": 0.3659084439277649, 
                    "spot": "Clinton administration"
                }
            ], 
            "wiki_id": 361745, 
            "wiki_title": "Presidency of Bill Clinton"
        }, 
        {
            "annotations": [
                {
                    "begin": 76, 
                    "end": 92, 
                    "score": 0.25094491243362427, 
                    "spot": "Development Bank"
                }
            ], 
            "wiki_id": 6350415, 
            "wiki_title": "International financial institutions"
        }, 
        {
            "annotations": [
                {
                    "begin": 2139, 
                    "end": 2143, 
                    "score": 0.009271291084587574, 
                    "spot": "hurt"
                }
            ], 
            "wiki_id": 12138097, 
            "wiki_title": "Hurt (T.I. song)"
        }, 
        {
            "annotations": [
                {
                    "begin": 909, 
                    "end": 918, 
                    "score": 0.06506040692329407, 
                    "spot": "Democrats"
                }
            ], 
            "wiki_id": 5043544, 
            "wiki_title": "Democratic Party (United States)"
        }, 
        {
            "annotations": [
                {
                    "begin": 2059, 
                    "end": 2067, 
                    "score": 0.05831834301352501, 
                    "spot": "grouping"
                }
            ], 
            "wiki_id": 564078, 
            "wiki_title": "Railways Act 1921"
        }, 
        {
            "annotations": [
                {
                    "begin": 484, 
                    "end": 495, 
                    "score": 0.15478132665157318, 
                    "spot": "congressmen"
                }, 
                {
                    "begin": 1055, 
                    "end": 1060, 
                    "score": 0.07494906336069107, 
                    "spot": "House"
                }, 
                {
                    "begin": 1377, 
                    "end": 1388, 
                    "score": 0.02237793803215027, 
                    "spot": "congressmen"
                }
            ], 
            "wiki_id": 19468510, 
            "wiki_title": "United States House of Representatives"
        }, 
        {
            "annotations": [
                {
                    "begin": 1958, 
                    "end": 1966, 
                    "score": 0.0030002070125192404, 
                    "spot": "flourish"
                }
            ], 
            "wiki_id": 7265771, 
            "wiki_title": "Flourish (film)"
        }, 
        {
            "annotations": [
                {
                    "begin": 88, 
                    "end": 92, 
                    "score": 0.19224368035793304, 
                    "spot": "Bank"
                }
            ], 
            "wiki_id": 19360669, 
            "wiki_title": "Bank"
        }, 
        {
            "annotations": [
                {
                    "begin": 1636, 
                    "end": 1642, 
                    "score": 0.10119041055440903, 
                    "spot": "passes"
                }
            ], 
            "wiki_id": 7705854, 
            "wiki_title": "Passing (racial identity)"
        }, 
        {
            "annotations": [
                {
                    "begin": 765, 
                    "end": 769, 
                    "score": 0.001419507316313684, 
                    "spot": "turn"
                }
            ], 
            "wiki_id": 855329, 
            "wiki_title": "Turn (geometry)"
        }, 
        {
            "annotations": [
                {
                    "begin": 444, 
                    "end": 446, 
                    "score": 0.0013314478565007448, 
                    "spot": "Mr"
                }
            ], 
            "wiki_id": 706498, 
            "wiki_title": "Metropolitan Railway"
        }, 
        {
            "annotations": [
                {
                    "begin": 315, 
                    "end": 319, 
                    "score": 0.001504387822933495, 
                    "spot": "sort"
                }
            ], 
            "wiki_id": 4098234, 
            "wiki_title": "Sort (Unix)"
        }, 
        {
            "annotations": [
                {
                    "begin": 28, 
                    "end": 32, 
                    "score": 0.11626385897397995, 
                    "spot": "will"
                }
            ], 
            "wiki_id": 77697, 
            "wiki_title": "Will and testament"
        }, 
        {
            "annotations": [
                {
                    "begin": 1476, 
                    "end": 1487, 
                    "score": 0.1523733139038086, 
                    "spot": "journalists"
                }
            ], 
            "wiki_id": 15928, 
            "wiki_title": "Journalism"
        }, 
        {
            "annotations": [
                {
                    "begin": 274, 
                    "end": 288, 
                    "score": 0.25, 
                    "spot": "Esteban\nTorres"
                }, 
                {
                    "begin": 447, 
                    "end": 453, 
                    "score": 0.18888656795024872, 
                    "spot": "Torres"
                }
            ], 
            "wiki_id": 958417, 
            "wiki_title": "Esteban Edward Torres"
        }, 
        {
            "annotations": [
                {
                    "begin": 262, 
                    "end": 273, 
                    "score": 0.19864550232887268, 
                    "spot": "Congressman"
                }
            ], 
            "wiki_id": 223225, 
            "wiki_title": "Member of Congress"
        }, 
        {
            "annotations": [
                {
                    "begin": 2180, 
                    "end": 2183, 
                    "score": 0.08670327067375183, 
                    "spot": "who"
                }
            ], 
            "wiki_id": 36517, 
            "wiki_title": "The Who"
        }, 
        {
            "annotations": [
                {
                    "begin": 172, 
                    "end": 207, 
                    "score": 0.5, 
                    "spot": "North American Free Trade Agreement"
                }, 
                {
                    "begin": 1630, 
                    "end": 1635, 
                    "score": 0.24488475918769836, 
                    "spot": "Nafta"
                }, 
                {
                    "begin": 1718, 
                    "end": 1723, 
                    "score": 0.17549121379852295, 
                    "spot": "Nafta"
                }, 
                {
                    "begin": 1797, 
                    "end": 1802, 
                    "score": 0.35622096061706543, 
                    "spot": "Nafta"
                }, 
                {
                    "begin": 1982, 
                    "end": 1987, 
                    "score": 0.19506409764289856, 
                    "spot": "Nafta"
                }, 
                {
                    "begin": 2147, 
                    "end": 2152, 
                    "score": 0.17549121379852295, 
                    "spot": "Nafta"
                }
            ], 
            "wiki_id": 22050, 
            "wiki_title": "North American Free Trade Agreement"
        }, 
        {
            "annotations": [
                {
                    "begin": 821, 
                    "end": 829, 
                    "score": 0.15976330637931824, 
                    "spot": "war room"
                }
            ], 
            "wiki_id": 484876, 
            "wiki_title": "The War Room"
        }, 
        {
            "annotations": [
                {
                    "begin": 1043, 
                    "end": 1054, 
                    "score": 0.02440953254699707, 
                    "spot": "November 17"
                }
            ], 
            "wiki_id": 63341, 
            "wiki_title": "Revolutionary Organization 17 November"
        }, 
        {
            "annotations": [
                {
                    "begin": 2234, 
                    "end": 2240, 
                    "score": 0.24298474192619324, 
                    "spot": "Mexico"
                }
            ], 
            "wiki_id": 3966054, 
            "wiki_title": "Mexico"
        }, 
        {
            "annotations": [
                {
                    "begin": 1530, 
                    "end": 1553, 
                    "score": 0.18823522329330444, 
                    "spot": "congressional districts"
                }
            ], 
            "wiki_id": 449478, 
            "wiki_title": "List of United States congressional districts"
        }, 
        {
            "annotations": [
                {
                    "begin": 135, 
                    "end": 138, 
                    "score": 0.00889560766518116, 
                    "spot": "hit"
                }
            ], 
            "wiki_id": 3807, 
            "wiki_title": "Hit (baseball)"
        }, 
        {
            "annotations": [
                {
                    "begin": 123, 
                    "end": 134, 
                    "score": 0.18266744911670685, 
                    "spot": "communities"
                }
            ], 
            "wiki_id": 5695, 
            "wiki_title": "Community"
        }, 
        {
            "annotations": [
                {
                    "begin": 1988, 
                    "end": 1998, 
                    "score": 0.07640419900417328, 
                    "spot": "opposition"
                }
            ], 
            "wiki_id": 934021, 
            "wiki_title": "Laurier Liberals"
        }
    ]
}