{
    "tagme": [
        {
            "annotations": [
                {
                    "begin": 24, 
                    "end": 33, 
                    "score": 0.09169910848140717, 
                    "spot": "yesterday"
                }
            ], 
            "wiki_id": 143184, 
            "wiki_title": "Yesterday (Beatles song)"
        }, 
        {
            "annotations": [
                {
                    "begin": 2071, 
                    "end": 2082, 
                    "score": 0.002760580973699689, 
                    "spot": "development"
                }
            ], 
            "wiki_id": 17070211, 
            "wiki_title": "Human development (humanity)"
        }, 
        {
            "annotations": [
                {
                    "begin": 1195, 
                    "end": 1200, 
                    "score": 0.091034434735775, 
                    "spot": "goals"
                }
            ], 
            "wiki_id": 14850094, 
            "wiki_title": "Goal"
        }, 
        {
            "annotations": [
                {
                    "begin": 134, 
                    "end": 144, 
                    "score": 0.08835374563932419, 
                    "spot": "programmes"
                }, 
                {
                    "begin": 2083, 
                    "end": 2092, 
                    "score": 0.0009755152859725058, 
                    "spot": "programme"
                }
            ], 
            "wiki_id": 282626, 
            "wiki_title": "Program management"
        }, 
        {
            "annotations": [
                {
                    "begin": 46, 
                    "end": 50, 
                    "score": 0.05757782235741615, 
                    "spot": "name"
                }
            ], 
            "wiki_id": 237504, 
            "wiki_title": "Personal name"
        }, 
        {
            "annotations": [
                {
                    "begin": 1780, 
                    "end": 1792, 
                    "score": 0.5, 
                    "spot": "welfare trap"
                }
            ], 
            "wiki_id": 19288516, 
            "wiki_title": "Welfare trap"
        }, 
        {
            "annotations": [
                {
                    "begin": 1211, 
                    "end": 1216, 
                    "score": 0.005373094230890274, 
                    "spot": "onset"
                }
            ], 
            "wiki_id": 44911, 
            "wiki_title": "Syllable"
        }, 
        {
            "annotations": [
                {
                    "begin": 1050, 
                    "end": 1052, 
                    "score": 0.1797553151845932, 
                    "spot": "Ms"
                }
            ], 
            "wiki_id": 735543, 
            "wiki_title": "Ms. (magazine)"
        }, 
        {
            "annotations": [
                {
                    "begin": 1701, 
                    "end": 1714, 
                    "score": 0.002259036060422659, 
                    "spot": "doing nothing"
                }
            ], 
            "wiki_id": 17503, 
            "wiki_title": "Leisure"
        }, 
        {
            "annotations": [
                {
                    "begin": 1677, 
                    "end": 1680, 
                    "score": 0.09870274364948273, 
                    "spot": "don"
                }
            ], 
            "wiki_id": 13826091, 
            "wiki_title": "Don Draper"
        }, 
        {
            "annotations": [
                {
                    "begin": 1072, 
                    "end": 1091, 
                    "score": 0.4308549463748932, 
                    "spot": "secretary of\nhealth"
                }
            ], 
            "wiki_id": 29952472, 
            "wiki_title": "Oklahoma Secretary of Health"
        }, 
        {
            "annotations": [
                {
                    "begin": 1592, 
                    "end": 1605, 
                    "score": 0.05187595635652542, 
                    "spot": "second chance"
                }
            ], 
            "wiki_id": 19032716, 
            "wiki_title": "Second Chance (Shinedown song)"
        }, 
        {
            "annotations": [
                {
                    "begin": 931, 
                    "end": 940, 
                    "score": 0.16223087906837463, 
                    "spot": "left-wing"
                }
            ], 
            "wiki_id": 18499, 
            "wiki_title": "Left-wing politics"
        }, 
        {
            "annotations": [
                {
                    "begin": 918, 
                    "end": 922, 
                    "score": 0.12666302919387817, 
                    "spot": "fall"
                }
            ], 
            "wiki_id": 18498968, 
            "wiki_title": "Falling (accident)"
        }, 
        {
            "annotations": [
                {
                    "begin": 1152, 
                    "end": 1166, 
                    "score": 0.3773656487464905, 
                    "spot": "welfare\nreform"
                }
            ], 
            "wiki_id": 2430477, 
            "wiki_title": "Personal Responsibility and Work Opportunity Act"
        }, 
        {
            "annotations": [
                {
                    "begin": 475, 
                    "end": 486, 
                    "score": 0.009565217420458794, 
                    "spot": "Support Act"
                }
            ], 
            "wiki_id": 6117426, 
            "wiki_title": "Opening act"
        }, 
        {
            "annotations": [
                {
                    "begin": 280, 
                    "end": 292, 
                    "score": 0.37571507692337036, 
                    "spot": "job training"
                }, 
                {
                    "begin": 903, 
                    "end": 911, 
                    "score": 0.20656675100326538, 
                    "spot": "training"
                }, 
                {
                    "begin": 1482, 
                    "end": 1490, 
                    "score": 0.1570667326450348, 
                    "spot": "training"
                }
            ], 
            "wiki_id": 156423, 
            "wiki_title": "Training"
        }, 
        {
            "annotations": [
                {
                    "begin": 1657, 
                    "end": 1663, 
                    "score": 0.0810638964176178, 
                    "spot": "beyond"
                }
            ], 
            "wiki_id": 180606, 
            "wiki_title": "The Animatrix"
        }, 
        {
            "annotations": [
                {
                    "begin": 1882, 
                    "end": 1893, 
                    "score": 0.42999619245529175, 
                    "spot": "tax credits"
                }
            ], 
            "wiki_id": 299493, 
            "wiki_title": "Tax credit"
        }, 
        {
            "annotations": [
                {
                    "begin": 1492, 
                    "end": 1494, 
                    "score": 0.08290699869394302, 
                    "spot": "Mr"
                }, 
                {
                    "begin": 2094, 
                    "end": 2096, 
                    "score": 0.01626359298825264, 
                    "spot": "Mr"
                }
            ], 
            "wiki_id": 19446, 
            "wiki_title": "Magnetic resonance imaging"
        }, 
        {
            "annotations": [
                {
                    "begin": 1769, 
                    "end": 1772, 
                    "score": 0.08058252185583115, 
                    "spot": "out"
                }
            ], 
            "wiki_id": 366439, 
            "wiki_title": "Out (magazine)"
        }, 
        {
            "annotations": [
                {
                    "begin": 495, 
                    "end": 509, 
                    "score": 0.3673337697982788, 
                    "spot": "welfare reform"
                }, 
                {
                    "begin": 724, 
                    "end": 738, 
                    "score": 0.1516634076833725, 
                    "spot": "welfare reform"
                }, 
                {
                    "begin": 1965, 
                    "end": 1979, 
                    "score": 0.1516634076833725, 
                    "spot": "welfare reform"
                }
            ], 
            "wiki_id": 401875, 
            "wiki_title": "Welfare reform"
        }, 
        {
            "annotations": [
                {
                    "begin": 1461, 
                    "end": 1465, 
                    "score": 0.12644267082214355, 
                    "spot": "form"
                }
            ], 
            "wiki_id": 752, 
            "wiki_title": "Art"
        }, 
        {
            "annotations": [
                {
                    "begin": 301, 
                    "end": 311, 
                    "score": 0.0900309681892395, 
                    "spot": "unemployed"
                }
            ], 
            "wiki_id": 31741, 
            "wiki_title": "Unemployment"
        }, 
        {
            "annotations": [
                {
                    "begin": 2051, 
                    "end": 2061, 
                    "score": 0.2459457814693451, 
                    "spot": "New Jersey"
                }
            ], 
            "wiki_id": 21648, 
            "wiki_title": "New Jersey"
        }, 
        {
            "annotations": [
                {
                    "begin": 1469, 
                    "end": 1478, 
                    "score": 0.25888732075691223, 
                    "spot": "education"
                }
            ], 
            "wiki_id": 123427, 
            "wiki_title": "Education in the United States"
        }, 
        {
            "annotations": [
                {
                    "begin": 178, 
                    "end": 189, 
                    "score": 0.13411183655261993, 
                    "spot": "Association"
                }
            ], 
            "wiki_id": 219580, 
            "wiki_title": "Freedom of association"
        }, 
        {
            "annotations": [
                {
                    "begin": 1235, 
                    "end": 1249, 
                    "score": 0.3015071451663971, 
                    "spot": "state revenues"
                }
            ], 
            "wiki_id": 30297, 
            "wiki_title": "Tax"
        }, 
        {
            "annotations": [
                {
                    "begin": 676, 
                    "end": 683, 
                    "score": 0.1503562480211258, 
                    "spot": "support"
                }
            ], 
            "wiki_id": 806023, 
            "wiki_title": "Sympathy"
        }, 
        {
            "annotations": [
                {
                    "begin": 251, 
                    "end": 259, 
                    "score": 0.07396413385868073, 
                    "spot": "measures"
                }
            ], 
            "wiki_id": 19873, 
            "wiki_title": "Measure (mathematics)"
        }, 
        {
            "annotations": [
                {
                    "begin": 2130, 
                    "end": 2140, 
                    "score": 0.11744362860918045, 
                    "spot": "experiment"
                }
            ], 
            "wiki_id": 59861, 
            "wiki_title": "Experiment"
        }, 
        {
            "annotations": [
                {
                    "begin": 1020, 
                    "end": 1030, 
                    "score": 0.06433069705963135, 
                    "spot": "suspicions"
                }
            ], 
            "wiki_id": 4200580, 
            "wiki_title": "Suspicions (Star Trek: The Next Generation)"
        }, 
        {
            "annotations": [
                {
                    "begin": 1826, 
                    "end": 1832, 
                    "score": 0.2440795600414276, 
                    "spot": "health"
                }
            ], 
            "wiki_id": 80381, 
            "wiki_title": "Health"
        }, 
        {
            "annotations": [
                {
                    "begin": 1, 
                    "end": 10, 
                    "score": 0.36939263343811035, 
                    "spot": "PRESIDENT"
                }
            ], 
            "wiki_id": 24113, 
            "wiki_title": "President of the United States"
        }, 
        {
            "annotations": [
                {
                    "begin": 1260, 
                    "end": 1271, 
                    "score": 0.0013118062634021044, 
                    "spot": "constrained"
                }
            ], 
            "wiki_id": 7418540, 
            "wiki_title": "Constraint (mathematics)"
        }, 
        {
            "annotations": [
                {
                    "begin": 621, 
                    "end": 626, 
                    "score": 0.10690386593341827, 
                    "spot": "books"
                }
            ], 
            "wiki_id": 2387806, 
            "wiki_title": "Harry Potter"
        }, 
        {
            "annotations": [
                {
                    "begin": 829, 
                    "end": 839, 
                    "score": 0.22804422676563263, 
                    "spot": "Democratic"
                }
            ], 
            "wiki_id": 7959, 
            "wiki_title": "Democracy"
        }, 
        {
            "annotations": [
                {
                    "begin": 1920, 
                    "end": 1926, 
                    "score": 0.1309368908405304, 
                    "spot": "states"
                }
            ], 
            "wiki_id": 28151, 
            "wiki_title": "State (polity)"
        }, 
        {
            "annotations": [
                {
                    "begin": 158, 
                    "end": 189, 
                    "score": 0.46296295523643494, 
                    "spot": "National Governors' Association"
                }
            ], 
            "wiki_id": 1216900, 
            "wiki_title": "National Governors Association"
        }, 
        {
            "annotations": [
                {
                    "begin": 1053, 
                    "end": 1066, 
                    "score": 0.5, 
                    "spot": "Donna Shalala"
                }
            ], 
            "wiki_id": 318104, 
            "wiki_title": "Donna Shalala"
        }, 
        {
            "annotations": [
                {
                    "begin": 820, 
                    "end": 828, 
                    "score": 0.20489995181560516, 
                    "spot": "centrist"
                }
            ], 
            "wiki_id": 650414, 
            "wiki_title": "Moderate"
        }, 
        {
            "annotations": [
                {
                    "begin": 1952, 
                    "end": 1964, 
                    "score": 0.0006343165296129882, 
                    "spot": "far-reaching"
                }
            ], 
            "wiki_id": 9619681, 
            "wiki_title": "Pervasiveness doctrine"
        }, 
        {
            "annotations": [
                {
                    "begin": 1652, 
                    "end": 1656, 
                    "score": 0.05250672250986099, 
                    "spot": "time"
                }, 
                {
                    "begin": 1742, 
                    "end": 1746, 
                    "score": 0.15310263633728027, 
                    "spot": "time"
                }
            ], 
            "wiki_id": 31600, 
            "wiki_title": "Time (magazine)"
        }, 
        {
            "annotations": [
                {
                    "begin": 1002, 
                    "end": 1012, 
                    "score": 0.09138006716966629, 
                    "spot": "programmes"
                }, 
                {
                    "begin": 2151, 
                    "end": 2161, 
                    "score": 0.04029038920998573, 
                    "spot": "programmes"
                }
            ], 
            "wiki_id": 19508643, 
            "wiki_title": "Television program"
        }, 
        {
            "annotations": [
                {
                    "begin": 1522, 
                    "end": 1533, 
                    "score": 0.06383251398801804, 
                    "spot": "his reforms"
                }
            ], 
            "wiki_id": 2445001, 
            "wiki_title": "Atat\u00fcrk's Reforms"
        }, 
        {
            "annotations": [
                {
                    "begin": 562, 
                    "end": 570, 
                    "score": 0.19493092596530914, 
                    "spot": "governor"
                }
            ], 
            "wiki_id": 12861, 
            "wiki_title": "Governor of New York"
        }, 
        {
            "annotations": [
                {
                    "begin": 102, 
                    "end": 104, 
                    "score": 0.15133586525917053, 
                    "spot": "US"
                }, 
                {
                    "begin": 1331, 
                    "end": 1335, 
                    "score": 0.23279361426830292, 
                    "spot": "cent"
                }
            ], 
            "wiki_id": 18717338, 
            "wiki_title": "United States dollar"
        }, 
        {
            "annotations": [
                {
                    "begin": 430, 
                    "end": 435, 
                    "score": 0.004787937738001347, 
                    "spot": "focus"
                }
            ], 
            "wiki_id": 30209757, 
            "wiki_title": "Focus (Ukrainian magazine)"
        }, 
        {
            "annotations": [
                {
                    "begin": 1140, 
                    "end": 1148, 
                    "score": 0.12255081534385681, 
                    "spot": "sentence"
                }
            ], 
            "wiki_id": 870351, 
            "wiki_title": "Sentence (law)"
        }, 
        {
            "annotations": [
                {
                    "begin": 350, 
                    "end": 354, 
                    "score": 0.10944751650094986, 
                    "spot": "must"
                }, 
                {
                    "begin": 1633, 
                    "end": 1637, 
                    "score": 0.0005572407389990985, 
                    "spot": "must"
                }, 
                {
                    "begin": 1754, 
                    "end": 1758, 
                    "score": 0.0005572407389990985, 
                    "spot": "must"
                }
            ], 
            "wiki_id": 466664, 
            "wiki_title": "Must"
        }, 
        {
            "annotations": [
                {
                    "begin": 355, 
                    "end": 357, 
                    "score": 0.10959581285715103, 
                    "spot": "do"
                }
            ], 
            "wiki_id": 423511, 
            "wiki_title": "Denominaci\u00f3n de Origen"
        }, 
        {
            "annotations": [
                {
                    "begin": 648, 
                    "end": 653, 
                    "score": 0.2652857303619385, 
                    "spot": "right"
                }, 
                {
                    "begin": 670, 
                    "end": 675, 
                    "score": 0.23022711277008057, 
                    "spot": "right"
                }
            ], 
            "wiki_id": 51490, 
            "wiki_title": "Rights"
        }, 
        {
            "annotations": [
                {
                    "begin": 654, 
                    "end": 661, 
                    "score": 0.23248949646949768, 
                    "spot": "economy"
                }
            ], 
            "wiki_id": 9223, 
            "wiki_title": "Economics"
        }, 
        {
            "annotations": [
                {
                    "begin": 1556, 
                    "end": 1565, 
                    "score": 0.09565980732440948, 
                    "spot": "principle"
                }
            ], 
            "wiki_id": 1005874, 
            "wiki_title": "Principle"
        }, 
        {
            "annotations": [
                {
                    "begin": 1980, 
                    "end": 1990, 
                    "score": 0.03301582112908363, 
                    "spot": "programmes"
                }
            ], 
            "wiki_id": 1068736, 
            "wiki_title": "Broadcast programming"
        }, 
        {
            "annotations": [
                {
                    "begin": 1036, 
                    "end": 1044, 
                    "score": 0.0006940695457160473, 
                    "spot": "enhanced"
                }
            ], 
            "wiki_id": 168479, 
            "wiki_title": "Enhanced CD"
        }, 
        {
            "annotations": [
                {
                    "begin": 1117, 
                    "end": 1122, 
                    "score": 0.0008726121159270406, 
                    "spot": "month"
                }
            ], 
            "wiki_id": 20354, 
            "wiki_title": "Month"
        }, 
        {
            "annotations": [
                {
                    "begin": 684, 
                    "end": 691, 
                    "score": 0.06665622442960739, 
                    "spot": "systems"
                }
            ], 
            "wiki_id": 7878457, 
            "wiki_title": "Computer"
        }, 
        {
            "annotations": [
                {
                    "begin": 1670, 
                    "end": 1676, 
                    "score": 0.1979547142982483, 
                    "spot": "people"
                }, 
                {
                    "begin": 1747, 
                    "end": 1753, 
                    "score": 0.1360718160867691, 
                    "spot": "people"
                }
            ], 
            "wiki_id": 507970, 
            "wiki_title": "People (magazine)"
        }, 
        {
            "annotations": [
                {
                    "begin": 126, 
                    "end": 133, 
                    "score": 0.10351470112800598, 
                    "spot": "welfare"
                }, 
                {
                    "begin": 223, 
                    "end": 230, 
                    "score": 0.01583157666027546, 
                    "spot": "welfare"
                }, 
                {
                    "begin": 386, 
                    "end": 393, 
                    "score": 0.22379623353481293, 
                    "spot": "welfare"
                }, 
                {
                    "begin": 1424, 
                    "end": 1431, 
                    "score": 0.1758831888437271, 
                    "spot": "welfare"
                }, 
                {
                    "begin": 1572, 
                    "end": 1579, 
                    "score": 0.10862264037132263, 
                    "spot": "welfare"
                }
            ], 
            "wiki_id": 247817, 
            "wiki_title": "Welfare"
        }, 
        {
            "annotations": [
                {
                    "begin": 468, 
                    "end": 486, 
                    "score": 0.2380952388048172, 
                    "spot": "Family\nSupport Act"
                }
            ], 
            "wiki_id": 19145763, 
            "wiki_title": "Family Support Act"
        }, 
        {
            "annotations": [
                {
                    "begin": 371, 
                    "end": 375, 
                    "score": 0.23021318018436432, 
                    "spot": "work"
                }, 
                {
                    "begin": 523, 
                    "end": 527, 
                    "score": 0.11982181668281555, 
                    "spot": "work"
                }, 
                {
                    "begin": 632, 
                    "end": 636, 
                    "score": 0.2711712718009949, 
                    "spot": "work"
                }, 
                {
                    "begin": 884, 
                    "end": 888, 
                    "score": 0.24011635780334473, 
                    "spot": "work"
                }, 
                {
                    "begin": 1909, 
                    "end": 1913, 
                    "score": 0.23184232413768768, 
                    "spot": "jobs"
                }
            ], 
            "wiki_id": 314993, 
            "wiki_title": "Employment"
        }, 
        {
            "annotations": [
                {
                    "begin": 1282, 
                    "end": 1288, 
                    "score": 0.0007761751185171306, 
                    "spot": "number"
                }
            ], 
            "wiki_id": 19630739, 
            "wiki_title": "Continent"
        }, 
        {
            "annotations": [
                {
                    "begin": 1085, 
                    "end": 1110, 
                    "score": 0.21450206637382507, 
                    "spot": "health and human services"
                }
            ], 
            "wiki_id": 58250, 
            "wiki_title": "United States Department of Health and Human Services"
        }, 
        {
            "annotations": [
                {
                    "begin": 840, 
                    "end": 848, 
                    "score": 0.0010837959125638008, 
                    "spot": "emphasis"
                }
            ], 
            "wiki_id": 219805, 
            "wiki_title": "Emphasis (typography)"
        }, 
        {
            "annotations": [
                {
                    "begin": 2123, 
                    "end": 2129, 
                    "score": 0.1554419994354248, 
                    "spot": "states"
                }
            ], 
            "wiki_id": 30876419, 
            "wiki_title": "Quantum state"
        }, 
        {
            "annotations": [
                {
                    "begin": 75, 
                    "end": 79, 
                    "score": 0.10625331103801727, 
                    "spot": "next"
                }
            ], 
            "wiki_id": 21694, 
            "wiki_title": "NeXT"
        }, 
        {
            "annotations": [
                {
                    "begin": 1072, 
                    "end": 1110, 
                    "score": 0.3004952371120453, 
                    "spot": "secretary of\nhealth and human services"
                }
            ], 
            "wiki_id": 6069037, 
            "wiki_title": "Oklahoma Governor's Cabinet"
        }, 
        {
            "annotations": [
                {
                    "begin": 202, 
                    "end": 211, 
                    "score": 0.10194475203752518, 
                    "spot": "committed"
                }
            ], 
            "wiki_id": 10718631, 
            "wiki_title": "CSI: Crime Scene Investigation (season 5)"
        }, 
        {
            "annotations": [
                {
                    "begin": 574, 
                    "end": 582, 
                    "score": 0.3578205704689026, 
                    "spot": "Arkansas"
                }
            ], 
            "wiki_id": 1930, 
            "wiki_title": "Arkansas"
        }, 
        {
            "annotations": [
                {
                    "begin": 982, 
                    "end": 989, 
                    "score": 0.018188534304499626, 
                    "spot": "funding"
                }
            ], 
            "wiki_id": 805953, 
            "wiki_title": "Funding"
        }, 
        {
            "annotations": [
                {
                    "begin": 1131, 
                    "end": 1139, 
                    "score": 0.0008300276240333915, 
                    "spot": "only one"
                }
            ], 
            "wiki_id": 29459434, 
            "wiki_title": "Only One Flo (Part 1)"
        }, 
        {
            "annotations": [
                {
                    "begin": 263, 
                    "end": 270, 
                    "score": 0.19314859807491302, 
                    "spot": "finance"
                }
            ], 
            "wiki_id": 11162, 
            "wiki_title": "Finance"
        }, 
        {
            "annotations": [
                {
                    "begin": 1182, 
                    "end": 1191, 
                    "score": 0.09081454575061798, 
                    "spot": "statement"
                }
            ], 
            "wiki_id": 304097, 
            "wiki_title": "Press release"
        }, 
        {
            "annotations": [
                {
                    "begin": 11, 
                    "end": 23, 
                    "score": 0.5451092720031738, 
                    "spot": "Bill Clinton"
                }, 
                {
                    "begin": 601, 
                    "end": 605, 
                    "score": 0.15167942643165588, 
                    "spot": "bill"
                }, 
                {
                    "begin": 697, 
                    "end": 704, 
                    "score": 0.21583014726638794, 
                    "spot": "Clinton"
                }, 
                {
                    "begin": 1495, 
                    "end": 1502, 
                    "score": 0.07920768111944199, 
                    "spot": "Clinton"
                }, 
                {
                    "begin": 2097, 
                    "end": 2104, 
                    "score": 0.06001561880111694, 
                    "spot": "Clinton"
                }
            ], 
            "wiki_id": 3356, 
            "wiki_title": "Bill Clinton"
        }, 
        {
            "annotations": [
                {
                    "begin": 394, 
                    "end": 400, 
                    "score": 0.20025880634784698, 
                    "spot": "cheque"
                }, 
                {
                    "begin": 1690, 
                    "end": 1696, 
                    "score": 0.09165613353252411, 
                    "spot": "cheque"
                }
            ], 
            "wiki_id": 1267494, 
            "wiki_title": "Cheque"
        }, 
        {
            "annotations": [
                {
                    "begin": 534, 
                    "end": 537, 
                    "score": 0.12543077766895294, 
                    "spot": "NGA"
                }
            ], 
            "wiki_id": 235520, 
            "wiki_title": "National Geospatial-Intelligence Agency"
        }, 
        {
            "annotations": [
                {
                    "begin": 1224, 
                    "end": 1233, 
                    "score": 0.23042988777160645, 
                    "spot": "recession"
                }
            ], 
            "wiki_id": 25382, 
            "wiki_title": "Recession"
        }, 
        {
            "annotations": [
                {
                    "begin": 343, 
                    "end": 349, 
                    "score": 0.08521784842014313, 
                    "spot": "people"
                }
            ], 
            "wiki_id": 219599, 
            "wiki_title": "Person"
        }, 
        {
            "annotations": [
                {
                    "begin": 1512, 
                    "end": 1521, 
                    "score": 0.04203345254063606, 
                    "spot": "yesterday"
                }
            ], 
            "wiki_id": 8666784, 
            "wiki_title": "Yesterday (2002 film)"
        }, 
        {
            "annotations": [
                {
                    "begin": 231, 
                    "end": 244, 
                    "score": 0.003636363660916686, 
                    "spot": "as we know it"
                }
            ], 
            "wiki_id": 17459856, 
            "wiki_title": "As We Know It"
        }, 
        {
            "annotations": [
                {
                    "begin": 923, 
                    "end": 927, 
                    "score": 0.08570108562707901, 
                    "spot": "prey"
                }
            ], 
            "wiki_id": 57559, 
            "wiki_title": "Predation"
        }, 
        {
            "annotations": [
                {
                    "begin": 326, 
                    "end": 337, 
                    "score": 0.08460448682308197, 
                    "spot": "requirement"
                }, 
                {
                    "begin": 1407, 
                    "end": 1418, 
                    "score": 0.0927756130695343, 
                    "spot": "requirement"
                }
            ], 
            "wiki_id": 544592, 
            "wiki_title": "Requirement"
        }, 
        {
            "annotations": [
                {
                    "begin": 2039, 
                    "end": 2047, 
                    "score": 0.10311881452798843, 
                    "spot": "families"
                }, 
                {
                    "begin": 2064, 
                    "end": 2070, 
                    "score": 0.05126868933439255, 
                    "spot": "family"
                }
            ], 
            "wiki_id": 10401954, 
            "wiki_title": "Family"
        }, 
        {
            "annotations": [
                {
                    "begin": 1354, 
                    "end": 1360, 
                    "score": 0.08399222046136856, 
                    "spot": "states"
                }
            ], 
            "wiki_id": 23604120, 
            "wiki_title": "Sovereign state"
        }, 
        {
            "annotations": [
                {
                    "begin": 91, 
                    "end": 97, 
                    "score": 0.17851522564888, 
                    "spot": "reform"
                }
            ], 
            "wiki_id": 295504, 
            "wiki_title": "Reform Party of the United States of America"
        }, 
        {
            "annotations": [
                {
                    "begin": 862, 
                    "end": 869, 
                    "score": 0.251575231552124, 
                    "spot": "welfare"
                }, 
                {
                    "begin": 862, 
                    "end": 880, 
                    "score": 0.2968350350856781, 
                    "spot": "welfare recipients"
                }, 
                {
                    "begin": 1292, 
                    "end": 1299, 
                    "score": 0.1824982464313507, 
                    "spot": "welfare"
                }, 
                {
                    "begin": 1292, 
                    "end": 1310, 
                    "score": 0.2540322542190552, 
                    "spot": "welfare recipients"
                }, 
                {
                    "begin": 1424, 
                    "end": 1442, 
                    "score": 0.11932477355003357, 
                    "spot": "welfare recipients"
                }
            ], 
            "wiki_id": 21109533, 
            "wiki_title": "Social programs in the United States"
        }, 
        {
            "annotations": [
                {
                    "begin": 1401, 
                    "end": 1406, 
                    "score": 0.002051983494311571, 
                    "spot": "act's"
                }
            ], 
            "wiki_id": 1058218, 
            "wiki_title": "Semigroup action"
        }, 
        {
            "annotations": [
                {
                    "begin": 957, 
                    "end": 970, 
                    "score": 0.0005764519446529448, 
                    "spot": "concentrating"
                }
            ], 
            "wiki_id": 7512, 
            "wiki_title": "Concentration"
        }, 
        {
            "annotations": [
                {
                    "begin": 446, 
                    "end": 460, 
                    "score": 0.0033117076382040977, 
                    "spot": "implementation"
                }
            ], 
            "wiki_id": 163395, 
            "wiki_title": "Traffic light"
        }, 
        {
            "annotations": [
                {
                    "begin": 941, 
                    "end": 956, 
                    "score": 0.015833333134651184, 
                    "spot": "advocacy groups"
                }
            ], 
            "wiki_id": 26561880, 
            "wiki_title": "Advocacy group"
        }, 
        {
            "annotations": [
                {
                    "begin": 627, 
                    "end": 631, 
                    "score": 0.24741694331169128, 
                    "spot": "will"
                }
            ], 
            "wiki_id": 47921, 
            "wiki_title": "Free will"
        }, 
        {
            "annotations": [
                {
                    "begin": 313, 
                    "end": 320, 
                    "score": 0.0529184527695179, 
                    "spot": "matched"
                }
            ], 
            "wiki_id": 1465776, 
            "wiki_title": "Matching funds"
        }, 
        {
            "annotations": [
                {
                    "begin": 1875, 
                    "end": 1885, 
                    "score": 0.46196410059928894, 
                    "spot": "income tax"
                }
            ], 
            "wiki_id": 50845, 
            "wiki_title": "Income tax"
        }, 
        {
            "annotations": [
                {
                    "begin": 770, 
                    "end": 788, 
                    "score": 0.0022935778833925724, 
                    "spot": "new\nadministration"
                }
            ], 
            "wiki_id": 41869227, 
            "wiki_title": "New Policies"
        }, 
        {
            "annotations": [
                {
                    "begin": 1112, 
                    "end": 1116, 
                    "score": 0.0010033606085926294, 
                    "spot": "last"
                }
            ], 
            "wiki_id": 39078347, 
            "wiki_title": "Peter R. Last"
        }, 
        {
            "annotations": [
                {
                    "begin": 2020, 
                    "end": 2024, 
                    "score": 0.10817110538482666, 
                    "spot": "plan"
                }
            ], 
            "wiki_id": 46212943, 
            "wiki_title": "Urban planning"
        }, 
        {
            "annotations": [
                {
                    "begin": 363, 
                    "end": 367, 
                    "score": 0.13158057630062103, 
                    "spot": "kind"
                }
            ], 
            "wiki_id": 3624256, 
            "wiki_title": "In kind"
        }, 
        {
            "annotations": [
                {
                    "begin": 1868, 
                    "end": 1881, 
                    "score": 0.2661146819591522, 
                    "spot": "earned income"
                }
            ], 
            "wiki_id": 19283199, 
            "wiki_title": "Earned income tax credit"
        }, 
        {
            "annotations": [
                {
                    "begin": 105, 
                    "end": 122, 
                    "score": 0.3722222149372101, 
                    "spot": "social safety net"
                }, 
                {
                    "begin": 112, 
                    "end": 122, 
                    "score": 0.3251882493495941, 
                    "spot": "safety net"
                }
            ], 
            "wiki_id": 19287564, 
            "wiki_title": "Social safety net"
        }, 
        {
            "annotations": [
                {
                    "begin": 406, 
                    "end": 415, 
                    "score": 0.06977644562721252, 
                    "spot": "president"
                }
            ], 
            "wiki_id": 24110, 
            "wiki_title": "President"
        }, 
        {
            "annotations": [
                {
                    "begin": 53, 
                    "end": 63, 
                    "score": 0.007179487030953169, 
                    "spot": "task-force"
                }, 
                {
                    "begin": 538, 
                    "end": 548, 
                    "score": 0.12128908932209015, 
                    "spot": "task-force"
                }
            ], 
            "wiki_id": 205394, 
            "wiki_title": "Task force"
        }, 
        {
            "annotations": [
                {
                    "begin": 1401, 
                    "end": 1404, 
                    "score": 0.07492990791797638, 
                    "spot": "act"
                }
            ], 
            "wiki_id": 26783, 
            "wiki_title": "Statute"
        }, 
        {
            "annotations": [
                {
                    "begin": 694, 
                    "end": 696, 
                    "score": 0.12425888329744339, 
                    "spot": "Mr"
                }
            ], 
            "wiki_id": 464522, 
            "wiki_title": "Master of Laws"
        }, 
        {
            "annotations": [
                {
                    "begin": 711, 
                    "end": 720, 
                    "score": 0.04901737719774246, 
                    "spot": "Advocates"
                }
            ], 
            "wiki_id": 171156, 
            "wiki_title": "Advocacy"
        }, 
        {
            "annotations": [
                {
                    "begin": 774, 
                    "end": 788, 
                    "score": 0.005259706638753414, 
                    "spot": "administration"
                }
            ], 
            "wiki_id": 8824684, 
            "wiki_title": "Administration (law)"
        }, 
        {
            "annotations": [
                {
                    "begin": 803, 
                    "end": 810, 
                    "score": 0.0006339431274682283, 
                    "spot": "fearing"
                }
            ], 
            "wiki_id": 5005945, 
            "wiki_title": "Paul Fearing"
        }, 
        {
            "annotations": [
                {
                    "begin": 1683, 
                    "end": 1687, 
                    "score": 0.004316028673201799, 
                    "spot": "draw"
                }
            ], 
            "wiki_id": 264341, 
            "wiki_title": "Draw (chess)"
        }, 
        {
            "annotations": [
                {
                    "begin": 1613, 
                    "end": 1624, 
                    "score": 0.006182501092553139, 
                    "spot": "way of life"
                }
            ], 
            "wiki_id": 190041, 
            "wiki_title": "Lifestyle (sociology)"
        }, 
        {
            "annotations": [
                {
                    "begin": 1843, 
                    "end": 1853, 
                    "score": 0.04809253290295601, 
                    "spot": "child care"
                }
            ], 
            "wiki_id": 936027, 
            "wiki_title": "Day care"
        }, 
        {
            "annotations": [
                {
                    "begin": 1826, 
                    "end": 1841, 
                    "score": 0.26169848442077637, 
                    "spot": "health coverage"
                }
            ], 
            "wiki_id": 490201, 
            "wiki_title": "Health insurance"
        }, 
        {
            "annotations": [
                {
                    "begin": 2000, 
                    "end": 2008, 
                    "score": 0.21219578385353088, 
                    "spot": "Michigan"
                }
            ], 
            "wiki_id": 18859, 
            "wiki_title": "Michigan"
        }
    ]
}