{
    "tagme": [
        {
            "annotations": [
                {
                    "begin": 5, 
                    "end": 13, 
                    "score": 0.2614336609840393, 
                    "spot": "Canadian"
                }, 
                {
                    "begin": 1019, 
                    "end": 1027, 
                    "score": 0.23402726650238037, 
                    "spot": "Canadian"
                }
            ], 
            "wiki_id": 5042916, 
            "wiki_title": "Canada"
        }, 
        {
            "annotations": [
                {
                    "begin": 711, 
                    "end": 716, 
                    "score": 0.13272586464881897, 
                    "spot": "P>\n<P"
                }, 
                {
                    "begin": 1108, 
                    "end": 1113, 
                    "score": 0.0060240961611270905, 
                    "spot": "P>\n<P"
                }, 
                {
                    "begin": 1361, 
                    "end": 1366, 
                    "score": 0.057529740035533905, 
                    "spot": "P>\n<P"
                }
            ], 
            "wiki_id": 37649, 
            "wiki_title": "Amplitude"
        }, 
        {
            "annotations": [
                {
                    "begin": 183, 
                    "end": 190, 
                    "score": 0.04478489235043526, 
                    "spot": "Johnson"
                }
            ], 
            "wiki_id": 48594, 
            "wiki_title": "Samuel Johnson"
        }, 
        {
            "annotations": [
                {
                    "begin": 117, 
                    "end": 123, 
                    "score": 0.11749523878097534, 
                    "spot": "spiked"
                }
            ], 
            "wiki_id": 1778238, 
            "wiki_title": "Liberty spikes"
        }, 
        {
            "annotations": [
                {
                    "begin": 1472, 
                    "end": 1481, 
                    "score": 0.5, 
                    "spot": "CART \n</P"
                }
            ], 
            "wiki_id": 18873888, 
            "wiki_title": "\u00c7art\u0259p\u0259"
        }, 
        {
            "annotations": [
                {
                    "begin": 978, 
                    "end": 981, 
                    "score": 0.07665041089057922, 
                    "spot": "who"
                }
            ], 
            "wiki_id": 33583, 
            "wiki_title": "World Health Organization"
        }, 
        {
            "annotations": [
                {
                    "begin": 1278, 
                    "end": 1286, 
                    "score": 0.02632780373096466, 
                    "spot": "beverage"
                }
            ], 
            "wiki_id": 18948043, 
            "wiki_title": "Alcoholic beverage"
        }, 
        {
            "annotations": [
                {
                    "begin": 696, 
                    "end": 706, 
                    "score": 0.0005689206882379949, 
                    "spot": "old friend"
                }
            ], 
            "wiki_id": 12197392, 
            "wiki_title": "Bakugan Battle Brawlers"
        }, 
        {
            "annotations": [
                {
                    "begin": 131, 
                    "end": 137, 
                    "score": 0.13918738067150116, 
                    "spot": "banned"
                }
            ], 
            "wiki_id": 17253537, 
            "wiki_title": "Censorship"
        }, 
        {
            "annotations": [
                {
                    "begin": 1437, 
                    "end": 1444, 
                    "score": 0.21794871985912323, 
                    "spot": "Ben may"
                }
            ], 
            "wiki_id": 6271850, 
            "wiki_title": "Ben May"
        }, 
        {
            "annotations": [
                {
                    "begin": 593, 
                    "end": 604, 
                    "score": 0.2670060992240906, 
                    "spot": "Los Angeles"
                }
            ], 
            "wiki_id": 18110, 
            "wiki_title": "Los Angeles"
        }, 
        {
            "annotations": [
                {
                    "begin": 352, 
                    "end": 359, 
                    "score": 0.022718466818332672, 
                    "spot": "Tuesday"
                }
            ], 
            "wiki_id": 5326571, 
            "wiki_title": "ECW (WWE)"
        }, 
        {
            "annotations": [
                {
                    "begin": 54, 
                    "end": 62, 
                    "score": 0.1661723554134369, 
                    "spot": "sprinter"
                }, 
                {
                    "begin": 450, 
                    "end": 458, 
                    "score": 0.35247814655303955, 
                    "spot": "sprinter"
                }, 
                {
                    "begin": 536, 
                    "end": 544, 
                    "score": 0.3878399431705475, 
                    "spot": "sprinter"
                }, 
                {
                    "begin": 1323, 
                    "end": 1331, 
                    "score": 0.1835346519947052, 
                    "spot": "sprinter"
                }
            ], 
            "wiki_id": 89276, 
            "wiki_title": "Sprint (running)"
        }, 
        {
            "annotations": [
                {
                    "begin": 1268, 
                    "end": 1275, 
                    "score": 0.04478489235043526, 
                    "spot": "Johnson"
                }
            ], 
            "wiki_id": 26010, 
            "wiki_title": "Robert Johnson"
        }, 
        {
            "annotations": [
                {
                    "begin": 505, 
                    "end": 512, 
                    "score": 0.06535151600837708, 
                    "spot": "Francis"
                }
            ], 
            "wiki_id": 12772390, 
            "wiki_title": "Whitey Wistert"
        }, 
        {
            "annotations": [
                {
                    "begin": 758, 
                    "end": 765, 
                    "score": 0.14961490035057068, 
                    "spot": "talking"
                }, 
                {
                    "begin": 788, 
                    "end": 795, 
                    "score": 0.21335862576961517, 
                    "spot": "talking"
                }
            ], 
            "wiki_id": 70318, 
            "wiki_title": "Sound film"
        }, 
        {
            "annotations": [
                {
                    "begin": 629, 
                    "end": 636, 
                    "score": 0.009003099985420704, 
                    "spot": "Francis"
                }
            ], 
            "wiki_id": 17534878, 
            "wiki_title": "Characters of Malcolm in the Middle"
        }, 
        {
            "annotations": [
                {
                    "begin": 869, 
                    "end": 879, 
                    "score": 0.29730892181396484, 
                    "spot": "drug \ntest"
                }
            ], 
            "wiki_id": 986871, 
            "wiki_title": "Drug test"
        }, 
        {
            "annotations": [
                {
                    "begin": 299, 
                    "end": 317, 
                    "score": 0.1752472072839737, 
                    "spot": "physical therapist"
                }
            ], 
            "wiki_id": 24022, 
            "wiki_title": "Physical therapy"
        }, 
        {
            "annotations": [
                {
                    "begin": 1368, 
                    "end": 1373, 
                    "score": 0.05475416034460068, 
                    "spot": "Clean"
                }
            ], 
            "wiki_id": 4835266, 
            "wiki_title": "Clean technology"
        }, 
        {
            "annotations": [
                {
                    "begin": 606, 
                    "end": 610, 
                    "score": 0.020069532096385956, 
                    "spot": "Huey"
                }, 
                {
                    "begin": 768, 
                    "end": 772, 
                    "score": 0.12644922733306885, 
                    "spot": "Huey"
                }
            ], 
            "wiki_id": 102446, 
            "wiki_title": "Huey Long"
        }, 
        {
            "annotations": [
                {
                    "begin": 836, 
                    "end": 839, 
                    "score": 0.004758147057145834, 
                    "spot": "Ben"
                }
            ], 
            "wiki_id": 4955606, 
            "wiki_title": "Ben Linus"
        }, 
        {
            "annotations": [
                {
                    "begin": 847, 
                    "end": 853, 
                    "score": 0.0643521249294281, 
                    "spot": "afraid"
                }
            ], 
            "wiki_id": 10828, 
            "wiki_title": "Fear"
        }, 
        {
            "annotations": [
                {
                    "begin": 1053, 
                    "end": 1058, 
                    "score": 0.06403601914644241, 
                    "spot": "sport"
                }
            ], 
            "wiki_id": 25778403, 
            "wiki_title": "Sport"
        }, 
        {
            "annotations": [
                {
                    "begin": 254, 
                    "end": 257, 
                    "score": 0.001720538828521967, 
                    "spot": "who"
                }
            ], 
            "wiki_id": 2446127, 
            "wiki_title": "WHO (AM)"
        }, 
        {
            "annotations": [
                {
                    "begin": 1307, 
                    "end": 1311, 
                    "score": 0.003307982115074992, 
                    "spot": "area"
                }
            ], 
            "wiki_id": 1209, 
            "wiki_title": "Area"
        }, 
        {
            "annotations": [
                {
                    "begin": 1123, 
                    "end": 1132, 
                    "score": 0.001681337133049965, 
                    "spot": "testified"
                }
            ], 
            "wiki_id": 8107490, 
            "wiki_title": "United States congressional hearing"
        }, 
        {
            "annotations": [
                {
                    "begin": 98, 
                    "end": 103, 
                    "score": 0.6560103893280029, 
                    "spot": "Seoul"
                }, 
                {
                    "begin": 172, 
                    "end": 177, 
                    "score": 0.30658191442489624, 
                    "spot": "Seoul"
                }, 
                {
                    "begin": 265, 
                    "end": 270, 
                    "score": 0.34385502338409424, 
                    "spot": "Seoul"
                }, 
                {
                    "begin": 661, 
                    "end": 666, 
                    "score": 0.3836868703365326, 
                    "spot": "Seoul"
                }
            ], 
            "wiki_id": 19159283, 
            "wiki_title": "Seoul"
        }, 
        {
            "annotations": [
                {
                    "begin": 1165, 
                    "end": 1172, 
                    "score": 0.35920989513397217, 
                    "spot": "steroid"
                }
            ], 
            "wiki_id": 141922, 
            "wiki_title": "Steroid"
        }, 
        {
            "annotations": [
                {
                    "begin": 1394, 
                    "end": 1401, 
                    "score": 0.06618589907884598, 
                    "spot": "Francis"
                }
            ], 
            "wiki_id": 1687680, 
            "wiki_title": "Pope Francis"
        }, 
        {
            "annotations": [
                {
                    "begin": 20, 
                    "end": 35, 
                    "score": 0.1875, 
                    "spot": "Charlie Francis"
                }
            ], 
            "wiki_id": 1423501, 
            "wiki_title": "Charlie Francis"
        }, 
        {
            "annotations": [
                {
                    "begin": 747, 
                    "end": 749, 
                    "score": 0.17161591351032257, 
                    "spot": "we"
                }, 
                {
                    "begin": 780, 
                    "end": 782, 
                    "score": 0.17817752063274384, 
                    "spot": "We"
                }
            ], 
            "wiki_id": 65758, 
            "wiki_title": "Western (genre)"
        }, 
        {
            "annotations": [
                {
                    "begin": 1459, 
                    "end": 1463, 
                    "score": 0.08167417347431183, 
                    "spot": "test"
                }
            ], 
            "wiki_id": 30863, 
            "wiki_title": "Test cricket"
        }, 
        {
            "annotations": [
                {
                    "begin": 1402, 
                    "end": 1406, 
                    "score": 0.05774004012346268, 
                    "spot": "must"
                }
            ], 
            "wiki_id": 466664, 
            "wiki_title": "Must"
        }, 
        {
            "annotations": [
                {
                    "begin": 248, 
                    "end": 252, 
                    "score": 0.08289188146591187, 
                    "spot": "Huey"
                }
            ], 
            "wiki_id": 8243549, 
            "wiki_title": "Huey Freeman"
        }, 
        {
            "annotations": [
                {
                    "begin": 217, 
                    "end": 221, 
                    "score": 0.014514656737446785, 
                    "spot": "test"
                }
            ], 
            "wiki_id": 30284, 
            "wiki_title": "Statistical hypothesis testing"
        }, 
        {
            "annotations": [
                {
                    "begin": 328, 
                    "end": 336, 
                    "score": 0.13103275001049042, 
                    "spot": "American"
                }, 
                {
                    "begin": 445, 
                    "end": 448, 
                    "score": 0.09544612467288971, 
                    "spot": "U.S"
                }
            ], 
            "wiki_id": 3434750, 
            "wiki_title": "United States"
        }, 
        {
            "annotations": [
                {
                    "begin": 1348, 
                    "end": 1356, 
                    "score": 0.09455264359712601, 
                    "spot": "specimen"
                }
            ], 
            "wiki_id": 8999017, 
            "wiki_title": "Laboratory specimen"
        }, 
        {
            "annotations": [
                {
                    "begin": 696, 
                    "end": 699, 
                    "score": 0.03228854387998581, 
                    "spot": "old"
                }
            ], 
            "wiki_id": 229060, 
            "wiki_title": "Old age"
        }, 
        {
            "annotations": [
                {
                    "begin": 222, 
                    "end": 230, 
                    "score": 0.0015392379136756063, 
                    "spot": "positive"
                }
            ], 
            "wiki_id": 213354, 
            "wiki_title": "Positive feedback"
        }, 
        {
            "annotations": [
                {
                    "begin": 14, 
                    "end": 19, 
                    "score": 0.0853438675403595, 
                    "spot": "Coach"
                }
            ], 
            "wiki_id": 567915, 
            "wiki_title": "Coach (ice hockey)"
        }, 
        {
            "annotations": [
                {
                    "begin": 77, 
                    "end": 82, 
                    "score": 0.47027093172073364, 
                    "spot": "urine"
                }, 
                {
                    "begin": 1341, 
                    "end": 1346, 
                    "score": 0.21437707543373108, 
                    "spot": "urine"
                }
            ], 
            "wiki_id": 3938382, 
            "wiki_title": "Urine"
        }, 
        {
            "annotations": [
                {
                    "begin": 961, 
                    "end": 968, 
                    "score": 0.09229298681020737, 
                    "spot": "hearing"
                }
            ], 
            "wiki_id": 21282020, 
            "wiki_title": "Hearing"
        }, 
        {
            "annotations": [
                {
                    "begin": 700, 
                    "end": 706, 
                    "score": 0.03531832993030548, 
                    "spot": "friend"
                }
            ], 
            "wiki_id": 4812151, 
            "wiki_title": "Quakers"
        }, 
        {
            "annotations": [
                {
                    "begin": 1226, 
                    "end": 1232, 
                    "score": 0.04711827635765076, 
                    "spot": "person"
                }
            ], 
            "wiki_id": 682482, 
            "wiki_title": "Human"
        }, 
        {
            "annotations": [
                {
                    "begin": 98, 
                    "end": 112, 
                    "score": 0.29568198323249817, 
                    "spot": "Seoul Olympics"
                }
            ], 
            "wiki_id": 82757, 
            "wiki_title": "1988 Summer Olympics"
        }, 
        {
            "annotations": [
                {
                    "begin": 1069, 
                    "end": 1076, 
                    "score": 0.09165576845407486, 
                    "spot": "Johnson"
                }, 
                {
                    "begin": 1138, 
                    "end": 1145, 
                    "score": 0.08471357822418213, 
                    "spot": "Johnson"
                }
            ], 
            "wiki_id": 36753, 
            "wiki_title": "Magic Johnson"
        }, 
        {
            "annotations": [
                {
                    "begin": 914, 
                    "end": 922, 
                    "score": 0.0037115588784217834, 
                    "spot": "bragging"
                }
            ], 
            "wiki_id": 13309070, 
            "wiki_title": "Boasting"
        }, 
        {
            "annotations": [
                {
                    "begin": 428, 
                    "end": 436, 
                    "score": 0.05717490240931511, 
                    "spot": "showdown"
                }
            ], 
            "wiki_id": 30157934, 
            "wiki_title": "The Paradise Novels"
        }, 
        {
            "annotations": [
                {
                    "begin": 77, 
                    "end": 90, 
                    "score": 0.2173827588558197, 
                    "spot": "urine \nsample"
                }
            ], 
            "wiki_id": 568003, 
            "wiki_title": "Urinalysis"
        }, 
        {
            "annotations": [
                {
                    "begin": 945, 
                    "end": 948, 
                    "score": 0.0006853084196336567, 
                    "spot": "she"
                }
            ], 
            "wiki_id": 706580, 
            "wiki_title": "S.H.E"
        }, 
        {
            "annotations": [
                {
                    "begin": 156, 
                    "end": 168, 
                    "score": 0.07722178846597672, 
                    "spot": "acquaintance"
                }
            ], 
            "wiki_id": 2333250, 
            "wiki_title": "Date rape"
        }, 
        {
            "annotations": [
                {
                    "begin": 840, 
                    "end": 846, 
                    "score": 0.4852941036224365, 
                    "spot": "s more"
                }
            ], 
            "wiki_id": 321159, 
            "wiki_title": "S'more"
        }, 
        {
            "annotations": [
                {
                    "begin": 1421, 
                    "end": 1427, 
                    "score": 0.18031975626945496, 
                    "spot": "reason"
                }
            ], 
            "wiki_id": 42446, 
            "wiki_title": "Reason"
        }, 
        {
            "annotations": [
                {
                    "begin": 138, 
                    "end": 145, 
                    "score": 0.3756279945373535, 
                    "spot": "steroid"
                }
            ], 
            "wiki_id": 19218324, 
            "wiki_title": "Anabolic steroid"
        }, 
        {
            "annotations": [
                {
                    "begin": 994, 
                    "end": 1001, 
                    "score": 0.24905677139759064, 
                    "spot": "Toronto"
                }
            ], 
            "wiki_id": 64646, 
            "wiki_title": "Toronto"
        }, 
        {
            "annotations": [
                {
                    "begin": 571, 
                    "end": 577, 
                    "score": 0.020596785470843315, 
                    "spot": "stayed"
                }
            ], 
            "wiki_id": 3028902, 
            "wiki_title": "Stay of execution"
        }, 
        {
            "annotations": [
                {
                    "begin": 969, 
                    "end": 976, 
                    "score": 0.009003099985420704, 
                    "spot": "Francis"
                }
            ], 
            "wiki_id": 167051, 
            "wiki_title": "Connie Francis"
        }, 
        {
            "annotations": [
                {
                    "begin": 545, 
                    "end": 570, 
                    "score": 0.5, 
                    "spot": "Angella Taylor \nIssajenko"
                }, 
                {
                    "begin": 561, 
                    "end": 570, 
                    "score": 0.0833333358168602, 
                    "spot": "Issajenko"
                }
            ], 
            "wiki_id": 1529428, 
            "wiki_title": "Angella Taylor-Issajenko"
        }, 
        {
            "annotations": [
                {
                    "begin": 1244, 
                    "end": 1251, 
                    "score": 0.0007863696082495153, 
                    "spot": "slipped"
                }
            ], 
            "wiki_id": 9173236, 
            "wiki_title": "Slip coach"
        }, 
        {
            "annotations": [
                {
                    "begin": 719, 
                    "end": 726, 
                    "score": 0.039498016238212585, 
                    "spot": "Charlie"
                }, 
                {
                    "begin": 821, 
                    "end": 828, 
                    "score": 0.1001640260219574, 
                    "spot": "Charlie"
                }
            ], 
            "wiki_id": 5142, 
            "wiki_title": "Charlie Chaplin"
        }, 
        {
            "annotations": [
                {
                    "begin": 1215, 
                    "end": 1225, 
                    "score": 0.04550435021519661, 
                    "spot": "mysterious"
                }
            ], 
            "wiki_id": 8222092, 
            "wiki_title": "Masked Mystery Villain"
        }, 
        {
            "annotations": [
                {
                    "begin": 585, 
                    "end": 589, 
                    "score": 0.06449894607067108, 
                    "spot": "home"
                }
            ], 
            "wiki_id": 36202436, 
            "wiki_title": "Home (2015 film)"
        }, 
        {
            "annotations": [
                {
                    "begin": 399, 
                    "end": 406, 
                    "score": 0.20265255868434906, 
                    "spot": "Johnson"
                }
            ], 
            "wiki_id": 54533, 
            "wiki_title": "Lyndon B. Johnson"
        }, 
        {
            "annotations": [
                {
                    "begin": 1466, 
                    "end": 1476, 
                    "score": 0.4000000059604645, 
                    "spot": "JULIE CART"
                }
            ], 
            "wiki_id": 47417926, 
            "wiki_title": "Julie Cart"
        }, 
        {
            "annotations": [
                {
                    "begin": 1252, 
                    "end": 1261, 
                    "score": 0.0015752408653497696, 
                    "spot": "something"
                }
            ], 
            "wiki_id": 2902740, 
            "wiki_title": "Indefinite pronoun"
        }, 
        {
            "annotations": [
                {
                    "begin": 459, 
                    "end": 469, 
                    "score": 0.5, 
                    "spot": "Carl Lewis"
                }, 
                {
                    "begin": 894, 
                    "end": 904, 
                    "score": 0.5, 
                    "spot": "Carl Lewis"
                }
            ], 
            "wiki_id": 67127, 
            "wiki_title": "Carl Lewis"
        }, 
        {
            "annotations": [
                {
                    "begin": 1095, 
                    "end": 1103, 
                    "score": 0.008948768489062786, 
                    "spot": "Olympics"
                }
            ], 
            "wiki_id": 77741, 
            "wiki_title": "2004 Summer Olympics"
        }, 
        {
            "annotations": [
                {
                    "begin": 807, 
                    "end": 810, 
                    "score": 0.13650555908679962, 
                    "spot": "Ben"
                }
            ], 
            "wiki_id": 2413574, 
            "wiki_title": "Ben (film)"
        }, 
        {
            "annotations": [
                {
                    "begin": 817, 
                    "end": 819, 
                    "score": 0.0007055374444462359, 
                    "spot": "do"
                }
            ], 
            "wiki_id": 9899396, 
            "wiki_title": "Ditto mark"
        }, 
        {
            "annotations": [
                {
                    "begin": 1028, 
                    "end": 1035, 
                    "score": 0.15224961936473846, 
                    "spot": "inquiry"
                }
            ], 
            "wiki_id": 3657365, 
            "wiki_title": "Inquiry"
        }, 
        {
            "annotations": [
                {
                    "begin": 1060, 
                    "end": 1063, 
                    "score": 0.07029218226671219, 
                    "spot": "say"
                }
            ], 
            "wiki_id": 46789, 
            "wiki_title": "Jean-Baptiste Say"
        }, 
        {
            "annotations": [
                {
                    "begin": 242, 
                    "end": 247, 
                    "score": 0.007637474685907364, 
                    "spot": "Lynda"
                }
            ], 
            "wiki_id": 5276163, 
            "wiki_title": "Lynda Thomas"
        }, 
        {
            "annotations": [
                {
                    "begin": 365, 
                    "end": 372, 
                    "score": 0.16687077283859253, 
                    "spot": "Francis"
                }
            ], 
            "wiki_id": 2834960, 
            "wiki_title": "Francis A. Nixon"
        }, 
        {
            "annotations": [
                {
                    "begin": 1450, 
                    "end": 1454, 
                    "score": 0.06981976330280304, 
                    "spot": "pass"
                }
            ], 
            "wiki_id": 10654, 
            "wiki_title": "Forward pass"
        }, 
        {
            "annotations": [
                {
                    "begin": 952, 
                    "end": 957, 
                    "score": 0.0870777890086174, 
                    "spot": "tired"
                }
            ], 
            "wiki_id": 235562, 
            "wiki_title": "Fatigue (medical)"
        }, 
        {
            "annotations": [
                {
                    "begin": 1174, 
                    "end": 1184, 
                    "score": 0.7124107480049133, 
                    "spot": "stanozolol"
                }
            ], 
            "wiki_id": 775005, 
            "wiki_title": "Stanozolol"
        }, 
        {
            "annotations": [
                {
                    "begin": 643, 
                    "end": 651, 
                    "score": 0.03984006121754646, 
                    "spot": "practice"
                }
            ], 
            "wiki_id": 10245301, 
            "wiki_title": "Practice (learning method)"
        }, 
        {
            "annotations": [
                {
                    "begin": 481, 
                    "end": 485, 
                    "score": 0.05157472938299179, 
                    "spot": "Huey"
                }, 
                {
                    "begin": 935, 
                    "end": 939, 
                    "score": 0.05157472938299179, 
                    "spot": "Huey"
                }, 
                {
                    "begin": 1382, 
                    "end": 1386, 
                    "score": 0.020069532096385956, 
                    "spot": "Huey"
                }
            ], 
            "wiki_id": 38008, 
            "wiki_title": "Bell UH-1 Iroquois"
        }, 
        {
            "annotations": [
                {
                    "begin": 283, 
                    "end": 289, 
                    "score": 0.14446553587913513, 
                    "spot": "NBC-TV"
                }
            ], 
            "wiki_id": 2798677, 
            "wiki_title": "Major League Baseball on NBC"
        }, 
        {
            "annotations": [
                {
                    "begin": 740, 
                    "end": 742, 
                    "score": 0.12801197171211243, 
                    "spot": "me"
                }
            ], 
            "wiki_id": 9951602, 
            "wiki_title": "Earth mass"
        }, 
        {
            "annotations": [
                {
                    "begin": 1431, 
                    "end": 1436, 
                    "score": 0.12801025807857513, 
                    "spot": "think"
                }
            ], 
            "wiki_id": 37080, 
            "wiki_title": "Thought"
        }, 
        {
            "annotations": [
                {
                    "begin": 63, 
                    "end": 74, 
                    "score": 0.5, 
                    "spot": "Ben Johnson"
                }
            ], 
            "wiki_id": 438651, 
            "wiki_title": "Ben Johnson (actor)"
        }, 
        {
            "annotations": [
                {
                    "begin": 37, 
                    "end": 40, 
                    "score": 0.06754579395055771, 
                    "spot": "who"
                }
            ], 
            "wiki_id": 36517, 
            "wiki_title": "The Who"
        }, 
        {
            "annotations": [
                {
                    "begin": 1002, 
                    "end": 1012, 
                    "score": 0.051048293709754944, 
                    "spot": "testifying"
                }
            ], 
            "wiki_id": 75696, 
            "wiki_title": "Testimony"
        }, 
        {
            "annotations": [
                {
                    "begin": 337, 
                    "end": 345, 
                    "score": 0.049152255058288574, 
                    "spot": "athletes"
                }, 
                {
                    "begin": 652, 
                    "end": 657, 
                    "score": 0.07464703917503357, 
                    "spot": "track"
                }
            ], 
            "wiki_id": 194904, 
            "wiki_title": "Track and field"
        }, 
        {
            "annotations": [
                {
                    "begin": 1115, 
                    "end": 1122, 
                    "score": 0.009003099985420704, 
                    "spot": "Francis"
                }
            ], 
            "wiki_id": 34262992, 
            "wiki_title": "Francis (1793)"
        }, 
        {
            "annotations": [
                {
                    "begin": 1198, 
                    "end": 1203, 
                    "score": 0.07412147521972656, 
                    "spot": "Games"
                }
            ], 
            "wiki_id": 22576, 
            "wiki_title": "Olympic Games"
        }, 
        {
            "annotations": [
                {
                    "begin": 1041, 
                    "end": 1049, 
                    "score": 0.16312256455421448, 
                    "spot": "drug use"
                }
            ], 
            "wiki_id": 25949, 
            "wiki_title": "Recreational drug use"
        }, 
        {
            "annotations": [
                {
                    "begin": 235, 
                    "end": 240, 
                    "score": 0.0060240961611270905, 
                    "spot": "P>\n<P"
                }, 
                {
                    "begin": 474, 
                    "end": 479, 
                    "score": 0.05328189209103584, 
                    "spot": "P>\n<P"
                }, 
                {
                    "begin": 928, 
                    "end": 933, 
                    "score": 0.05328189209103584, 
                    "spot": "P>\n<P"
                }
            ], 
            "wiki_id": 5090365, 
            "wiki_title": "Length between perpendiculars"
        }, 
        {
            "annotations": [
                {
                    "begin": 491, 
                    "end": 494, 
                    "score": 0.0006853084196336567, 
                    "spot": "she"
                }, 
                {
                    "begin": 616, 
                    "end": 619, 
                    "score": 0.0006853084196336567, 
                    "spot": "she"
                }
            ], 
            "wiki_id": 153895, 
            "wiki_title": "Gender-specific and gender-neutral pronouns"
        }, 
        {
            "annotations": [
                {
                    "begin": 409, 
                    "end": 421, 
                    "score": 0.0007392645929940045, 
                    "spot": "preparations"
                }
            ], 
            "wiki_id": 41721984, 
            "wiki_title": "Plan on Priority Measures for European Integration of Ukraine"
        }, 
        {
            "annotations": [
                {
                    "begin": 1081, 
                    "end": 1086, 
                    "score": 0.003248517867177725, 
                    "spot": "clean"
                }
            ], 
            "wiki_id": 162707, 
            "wiki_title": "Singing"
        }
    ]
}