{
    "tagme": [
        {
            "annotations": [
                {
                    "begin": 322, 
                    "end": 326, 
                    "score": 0.0031610135920345783, 
                    "spot": "fell"
                }
            ], 
            "wiki_id": 102674, 
            "wiki_title": "Fall of Constantinople"
        }, 
        {
            "annotations": [
                {
                    "begin": 738, 
                    "end": 740, 
                    "score": 0.10087473690509796, 
                    "spot": "Ms"
                }
            ], 
            "wiki_id": 16949861, 
            "wiki_title": "Mississippi"
        }, 
        {
            "annotations": [
                {
                    "begin": 147, 
                    "end": 158, 
                    "score": 0.08219967782497406, 
                    "spot": "allegations"
                }
            ], 
            "wiki_id": 2434267, 
            "wiki_title": "Allegation"
        }, 
        {
            "annotations": [
                {
                    "begin": 430, 
                    "end": 434, 
                    "score": 0.05422791838645935, 
                    "spot": "deal"
                }
            ], 
            "wiki_id": 2447976, 
            "wiki_title": "Recording contract"
        }, 
        {
            "annotations": [
                {
                    "begin": 701, 
                    "end": 710, 
                    "score": 0.057288262993097305, 
                    "spot": "intervene"
                }
            ], 
            "wiki_id": 5161334, 
            "wiki_title": "Intervention (law)"
        }, 
        {
            "annotations": [
                {
                    "begin": 657, 
                    "end": 678, 
                    "score": 0.02994011901319027, 
                    "spot": "rehabilitation clinic"
                }
            ], 
            "wiki_id": 427922, 
            "wiki_title": "Drug rehabilitation"
        }, 
        {
            "annotations": [
                {
                    "begin": 337, 
                    "end": 345, 
                    "score": 0.04035921394824982, 
                    "spot": "accepted"
                }
            ], 
            "wiki_id": 667459, 
            "wiki_title": "Acceptance"
        }, 
        {
            "annotations": [
                {
                    "begin": 201, 
                    "end": 208, 
                    "score": 0.11797472834587097, 
                    "spot": "actress"
                }
            ], 
            "wiki_id": 21504235, 
            "wiki_title": "Actor"
        }, 
        {
            "annotations": [
                {
                    "begin": 898, 
                    "end": 908, 
                    "score": 0.3740575909614563, 
                    "spot": "drug abuse"
                }
            ], 
            "wiki_id": 102959, 
            "wiki_title": "Substance abuse"
        }, 
        {
            "annotations": [
                {
                    "begin": 55, 
                    "end": 63, 
                    "score": 0.000592152529861778, 
                    "spot": "declined"
                }
            ], 
            "wiki_id": 1084650, 
            "wiki_title": "Decline and modernization of the Ottoman Empire"
        }, 
        {
            "annotations": [
                {
                    "begin": 546, 
                    "end": 561, 
                    "score": 0.039792388677597046, 
                    "spot": "criminal intent"
                }
            ], 
            "wiki_id": 22580855, 
            "wiki_title": "Law &amp; Order: Criminal Intent (season 8)"
        }, 
        {
            "annotations": [
                {
                    "begin": 186, 
                    "end": 197, 
                    "score": 0.10764016956090927, 
                    "spot": "painkillers"
                }, 
                {
                    "begin": 848, 
                    "end": 859, 
                    "score": 0.3901982009410858, 
                    "spot": "painkillers"
                }
            ], 
            "wiki_id": 2246, 
            "wiki_title": "Analgesic"
        }, 
        {
            "annotations": [
                {
                    "begin": 48, 
                    "end": 54, 
                    "score": 0.047297507524490356, 
                    "spot": "office"
                }
            ], 
            "wiki_id": 2995553, 
            "wiki_title": "The Office (U.S. TV series)"
        }, 
        {
            "annotations": [
                {
                    "begin": 81, 
                    "end": 88, 
                    "score": 0.21708634495735168, 
                    "spot": "charges"
                }
            ], 
            "wiki_id": 14559, 
            "wiki_title": "Indictment"
        }, 
        {
            "annotations": [
                {
                    "begin": 590, 
                    "end": 593, 
                    "score": 0.04957037419080734, 
                    "spot": "one"
                }
            ], 
            "wiki_id": 23385833, 
            "wiki_title": "Neoplatonism"
        }, 
        {
            "annotations": [
                {
                    "begin": 632, 
                    "end": 640, 
                    "score": 0.12843528389930725, 
                    "spot": "persuade"
                }
            ], 
            "wiki_id": 24897, 
            "wiki_title": "Persuasion"
        }, 
        {
            "annotations": [
                {
                    "begin": 578, 
                    "end": 584, 
                    "score": 0.0011830201838165522, 
                    "spot": "report"
                }
            ], 
            "wiki_id": 6620428, 
            "wiki_title": "Muzzle flash"
        }, 
        {
            "annotations": [
                {
                    "begin": 648, 
                    "end": 653, 
                    "score": 0.02557036653161049, 
                    "spot": "enter"
                }
            ], 
            "wiki_id": 45294, 
            "wiki_title": "Atmospheric entry"
        }, 
        {
            "annotations": [
                {
                    "begin": 358, 
                    "end": 374, 
                    "score": 0.3570939600467682, 
                    "spot": "medical practice"
                }
            ], 
            "wiki_id": 18957, 
            "wiki_title": "Medicine"
        }, 
        {
            "annotations": [
                {
                    "begin": 938, 
                    "end": 951, 
                    "score": 0.14851485192775726, 
                    "spot": "Rancho Mirage"
                }
            ], 
            "wiki_id": 107941, 
            "wiki_title": "Rancho Mirage, California"
        }, 
        {
            "annotations": [
                {
                    "begin": 209, 
                    "end": 225, 
                    "score": 0.5, 
                    "spot": "Elizabeth Taylor"
                }
            ], 
            "wiki_id": 42357, 
            "wiki_title": "Elizabeth Taylor"
        }, 
        {
            "annotations": [
                {
                    "begin": 484, 
                    "end": 491, 
                    "score": 0.2728358209133148, 
                    "spot": "therapy"
                }
            ], 
            "wiki_id": 13311819, 
            "wiki_title": "Therapy"
        }, 
        {
            "annotations": [
                {
                    "begin": 9, 
                    "end": 45, 
                    "score": 0.42574256658554077, 
                    "spot": "Los Angeles County district attorney"
                }
            ], 
            "wiki_id": 2209685, 
            "wiki_title": "Los Angeles County District Attorney"
        }, 
        {
            "annotations": [
                {
                    "begin": 250, 
                    "end": 256, 
                    "score": 0.09156174957752228, 
                    "spot": "report"
                }
            ], 
            "wiki_id": 4692150, 
            "wiki_title": "Report"
        }, 
        {
            "annotations": [
                {
                    "begin": 74, 
                    "end": 79, 
                    "score": 0.09599453210830688, 
                    "spot": "press"
                }
            ], 
            "wiki_id": 304113, 
            "wiki_title": "News media"
        }, 
        {
            "annotations": [
                {
                    "begin": 105, 
                    "end": 115, 
                    "score": 0.11795253306627274, 
                    "spot": "physicians"
                }, 
                {
                    "begin": 397, 
                    "end": 404, 
                    "score": 0.20790037512779236, 
                    "spot": "doctors"
                }, 
                {
                    "begin": 601, 
                    "end": 611, 
                    "score": 0.0919785425066948, 
                    "spot": "physicians"
                }
            ], 
            "wiki_id": 23315, 
            "wiki_title": "Physician"
        }, 
        {
            "annotations": [
                {
                    "begin": 128, 
                    "end": 141, 
                    "score": 0.11713903397321701, 
                    "spot": "investigation"
                }
            ], 
            "wiki_id": 37297, 
            "wiki_title": "Criminal procedure"
        }, 
        {
            "annotations": [
                {
                    "begin": 298, 
                    "end": 309, 
                    "score": 0.07382193952798843, 
                    "spot": "prescribing"
                }
            ], 
            "wiki_id": 304263, 
            "wiki_title": "Medical prescription"
        }, 
        {
            "annotations": [
                {
                    "begin": 781, 
                    "end": 787, 
                    "score": 0.17513640224933624, 
                    "spot": "Taylor"
                }
            ], 
            "wiki_id": 30448, 
            "wiki_title": "Taylor series"
        }, 
        {
            "annotations": [
                {
                    "begin": 346, 
                    "end": 354, 
                    "score": 0.0571465939283371, 
                    "spot": "standard"
                }
            ], 
            "wiki_id": 27065, 
            "wiki_title": "Standardization"
        }, 
        {
            "annotations": [
                {
                    "begin": 64, 
                    "end": 70, 
                    "score": 0.006413811352103949, 
                    "spot": "Friday"
                }
            ], 
            "wiki_id": 58009, 
            "wiki_title": "Good Friday"
        }, 
        {
            "annotations": [
                {
                    "begin": 829, 
                    "end": 843, 
                    "score": 0.37847796082496643, 
                    "spot": "sleeping pills"
                }
            ], 
            "wiki_id": 14269, 
            "wiki_title": "Hypnotic"
        }, 
        {
            "annotations": [
                {
                    "begin": 28, 
                    "end": 45, 
                    "score": 0.14415723085403442, 
                    "spot": "district attorney"
                }, 
                {
                    "begin": 262, 
                    "end": 279, 
                    "score": 0.14415723085403442, 
                    "spot": "district attorney"
                }
            ], 
            "wiki_id": 402653, 
            "wiki_title": "District attorney"
        }, 
        {
            "annotations": [
                {
                    "begin": 230, 
                    "end": 235, 
                    "score": 0.0060240961611270905, 
                    "spot": "P>\n<P"
                }, 
                {
                    "begin": 567, 
                    "end": 572, 
                    "score": 0.0060240961611270905, 
                    "spot": "P>\n<P"
                }, 
                {
                    "begin": 774, 
                    "end": 779, 
                    "score": 0.0060240961611270905, 
                    "spot": "P>\n<P"
                }
            ], 
            "wiki_id": 37649, 
            "wiki_title": "Amplitude"
        }, 
        {
            "annotations": [
                {
                    "begin": 444, 
                    "end": 453, 
                    "score": 0.19963374733924866, 
                    "spot": "addiction"
                }, 
                {
                    "begin": 496, 
                    "end": 505, 
                    "score": 0.15628214180469513, 
                    "spot": "treatment"
                }, 
                {
                    "begin": 816, 
                    "end": 825, 
                    "score": 0.2054932415485382, 
                    "spot": "addiction"
                }
            ], 
            "wiki_id": 27158894, 
            "wiki_title": "Addiction"
        }, 
        {
            "annotations": [
                {
                    "begin": 282, 
                    "end": 288, 
                    "score": 0.2135000228881836, 
                    "spot": "office"
                }
            ], 
            "wiki_id": 1951124, 
            "wiki_title": "Liturgy of the Hours"
        }, 
        {
            "annotations": [
                {
                    "begin": 21, 
                    "end": 27, 
                    "score": 0.2061229944229126, 
                    "spot": "County"
                }
            ], 
            "wiki_id": 88366, 
            "wiki_title": "County (United States)"
        }, 
        {
            "annotations": [
                {
                    "begin": 242, 
                    "end": 249, 
                    "score": 0.10375283658504486, 
                    "spot": "written"
                }
            ], 
            "wiki_id": 83597, 
            "wiki_title": "Screenplay"
        }, 
        {
            "annotations": [
                {
                    "begin": 742, 
                    "end": 748, 
                    "score": 0.04965374991297722, 
                    "spot": "Taylor"
                }
            ], 
            "wiki_id": 499509, 
            "wiki_title": "Joseph Hooton Taylor, Jr."
        }, 
        {
            "annotations": [
                {
                    "begin": 327, 
                    "end": 332, 
                    "score": 0.0011985034216195345, 
                    "spot": "below"
                }
            ], 
            "wiki_id": 13855, 
            "wiki_title": "Halloween"
        }, 
        {
            "annotations": [
                {
                    "begin": 916, 
                    "end": 933, 
                    "score": 0.4833333194255829, 
                    "spot": "Betty Ford Clinic"
                }
            ], 
            "wiki_id": 472507, 
            "wiki_title": "Betty Ford Center"
        }, 
        {
            "annotations": [
                {
                    "begin": 463, 
                    "end": 474, 
                    "score": 0.16885891556739807, 
                    "spot": "alternative"
                }
            ], 
            "wiki_id": 1845, 
            "wiki_title": "Alternative medicine"
        }, 
        {
            "annotations": [
                {
                    "begin": 886, 
                    "end": 893, 
                    "score": 0.3534024953842163, 
                    "spot": "alcohol"
                }
            ], 
            "wiki_id": 1014, 
            "wiki_title": "Alcohol"
        }
    ]
}