{
    "tagme": [
        {
            "annotations": [
                {
                    "begin": 2048, 
                    "end": 2055, 
                    "score": 0.0018966335337609053, 
                    "spot": "prudent"
                }, 
                {
                    "begin": 2515, 
                    "end": 2522, 
                    "score": 0.0018966335337609053, 
                    "spot": "prudent"
                }
            ], 
            "wiki_id": 12236564, 
            "wiki_title": "HMS Prudent (1768)"
        }, 
        {
            "annotations": [
                {
                    "begin": 221, 
                    "end": 226, 
                    "score": 0.0060240961611270905, 
                    "spot": "P>\n<P"
                }, 
                {
                    "begin": 489, 
                    "end": 494, 
                    "score": 0.059511978179216385, 
                    "spot": "P>\n<P"
                }, 
                {
                    "begin": 712, 
                    "end": 717, 
                    "score": 0.04168268293142319, 
                    "spot": "P>\n<P"
                }, 
                {
                    "begin": 815, 
                    "end": 820, 
                    "score": 0.06043799966573715, 
                    "spot": "P>\n<P"
                }, 
                {
                    "begin": 959, 
                    "end": 964, 
                    "score": 0.12511467933654785, 
                    "spot": "P>\n<P"
                }, 
                {
                    "begin": 1137, 
                    "end": 1142, 
                    "score": 0.12021280825138092, 
                    "spot": "P>\n<P"
                }, 
                {
                    "begin": 1224, 
                    "end": 1229, 
                    "score": 0.08476325869560242, 
                    "spot": "P>\n<P"
                }, 
                {
                    "begin": 1384, 
                    "end": 1389, 
                    "score": 0.0060240961611270905, 
                    "spot": "P>\n<P"
                }, 
                {
                    "begin": 1666, 
                    "end": 1671, 
                    "score": 0.0535849966108799, 
                    "spot": "P>\n<P"
                }, 
                {
                    "begin": 1852, 
                    "end": 1857, 
                    "score": 0.0060240961611270905, 
                    "spot": "P>\n<P"
                }, 
                {
                    "begin": 1999, 
                    "end": 2004, 
                    "score": 0.0060240961611270905, 
                    "spot": "P>\n<P"
                }, 
                {
                    "begin": 2099, 
                    "end": 2104, 
                    "score": 0.0060240961611270905, 
                    "spot": "P>\n<P"
                }, 
                {
                    "begin": 2327, 
                    "end": 2332, 
                    "score": 0.0060240961611270905, 
                    "spot": "P>\n<P"
                }, 
                {
                    "begin": 2648, 
                    "end": 2653, 
                    "score": 0.0060240961611270905, 
                    "spot": "P>\n<P"
                }, 
                {
                    "begin": 2888, 
                    "end": 2893, 
                    "score": 0.04168268293142319, 
                    "spot": "P>\n<P"
                }, 
                {
                    "begin": 3111, 
                    "end": 3116, 
                    "score": 0.0060240961611270905, 
                    "spot": "P>\n<P"
                }, 
                {
                    "begin": 3304, 
                    "end": 3309, 
                    "score": 0.0060240961611270905, 
                    "spot": "P>\n<P"
                }
            ], 
            "wiki_id": 37649, 
            "wiki_title": "Amplitude"
        }, 
        {
            "annotations": [
                {
                    "begin": 177, 
                    "end": 188, 
                    "score": 0.0014950750628486276, 
                    "spot": "three weeks"
                }
            ], 
            "wiki_id": 829451, 
            "wiki_title": "The Three Weeks"
        }, 
        {
            "annotations": [
                {
                    "begin": 2132, 
                    "end": 2136, 
                    "score": 0.037310756742954254, 
                    "spot": "bout"
                }
            ], 
            "wiki_id": 4243, 
            "wiki_title": "Boxing"
        }, 
        {
            "annotations": [
                {
                    "begin": 1053, 
                    "end": 1056, 
                    "score": 0.016537539660930634, 
                    "spot": "ill"
                }
            ], 
            "wiki_id": 14849, 
            "wiki_title": "Illinois"
        }, 
        {
            "annotations": [
                {
                    "begin": 1899, 
                    "end": 1906, 
                    "score": 0.06586219370365143, 
                    "spot": "dictate"
                }
            ], 
            "wiki_id": 43794841, 
            "wiki_title": "Dictation (exercise)"
        }, 
        {
            "annotations": [
                {
                    "begin": 2960, 
                    "end": 2969, 
                    "score": 0.09126321971416473, 
                    "spot": "statement"
                }
            ], 
            "wiki_id": 304097, 
            "wiki_title": "Press release"
        }, 
        {
            "annotations": [
                {
                    "begin": 623, 
                    "end": 632, 
                    "score": 0.05369407311081886, 
                    "spot": "statement"
                }, 
                {
                    "begin": 826, 
                    "end": 835, 
                    "score": 0.056061599403619766, 
                    "spot": "statement"
                }, 
                {
                    "begin": 945, 
                    "end": 954, 
                    "score": 0.056061599403619766, 
                    "spot": "statement"
                }
            ], 
            "wiki_id": 30977, 
            "wiki_title": "Theorem"
        }, 
        {
            "annotations": [
                {
                    "begin": 1956, 
                    "end": 1959, 
                    "score": 0.0006853084196336567, 
                    "spot": "she"
                }, 
                {
                    "begin": 2106, 
                    "end": 2109, 
                    "score": 0.0006853084196336567, 
                    "spot": "She"
                }, 
                {
                    "begin": 3320, 
                    "end": 3323, 
                    "score": 0.0006853084196336567, 
                    "spot": "she"
                }
            ], 
            "wiki_id": 706580, 
            "wiki_title": "S.H.E"
        }, 
        {
            "annotations": [
                {
                    "begin": 966, 
                    "end": 970, 
                    "score": 0.08558844029903412, 
                    "spot": "Lisa"
                }
            ], 
            "wiki_id": 364369, 
            "wiki_title": "Evolved Laser Interferometer Space Antenna"
        }, 
        {
            "annotations": [
                {
                    "begin": 1261, 
                    "end": 1269, 
                    "score": 0.18384015560150146, 
                    "spot": "children"
                }
            ], 
            "wiki_id": 5792809, 
            "wiki_title": "Angelina Jolie"
        }, 
        {
            "annotations": [
                {
                    "begin": 2433, 
                    "end": 2438, 
                    "score": 0.03449825569987297, 
                    "spot": "blame"
                }
            ], 
            "wiki_id": 319888, 
            "wiki_title": "Blame"
        }, 
        {
            "annotations": [
                {
                    "begin": 497, 
                    "end": 500, 
                    "score": 0.045859917998313904, 
                    "spot": "She"
                }
            ], 
            "wiki_id": 496958, 
            "wiki_title": "She people"
        }, 
        {
            "annotations": [
                {
                    "begin": 466, 
                    "end": 484, 
                    "score": 0.0386904776096344, 
                    "spot": "prepared statement"
                }
            ], 
            "wiki_id": 33211278, 
            "wiki_title": "Prepared statement"
        }, 
        {
            "annotations": [
                {
                    "begin": 1113, 
                    "end": 1121, 
                    "score": 0.0013708873884752393, 
                    "spot": "anything"
                }
            ], 
            "wiki_id": 1645524, 
            "wiki_title": "Anything (The Damned album)"
        }, 
        {
            "annotations": [
                {
                    "begin": 870, 
                    "end": 876, 
                    "score": 0.03719422221183777, 
                    "spot": "Taylor"
                }
            ], 
            "wiki_id": 182494, 
            "wiki_title": "Roger Taylor (Queen drummer)"
        }, 
        {
            "annotations": [
                {
                    "begin": 1465, 
                    "end": 1474, 
                    "score": 0.08287139236927032, 
                    "spot": "legendary"
                }
            ], 
            "wiki_id": 53974, 
            "wiki_title": "Legend"
        }, 
        {
            "annotations": [
                {
                    "begin": 673, 
                    "end": 676, 
                    "score": 0.06955831497907639, 
                    "spot": "now"
                }
            ], 
            "wiki_id": 873021, 
            "wiki_title": "Present"
        }, 
        {
            "annotations": [
                {
                    "begin": 194, 
                    "end": 204, 
                    "score": 0.015077276155352592, 
                    "spot": "physicians"
                }, 
                {
                    "begin": 611, 
                    "end": 621, 
                    "score": 0.20014037191867828, 
                    "spot": "physicians"
                }, 
                {
                    "begin": 768, 
                    "end": 778, 
                    "score": 0.013131452724337578, 
                    "spot": "physicians"
                }, 
                {
                    "begin": 1153, 
                    "end": 1160, 
                    "score": 0.11613088846206665, 
                    "spot": "doctors"
                }, 
                {
                    "begin": 2027, 
                    "end": 2034, 
                    "score": 0.0351860485970974, 
                    "spot": "doctors"
                }, 
                {
                    "begin": 2443, 
                    "end": 2450, 
                    "score": 0.09941701591014862, 
                    "spot": "doctors"
                }, 
                {
                    "begin": 2895, 
                    "end": 2897, 
                    "score": 0.08693449944257736, 
                    "spot": "Dr"
                }
            ], 
            "wiki_id": 23315, 
            "wiki_title": "Physician"
        }, 
        {
            "annotations": [
                {
                    "begin": 747, 
                    "end": 758, 
                    "score": 0.0010216591181233525, 
                    "spot": "stabilizing"
                }
            ], 
            "wiki_id": 363360, 
            "wiki_title": "Lyapunov stability"
        }, 
        {
            "annotations": [
                {
                    "begin": 2908, 
                    "end": 2914, 
                    "score": 0.0998019427061081, 
                    "spot": "Murray"
                }
            ], 
            "wiki_id": 96729, 
            "wiki_title": "Murray County, Georgia"
        }, 
        {
            "annotations": [
                {
                    "begin": 2018, 
                    "end": 2024, 
                    "score": 0.17513640224933624, 
                    "spot": "Taylor"
                }, 
                {
                    "begin": 2655, 
                    "end": 2661, 
                    "score": 0.17513640224933624, 
                    "spot": "Taylor"
                }
            ], 
            "wiki_id": 30448, 
            "wiki_title": "Taylor series"
        }, 
        {
            "annotations": [
                {
                    "begin": 3198, 
                    "end": 3202, 
                    "score": 0.04041765257716179, 
                    "spot": "back"
                }
            ], 
            "wiki_id": 3524381, 
            "wiki_title": "Human back"
        }, 
        {
            "annotations": [
                {
                    "begin": 1512, 
                    "end": 1520, 
                    "score": 0.0007346458733081818, 
                    "spot": "who said"
                }
            ], 
            "wiki_id": 4642199, 
            "wiki_title": "Who Said"
        }, 
        {
            "annotations": [
                {
                    "begin": 1482, 
                    "end": 1485, 
                    "score": 0.042485229671001434, 
                    "spot": "man"
                }
            ], 
            "wiki_id": 2396120, 
            "wiki_title": "The Man (2005 film)"
        }, 
        {
            "annotations": [
                {
                    "begin": 301, 
                    "end": 314, 
                    "score": 0.19225609302520752, 
                    "spot": "Santa \nMonica"
                }
            ], 
            "wiki_id": 28208, 
            "wiki_title": "Santa Monica, California"
        }, 
        {
            "annotations": [
                {
                    "begin": 3414, 
                    "end": 3419, 
                    "score": 0.052156005054712296, 
                    "spot": "range"
                }
            ], 
            "wiki_id": 877912, 
            "wiki_title": "Rangeland"
        }, 
        {
            "annotations": [
                {
                    "begin": 683, 
                    "end": 691, 
                    "score": 0.1486363410949707, 
                    "spot": "assisted"
                }
            ], 
            "wiki_id": 162615, 
            "wiki_title": "Assisted suicide"
        }, 
        {
            "annotations": [
                {
                    "begin": 3203, 
                    "end": 3211, 
                    "score": 0.13434205949306488, 
                    "spot": "troubles"
                }
            ], 
            "wiki_id": 30770, 
            "wiki_title": "The Troubles"
        }, 
        {
            "annotations": [
                {
                    "begin": 1475, 
                    "end": 1481, 
                    "score": 0.04875851050019264, 
                    "spot": "holdup"
                }, 
                {
                    "begin": 1524, 
                    "end": 1530, 
                    "score": 0.044689543545246124, 
                    "spot": "robbed"
                }
            ], 
            "wiki_id": 54849, 
            "wiki_title": "Robbery"
        }, 
        {
            "annotations": [
                {
                    "begin": 1123, 
                    "end": 1131, 
                    "score": 0.12700824439525604, 
                    "spot": "terminal"
                }
            ], 
            "wiki_id": 460792, 
            "wiki_title": "Terminal (telecommunication)"
        }, 
        {
            "annotations": [
                {
                    "begin": 2986, 
                    "end": 2992, 
                    "score": 0.0840272381901741, 
                    "spot": "Taylor"
                }
            ], 
            "wiki_id": 19729624, 
            "wiki_title": "Zachary Taylor"
        }, 
        {
            "annotations": [
                {
                    "begin": 1701, 
                    "end": 1708, 
                    "score": 0.2070433646440506, 
                    "spot": "trouble"
                }
            ], 
            "wiki_id": 1165779, 
            "wiki_title": "Trouble (comics)"
        }, 
        {
            "annotations": [
                {
                    "begin": 1062, 
                    "end": 1071, 
                    "score": 0.0007633587811142206, 
                    "spot": "she's not"
                }
            ], 
            "wiki_id": 30429942, 
            "wiki_title": "Get Your Legs Broke"
        }, 
        {
            "annotations": [
                {
                    "begin": 1639, 
                    "end": 1661, 
                    "score": 0.15789473056793213, 
                    "spot": "USC School of Medicine"
                }
            ], 
            "wiki_id": 1797169, 
            "wiki_title": "Keck School of Medicine of USC"
        }, 
        {
            "annotations": [
                {
                    "begin": 2756, 
                    "end": 2765, 
                    "score": 0.10175126045942307, 
                    "spot": "publicist"
                }
            ], 
            "wiki_id": 24389, 
            "wiki_title": "Public relations"
        }, 
        {
            "annotations": [
                {
                    "begin": 975, 
                    "end": 981, 
                    "score": 0.17241379618644714, 
                    "spot": "Favero"
                }, 
                {
                    "begin": 1235, 
                    "end": 1241, 
                    "score": 0.17241379618644714, 
                    "spot": "Favero"
                }
            ], 
            "wiki_id": 11727856, 
            "wiki_title": "Vito Favero"
        }, 
        {
            "annotations": [
                {
                    "begin": 1092, 
                    "end": 1094, 
                    "score": 0.039793144911527634, 
                    "spot": "re"
                }
            ], 
            "wiki_id": 61103, 
            "wiki_title": "German reunification"
        }, 
        {
            "annotations": [
                {
                    "begin": 2611, 
                    "end": 2624, 
                    "score": 0.003546099178493023, 
                    "spot": "precautionary"
                }
            ], 
            "wiki_id": 50354, 
            "wiki_title": "Precautionary principle"
        }, 
        {
            "annotations": [
                {
                    "begin": 2245, 
                    "end": 2254, 
                    "score": 0.13833832740783691, 
                    "spot": "structure"
                }
            ], 
            "wiki_id": 93545, 
            "wiki_title": "Structure"
        }, 
        {
            "annotations": [
                {
                    "begin": 1771, 
                    "end": 1778, 
                    "score": 0.08592022210359573, 
                    "spot": "problem"
                }
            ], 
            "wiki_id": 1467948, 
            "wiki_title": "Problem solving"
        }, 
        {
            "annotations": [
                {
                    "begin": 3360, 
                    "end": 3374, 
                    "score": 0.43345749378204346, 
                    "spot": "sleeping pills"
                }
            ], 
            "wiki_id": 14269, 
            "wiki_title": "Hypnotic"
        }, 
        {
            "annotations": [
                {
                    "begin": 2821, 
                    "end": 2832, 
                    "score": 0.000508750497829169, 
                    "spot": "transferred"
                }
            ], 
            "wiki_id": 629572, 
            "wiki_title": "Population transfer in the Soviet Union"
        }, 
        {
            "annotations": [
                {
                    "begin": 2625, 
                    "end": 2629, 
                    "score": 0.0021240063942968845, 
                    "spot": "step"
                }
            ], 
            "wiki_id": 1240376, 
            "wiki_title": "ISO 10303"
        }, 
        {
            "annotations": [
                {
                    "begin": 1621, 
                    "end": 1631, 
                    "score": 0.0066252886317670345, 
                    "spot": "specialist"
                }
            ], 
            "wiki_id": 3172179, 
            "wiki_title": "Specialty (medicine)"
        }, 
        {
            "annotations": [
                {
                    "begin": 315, 
                    "end": 324, 
                    "score": 0.07213690876960754, 
                    "spot": "last week"
                }, 
                {
                    "begin": 2970, 
                    "end": 2980, 
                    "score": 0.13188058137893677, 
                    "spot": "last \nweek"
                }
            ], 
            "wiki_id": 41923028, 
            "wiki_title": "Last Week Tonight with John Oliver"
        }, 
        {
            "annotations": [
                {
                    "begin": 401, 
                    "end": 409, 
                    "score": 0.3130578398704529, 
                    "spot": "hospital"
                }, 
                {
                    "begin": 895, 
                    "end": 903, 
                    "score": 0.08507849276065826, 
                    "spot": "hospital"
                }, 
                {
                    "begin": 1371, 
                    "end": 1379, 
                    "score": 0.0842144638299942, 
                    "spot": "hospital"
                }, 
                {
                    "begin": 2697, 
                    "end": 2705, 
                    "score": 0.10555945336818695, 
                    "spot": "Hospital"
                }, 
                {
                    "begin": 3078, 
                    "end": 3090, 
                    "score": 0.09739561378955841, 
                    "spot": "hospitalized"
                }
            ], 
            "wiki_id": 18994221, 
            "wiki_title": "Hospital"
        }, 
        {
            "annotations": [
                {
                    "begin": 2084, 
                    "end": 2094, 
                    "score": 0.06518987566232681, 
                    "spot": "ventilator"
                }
            ], 
            "wiki_id": 529891, 
            "wiki_title": "Ventilation (architecture)"
        }, 
        {
            "annotations": [
                {
                    "begin": 254, 
                    "end": 261, 
                    "score": 0.1155378669500351, 
                    "spot": "actress"
                }, 
                {
                    "begin": 1030, 
                    "end": 1037, 
                    "score": 0.09870032966136932, 
                    "spot": "actress"
                }, 
                {
                    "begin": 1414, 
                    "end": 1421, 
                    "score": 0.047887470573186874, 
                    "spot": "actress"
                }, 
                {
                    "begin": 1498, 
                    "end": 1503, 
                    "score": 0.09206699579954147, 
                    "spot": "Actor"
                }, 
                {
                    "begin": 2391, 
                    "end": 2398, 
                    "score": 0.05187375843524933, 
                    "spot": "actress"
                }
            ], 
            "wiki_id": 21504235, 
            "wiki_title": "Actor"
        }, 
        {
            "annotations": [
                {
                    "begin": 1921, 
                    "end": 1923, 
                    "score": 0.0010810111416503787, 
                    "spot": "If"
                }
            ], 
            "wiki_id": 5333723, 
            "wiki_title": "If (band)"
        }, 
        {
            "annotations": [
                {
                    "begin": 2601, 
                    "end": 2608, 
                    "score": 0.013677811250090599, 
                    "spot": "just be"
                }
            ], 
            "wiki_id": 3781175, 
            "wiki_title": "Just Be"
        }, 
        {
            "annotations": [
                {
                    "begin": 1161, 
                    "end": 1167, 
                    "score": 0.014560671523213387, 
                    "spot": "expect"
                }
            ], 
            "wiki_id": 9653, 
            "wiki_title": "Expected value"
        }, 
        {
            "annotations": [
                {
                    "begin": 525, 
                    "end": 531, 
                    "score": 0.003950109705328941, 
                    "spot": "Sunday"
                }
            ], 
            "wiki_id": 3613092, 
            "wiki_title": "NBC Sunday Night Football"
        }, 
        {
            "annotations": [
                {
                    "begin": 2205, 
                    "end": 2214, 
                    "score": 0.06239575147628784, 
                    "spot": "something"
                }
            ], 
            "wiki_id": 2727064, 
            "wiki_title": "Tales from the Lotus Pod"
        }, 
        {
            "annotations": [
                {
                    "begin": 1713, 
                    "end": 1716, 
                    "score": 0.0017872207099571824, 
                    "spot": "you"
                }
            ], 
            "wiki_id": 2380097, 
            "wiki_title": "With You (Jessica Simpson song)"
        }, 
        {
            "annotations": [
                {
                    "begin": 3255, 
                    "end": 3262, 
                    "score": 0.0013440860202535987, 
                    "spot": "filming"
                }
            ], 
            "wiki_id": 377453, 
            "wiki_title": "Camera operator"
        }, 
        {
            "annotations": [
                {
                    "begin": 934, 
                    "end": 940, 
                    "score": 0.0018696822226047516, 
                    "spot": "beyond"
                }
            ], 
            "wiki_id": 645687, 
            "wiki_title": "Beyond (band)"
        }, 
        {
            "annotations": [
                {
                    "begin": 3147, 
                    "end": 3153, 
                    "score": 0.00771106593310833, 
                    "spot": "health"
                }
            ], 
            "wiki_id": 463734, 
            "wiki_title": "Public health"
        }, 
        {
            "annotations": [
                {
                    "begin": 160, 
                    "end": 172, 
                    "score": 0.09161581099033356, 
                    "spot": "hospitalized"
                }
            ], 
            "wiki_id": 14278943, 
            "wiki_title": "Inpatient care"
        }, 
        {
            "annotations": [
                {
                    "begin": 5, 
                    "end": 21, 
                    "score": 0.5, 
                    "spot": "Elizabeth Taylor"
                }
            ], 
            "wiki_id": 42357, 
            "wiki_title": "Elizabeth Taylor"
        }, 
        {
            "annotations": [
                {
                    "begin": 859, 
                    "end": 866, 
                    "score": 0.0027236526366323233, 
                    "spot": "details"
                }
            ], 
            "wiki_id": 924170, 
            "wiki_title": "Elections in the United States"
        }, 
        {
            "annotations": [
                {
                    "begin": 1951, 
                    "end": 1955, 
                    "score": 0.0019397636642679572, 
                    "spot": "sure"
                }
            ], 
            "wiki_id": 9892133, 
            "wiki_title": "Sure (Take That song)"
        }, 
        {
            "annotations": [
                {
                    "begin": 1089, 
                    "end": 1091, 
                    "score": 0.018976591527462006, 
                    "spot": "We"
                }
            ], 
            "wiki_id": 65758, 
            "wiki_title": "Western (genre)"
        }, 
        {
            "annotations": [
                {
                    "begin": 2540, 
                    "end": 2551, 
                    "score": 0.12745098769664764, 
                    "spot": "thing to do"
                }
            ], 
            "wiki_id": 29354201, 
            "wiki_title": "The Thing to Do (album)"
        }, 
        {
            "annotations": [
                {
                    "begin": 2813, 
                    "end": 2816, 
                    "score": 0.0006853084196336567, 
                    "spot": "She"
                }
            ], 
            "wiki_id": 1666894, 
            "wiki_title": "She language"
        }, 
        {
            "annotations": [
                {
                    "begin": 2847, 
                    "end": 2855, 
                    "score": 0.0006180469645187259, 
                    "spot": "April 16"
                }
            ], 
            "wiki_id": 1658139, 
            "wiki_title": "April 16 (Eastern Orthodox liturgics)"
        }, 
        {
            "annotations": [
                {
                    "begin": 2370, 
                    "end": 2381, 
                    "score": 0.005099564790725708, 
                    "spot": "familiarity"
                }
            ], 
            "wiki_id": 1056700, 
            "wiki_title": "Intimate relationship"
        }, 
        {
            "annotations": [
                {
                    "begin": 1717, 
                    "end": 1721, 
                    "score": 0.005892255809158087, 
                    "spot": "grab"
                }
            ], 
            "wiki_id": 3385603, 
            "wiki_title": "Grab (software)"
        }, 
        {
            "annotations": [
                {
                    "begin": 2056, 
                    "end": 2062, 
                    "score": 0.04565421864390373, 
                    "spot": "course"
                }
            ], 
            "wiki_id": 2493919, 
            "wiki_title": "Course (education)"
        }, 
        {
            "annotations": [
                {
                    "begin": 2561, 
                    "end": 2564, 
                    "score": 0.15265999734401703, 
                    "spot": "she"
                }
            ], 
            "wiki_id": 2827351, 
            "wiki_title": "She (Charles Aznavour song)"
        }, 
        {
            "annotations": [
                {
                    "begin": 2597, 
                    "end": 2600, 
                    "score": 0.0005396732012741268, 
                    "spot": "may"
                }
            ], 
            "wiki_id": 383147, 
            "wiki_title": "Julian May"
        }, 
        {
            "annotations": [
                {
                    "begin": 3379, 
                    "end": 3390, 
                    "score": 0.3850918710231781, 
                    "spot": "painkillers"
                }
            ], 
            "wiki_id": 2246, 
            "wiki_title": "Analgesic"
        }, 
        {
            "annotations": [
                {
                    "begin": 278, 
                    "end": 297, 
                    "score": 0.12206573039293289, 
                    "spot": "St. John's Hospital"
                }
            ], 
            "wiki_id": 6894177, 
            "wiki_title": "St. John's Hospital (Springfield, Illinois)"
        }, 
        {
            "annotations": [
                {
                    "begin": 1432, 
                    "end": 1444, 
                    "score": 0.5, 
                    "spot": "Sutton's law"
                }
            ], 
            "wiki_id": 2949345, 
            "wiki_title": "Sutton's law"
        }, 
        {
            "annotations": [
                {
                    "begin": 289, 
                    "end": 297, 
                    "score": 0.18954844772815704, 
                    "spot": "Hospital"
                }
            ], 
            "wiki_id": 74381, 
            "wiki_title": "The Hospital"
        }, 
        {
            "annotations": [
                {
                    "begin": 210, 
                    "end": 216, 
                    "score": 0.04070701822638512, 
                    "spot": "Monday"
                }, 
                {
                    "begin": 435, 
                    "end": 441, 
                    "score": 0.13609445095062256, 
                    "spot": "Monday"
                }
            ], 
            "wiki_id": 195068, 
            "wiki_title": "Monday Night Football"
        }, 
        {
            "annotations": [
                {
                    "begin": 3118, 
                    "end": 3124, 
                    "score": 0.03719422221183777, 
                    "spot": "Taylor"
                }, 
                {
                    "begin": 3440, 
                    "end": 3446, 
                    "score": 0.03719422221183777, 
                    "spot": "Taylor"
                }
            ], 
            "wiki_id": 11911841, 
            "wiki_title": "Shelley E. Taylor"
        }, 
        {
            "annotations": [
                {
                    "begin": 1692, 
                    "end": 1700, 
                    "score": 0.19946137070655823, 
                    "spot": "what the"
                }
            ], 
            "wiki_id": 2310881, 
            "wiki_title": "Spider-Ham"
        }, 
        {
            "annotations": [
                {
                    "begin": 1860, 
                    "end": 1863, 
                    "score": 0.0017872207099571824, 
                    "spot": "You"
                }
            ], 
            "wiki_id": 178664, 
            "wiki_title": "Hybrid Theory"
        }, 
        {
            "annotations": [
                {
                    "begin": 315, 
                    "end": 319, 
                    "score": 0.0010033606085926294, 
                    "spot": "last"
                }
            ], 
            "wiki_id": 22580896, 
            "wiki_title": "The Last (album)"
        }, 
        {
            "annotations": [
                {
                    "begin": 2461, 
                    "end": 2473, 
                    "score": 0.2271500825881958, 
                    "spot": "conservative"
                }, 
                {
                    "begin": 2527, 
                    "end": 2539, 
                    "score": 0.1469912976026535, 
                    "spot": "conservative"
                }
            ], 
            "wiki_id": 6675, 
            "wiki_title": "Conservatism"
        }, 
        {
            "annotations": [
                {
                    "begin": 2836, 
                    "end": 2846, 
                    "score": 0.07011017948389053, 
                    "spot": "St. John's"
                }
            ], 
            "wiki_id": 70581, 
            "wiki_title": "St. John's, Newfoundland and Labrador"
        }, 
        {
            "annotations": [
                {
                    "begin": 3481, 
                    "end": 3491, 
                    "score": 0.3740575909614563, 
                    "spot": "drug abuse"
                }
            ], 
            "wiki_id": 102959, 
            "wiki_title": "Substance abuse"
        }, 
        {
            "annotations": [
                {
                    "begin": 1013, 
                    "end": 1019, 
                    "score": 0.07776738703250885, 
                    "spot": "Taylor"
                }
            ], 
            "wiki_id": 18239660, 
            "wiki_title": "Taylor Hayes (The Bold and the Beautiful)"
        }, 
        {
            "annotations": [
                {
                    "begin": 3242, 
                    "end": 3247, 
                    "score": 0.0715654268860817, 
                    "spot": "horse"
                }
            ], 
            "wiki_id": 6816, 
            "wiki_title": "Cavalry"
        }, 
        {
            "annotations": [
                {
                    "begin": 971, 
                    "end": 974, 
                    "score": 0.050341106951236725, 
                    "spot": "del"
                }
            ], 
            "wiki_id": 7930, 
            "wiki_title": "Delaware"
        }, 
        {
            "annotations": [
                {
                    "begin": 1247, 
                    "end": 1253, 
                    "score": 0.03719422221183777, 
                    "spot": "Taylor"
                }
            ], 
            "wiki_id": 1638631, 
            "wiki_title": "Richard Taylor (general)"
        }, 
        {
            "annotations": [
                {
                    "begin": 2771, 
                    "end": 2780, 
                    "score": 0.004372119437903166, 
                    "spot": "described"
                }
            ], 
            "wiki_id": 24405429, 
            "wiki_title": "Species description"
        }, 
        {
            "annotations": [
                {
                    "begin": 1735, 
                    "end": 1740, 
                    "score": 0.14719848334789276, 
                    "spot": "study"
                }, 
                {
                    "begin": 1864, 
                    "end": 1869, 
                    "score": 0.1381625384092331, 
                    "spot": "study"
                }
            ], 
            "wiki_id": 59861, 
            "wiki_title": "Experiment"
        }, 
        {
            "annotations": [
                {
                    "begin": 1099, 
                    "end": 1106, 
                    "score": 0.10545745491981506, 
                    "spot": "talking"
                }
            ], 
            "wiki_id": 2917649, 
            "wiki_title": "Speech"
        }, 
        {
            "annotations": [
                {
                    "begin": 2225, 
                    "end": 2230, 
                    "score": 0.0013730735518038273, 
                    "spot": "wrong"
                }
            ], 
            "wiki_id": 9897, 
            "wiki_title": "Evil"
        }, 
        {
            "annotations": [
                {
                    "begin": 3030, 
                    "end": 3043, 
                    "score": 0.31403470039367676, 
                    "spot": "intravenously"
                }
            ], 
            "wiki_id": 178769, 
            "wiki_title": "Intravenous therapy"
        }, 
        {
            "annotations": [
                {
                    "begin": 989, 
                    "end": 998, 
                    "score": 0.00933048501610756, 
                    "spot": "York City"
                }
            ], 
            "wiki_id": 451170, 
            "wiki_title": "York City F.C."
        }, 
        {
            "annotations": [
                {
                    "begin": 1448, 
                    "end": 1456, 
                    "score": 0.11243627965450287, 
                    "spot": "medicine"
                }, 
                {
                    "begin": 1643, 
                    "end": 1661, 
                    "score": 0.31967195868492126, 
                    "spot": "School of Medicine"
                }, 
                {
                    "begin": 1653, 
                    "end": 1661, 
                    "score": 0.23645108938217163, 
                    "spot": "Medicine"
                }
            ], 
            "wiki_id": 18957, 
            "wiki_title": "Medicine"
        }, 
        {
            "annotations": [
                {
                    "begin": 1079, 
                    "end": 1087, 
                    "score": 0.0020539904944598675, 
                    "spot": "deathbed"
                }
            ], 
            "wiki_id": 25429238, 
            "wiki_title": "Deathbed confession"
        }, 
        {
            "annotations": [
                {
                    "begin": 914, 
                    "end": 922, 
                    "score": 0.205773264169693, 
                    "spot": "declined"
                }
            ], 
            "wiki_id": 8645, 
            "wiki_title": "Declension"
        }, 
        {
            "annotations": [
                {
                    "begin": 2308, 
                    "end": 2314, 
                    "score": 0.4852941036224365, 
                    "spot": "s more"
                }
            ], 
            "wiki_id": 321159, 
            "wiki_title": "S'more"
        }, 
        {
            "annotations": [
                {
                    "begin": 1294, 
                    "end": 1298, 
                    "score": 0.18098007142543793, 
                    "spot": "Liza"
                }
            ], 
            "wiki_id": 59216, 
            "wiki_title": "Liza Minnelli"
        }, 
        {
            "annotations": [
                {
                    "begin": 2737, 
                    "end": 2746, 
                    "score": 0.0677703469991684, 
                    "spot": "suffering"
                }
            ], 
            "wiki_id": 206583, 
            "wiki_title": "Suffering"
        }, 
        {
            "annotations": [
                {
                    "begin": 2919, 
                    "end": 2937, 
                    "score": 0.5239633321762085, 
                    "spot": "infectious disease"
                }, 
                {
                    "begin": 2919, 
                    "end": 2948, 
                    "score": 0.6176470518112183, 
                    "spot": "infectious disease specialist"
                }
            ], 
            "wiki_id": 37220, 
            "wiki_title": "Infection"
        }, 
        {
            "annotations": [
                {
                    "begin": 2401, 
                    "end": 2405, 
                    "score": 0.05918898060917854, 
                    "spot": "case"
                }, 
                {
                    "begin": 2638, 
                    "end": 2642, 
                    "score": 0.06567355245351791, 
                    "spot": "case"
                }
            ], 
            "wiki_id": 23004, 
            "wiki_title": "Precedent"
        }, 
        {
            "annotations": [
                {
                    "begin": 2727, 
                    "end": 2736, 
                    "score": 0.0006436387193389237, 
                    "spot": "April \n10"
                }
            ], 
            "wiki_id": 1648698, 
            "wiki_title": "April 10 (Eastern Orthodox liturgics)"
        }, 
        {
            "annotations": [
                {
                    "begin": 1982, 
                    "end": 1993, 
                    "score": 0.129429891705513, 
                    "spot": "antibiotics"
                }, 
                {
                    "begin": 3050, 
                    "end": 3061, 
                    "score": 0.37140953540802, 
                    "spot": "antibiotics"
                }
            ], 
            "wiki_id": 1805, 
            "wiki_title": "Antibiotics"
        }, 
        {
            "annotations": [
                {
                    "begin": 329, 
                    "end": 338, 
                    "score": 0.07613510638475418, 
                    "spot": "treatment"
                }
            ], 
            "wiki_id": 13311819, 
            "wiki_title": "Therapy"
        }, 
        {
            "annotations": [
                {
                    "begin": 122, 
                    "end": 127, 
                    "score": 0.2522900402545929, 
                    "spot": "cause"
                }
            ], 
            "wiki_id": 869123, 
            "wiki_title": "Gastroenteritis"
        }, 
        {
            "annotations": [
                {
                    "begin": 1505, 
                    "end": 1511, 
                    "score": 0.06229479983448982, 
                    "spot": "Sutton"
                }
            ], 
            "wiki_id": 928126, 
            "wiki_title": "Sutton, London"
        }, 
        {
            "annotations": [
                {
                    "begin": 1912, 
                    "end": 1919, 
                    "score": 0.06226886063814163, 
                    "spot": "therapy"
                }
            ], 
            "wiki_id": 24931, 
            "wiki_title": "Psychotherapy"
        }, 
        {
            "annotations": [
                {
                    "begin": 1836, 
                    "end": 1847, 
                    "score": 0.005886681377887726, 
                    "spot": "another way"
                }
            ], 
            "wiki_id": 22696045, 
            "wiki_title": "Another Way (film)"
        }, 
        {
            "annotations": [
                {
                    "begin": 1144, 
                    "end": 1150, 
                    "score": 0.03719422221183777, 
                    "spot": "Taylor"
                }
            ], 
            "wiki_id": 25093964, 
            "wiki_title": "List of Hollyoaks characters (2010)"
        }, 
        {
            "annotations": [
                {
                    "begin": 1201, 
                    "end": 1209, 
                    "score": 0.009437070228159428, 
                    "spot": "Thursday"
                }
            ], 
            "wiki_id": 266139, 
            "wiki_title": "Thursday (band)"
        }, 
        {
            "annotations": [
                {
                    "begin": 926, 
                    "end": 933, 
                    "score": 0.11984996497631073, 
                    "spot": "comment"
                }
            ], 
            "wiki_id": 603325, 
            "wiki_title": "Topic and comment"
        }, 
        {
            "annotations": [
                {
                    "begin": 1486, 
                    "end": 1492, 
                    "score": 0.033599451184272766, 
                    "spot": "Willie"
                }
            ], 
            "wiki_id": 891378, 
            "wiki_title": "Boxcar Willie"
        }, 
        {
            "annotations": [
                {
                    "begin": 582, 
                    "end": 587, 
                    "score": 0.21672117710113525, 
                    "spot": "cause"
                }
            ], 
            "wiki_id": 10055, 
            "wiki_title": "Etiology"
        }, 
        {
            "annotations": [
                {
                    "begin": 131, 
                    "end": 140, 
                    "score": 0.419111967086792, 
                    "spot": "pneumonia"
                }, 
                {
                    "begin": 346, 
                    "end": 355, 
                    "score": 0.352546364068985, 
                    "spot": "pneumonia"
                }, 
                {
                    "begin": 595, 
                    "end": 604, 
                    "score": 0.426714688539505, 
                    "spot": "pneumonia"
                }, 
                {
                    "begin": 2140, 
                    "end": 2149, 
                    "score": 0.3047838509082794, 
                    "spot": "pneumonia"
                }, 
                {
                    "begin": 2283, 
                    "end": 2292, 
                    "score": 0.26906877756118774, 
                    "spot": "pneumonia"
                }, 
                {
                    "begin": 2997, 
                    "end": 3006, 
                    "score": 0.44155895709991455, 
                    "spot": "pneumonia"
                }
            ], 
            "wiki_id": 52135, 
            "wiki_title": "Pneumonia"
        }, 
        {
            "annotations": [
                {
                    "begin": 2899, 
                    "end": 2907, 
                    "score": 0.0025563989765942097, 
                    "spot": "Patricia"
                }
            ], 
            "wiki_id": 425385, 
            "wiki_title": "Patricia Churchland"
        }, 
        {
            "annotations": [
                {
                    "begin": 1231, 
                    "end": 1234, 
                    "score": 0.08076639473438263, 
                    "spot": "Del"
                }
            ], 
            "wiki_id": 151925, 
            "wiki_title": "Del"
        }, 
        {
            "annotations": [
                {
                    "begin": 1211, 
                    "end": 1219, 
                    "score": 0.00160633132327348, 
                    "spot": "she said"
                }
            ], 
            "wiki_id": 26449392, 
            "wiki_title": "She Said"
        }, 
        {
            "annotations": [
                {
                    "begin": 412, 
                    "end": 431, 
                    "score": 0.021198829635977745, 
                    "spot": "intensive-care unit"
                }
            ], 
            "wiki_id": 6332859, 
            "wiki_title": "Intensive care unit"
        }, 
        {
            "annotations": [
                {
                    "begin": 2240, 
                    "end": 2244, 
                    "score": 0.09392069280147552, 
                    "spot": "lung"
                }
            ], 
            "wiki_id": 18450, 
            "wiki_title": "Lung cancer"
        }, 
        {
            "annotations": [
                {
                    "begin": 3392, 
                    "end": 3402, 
                    "score": 0.13491153717041016, 
                    "spot": "prescribed"
                }
            ], 
            "wiki_id": 304263, 
            "wiki_title": "Medical prescription"
        }, 
        {
            "annotations": [
                {
                    "begin": 3230, 
                    "end": 3234, 
                    "score": 0.08012071251869202, 
                    "spot": "fall"
                }
            ], 
            "wiki_id": 36576225, 
            "wiki_title": "The Fall (TV series)"
        }, 
        {
            "annotations": [
                {
                    "begin": 999, 
                    "end": 1008, 
                    "score": 0.11167088896036148, 
                    "spot": "publicist"
                }
            ], 
            "wiki_id": 1041934, 
            "wiki_title": "Publicist"
        }, 
        {
            "annotations": [
                {
                    "begin": 1592, 
                    "end": 1598, 
                    "score": 0.055084746330976486, 
                    "spot": "Mohler"
                }
            ], 
            "wiki_id": 2108930, 
            "wiki_title": "Albert Mohler"
        }, 
        {
            "annotations": [
                {
                    "begin": 89, 
                    "end": 96, 
                    "score": 0.25813576579093933, 
                    "spot": "surgery"
                }, 
                {
                    "begin": 647, 
                    "end": 654, 
                    "score": 0.16014769673347473, 
                    "spot": "surgery"
                }
            ], 
            "wiki_id": 45599, 
            "wiki_title": "Surgery"
        }, 
        {
            "annotations": [
                {
                    "begin": 1331, 
                    "end": 1346, 
                    "score": 0.5, 
                    "spot": "Michael Wilding"
                }
            ], 
            "wiki_id": 502289, 
            "wiki_title": "Michael Wilding (actor)"
        }, 
        {
            "annotations": [
                {
                    "begin": 1580, 
                    "end": 1588, 
                    "score": 0.06876131147146225, 
                    "spot": "Dr. John"
                }
            ], 
            "wiki_id": 351362, 
            "wiki_title": "Dr. John"
        }, 
        {
            "annotations": [
                {
                    "begin": 3469, 
                    "end": 3476, 
                    "score": 0.21250641345977783, 
                    "spot": "alcohol"
                }
            ], 
            "wiki_id": 1014, 
            "wiki_title": "Alcohol"
        }, 
        {
            "annotations": [
                {
                    "begin": 2558, 
                    "end": 2560, 
                    "score": 0.15305569767951965, 
                    "spot": "if"
                }
            ], 
            "wiki_id": 2520164, 
            "wiki_title": "If (Bread song)"
        }, 
        {
            "annotations": [
                {
                    "begin": 3283, 
                    "end": 3298, 
                    "score": 0.5, 
                    "spot": "National Velvet"
                }
            ], 
            "wiki_id": 4766483, 
            "wiki_title": "National Velvet (film)"
        }, 
        {
            "annotations": [
                {
                    "begin": 3347, 
                    "end": 3356, 
                    "score": 0.21214601397514343, 
                    "spot": "addiction"
                }
            ], 
            "wiki_id": 1778796, 
            "wiki_title": "Substance dependence"
        }, 
        {
            "annotations": [
                {
                    "begin": 2794, 
                    "end": 2809, 
                    "score": 0.16153846681118011, 
                    "spot": "sinus infection"
                }
            ], 
            "wiki_id": 28598, 
            "wiki_title": "Sinusitis"
        }, 
        {
            "annotations": [
                {
                    "begin": 544, 
                    "end": 555, 
                    "score": 0.06578947603702545, 
                    "spot": "lung biopsy"
                }
            ], 
            "wiki_id": 49322345, 
            "wiki_title": "Lung biopsy"
        }, 
        {
            "annotations": [
                {
                    "begin": 1701, 
                    "end": 1711, 
                    "score": 0.0058309040032327175, 
                    "spot": "trouble is"
                }
            ], 
            "wiki_id": 1895695, 
            "wiki_title": "Trouble Is..."
        }, 
        {
            "annotations": [
                {
                    "begin": 2675, 
                    "end": 2705, 
                    "score": 0.5, 
                    "spot": "Daniel Freeman Marina Hospital"
                }
            ], 
            "wiki_id": 10609255, 
            "wiki_title": "Marina Del Rey Hospital"
        }, 
        {
            "annotations": [
                {
                    "begin": 1674, 
                    "end": 1691, 
                    "score": 0.005235602147877216, 
                    "spot": "If you don't know"
                }
            ], 
            "wiki_id": 38709271, 
            "wiki_title": "If You Don't Know"
        }, 
        {
            "annotations": [
                {
                    "begin": 60, 
                    "end": 70, 
                    "score": 0.31421589851379395, 
                    "spot": "ventilator"
                }, 
                {
                    "begin": 697, 
                    "end": 707, 
                    "score": 0.22109779715538025, 
                    "spot": "ventilator"
                }, 
                {
                    "begin": 2493, 
                    "end": 2503, 
                    "score": 0.12748119235038757, 
                    "spot": "ventilator"
                }
            ], 
            "wiki_id": 261803, 
            "wiki_title": "Medical ventilator"
        }, 
        {
            "annotations": [
                {
                    "begin": 3270, 
                    "end": 3281, 
                    "score": 0.05999999865889549, 
                    "spot": "1945 \nmovie"
                }
            ], 
            "wiki_id": 172407, 
            "wiki_title": "1945 in film"
        }, 
        {
            "annotations": [
                {
                    "begin": 1602, 
                    "end": 1620, 
                    "score": 0.407890647649765, 
                    "spot": "pulmonary \ndisease"
                }
            ], 
            "wiki_id": 585383, 
            "wiki_title": "Pulmonology"
        }, 
        {
            "annotations": [
                {
                    "begin": 2970, 
                    "end": 2974, 
                    "score": 0.0010033606085926294, 
                    "spot": "last"
                }
            ], 
            "wiki_id": 39078347, 
            "wiki_title": "Peter R. Last"
        }, 
        {
            "annotations": [
                {
                    "begin": 904, 
                    "end": 913, 
                    "score": 0.08926644921302795, 
                    "spot": "officials"
                }
            ], 
            "wiki_id": 9167402, 
            "wiki_title": "Roman magistrate"
        }, 
        {
            "annotations": [
                {
                    "begin": 1784, 
                    "end": 1790, 
                    "score": 0.055084746330976486, 
                    "spot": "Mohler"
                }, 
                {
                    "begin": 2006, 
                    "end": 2012, 
                    "score": 0.055084746330976486, 
                    "spot": "Mohler"
                }, 
                {
                    "begin": 2163, 
                    "end": 2169, 
                    "score": 0.055084746330976486, 
                    "spot": "Mohler"
                }
            ], 
            "wiki_id": 28643498, 
            "wiki_title": "Mohler, Oregon"
        }, 
        {
            "annotations": [
                {
                    "begin": 549, 
                    "end": 555, 
                    "score": 0.3973478078842163, 
                    "spot": "biopsy"
                }, 
                {
                    "begin": 1191, 
                    "end": 1197, 
                    "score": 0.2282535433769226, 
                    "spot": "biopsy"
                }, 
                {
                    "begin": 1400, 
                    "end": 1406, 
                    "score": 0.2282535433769226, 
                    "spot": "biopsy"
                }, 
                {
                    "begin": 1724, 
                    "end": 1730, 
                    "score": 0.2909833490848541, 
                    "spot": "biopsy"
                }, 
                {
                    "begin": 1874, 
                    "end": 1880, 
                    "score": 0.32178160548210144, 
                    "spot": "biopsy"
                }, 
                {
                    "begin": 1938, 
                    "end": 1944, 
                    "score": 0.300699919462204, 
                    "spot": "biopsy"
                }
            ], 
            "wiki_id": 337102, 
            "wiki_title": "Biopsy"
        }, 
        {
            "annotations": [
                {
                    "begin": 1677, 
                    "end": 1691, 
                    "score": 0.014130434952676296, 
                    "spot": "you don't know"
                }
            ], 
            "wiki_id": 7352104, 
            "wiki_title": "You Don't Know (Shady Records song)"
        }, 
        {
            "annotations": [
                {
                    "begin": 1947, 
                    "end": 1950, 
                    "score": 0.0011050833854824305, 
                    "spot": "I'm"
                }
            ], 
            "wiki_id": 26896036, 
            "wiki_title": "I'm In"
        }, 
        {
            "annotations": [
                {
                    "begin": 2407, 
                    "end": 2413, 
                    "score": 0.07867181301116943, 
                    "spot": "Mohler"
                }
            ], 
            "wiki_id": 45083266, 
            "wiki_title": "Orville Mohler"
        }, 
        {
            "annotations": [
                {
                    "begin": 3508, 
                    "end": 3525, 
                    "score": 0.4833333194255829, 
                    "spot": "Betty Ford Clinic"
                }
            ], 
            "wiki_id": 472507, 
            "wiki_title": "Betty Ford Center"
        }, 
        {
            "annotations": [
                {
                    "begin": 1273, 
                    "end": 1278, 
                    "score": 0.07114484906196594, 
                    "spot": "Maria"
                }
            ], 
            "wiki_id": 3500236, 
            "wiki_title": "Maria (West Side Story song)"
        }, 
        {
            "annotations": [
                {
                    "begin": 783, 
                    "end": 790, 
                    "score": 0.19117647409439087, 
                    "spot": "pleased"
                }
            ], 
            "wiki_id": 20124563, 
            "wiki_title": "The Pleased"
        }, 
        {
            "annotations": [
                {
                    "begin": 801, 
                    "end": 809, 
                    "score": 0.08839168399572372, 
                    "spot": "progress"
                }
            ], 
            "wiki_id": 2118843, 
            "wiki_title": "Social progress"
        }, 
        {
            "annotations": [
                {
                    "begin": 1531, 
                    "end": 1536, 
                    "score": 0.06972748786211014, 
                    "spot": "banks"
                }
            ], 
            "wiki_id": 19360669, 
            "wiki_title": "Bank"
        }, 
        {
            "annotations": [
                {
                    "begin": 3187, 
                    "end": 3196, 
                    "score": 0.0019361295271664858, 
                    "spot": "recurring"
                }
            ], 
            "wiki_id": 868114, 
            "wiki_title": "Recurring character"
        }, 
        {
            "annotations": [
                {
                    "begin": 1894, 
                    "end": 1898, 
                    "score": 0.12600550055503845, 
                    "spot": "will"
                }, 
                {
                    "begin": 3066, 
                    "end": 3070, 
                    "score": 0.11103882640600204, 
                    "spot": "will"
                }
            ], 
            "wiki_id": 77697, 
            "wiki_title": "Will and testament"
        }, 
        {
            "annotations": [
                {
                    "begin": 365, 
                    "end": 371, 
                    "score": 0.022703273221850395, 
                    "spot": "listed"
                }
            ], 
            "wiki_id": 3243676, 
            "wiki_title": "Group races"
        }, 
        {
            "annotations": [
                {
                    "begin": 514, 
                    "end": 517, 
                    "score": 0.1250462383031845, 
                    "spot": "ill"
                }, 
                {
                    "begin": 724, 
                    "end": 733, 
                    "score": 0.11969752609729767, 
                    "spot": "condition"
                }, 
                {
                    "begin": 879, 
                    "end": 888, 
                    "score": 0.07139571011066437, 
                    "spot": "condition"
                }, 
                {
                    "begin": 2865, 
                    "end": 2874, 
                    "score": 0.05421245098114014, 
                    "spot": "condition"
                }
            ], 
            "wiki_id": 8072, 
            "wiki_title": "Disease"
        }, 
        {
            "annotations": [
                {
                    "begin": 447, 
                    "end": 454, 
                    "score": 0.16910013556480408, 
                    "spot": "doctors"
                }
            ], 
            "wiki_id": 654700, 
            "wiki_title": "The Doctors (soap opera)"
        }, 
        {
            "annotations": [
                {
                    "begin": 320, 
                    "end": 324, 
                    "score": 0.07454158365726471, 
                    "spot": "week"
                }, 
                {
                    "begin": 2976, 
                    "end": 2980, 
                    "score": 0.07242964953184128, 
                    "spot": "week"
                }
            ], 
            "wiki_id": 2627062, 
            "wiki_title": "The Week"
        }, 
        {
            "annotations": [
                {
                    "begin": 2259, 
                    "end": 2267, 
                    "score": 0.10257336497306824, 
                    "spot": "function"
                }
            ], 
            "wiki_id": 10013669, 
            "wiki_title": "Function (biology)"
        }, 
        {
            "annotations": [
                {
                    "begin": 266, 
                    "end": 274, 
                    "score": 0.02333153784275055, 
                    "spot": "admitted"
                }
            ], 
            "wiki_id": 167316, 
            "wiki_title": "Graduation"
        }, 
        {
            "annotations": [
                {
                    "begin": 1315, 
                    "end": 1326, 
                    "score": 0.24211636185646057, 
                    "spot": "Christopher"
                }
            ], 
            "wiki_id": 177840, 
            "wiki_title": "Christopher Nolan"
        }, 
        {
            "annotations": [
                {
                    "begin": 3423, 
                    "end": 3429, 
                    "score": 0.13034893572330475, 
                    "spot": "health"
                }
            ], 
            "wiki_id": 261925, 
            "wiki_title": "Health care"
        }, 
        {
            "annotations": [
                {
                    "begin": 232, 
                    "end": 253, 
                    "score": 0.13184303045272827, 
                    "spot": "Academy Award-winning"
                }
            ], 
            "wiki_id": 324, 
            "wiki_title": "Academy Awards"
        }, 
        {
            "annotations": [
                {
                    "begin": 1554, 
                    "end": 1572, 
                    "score": 0.055084746330976486, 
                    "spot": "where the money is"
                }
            ], 
            "wiki_id": 5082874, 
            "wiki_title": "Where the Money Is"
        }, 
        {
            "annotations": [
                {
                    "begin": 375, 
                    "end": 393, 
                    "score": 0.08971555531024933, 
                    "spot": "serious \ncondition"
                }
            ], 
            "wiki_id": 30864674, 
            "wiki_title": "Medical state"
        }, 
        {
            "annotations": [
                {
                    "begin": 25, 
                    "end": 34, 
                    "score": 0.30894479155540466, 
                    "spot": "breathing"
                }, 
                {
                    "begin": 660, 
                    "end": 669, 
                    "score": 0.1725957989692688, 
                    "spot": "breathing"
                }
            ], 
            "wiki_id": 66723, 
            "wiki_title": "Respiratory system"
        }, 
        {
            "annotations": [
                {
                    "begin": 2274, 
                    "end": 2277, 
                    "score": 0.0006853084196336567, 
                    "spot": "she"
                }
            ], 
            "wiki_id": 153895, 
            "wiki_title": "Gender-specific and gender-neutral pronouns"
        }, 
        {
            "annotations": [
                {
                    "begin": 985, 
                    "end": 998, 
                    "score": 0.30578452348709106, 
                    "spot": "New York City"
                }
            ], 
            "wiki_id": 645042, 
            "wiki_title": "New York City"
        }, 
        {
            "annotations": [
                {
                    "begin": 2709, 
                    "end": 2723, 
                    "score": 0.3689298927783966, 
                    "spot": "Marina del Rey"
                }
            ], 
            "wiki_id": 107657, 
            "wiki_title": "Marina del Rey, California"
        }
    ]
}