{
    "tagme": [
        {
            "annotations": [
                {
                    "begin": 130, 
                    "end": 134, 
                    "score": 0.1366400420665741, 
                    "spot": "race"
                }
            ], 
            "wiki_id": 3058522, 
            "wiki_title": "Race and ethnicity in the United States"
        }, 
        {
            "annotations": [
                {
                    "begin": 3528, 
                    "end": 3537, 
                    "score": 0.10104639828205109, 
                    "spot": "Guadalupe"
                }
            ], 
            "wiki_id": 66440, 
            "wiki_title": "Our Lady of Guadalupe"
        }, 
        {
            "annotations": [
                {
                    "begin": 536, 
                    "end": 540, 
                    "score": 0.1411842256784439, 
                    "spot": "lead"
                }, 
                {
                    "begin": 576, 
                    "end": 580, 
                    "score": 0.08673881739377975, 
                    "spot": "lead"
                }, 
                {
                    "begin": 2830, 
                    "end": 2834, 
                    "score": 0.10219307988882065, 
                    "spot": "lead"
                }, 
                {
                    "begin": 3197, 
                    "end": 3201, 
                    "score": 0.0799756571650505, 
                    "spot": "lead"
                }, 
                {
                    "begin": 3489, 
                    "end": 3493, 
                    "score": 0.09112092107534409, 
                    "spot": "lead"
                }
            ], 
            "wiki_id": 17747, 
            "wiki_title": "Lead"
        }, 
        {
            "annotations": [
                {
                    "begin": 5, 
                    "end": 13, 
                    "score": 0.1269637942314148, 
                    "spot": "Patience"
                }
            ], 
            "wiki_id": 8054621, 
            "wiki_title": "Patience (Take That song)"
        }, 
        {
            "annotations": [
                {
                    "begin": 4219, 
                    "end": 4227, 
                    "score": 0.0019480519695207477, 
                    "spot": "25 miles"
                }
            ], 
            "wiki_id": 23811985, 
            "wiki_title": "Twenty-Five Miles"
        }, 
        {
            "annotations": [
                {
                    "begin": 1050, 
                    "end": 1056, 
                    "score": 0.00124740123283118, 
                    "spot": "Dianne"
                }
            ], 
            "wiki_id": 35740833, 
            "wiki_title": "Dianne (TV series)"
        }, 
        {
            "annotations": [
                {
                    "begin": 654, 
                    "end": 660, 
                    "score": 0.05526864901185036, 
                    "spot": "course"
                }
            ], 
            "wiki_id": 2835096, 
            "wiki_title": "Course (music)"
        }, 
        {
            "annotations": [
                {
                    "begin": 393, 
                    "end": 404, 
                    "score": 0.043990086764097214, 
                    "spot": "cloud cover"
                }
            ], 
            "wiki_id": 154576, 
            "wiki_title": "Cloud cover"
        }, 
        {
            "annotations": [
                {
                    "begin": 1780, 
                    "end": 1783, 
                    "score": 0.11852205544710159, 
                    "spot": "led"
                }
            ], 
            "wiki_id": 18290, 
            "wiki_title": "Light-emitting diode"
        }, 
        {
            "annotations": [
                {
                    "begin": 381, 
                    "end": 389, 
                    "score": 0.1505706012248993, 
                    "spot": "obscured"
                }
            ], 
            "wiki_id": 1231797, 
            "wiki_title": "Extinction (astronomy)"
        }, 
        {
            "annotations": [
                {
                    "begin": 1477, 
                    "end": 1482, 
                    "score": 0.1130048856139183, 
                    "spot": "field"
                }
            ], 
            "wiki_id": 26998617, 
            "wiki_title": "Field (physics)"
        }, 
        {
            "annotations": [
                {
                    "begin": 2949, 
                    "end": 2953, 
                    "score": 0.00726384948939085, 
                    "spot": "hate"
                }
            ], 
            "wiki_id": 19328052, 
            "wiki_title": "Hatred"
        }, 
        {
            "annotations": [
                {
                    "begin": 2293, 
                    "end": 2298, 
                    "score": 0.0013743586605414748, 
                    "spot": "third"
                }
            ], 
            "wiki_id": 415182, 
            "wiki_title": "Major third"
        }, 
        {
            "annotations": [
                {
                    "begin": 1952, 
                    "end": 1955, 
                    "score": 0.1096462532877922, 
                    "spot": "who"
                }, 
                {
                    "begin": 2362, 
                    "end": 2365, 
                    "score": 0.0620136596262455, 
                    "spot": "who"
                }, 
                {
                    "begin": 3848, 
                    "end": 3851, 
                    "score": 0.09195001423358917, 
                    "spot": "who"
                }, 
                {
                    "begin": 4324, 
                    "end": 4327, 
                    "score": 0.05835089832544327, 
                    "spot": "who"
                }
            ], 
            "wiki_id": 33583, 
            "wiki_title": "World Health Organization"
        }, 
        {
            "annotations": [
                {
                    "begin": 291, 
                    "end": 296, 
                    "score": 0.27955231070518494, 
                    "spot": "women"
                }, 
                {
                    "begin": 746, 
                    "end": 751, 
                    "score": 0.15547141432762146, 
                    "spot": "women"
                }
            ], 
            "wiki_id": 33183, 
            "wiki_title": "Woman"
        }, 
        {
            "annotations": [
                {
                    "begin": 1289, 
                    "end": 1292, 
                    "score": 0.04726143181324005, 
                    "spot": "won"
                }
            ], 
            "wiki_id": 300785, 
            "wiki_title": "Win\u2013loss record (pitching)"
        }, 
        {
            "annotations": [
                {
                    "begin": 1850, 
                    "end": 1854, 
                    "score": 0.0031610135920345783, 
                    "spot": "fell"
                }
            ], 
            "wiki_id": 1095407, 
            "wiki_title": "Fell running"
        }, 
        {
            "annotations": [
                {
                    "begin": 3096, 
                    "end": 3101, 
                    "score": 0.0011949767358601093, 
                    "spot": "tight"
                }
            ], 
            "wiki_id": 1351879, 
            "wiki_title": "Tight (album)"
        }, 
        {
            "annotations": [
                {
                    "begin": 2119, 
                    "end": 2125, 
                    "score": 0.0025100400671362877, 
                    "spot": "put it"
                }
            ], 
            "wiki_id": 22942217, 
            "wiki_title": "Put It On"
        }, 
        {
            "annotations": [
                {
                    "begin": 2969, 
                    "end": 2975, 
                    "score": 0.13771337270736694, 
                    "spot": "Wilson"
                }
            ], 
            "wiki_id": 482932, 
            "wiki_title": "Edward Adrian Wilson"
        }, 
        {
            "annotations": [
                {
                    "begin": 1725, 
                    "end": 1729, 
                    "score": 0.20152494311332703, 
                    "spot": "heat"
                }
            ], 
            "wiki_id": 19593167, 
            "wiki_title": "Heat"
        }, 
        {
            "annotations": [
                {
                    "begin": 3234, 
                    "end": 3240, 
                    "score": 0.0007381559698842466, 
                    "spot": "Shores"
                }
            ], 
            "wiki_id": 11217503, 
            "wiki_title": "Shores"
        }, 
        {
            "annotations": [
                {
                    "begin": 1975, 
                    "end": 1982, 
                    "score": 0.08808022737503052, 
                    "spot": "leaders"
                }
            ], 
            "wiki_id": 130918, 
            "wiki_title": "Leadership"
        }, 
        {
            "annotations": [
                {
                    "begin": 3405, 
                    "end": 3417, 
                    "score": 0.11484549194574356, 
                    "spot": "women's race"
                }
            ], 
            "wiki_id": 42436704, 
            "wiki_title": "Women's Boat Race"
        }, 
        {
            "annotations": [
                {
                    "begin": 1015, 
                    "end": 1021, 
                    "score": 0.147487074136734, 
                    "spot": "record"
                }
            ], 
            "wiki_id": 172121, 
            "wiki_title": "Gramophone record"
        }, 
        {
            "annotations": [
                {
                    "begin": 1173, 
                    "end": 1177, 
                    "score": 0.024447541683912277, 
                    "spot": "race"
                }, 
                {
                    "begin": 2190, 
                    "end": 2194, 
                    "score": 0.07453835010528564, 
                    "spot": "race"
                }
            ], 
            "wiki_id": 273285, 
            "wiki_title": "Race and ethnicity in the United States Census"
        }, 
        {
            "annotations": [
                {
                    "begin": 843, 
                    "end": 850, 
                    "score": 0.03795047849416733, 
                    "spot": "student"
                }
            ], 
            "wiki_id": 516775, 
            "wiki_title": "Student activism"
        }, 
        {
            "annotations": [
                {
                    "begin": 1133, 
                    "end": 1141, 
                    "score": 0.0061822193674743176, 
                    "spot": "division"
                }
            ], 
            "wiki_id": 42291767, 
            "wiki_title": "Division (naval)"
        }, 
        {
            "annotations": [
                {
                    "begin": 785, 
                    "end": 789, 
                    "score": 0.0017701033502817154, 
                    "spot": "calm"
                }
            ], 
            "wiki_id": 14352022, 
            "wiki_title": "The Calm (EP)"
        }, 
        {
            "annotations": [
                {
                    "begin": 821, 
                    "end": 827, 
                    "score": 0.6884323358535767, 
                    "spot": "Yanmin"
                }, 
                {
                    "begin": 994, 
                    "end": 1000, 
                    "score": 0.5, 
                    "spot": "Yanmin"
                }, 
                {
                    "begin": 1282, 
                    "end": 1288, 
                    "score": 0.5, 
                    "spot": "Yanmin"
                }, 
                {
                    "begin": 3346, 
                    "end": 3352, 
                    "score": 0.5, 
                    "spot": "Yanmin"
                }, 
                {
                    "begin": 4106, 
                    "end": 4112, 
                    "score": 0.5, 
                    "spot": "Yanmin"
                }
            ], 
            "wiki_id": 39962441, 
            "wiki_title": "Zhao Yanmin"
        }, 
        {
            "annotations": [
                {
                    "begin": 1058, 
                    "end": 1065, 
                    "score": 0.026220381259918213, 
                    "spot": "Rodgers"
                }
            ], 
            "wiki_id": 798163, 
            "wiki_title": "John Rodgers (1772\u20131838)"
        }, 
        {
            "annotations": [
                {
                    "begin": 1122, 
                    "end": 1132, 
                    "score": 0.13274575769901276, 
                    "spot": "wheelchair"
                }
            ], 
            "wiki_id": 21481546, 
            "wiki_title": "Wheelchair"
        }, 
        {
            "annotations": [
                {
                    "begin": 1618, 
                    "end": 1626, 
                    "score": 0.1675095558166504, 
                    "spot": "toughest"
                }, 
                {
                    "begin": 1667, 
                    "end": 1674, 
                    "score": 0.0010600707028061152, 
                    "spot": "tougher"
                }
            ], 
            "wiki_id": 684489, 
            "wiki_title": "Toughness"
        }, 
        {
            "annotations": [
                {
                    "begin": 3588, 
                    "end": 3592, 
                    "score": 0.08261226862668991, 
                    "spot": "lost"
                }
            ], 
            "wiki_id": 16454230, 
            "wiki_title": "Lost (TV series)"
        }, 
        {
            "annotations": [
                {
                    "begin": 3621, 
                    "end": 3625, 
                    "score": 0.0011882357066497207, 
                    "spot": "five"
                }
            ], 
            "wiki_id": 6412297, 
            "wiki_title": "5 (number)"
        }, 
        {
            "annotations": [
                {
                    "begin": 3003, 
                    "end": 3011, 
                    "score": 0.003234501462429762, 
                    "spot": "sensible"
                }
            ], 
            "wiki_id": 20059345, 
            "wiki_title": "French frigate Sensible (1788)"
        }, 
        {
            "annotations": [
                {
                    "begin": 549, 
                    "end": 553, 
                    "score": 0.07133359462022781, 
                    "spot": "sort"
                }
            ], 
            "wiki_id": 4795653, 
            "wiki_title": "Sort (typesetting)"
        }, 
        {
            "annotations": [
                {
                    "begin": 203, 
                    "end": 208, 
                    "score": 0.0060240961611270905, 
                    "spot": "P>\n<P"
                }, 
                {
                    "begin": 478, 
                    "end": 483, 
                    "score": 0.0060240961611270905, 
                    "spot": "P>\n<P"
                }, 
                {
                    "begin": 729, 
                    "end": 734, 
                    "score": 0.0060240961611270905, 
                    "spot": "P>\n<P"
                }, 
                {
                    "begin": 1070, 
                    "end": 1075, 
                    "score": 0.0060240961611270905, 
                    "spot": "P>\n<P"
                }, 
                {
                    "begin": 1157, 
                    "end": 1162, 
                    "score": 0.0060240961611270905, 
                    "spot": "P>\n<P"
                }, 
                {
                    "begin": 1390, 
                    "end": 1395, 
                    "score": 0.0060240961611270905, 
                    "spot": "P>\n<P"
                }, 
                {
                    "begin": 1754, 
                    "end": 1759, 
                    "score": 0.09421402215957642, 
                    "spot": "P>\n<P"
                }, 
                {
                    "begin": 2270, 
                    "end": 2275, 
                    "score": 0.0060240961611270905, 
                    "spot": "P>\n<P"
                }, 
                {
                    "begin": 2436, 
                    "end": 2441, 
                    "score": 0.0060240961611270905, 
                    "spot": "P>\n<P"
                }, 
                {
                    "begin": 2556, 
                    "end": 2561, 
                    "score": 0.0060240961611270905, 
                    "spot": "P>\n<P"
                }, 
                {
                    "begin": 2714, 
                    "end": 2719, 
                    "score": 0.0624411441385746, 
                    "spot": "P>\n<P"
                }, 
                {
                    "begin": 2840, 
                    "end": 2845, 
                    "score": 0.04226428642868996, 
                    "spot": "P>\n<P"
                }, 
                {
                    "begin": 3160, 
                    "end": 3165, 
                    "score": 0.07783067226409912, 
                    "spot": "P>\n<P"
                }, 
                {
                    "begin": 3822, 
                    "end": 3827, 
                    "score": 0.0060240961611270905, 
                    "spot": "P>\n<P"
                }, 
                {
                    "begin": 4068, 
                    "end": 4073, 
                    "score": 0.14610892534255981, 
                    "spot": "P>\n<P"
                }, 
                {
                    "begin": 4149, 
                    "end": 4154, 
                    "score": 0.0060240961611270905, 
                    "spot": "P>\n<P"
                }, 
                {
                    "begin": 4268, 
                    "end": 4273, 
                    "score": 0.06727361679077148, 
                    "spot": "P>\n<P"
                }
            ], 
            "wiki_id": 37649, 
            "wiki_title": "Amplitude"
        }, 
        {
            "annotations": [
                {
                    "begin": 429, 
                    "end": 433, 
                    "score": 0.024042803794145584, 
                    "spot": "burn"
                }
            ], 
            "wiki_id": 1868998, 
            "wiki_title": "Burn (Usher song)"
        }, 
        {
            "annotations": [
                {
                    "begin": 499, 
                    "end": 510, 
                    "score": 0.2633498013019562, 
                    "spot": "New Zealand"
                }, 
                {
                    "begin": 4311, 
                    "end": 4322, 
                    "score": 0.2990715503692627, 
                    "spot": "New Zealand"
                }
            ], 
            "wiki_id": 4913064, 
            "wiki_title": "New Zealand"
        }, 
        {
            "annotations": [
                {
                    "begin": 562, 
                    "end": 565, 
                    "score": 0.0005023122066631913, 
                    "spot": "out"
                }
            ], 
            "wiki_id": 366439, 
            "wiki_title": "Out (magazine)"
        }, 
        {
            "annotations": [
                {
                    "begin": 2075, 
                    "end": 2082, 
                    "score": 0.012450199574232101, 
                    "spot": "too hot"
                }
            ], 
            "wiki_id": 6582010, 
            "wiki_title": "Too Hot (Alanis Morissette song)"
        }, 
        {
            "annotations": [
                {
                    "begin": 2223, 
                    "end": 2228, 
                    "score": 0.03317748382687569, 
                    "spot": "agree"
                }
            ], 
            "wiki_id": 68651, 
            "wiki_title": "Ambassador"
        }, 
        {
            "annotations": [
                {
                    "begin": 807, 
                    "end": 814, 
                    "score": 0.015458988025784492, 
                    "spot": "fashion"
                }
            ], 
            "wiki_id": 11657, 
            "wiki_title": "Fashion"
        }, 
        {
            "annotations": [
                {
                    "begin": 2450, 
                    "end": 2453, 
                    "score": 0.0005181347369216383, 
                    "spot": "him"
                }
            ], 
            "wiki_id": 595284, 
            "wiki_title": "HIM (Finnish band)"
        }, 
        {
            "annotations": [
                {
                    "begin": 1575, 
                    "end": 1585, 
                    "score": 0.08906882256269455, 
                    "spot": "burned off"
                }
            ], 
            "wiki_id": 7889619, 
            "wiki_title": "Burning off"
        }, 
        {
            "annotations": [
                {
                    "begin": 2785, 
                    "end": 2791, 
                    "score": 0.1588827222585678, 
                    "spot": "wanted"
                }
            ], 
            "wiki_id": 27876656, 
            "wiki_title": "The Wanted"
        }, 
        {
            "annotations": [
                {
                    "begin": 2795, 
                    "end": 2798, 
                    "score": 0.10556035488843918, 
                    "spot": "run"
                }
            ], 
            "wiki_id": 4240793, 
            "wiki_title": "Run (Snow Patrol song)"
        }, 
        {
            "annotations": [
                {
                    "begin": 2669, 
                    "end": 2674, 
                    "score": 0.004986812360584736, 
                    "spot": "field"
                }
            ], 
            "wiki_id": 491073, 
            "wiki_title": "Field (computer science)"
        }, 
        {
            "annotations": [
                {
                    "begin": 979, 
                    "end": 985, 
                    "score": 0.003227435052394867, 
                    "spot": "course"
                }
            ], 
            "wiki_id": 526101, 
            "wiki_title": "Major (academic)"
        }, 
        {
            "annotations": [
                {
                    "begin": 1522, 
                    "end": 1527, 
                    "score": 0.10067693889141083, 
                    "spot": "first"
                }
            ], 
            "wiki_id": 46400142, 
            "wiki_title": "First class (aviation)"
        }, 
        {
            "annotations": [
                {
                    "begin": 2563, 
                    "end": 2569, 
                    "score": 0.06813040375709534, 
                    "spot": "Wilson"
                }, 
                {
                    "begin": 2765, 
                    "end": 2771, 
                    "score": 0.09163635224103928, 
                    "spot": "Wilson"
                }
            ], 
            "wiki_id": 33523, 
            "wiki_title": "Woodrow Wilson"
        }, 
        {
            "annotations": [
                {
                    "begin": 3212, 
                    "end": 3221, 
                    "score": 0.0746118500828743, 
                    "spot": "mountains"
                }
            ], 
            "wiki_id": 69000, 
            "wiki_title": "Geography of Bhutan"
        }, 
        {
            "annotations": [
                {
                    "begin": 1037, 
                    "end": 1046, 
                    "score": 0.004724409431219101, 
                    "spot": "last year"
                }
            ], 
            "wiki_id": 7353934, 
            "wiki_title": "Last Year (song)"
        }, 
        {
            "annotations": [
                {
                    "begin": 882, 
                    "end": 885, 
                    "score": 0.0007386371144093573, 
                    "spot": "way"
                }
            ], 
            "wiki_id": 30808, 
            "wiki_title": "Tao"
        }, 
        {
            "annotations": [
                {
                    "begin": 4137, 
                    "end": 4144, 
                    "score": 0.04239354282617569, 
                    "spot": "laughed"
                }
            ], 
            "wiki_id": 234801, 
            "wiki_title": "Laughter"
        }, 
        {
            "annotations": [
                {
                    "begin": 2155, 
                    "end": 2165, 
                    "score": 0.10122779756784439, 
                    "spot": "tenderness"
                }
            ], 
            "wiki_id": 15311728, 
            "wiki_title": "Tenderness (medicine)"
        }, 
        {
            "annotations": [
                {
                    "begin": 3226, 
                    "end": 3233, 
                    "score": 0.1430428922176361, 
                    "spot": "Belmont"
                }
            ], 
            "wiki_id": 260518, 
            "wiki_title": "Belmont, Wisconsin"
        }, 
        {
            "annotations": [
                {
                    "begin": 3664, 
                    "end": 3671, 
                    "score": 0.03405168652534485, 
                    "spot": "runners"
                }
            ], 
            "wiki_id": 251442, 
            "wiki_title": "Road running"
        }, 
        {
            "annotations": [
                {
                    "begin": 4002, 
                    "end": 4007, 
                    "score": 0.004654974211007357, 
                    "spot": "sight"
                }
            ], 
            "wiki_id": 39798507, 
            "wiki_title": "On Sight"
        }, 
        {
            "annotations": [
                {
                    "begin": 1001, 
                    "end": 1006, 
                    "score": 0.00076867057941854, 
                    "spot": "broke"
                }
            ], 
            "wiki_id": 8132143, 
            "wiki_title": "Broke (album)"
        }, 
        {
            "annotations": [
                {
                    "begin": 2874, 
                    "end": 2887, 
                    "score": 0.0035342038609087467, 
                    "spot": "personal best"
                }
            ], 
            "wiki_id": 2324846, 
            "wiki_title": "Personal Best (film)"
        }, 
        {
            "annotations": [
                {
                    "begin": 1705, 
                    "end": 1713, 
                    "score": 0.011111111380159855, 
                    "spot": "was, \"It"
                }
            ], 
            "wiki_id": 49382334, 
            "wiki_title": "Or Was It?"
        }, 
        {
            "annotations": [
                {
                    "begin": 363, 
                    "end": 366, 
                    "score": 0.26985883712768555, 
                    "spot": "sun"
                }, 
                {
                    "begin": 2089, 
                    "end": 2092, 
                    "score": 0.15782058238983154, 
                    "spot": "sun"
                }
            ], 
            "wiki_id": 26751, 
            "wiki_title": "Sun"
        }, 
        {
            "annotations": [
                {
                    "begin": 3675, 
                    "end": 3680, 
                    "score": 0.04144257679581642, 
                    "spot": "Irina"
                }
            ], 
            "wiki_id": 268833, 
            "wiki_title": "GoldenEye"
        }, 
        {
            "annotations": [
                {
                    "begin": 3538, 
                    "end": 3543, 
                    "score": 0.1677369475364685, 
                    "spot": "Roman"
                }
            ], 
            "wiki_id": 25458, 
            "wiki_title": "Rome"
        }, 
        {
            "annotations": [
                {
                    "begin": 4228, 
                    "end": 4230, 
                    "score": 0.11344784498214722, 
                    "spot": "if"
                }
            ], 
            "wiki_id": 1685851, 
            "wiki_title": "If (Janet Jackson song)"
        }, 
        {
            "annotations": [
                {
                    "begin": 597, 
                    "end": 603, 
                    "score": 0.039507828652858734, 
                    "spot": "rolled"
                }
            ], 
            "wiki_id": 30030151, 
            "wiki_title": "Flight dynamics"
        }, 
        {
            "annotations": [
                {
                    "begin": 3681, 
                    "end": 3686, 
                    "score": 0.030054645612835884, 
                    "spot": "Ruban"
                }
            ], 
            "wiki_id": 7437215, 
            "wiki_title": "R\u00faba\u0148"
        }, 
        {
            "annotations": [
                {
                    "begin": 3307, 
                    "end": 3312, 
                    "score": 0.3163309097290039, 
                    "spot": "China"
                }
            ], 
            "wiki_id": 5760, 
            "wiki_title": "History of China"
        }, 
        {
            "annotations": [
                {
                    "begin": 2018, 
                    "end": 2025, 
                    "score": 0.00919694360345602, 
                    "spot": "trouble"
                }
            ], 
            "wiki_id": 236475, 
            "wiki_title": "Trouble (board game)"
        }, 
        {
            "annotations": [
                {
                    "begin": 2322, 
                    "end": 2327, 
                    "score": 0.1205526664853096, 
                    "spot": "final"
                }
            ], 
            "wiki_id": 25874197, 
            "wiki_title": "2010 FIFA World Cup Final"
        }, 
        {
            "annotations": [
                {
                    "begin": 265, 
                    "end": 271, 
                    "score": 0.003950109705328941, 
                    "spot": "Sunday"
                }
            ], 
            "wiki_id": 3613092, 
            "wiki_title": "NBC Sunday Night Football"
        }, 
        {
            "annotations": [
                {
                    "begin": 3960, 
                    "end": 3964, 
                    "score": 0.002051425399258733, 
                    "spot": "down"
                }
            ], 
            "wiki_id": 578491, 
            "wiki_title": "Glossary of rail transport terms"
        }, 
        {
            "annotations": [
                {
                    "begin": 3197, 
                    "end": 3204, 
                    "score": 0.0020586722530424595, 
                    "spot": "lead on"
                }
            ], 
            "wiki_id": 3812766, 
            "wiki_title": "Lead On"
        }, 
        {
            "annotations": [
                {
                    "begin": 2958, 
                    "end": 2966, 
                    "score": 0.1401887834072113, 
                    "spot": "marathon"
                }
            ], 
            "wiki_id": 90957, 
            "wiki_title": "Marathon County, Wisconsin"
        }, 
        {
            "annotations": [
                {
                    "begin": 1077, 
                    "end": 1083, 
                    "score": 0.0029802750796079636, 
                    "spot": "Robert"
                }
            ], 
            "wiki_id": 21131695, 
            "wiki_title": "Robert F. Kennedy"
        }, 
        {
            "annotations": [
                {
                    "begin": 2911, 
                    "end": 2919, 
                    "score": 0.1401887834072113, 
                    "spot": "marathon"
                }
            ], 
            "wiki_id": 37669357, 
            "wiki_title": "Marathon (media)"
        }, 
        {
            "annotations": [
                {
                    "begin": 2280, 
                    "end": 2287, 
                    "score": 0.0005621101590804756, 
                    "spot": "dropped"
                }
            ], 
            "wiki_id": 11778948, 
            "wiki_title": "Atomic bombings of Hiroshima and Nagasaki"
        }, 
        {
            "annotations": [
                {
                    "begin": 299, 
                    "end": 306, 
                    "score": 0.0368761271238327, 
                    "spot": "winners"
                }
            ], 
            "wiki_id": 945661, 
            "wiki_title": "Champion"
        }, 
        {
            "annotations": [
                {
                    "begin": 3547, 
                    "end": 3553, 
                    "score": 0.32626959681510925, 
                    "spot": "Mexico"
                }
            ], 
            "wiki_id": 3966054, 
            "wiki_title": "Mexico"
        }, 
        {
            "annotations": [
                {
                    "begin": 3048, 
                    "end": 3052, 
                    "score": 0.004848942626267672, 
                    "spot": "legs"
                }
            ], 
            "wiki_id": 9945160, 
            "wiki_title": "Who's Watching the Kids?"
        }, 
        {
            "annotations": [
                {
                    "begin": 3167, 
                    "end": 3172, 
                    "score": 0.06582926213741302, 
                    "spot": "Still"
                }
            ], 
            "wiki_id": 52797, 
            "wiki_title": "Digital camera"
        }, 
        {
            "annotations": [
                {
                    "begin": 3554, 
                    "end": 3557, 
                    "score": 0.0923042744398117, 
                    "spot": "led"
                }
            ], 
            "wiki_id": 418780, 
            "wiki_title": "Headlamp"
        }, 
        {
            "annotations": [
                {
                    "begin": 609, 
                    "end": 616, 
                    "score": 0.004126937594264746, 
                    "spot": "victory"
                }
            ], 
            "wiki_id": 29302821, 
            "wiki_title": "HMS Victory"
        }, 
        {
            "annotations": [
                {
                    "begin": 231, 
                    "end": 237, 
                    "score": 0.07418540120124817, 
                    "spot": "virtue"
                }
            ], 
            "wiki_id": 4148260, 
            "wiki_title": "Tessa Virtue"
        }, 
        {
            "annotations": [
                {
                    "begin": 327, 
                    "end": 333, 
                    "score": 0.0516822412610054, 
                    "spot": "others"
                }
            ], 
            "wiki_id": 935303, 
            "wiki_title": "Night Watch (Lukyanenko novel)"
        }, 
        {
            "annotations": [
                {
                    "begin": 2636, 
                    "end": 2640, 
                    "score": 0.08944451808929443, 
                    "spot": "mile"
                }
            ], 
            "wiki_id": 19159, 
            "wiki_title": "Mile"
        }, 
        {
            "annotations": [
                {
                    "begin": 817, 
                    "end": 820, 
                    "score": 0.15740564465522766, 
                    "spot": "Wen"
                }
            ], 
            "wiki_id": 36642040, 
            "wiki_title": "Cheng Wen"
        }, 
        {
            "annotations": [
                {
                    "begin": 3588, 
                    "end": 3599, 
                    "score": 0.006588579621165991, 
                    "spot": "lost ground"
                }
            ], 
            "wiki_id": 33750493, 
            "wiki_title": "Lost Ground"
        }, 
        {
            "annotations": [
                {
                    "begin": 3906, 
                    "end": 3919, 
                    "score": 0.01666666753590107, 
                    "spot": "hang in there"
                }
            ], 
            "wiki_id": 16937695, 
            "wiki_title": "Hang in there, Baby"
        }, 
        {
            "annotations": [
                {
                    "begin": 2525, 
                    "end": 2533, 
                    "score": 0.0012518493458628654, 
                    "spot": "finished"
                }, 
                {
                    "begin": 3636, 
                    "end": 3644, 
                    "score": 0.0012518493458628654, 
                    "spot": "finished"
                }
            ], 
            "wiki_id": 7556696, 
            "wiki_title": "Examen artium"
        }, 
        {
            "annotations": [
                {
                    "begin": 2302, 
                    "end": 2307, 
                    "score": 0.0953187569975853, 
                    "spot": "fifth"
                }
            ], 
            "wiki_id": 13575603, 
            "wiki_title": "Fifth Amendment to the United States Constitution"
        }, 
        {
            "annotations": [
                {
                    "begin": 2987, 
                    "end": 2995, 
                    "score": 0.09698008000850677, 
                    "spot": "sounding"
                }
            ], 
            "wiki_id": 20620848, 
            "wiki_title": "Depth sounding"
        }, 
        {
            "annotations": [
                {
                    "begin": 714, 
                    "end": 724, 
                    "score": 0.5, 
                    "spot": "Ric \nSayre"
                }
            ], 
            "wiki_id": 34260437, 
            "wiki_title": "Ric Sayre"
        }, 
        {
            "annotations": [
                {
                    "begin": 1530, 
                    "end": 1539, 
                    "score": 0.09085312485694885, 
                    "spot": "1/2 hours"
                }
            ], 
            "wiki_id": 14004, 
            "wiki_title": "Hour"
        }, 
        {
            "annotations": [
                {
                    "begin": 2260, 
                    "end": 2265, 
                    "score": 0.004543684422969818, 
                    "spot": "upset"
                }
            ], 
            "wiki_id": 1169845, 
            "wiki_title": "Upset"
        }, 
        {
            "annotations": [
                {
                    "begin": 4332, 
                    "end": 4337, 
                    "score": 0.0013743586605414748, 
                    "spot": "third"
                }
            ], 
            "wiki_id": 736053, 
            "wiki_title": "Third (Big Star album)"
        }, 
        {
            "annotations": [
                {
                    "begin": 1855, 
                    "end": 1861, 
                    "score": 0.003772653639316559, 
                    "spot": "victim"
                }
            ], 
            "wiki_id": 166186, 
            "wiki_title": "Victim (1961 film)"
        }, 
        {
            "annotations": [
                {
                    "begin": 2328, 
                    "end": 2334, 
                    "score": 0.002806969452649355, 
                    "spot": "stages"
                }
            ], 
            "wiki_id": 8072, 
            "wiki_title": "Disease"
        }, 
        {
            "annotations": [
                {
                    "begin": 798, 
                    "end": 805, 
                    "score": 0.013431752100586891, 
                    "spot": "orderly"
                }
            ], 
            "wiki_id": 1196484, 
            "wiki_title": "Orderly"
        }, 
        {
            "annotations": [
                {
                    "begin": 4084, 
                    "end": 4087, 
                    "score": 0.0006853084196336567, 
                    "spot": "she"
                }
            ], 
            "wiki_id": 2827351, 
            "wiki_title": "She (Charles Aznavour song)"
        }, 
        {
            "annotations": [
                {
                    "begin": 3131, 
                    "end": 3134, 
                    "score": 0.0017393865855410695, 
                    "spot": "end"
                }
            ], 
            "wiki_id": 492476, 
            "wiki_title": "Wide receiver"
        }, 
        {
            "annotations": [
                {
                    "begin": 3933, 
                    "end": 3940, 
                    "score": 0.1341114640235901, 
                    "spot": "Chinese"
                }
            ], 
            "wiki_id": 5405, 
            "wiki_title": "China"
        }, 
        {
            "annotations": [
                {
                    "begin": 2355, 
                    "end": 2361, 
                    "score": 0.11124828457832336, 
                    "spot": "Kenyan"
                }
            ], 
            "wiki_id": 188171, 
            "wiki_title": "Kenya"
        }, 
        {
            "annotations": [
                {
                    "begin": 631, 
                    "end": 638, 
                    "score": 0.09442245960235596, 
                    "spot": "minutes"
                }, 
                {
                    "begin": 4035, 
                    "end": 4041, 
                    "score": 0.0014540784759446979, 
                    "spot": "second"
                }
            ], 
            "wiki_id": 2431, 
            "wiki_title": "Minute and second of arc"
        }, 
        {
            "annotations": [
                {
                    "begin": 1740, 
                    "end": 1748, 
                    "score": 0.2194991111755371, 
                    "spot": "humidity"
                }
            ], 
            "wiki_id": 52812, 
            "wiki_title": "Humidity"
        }, 
        {
            "annotations": [
                {
                    "begin": 4042, 
                    "end": 4052, 
                    "score": 0.30000001192092896, 
                    "spot": "place time"
                }
            ], 
            "wiki_id": 23628854, 
            "wiki_title": "The Place and the Time"
        }, 
        {
            "annotations": [
                {
                    "begin": 1097, 
                    "end": 1113, 
                    "score": 0.18006263673305511, 
                    "spot": "Huntington Beach"
                }
            ], 
            "wiki_id": 63816, 
            "wiki_title": "Huntington Beach, California"
        }, 
        {
            "annotations": [
                {
                    "begin": 3699, 
                    "end": 3704, 
                    "score": 0.042553190141916275, 
                    "spot": "Zueva"
                }
            ], 
            "wiki_id": 48636797, 
            "wiki_title": "Aleksandra Zueva"
        }, 
        {
            "annotations": [
                {
                    "begin": 2427, 
                    "end": 2431, 
                    "score": 0.0027790775056928396, 
                    "spot": "move"
                }
            ], 
            "wiki_id": 329862, 
            "wiki_title": "The Move"
        }, 
        {
            "annotations": [
                {
                    "begin": 1371, 
                    "end": 1376, 
                    "score": 0.0007073803571984172, 
                    "spot": "of $9"
                }
            ], 
            "wiki_id": 7272484, 
            "wiki_title": "Four-star rank"
        }, 
        {
            "annotations": [
                {
                    "begin": 1918, 
                    "end": 1924, 
                    "score": 0.05383770540356636, 
                    "spot": "Viktor"
                }
            ], 
            "wiki_id": 1551907, 
            "wiki_title": "Viktor Vasnetsov"
        }, 
        {
            "annotations": [
                {
                    "begin": 2101, 
                    "end": 2105, 
                    "score": 0.07338420301675797, 
                    "spot": "work"
                }
            ], 
            "wiki_id": 149861, 
            "wiki_title": "Work (physics)"
        }, 
        {
            "annotations": [
                {
                    "begin": 1765, 
                    "end": 1770, 
                    "score": 0.06416253000497818, 
                    "spot": "men's"
                }
            ], 
            "wiki_id": 507399, 
            "wiki_title": "NCAA Men's Division I Basketball Championship"
        }, 
        {
            "annotations": [
                {
                    "begin": 3720, 
                    "end": 3732, 
                    "score": 0.023437930271029472, 
                    "spot": "side-by-side"
                }
            ], 
            "wiki_id": 677931, 
            "wiki_title": "Tandem"
        }, 
        {
            "annotations": [
                {
                    "begin": 2196, 
                    "end": 2204, 
                    "score": 0.17391857504844666, 
                    "spot": "American"
                }
            ], 
            "wiki_id": 19792942, 
            "wiki_title": "Americans"
        }, 
        {
            "annotations": [
                {
                    "begin": 3058, 
                    "end": 3065, 
                    "score": 0.021514274179935455, 
                    "spot": "getting"
                }, 
                {
                    "begin": 3088, 
                    "end": 3095, 
                    "score": 0.021514274179935455, 
                    "spot": "getting"
                }
            ], 
            "wiki_id": 40224738, 
            "wiki_title": "Getting On (U.S. TV series)"
        }, 
        {
            "annotations": [
                {
                    "begin": 3781, 
                    "end": 3786, 
                    "score": 0.07894890010356903, 
                    "spot": "faded"
                }
            ], 
            "wiki_id": 34505362, 
            "wiki_title": "Faded (Tyga song)"
        }, 
        {
            "annotations": [
                {
                    "begin": 2905, 
                    "end": 2910, 
                    "score": 0.0013743586605414748, 
                    "spot": "third"
                }
            ], 
            "wiki_id": 565176, 
            "wiki_title": "Narration"
        }, 
        {
            "annotations": [
                {
                    "begin": 3293, 
                    "end": 3296, 
                    "score": 0.16353555023670197, 
                    "spot": "Liu"
                }
            ], 
            "wiki_id": 2896352, 
            "wiki_title": "Lu'an"
        }, 
        {
            "annotations": [
                {
                    "begin": 4020, 
                    "end": 4025, 
                    "score": 0.006126149091869593, 
                    "spot": "happy"
                }
            ], 
            "wiki_id": 169409, 
            "wiki_title": "Happiness"
        }, 
        {
            "annotations": [
                {
                    "begin": 3826, 
                    "end": 3831, 
                    "score": 0.5, 
                    "spot": "P>\nIt"
                }
            ], 
            "wiki_id": 16256886, 
            "wiki_title": "P:IT"
        }, 
        {
            "annotations": [
                {
                    "begin": 3145, 
                    "end": 3154, 
                    "score": 0.017268748953938484, 
                    "spot": "mountains"
                }
            ], 
            "wiki_id": 37754, 
            "wiki_title": "Mountain"
        }, 
        {
            "annotations": [
                {
                    "begin": 3737, 
                    "end": 3759, 
                    "score": 0.003496503457427025, 
                    "spot": "third and fourth place"
                }
            ], 
            "wiki_id": 18025901, 
            "wiki_title": "FA Cup Third-fourth place matches"
        }, 
        {
            "annotations": [
                {
                    "begin": 2274, 
                    "end": 2279, 
                    "score": 0.5, 
                    "spot": "P>\nHe"
                }
            ], 
            "wiki_id": 45328917, 
            "wiki_title": "P:HE"
        }, 
        {
            "annotations": [
                {
                    "begin": 1556, 
                    "end": 1560, 
                    "score": 0.185323104262352, 
                    "spot": "cool"
                }
            ], 
            "wiki_id": 20647050, 
            "wiki_title": "Temperature"
        }, 
        {
            "annotations": [
                {
                    "begin": 1200, 
                    "end": 1211, 
                    "score": 0.18269230425357819, 
                    "spot": "Pacific Rim"
                }, 
                {
                    "begin": 1331, 
                    "end": 1342, 
                    "score": 0.18269230425357819, 
                    "spot": "Pacific Rim"
                }
            ], 
            "wiki_id": 318083, 
            "wiki_title": "Pacific Rim"
        }, 
        {
            "annotations": [
                {
                    "begin": 541, 
                    "end": 545, 
                    "score": 0.06904169917106628, 
                    "spot": "pack"
                }, 
                {
                    "begin": 3494, 
                    "end": 3498, 
                    "score": 0.06904169917106628, 
                    "spot": "pack"
                }
            ], 
            "wiki_id": 3822828, 
            "wiki_title": "Non-rail vehicles (Thomas &amp; Friends)"
        }, 
        {
            "annotations": [
                {
                    "begin": 3317, 
                    "end": 3322, 
                    "score": 0.06014281138777733, 
                    "spot": "third"
                }
            ], 
            "wiki_id": 418856, 
            "wiki_title": "United States Third Fleet"
        }, 
        {
            "annotations": [
                {
                    "begin": 2560, 
                    "end": 2569, 
                    "score": 0.02331606298685074, 
                    "spot": "P>\nWilson"
                }
            ], 
            "wiki_id": 47273477, 
            "wiki_title": "Percy Wilson (botanist)"
        }, 
        {
            "annotations": [
                {
                    "begin": 1907, 
                    "end": 1915, 
                    "score": 0.0035118283703923225, 
                    "spot": "elements"
                }
            ], 
            "wiki_id": 18949461, 
            "wiki_title": "Fiction"
        }, 
        {
            "annotations": [
                {
                    "begin": 3413, 
                    "end": 3417, 
                    "score": 0.11535751074552536, 
                    "spot": "race"
                }
            ], 
            "wiki_id": 1755460, 
            "wiki_title": "Road bicycle racing"
        }, 
        {
            "annotations": [
                {
                    "begin": 1271, 
                    "end": 1277, 
                    "score": 0.08465085923671722, 
                    "spot": "Wilson"
                }
            ], 
            "wiki_id": 1742860, 
            "wiki_title": "Wilson Sporting Goods"
        }, 
        {
            "annotations": [
                {
                    "begin": 1833, 
                    "end": 1844, 
                    "score": 0.014681030996143818, 
                    "spot": "One by \none"
                }
            ], 
            "wiki_id": 592269, 
            "wiki_title": "One by One (Foo Fighters album)"
        }, 
        {
            "annotations": [
                {
                    "begin": 3189, 
                    "end": 3196, 
                    "score": 0.09617917984724045, 
                    "spot": "healthy"
                }
            ], 
            "wiki_id": 80381, 
            "wiki_title": "Health"
        }, 
        {
            "annotations": [
                {
                    "begin": 2375, 
                    "end": 2382, 
                    "score": 0.14060290157794952, 
                    "spot": "Gardena"
                }
            ], 
            "wiki_id": 4142237, 
            "wiki_title": "Val Gardena"
        }, 
        {
            "annotations": [
                {
                    "begin": 673, 
                    "end": 683, 
                    "score": 0.08924683928489685, 
                    "spot": "old record"
                }, 
                {
                    "begin": 1011, 
                    "end": 1021, 
                    "score": 0.07136234641075134, 
                    "spot": "old record"
                }
            ], 
            "wiki_id": 11460228, 
            "wiki_title": "And Their Name Was Treason"
        }, 
        {
            "annotations": [
                {
                    "begin": 4302, 
                    "end": 4307, 
                    "score": 0.1398475468158722, 
                    "spot": "Drake"
                }
            ], 
            "wiki_id": 11508, 
            "wiki_title": "Francis Drake"
        }, 
        {
            "annotations": [
                {
                    "begin": 1443, 
                    "end": 1447, 
                    "score": 0.06529621034860611, 
                    "spot": "race"
                }, 
                {
                    "begin": 1771, 
                    "end": 1775, 
                    "score": 0.06616959720849991, 
                    "spot": "race"
                }, 
                {
                    "begin": 3579, 
                    "end": 3583, 
                    "score": 0.09372226893901825, 
                    "spot": "race"
                }, 
                {
                    "begin": 3979, 
                    "end": 3991, 
                    "score": 0.1468433290719986, 
                    "spot": "finish \nline"
                }
            ], 
            "wiki_id": 50857, 
            "wiki_title": "Racing"
        }, 
        {
            "annotations": [
                {
                    "begin": 4097, 
                    "end": 4102, 
                    "score": 0.0007717565167695284, 
                    "spot": "aware"
                }
            ], 
            "wiki_id": 491696, 
            "wiki_title": "Awareness"
        }, 
        {
            "annotations": [
                {
                    "begin": 1430, 
                    "end": 1435, 
                    "score": 0.0016792872920632362, 
                    "spot": "start"
                }
            ], 
            "wiki_id": 474275, 
            "wiki_title": "Starting pitcher"
        }, 
        {
            "annotations": [
                {
                    "begin": 2248, 
                    "end": 2255, 
                    "score": 0.047411467880010605, 
                    "spot": "stomach"
                }
            ], 
            "wiki_id": 39747, 
            "wiki_title": "Stomach"
        }, 
        {
            "annotations": [
                {
                    "begin": 1925, 
                    "end": 1930, 
                    "score": 0.4285714328289032, 
                    "spot": "Gural"
                }, 
                {
                    "begin": 2043, 
                    "end": 2048, 
                    "score": 0.4285714328289032, 
                    "spot": "Gural"
                }, 
                {
                    "begin": 2235, 
                    "end": 2240, 
                    "score": 0.4285714328289032, 
                    "spot": "Gural"
                }, 
                {
                    "begin": 2395, 
                    "end": 2400, 
                    "score": 0.4285714328289032, 
                    "spot": "Gural"
                }
            ], 
            "wiki_id": 41955280, 
            "wiki_title": "Jeffrey Gural"
        }, 
        {
            "annotations": [
                {
                    "begin": 1680, 
                    "end": 1687, 
                    "score": 0.10255242884159088, 
                    "spot": "refrain"
                }
            ], 
            "wiki_id": 317730, 
            "wiki_title": "Refrain"
        }, 
        {
            "annotations": [
                {
                    "begin": 661, 
                    "end": 667, 
                    "score": 0.16780701279640198, 
                    "spot": "record"
                }, 
                {
                    "begin": 677, 
                    "end": 683, 
                    "score": 0.06080826371908188, 
                    "spot": "record"
                }, 
                {
                    "begin": 986, 
                    "end": 992, 
                    "score": 0.08041712641716003, 
                    "spot": "record"
                }
            ], 
            "wiki_id": 2417230, 
            "wiki_title": "Sound recording and reproduction"
        }, 
        {
            "annotations": [
                {
                    "begin": 3076, 
                    "end": 3081, 
                    "score": 0.14502418041229248, 
                    "spot": "quads"
                }
            ], 
            "wiki_id": 911778, 
            "wiki_title": "Quadriceps femoris muscle"
        }, 
        {
            "annotations": [
                {
                    "begin": 3864, 
                    "end": 3869, 
                    "score": 0.062121301889419556, 
                    "spot": "first"
                }
            ], 
            "wiki_id": 460615, 
            "wiki_title": "British undergraduate degree classification"
        }, 
        {
            "annotations": [
                {
                    "begin": 2173, 
                    "end": 2178, 
                    "score": 0.18685844540596008, 
                    "spot": "liver"
                }
            ], 
            "wiki_id": 17384301, 
            "wiki_title": "Liver"
        }, 
        {
            "annotations": [
                {
                    "begin": 2624, 
                    "end": 2630, 
                    "score": 0.0009588695247657597, 
                    "spot": "steady"
                }
            ], 
            "wiki_id": 18937924, 
            "wiki_title": "Steady On (Shawn Colvin album)"
        }, 
        {
            "annotations": [
                {
                    "begin": 2446, 
                    "end": 2449, 
                    "score": 0.09772519022226334, 
                    "spot": "saw"
                }
            ], 
            "wiki_id": 459844, 
            "wiki_title": "Surface acoustic wave"
        }, 
        {
            "annotations": [
                {
                    "begin": 1938, 
                    "end": 1950, 
                    "score": 0.4589695632457733, 
                    "spot": "Soviet Union"
                }, 
                {
                    "begin": 3657, 
                    "end": 3663, 
                    "score": 0.1593935191631317, 
                    "spot": "Soviet"
                }
            ], 
            "wiki_id": 26779, 
            "wiki_title": "Soviet Union"
        }, 
        {
            "annotations": [
                {
                    "begin": 4176, 
                    "end": 4189, 
                    "score": 0.12984788417816162, 
                    "spot": "unpredictable"
                }
            ], 
            "wiki_id": 246070, 
            "wiki_title": "Predictability"
        }, 
        {
            "annotations": [
                {
                    "begin": 1697, 
                    "end": 1704, 
                    "score": 0.06634756922721863, 
                    "spot": "runners"
                }
            ], 
            "wiki_id": 6906120, 
            "wiki_title": "The Runners"
        }, 
        {
            "annotations": [
                {
                    "begin": 944, 
                    "end": 951, 
                    "score": 0.28268733620643616, 
                    "spot": "Toronto"
                }
            ], 
            "wiki_id": 64646, 
            "wiki_title": "Toronto"
        }, 
        {
            "annotations": [
                {
                    "begin": 1795, 
                    "end": 1800, 
                    "score": 0.0721881315112114, 
                    "spot": "times"
                }
            ], 
            "wiki_id": 39127, 
            "wiki_title": "The Times"
        }, 
        {
            "annotations": [
                {
                    "begin": 166, 
                    "end": 176, 
                    "score": 0.15860597789287567, 
                    "spot": "head start"
                }
            ], 
            "wiki_id": 267383, 
            "wiki_title": "Head Start (program)"
        }, 
        {
            "annotations": [
                {
                    "begin": 3261, 
                    "end": 3266, 
                    "score": 0.33841294050216675, 
                    "spot": "Japan"
                }
            ], 
            "wiki_id": 183897, 
            "wiki_title": "Empire of Japan"
        }, 
        {
            "annotations": [
                {
                    "begin": 1894, 
                    "end": 1906, 
                    "score": 0.0005506607703864574, 
                    "spot": "debilitating"
                }
            ], 
            "wiki_id": 1810266, 
            "wiki_title": "Debility (medical)"
        }, 
        {
            "annotations": [
                {
                    "begin": 4246, 
                    "end": 4250, 
                    "score": 0.06174083799123764, 
                    "spot": "good"
                }
            ], 
            "wiki_id": 613474, 
            "wiki_title": "Matthew Good"
        }, 
        {
            "annotations": [
                {
                    "begin": 776, 
                    "end": 779, 
                    "score": 0.0635293573141098, 
                    "spot": "out"
                }
            ], 
            "wiki_id": 22310, 
            "wiki_title": "Outing"
        }, 
        {
            "annotations": [
                {
                    "begin": 1869, 
                    "end": 1876, 
                    "score": 0.04014766961336136, 
                    "spot": "weather"
                }
            ], 
            "wiki_id": 19904, 
            "wiki_title": "Meteorology"
        }, 
        {
            "annotations": [
                {
                    "begin": 3645, 
                    "end": 3650, 
                    "score": 0.03795677423477173, 
                    "spot": "sixth"
                }
            ], 
            "wiki_id": 303049, 
            "wiki_title": "United States Sixth Fleet"
        }, 
        {
            "annotations": [
                {
                    "begin": 3385, 
                    "end": 3392, 
                    "score": 0.004126937594264746, 
                    "spot": "victory"
                }
            ], 
            "wiki_id": 19045066, 
            "wiki_title": "Victory"
        }, 
        {
            "annotations": [
                {
                    "begin": 342, 
                    "end": 350, 
                    "score": 0.04531804844737053, 
                    "spot": "mistakes"
                }
            ], 
            "wiki_id": 41118, 
            "wiki_title": "Error"
        }, 
        {
            "annotations": [
                {
                    "begin": 1605, 
                    "end": 1610, 
                    "score": 0.1490047425031662, 
                    "spot": "miles"
                }
            ], 
            "wiki_id": 8923884, 
            "wiki_title": "Johnny Miles"
        }, 
        {
            "annotations": [
                {
                    "begin": 3716, 
                    "end": 3719, 
                    "score": 0.08241099864244461, 
                    "spot": "run"
                }
            ], 
            "wiki_id": 40136821, 
            "wiki_title": "On the Run (instrumental)"
        }, 
        {
            "annotations": [
                {
                    "begin": 1212, 
                    "end": 1220, 
                    "score": 0.22446265816688538, 
                    "spot": "Marathon"
                }
            ], 
            "wiki_id": 49131, 
            "wiki_title": "Marathon, Greece"
        }, 
        {
            "annotations": [
                {
                    "begin": 856, 
                    "end": 869, 
                    "score": 0.6329208016395569, 
                    "spot": "Bejing, China"
                }
            ], 
            "wiki_id": 18603746, 
            "wiki_title": "Beijing"
        }, 
        {
            "annotations": [
                {
                    "begin": 2336, 
                    "end": 2342, 
                    "score": 0.09942353516817093, 
                    "spot": "Samson"
                }
            ], 
            "wiki_id": 188126, 
            "wiki_title": "Samson of Dol"
        }, 
        {
            "annotations": [
                {
                    "begin": 3174, 
                    "end": 3180, 
                    "score": 0.09277652204036713, 
                    "spot": "Wilson"
                }
            ], 
            "wiki_id": 10313, 
            "wiki_title": "E. O. Wilson"
        }, 
        {
            "annotations": [
                {
                    "begin": 2705, 
                    "end": 2709, 
                    "score": 0.01231398805975914, 
                    "spot": "pace"
                }
            ], 
            "wiki_id": 293439, 
            "wiki_title": "Horse gait"
        }, 
        {
            "annotations": [
                {
                    "begin": 36, 
                    "end": 42, 
                    "score": 0.020839862525463104, 
                    "spot": "muster"
                }
            ], 
            "wiki_id": 10549810, 
            "wiki_title": "Muster (military)"
        }, 
        {
            "annotations": [
                {
                    "begin": 1241, 
                    "end": 1246, 
                    "score": 0.17970159649848938, 
                    "spot": "teams"
                }
            ], 
            "wiki_id": 988407, 
            "wiki_title": "Team sport"
        }, 
        {
            "annotations": [
                {
                    "begin": 2440, 
                    "end": 2445, 
                    "score": 0.009513742290437222, 
                    "spot": "P>\n\"I"
                }, 
                {
                    "begin": 2718, 
                    "end": 2723, 
                    "score": 0.009513742290437222, 
                    "spot": "P>\n\"I"
                }
            ], 
            "wiki_id": 432612, 
            "wiki_title": "Seattle Post-Intelligencer"
        }, 
        {
            "annotations": [
                {
                    "begin": 3360, 
                    "end": 3376, 
                    "score": 0.0025553663726896048, 
                    "spot": "come from behind"
                }
            ], 
            "wiki_id": 48423585, 
            "wiki_title": "Comeback (sports)"
        }, 
        {
            "annotations": [
                {
                    "begin": 210, 
                    "end": 218, 
                    "score": 0.05614092946052551, 
                    "spot": "Patience"
                }, 
                {
                    "begin": 511, 
                    "end": 520, 
                    "score": 0.0013333333190530539, 
                    "spot": "patiently"
                }
            ], 
            "wiki_id": 47796, 
            "wiki_title": "Patience"
        }, 
        {
            "annotations": [
                {
                    "begin": 4081, 
                    "end": 4083, 
                    "score": 0.1411658376455307, 
                    "spot": "if"
                }
            ], 
            "wiki_id": 83139, 
            "wiki_title": "Intermediate frequency"
        }, 
        {
            "annotations": [
                {
                    "begin": 256, 
                    "end": 264, 
                    "score": 0.1401887834072113, 
                    "spot": "Marathon"
                }, 
                {
                    "begin": 1314, 
                    "end": 1322, 
                    "score": 0.1401887834072113, 
                    "spot": "Marathon"
                }
            ], 
            "wiki_id": 109497, 
            "wiki_title": "Marathon, Florida"
        }, 
        {
            "annotations": [
                {
                    "begin": 1570, 
                    "end": 1574, 
                    "score": 0.1509791761636734, 
                    "spot": "mist"
                }
            ], 
            "wiki_id": 195198, 
            "wiki_title": "Mist"
        }, 
        {
            "annotations": [
                {
                    "begin": 454, 
                    "end": 458, 
                    "score": 0.06040064990520477, 
                    "spot": "toll"
                }
            ], 
            "wiki_id": 351767, 
            "wiki_title": "Toll bridge"
        }, 
        {
            "annotations": [
                {
                    "begin": 908, 
                    "end": 912, 
                    "score": 0.03202260285615921, 
                    "spot": "pack"
                }
            ], 
            "wiki_id": 6372189, 
            "wiki_title": "The Pack (group)"
        }, 
        {
            "annotations": [
                {
                    "begin": 2927, 
                    "end": 2932, 
                    "score": 0.001964704366400838, 
                    "spot": "event"
                }, 
                {
                    "begin": 4190, 
                    "end": 4195, 
                    "score": 0.09225132316350937, 
                    "spot": "event"
                }
            ], 
            "wiki_id": 46352926, 
            "wiki_title": "Athletics at the 2015 Southeast Asian Games"
        }, 
        {
            "annotations": [
                {
                    "begin": 587, 
                    "end": 592, 
                    "score": 0.14083713293075562, 
                    "spot": "miles"
                }
            ], 
            "wiki_id": 21289, 
            "wiki_title": "Nautical mile"
        }, 
        {
            "annotations": [
                {
                    "begin": 485, 
                    "end": 495, 
                    "score": 0.6378613114356995, 
                    "spot": "Rex Wilson"
                }
            ], 
            "wiki_id": 19473201, 
            "wiki_title": "Rex Wilson"
        }, 
        {
            "annotations": [
                {
                    "begin": 2888, 
                    "end": 2892, 
                    "score": 0.00507361302152276, 
                    "spot": "time"
                }
            ], 
            "wiki_id": 29286839, 
            "wiki_title": "The Time (Dirty Bit)"
        }, 
        {
            "annotations": [
                {
                    "begin": 1806, 
                    "end": 1810, 
                    "score": 0.11058733612298965, 
                    "spot": "pack"
                }
            ], 
            "wiki_id": 183952, 
            "wiki_title": "Backpack"
        }, 
        {
            "annotations": [
                {
                    "begin": 3626, 
                    "end": 3631, 
                    "score": 0.0032696907874196768, 
                    "spot": "miles"
                }
            ], 
            "wiki_id": 1613122, 
            "wiki_title": "Stuart Miles"
        }, 
        {
            "annotations": [
                {
                    "begin": 418, 
                    "end": 422, 
                    "score": 0.007268781773746014, 
                    "spot": "race"
                }, 
                {
                    "begin": 2315, 
                    "end": 2319, 
                    "score": 0.08238328248262405, 
                    "spot": "race"
                }, 
                {
                    "begin": 3896, 
                    "end": 3900, 
                    "score": 0.07160370796918869, 
                    "spot": "race"
                }, 
                {
                    "begin": 4124, 
                    "end": 4128, 
                    "score": 0.09087302535772324, 
                    "spot": "race"
                }
            ], 
            "wiki_id": 25613, 
            "wiki_title": "Racism"
        }, 
        {
            "annotations": [
                {
                    "begin": 2851, 
                    "end": 2859, 
                    "score": 0.0463324673473835, 
                    "spot": "strategy"
                }
            ], 
            "wiki_id": 29607, 
            "wiki_title": "Strategy"
        }, 
        {
            "annotations": [
                {
                    "begin": 2404, 
                    "end": 2408, 
                    "score": 0.013319509103894234, 
                    "spot": "fade"
                }, 
                {
                    "begin": 3521, 
                    "end": 3526, 
                    "score": 0.004305776208639145, 
                    "spot": "faded"
                }
            ], 
            "wiki_id": 1519744, 
            "wiki_title": "Fade (audio engineering)"
        }, 
        {
            "annotations": [
                {
                    "begin": 3810, 
                    "end": 3817, 
                    "score": 0.07862665504217148, 
                    "spot": "top \n50"
                }
            ], 
            "wiki_id": 303261, 
            "wiki_title": "Top 40"
        }, 
        {
            "annotations": [
                {
                    "begin": 2657, 
                    "end": 2661, 
                    "score": 0.0012103456538170576, 
                    "spot": "rest"
                }
            ], 
            "wiki_id": 6408059, 
            "wiki_title": "Non-international England cricket teams"
        }, 
        {
            "annotations": [
                {
                    "begin": 3691, 
                    "end": 3698, 
                    "score": 0.013700838200747967, 
                    "spot": "Tatiana"
                }
            ], 
            "wiki_id": 68064, 
            "wiki_title": "Grand Duchess Tatiana Nikolaevna of Russia"
        }, 
        {
            "annotations": [
                {
                    "begin": 4251, 
                    "end": 4255, 
                    "score": 0.07676280289888382, 
                    "spot": "kick"
                }
            ], 
            "wiki_id": 42279, 
            "wiki_title": "Bass drum"
        }, 
        {
            "annotations": [
                {
                    "begin": 3474, 
                    "end": 3481, 
                    "score": 0.020312219858169556, 
                    "spot": "runners"
                }
            ], 
            "wiki_id": 175217, 
            "wiki_title": "Rhizome"
        }, 
        {
            "annotations": [
                {
                    "begin": 2031, 
                    "end": 2041, 
                    "score": 0.16629521548748016, 
                    "spot": "everything"
                }
            ], 
            "wiki_id": 15120986, 
            "wiki_title": "Everything (Alanis Morissette song)"
        }, 
        {
            "annotations": [
                {
                    "begin": 3039, 
                    "end": 3043, 
                    "score": 0.009271291084587574, 
                    "spot": "hurt"
                }
            ], 
            "wiki_id": 24373, 
            "wiki_title": "Pain"
        }, 
        {
            "annotations": [
                {
                    "begin": 245, 
                    "end": 255, 
                    "score": 0.25908395648002625, 
                    "spot": "Long Beach"
                }, 
                {
                    "begin": 1302, 
                    "end": 1312, 
                    "score": 0.25908395648002625, 
                    "spot": "Long Beach"
                }
            ], 
            "wiki_id": 94240, 
            "wiki_title": "Long Beach, California"
        }, 
        {
            "annotations": [
                {
                    "begin": 4295, 
                    "end": 4301, 
                    "score": 0.03846153989434242, 
                    "spot": "Ngaire"
                }
            ], 
            "wiki_id": 44360802, 
            "wiki_title": "Ngaire (album)"
        }, 
        {
            "annotations": [
                {
                    "begin": 3339, 
                    "end": 3344, 
                    "score": 0.06479254364967346, 
                    "spot": "P>\n<P"
                }
            ], 
            "wiki_id": 5090365, 
            "wiki_title": "Length between perpendiculars"
        }, 
        {
            "annotations": [
                {
                    "begin": 1260, 
                    "end": 1269, 
                    "score": 0.05150774493813515, 
                    "spot": "countries"
                }
            ], 
            "wiki_id": 21754, 
            "wiki_title": "Nation"
        }, 
        {
            "annotations": [
                {
                    "begin": 3066, 
                    "end": 3071, 
                    "score": 0.05801885947585106, 
                    "spot": "tired"
                }
            ], 
            "wiki_id": 235562, 
            "wiki_title": "Fatigue (medical)"
        }, 
        {
            "annotations": [
                {
                    "begin": 57, 
                    "end": 60, 
                    "score": 0.1674487590789795, 
                    "spot": "run"
                }, 
                {
                    "begin": 466, 
                    "end": 473, 
                    "score": 0.052470993250608444, 
                    "spot": "runners"
                }, 
                {
                    "begin": 1824, 
                    "end": 1831, 
                    "score": 0.11402229219675064, 
                    "spot": "runners"
                }, 
                {
                    "begin": 3941, 
                    "end": 3947, 
                    "score": 0.10268554836511612, 
                    "spot": "runner"
                }
            ], 
            "wiki_id": 26032, 
            "wiki_title": "Running"
        }, 
        {
            "annotations": [
                {
                    "begin": 757, 
                    "end": 761, 
                    "score": 0.15525300800800323, 
                    "spot": "race"
                }, 
                {
                    "begin": 2000, 
                    "end": 2004, 
                    "score": 0.07537146657705307, 
                    "spot": "race"
                }, 
                {
                    "begin": 3775, 
                    "end": 3779, 
                    "score": 0.007268781773746014, 
                    "spot": "race"
                }
            ], 
            "wiki_id": 25614, 
            "wiki_title": "Race (human categorization)"
        }, 
        {
            "annotations": [
                {
                    "begin": 3243, 
                    "end": 3248, 
                    "score": 0.2222222238779068, 
                    "spot": "Tomio"
                }
            ], 
            "wiki_id": 22075660, 
            "wiki_title": "C\u00e9dric Tomio"
        }, 
        {
            "annotations": [
                {
                    "begin": 2322, 
                    "end": 2334, 
                    "score": 0.15857084095478058, 
                    "spot": "final stages"
                }
            ], 
            "wiki_id": 157233, 
            "wiki_title": "2006 FIFA World Cup"
        }, 
        {
            "annotations": [
                {
                    "begin": 3020, 
                    "end": 3025, 
                    "score": 0.0032696907874196768, 
                    "spot": "miles"
                }, 
                {
                    "begin": 4222, 
                    "end": 4227, 
                    "score": 0.0032696907874196768, 
                    "spot": "miles"
                }
            ], 
            "wiki_id": 20405, 
            "wiki_title": "Miles Davis"
        }, 
        {
            "annotations": [
                {
                    "begin": 291, 
                    "end": 298, 
                    "score": 0.1392204761505127, 
                    "spot": "women's"
                }
            ], 
            "wiki_id": 445022, 
            "wiki_title": "Women's studies"
        }, 
        {
            "annotations": [
                {
                    "begin": 3116, 
                    "end": 3123, 
                    "score": 0.007969550788402557, 
                    "spot": "bridges"
                }
            ], 
            "wiki_id": 44133742, 
            "wiki_title": "Marvin O. Bridges"
        }, 
        {
            "annotations": [
                {
                    "begin": 3458, 
                    "end": 3463, 
                    "score": 0.0023922729305922985, 
                    "spot": "men's"
                }
            ], 
            "wiki_id": 15822899, 
            "wiki_title": "Man"
        }, 
        {
            "annotations": [
                {
                    "begin": 2738, 
                    "end": 2742, 
                    "score": 0.049244899302721024, 
                    "spot": "want"
                }
            ], 
            "wiki_id": 9741824, 
            "wiki_title": "Want To"
        }, 
        {
            "annotations": [
                {
                    "begin": 1343, 
                    "end": 1347, 
                    "score": 0.14092999696731567, 
                    "spot": "race"
                }, 
                {
                    "begin": 3464, 
                    "end": 3468, 
                    "score": 0.027124833315610886, 
                    "spot": "race"
                }
            ], 
            "wiki_id": 74711, 
            "wiki_title": "Horse racing"
        }, 
        {
            "annotations": [
                {
                    "begin": 622, 
                    "end": 627, 
                    "score": 0.0015500003937631845, 
                    "spot": "hours"
                }
            ], 
            "wiki_id": 80513, 
            "wiki_title": "Horae"
        }, 
        {
            "annotations": [
                {
                    "begin": 928, 
                    "end": 933, 
                    "score": 0.05741574615240097, 
                    "spot": "Laura"
                }
            ], 
            "wiki_id": 18124225, 
            "wiki_title": "Laura (clothing retailer)"
        }, 
        {
            "annotations": [
                {
                    "begin": 1164, 
                    "end": 1167, 
                    "score": 0.0024755001068115234, 
                    "spot": "Run"
                }
            ], 
            "wiki_id": 338960, 
            "wiki_title": "Glossary of musical terminology"
        }, 
        {
            "annotations": [
                {
                    "begin": 2582, 
                    "end": 2586, 
                    "score": 0.010648887604475021, 
                    "spot": "move"
                }
            ], 
            "wiki_id": 201943, 
            "wiki_title": "Bird migration"
        }, 
        {
            "annotations": [
                {
                    "begin": 2642, 
                    "end": 2646, 
                    "score": 0.0990247130393982, 
                    "spot": "pace"
                }, 
                {
                    "begin": 2812, 
                    "end": 2816, 
                    "score": 0.0687829852104187, 
                    "spot": "pace"
                }
            ], 
            "wiki_id": 1743750, 
            "wiki_title": "Pace (unit)"
        }, 
        {
            "annotations": [
                {
                    "begin": 53, 
                    "end": 56, 
                    "score": 0.00845110509544611, 
                    "spot": "who"
                }, 
                {
                    "begin": 3708, 
                    "end": 3711, 
                    "score": 0.08165603876113892, 
                    "spot": "who"
                }
            ], 
            "wiki_id": 36517, 
            "wiki_title": "The Who"
        }, 
        {
            "annotations": [
                {
                    "begin": 2534, 
                    "end": 2540, 
                    "score": 0.05022215098142624, 
                    "spot": "fourth"
                }
            ], 
            "wiki_id": 30864930, 
            "wiki_title": "Tercera Divisi\u00f3n"
        }, 
        {
            "annotations": [
                {
                    "begin": 952, 
                    "end": 958, 
                    "score": 0.5, 
                    "spot": "to win"
                }
            ], 
            "wiki_id": 18663453, 
            "wiki_title": "To\u0142win"
        }, 
        {
            "annotations": [
                {
                    "begin": 1353, 
                    "end": 1358, 
                    "score": 0.056413620710372925, 
                    "spot": "total"
                }
            ], 
            "wiki_id": 64223, 
            "wiki_title": "Powerlifting"
        }, 
        {
            "annotations": [
                {
                    "begin": 791, 
                    "end": 793, 
                    "score": 0.06828456372022629, 
                    "spot": "if"
                }
            ], 
            "wiki_id": 8882040, 
            "wiki_title": "International Forum Design"
        }, 
        {
            "annotations": [
                {
                    "begin": 3271, 
                    "end": 3277, 
                    "score": 0.08351849764585495, 
                    "spot": "second"
                }, 
                {
                    "begin": 3874, 
                    "end": 3880, 
                    "score": 0.09148487448692322, 
                    "spot": "second"
                }
            ], 
            "wiki_id": 32927, 
            "wiki_title": "World War II"
        }, 
        {
            "annotations": [
                {
                    "begin": 1114, 
                    "end": 1117, 
                    "score": 0.10598547756671906, 
                    "spot": "won"
                }
            ], 
            "wiki_id": 18503045, 
            "wiki_title": "New Zealand at the 2008 Summer Paralympics"
        }, 
        {
            "annotations": [
                {
                    "begin": 3109, 
                    "end": 3115, 
                    "score": 0.08937887102365494, 
                    "spot": "little"
                }
            ], 
            "wiki_id": 921986, 
            "wiki_title": "Cleavon Little"
        }, 
        {
            "annotations": [
                {
                    "begin": 1359, 
                    "end": 1370, 
                    "score": 0.013163452036678791, 
                    "spot": "prize money"
                }
            ], 
            "wiki_id": 981021, 
            "wiki_title": "Prize money"
        }, 
        {
            "annotations": [
                {
                    "begin": 3616, 
                    "end": 3620, 
                    "score": 0.0010033606085926294, 
                    "spot": "last"
                }
            ], 
            "wiki_id": 39078347, 
            "wiki_title": "Peter R. Last"
        }, 
        {
            "annotations": [
                {
                    "begin": 3952, 
                    "end": 3959, 
                    "score": 0.09060267359018326, 
                    "spot": "bearing"
                }
            ], 
            "wiki_id": 221429, 
            "wiki_title": "Bearing (navigation)"
        }, 
        {
            "annotations": [
                {
                    "begin": 2525, 
                    "end": 2540, 
                    "score": 0.07371056079864502, 
                    "spot": "finished fourth"
                }
            ], 
            "wiki_id": 36338159, 
            "wiki_title": "Football at the 1996 Summer Olympics"
        }, 
        {
            "annotations": [
                {
                    "begin": 1594, 
                    "end": 1604, 
                    "score": 0.001490312977693975, 
                    "spot": "last eight"
                }
            ], 
            "wiki_id": 20001073, 
            "wiki_title": "1905\u201306 FA Cup"
        }, 
        {
            "annotations": [
                {
                    "begin": 643, 
                    "end": 650, 
                    "score": 0.11265229433774948, 
                    "spot": "seconds"
                }
            ], 
            "wiki_id": 26873, 
            "wiki_title": "Second"
        }, 
        {
            "annotations": [
                {
                    "begin": 1506, 
                    "end": 1513, 
                    "score": 0.23912189900875092, 
                    "spot": "weather"
                }
            ], 
            "wiki_id": 33978, 
            "wiki_title": "Weather"
        }, 
        {
            "annotations": [
                {
                    "begin": 1544, 
                    "end": 1550, 
                    "score": 0.3307880759239197, 
                    "spot": "cloudy"
                }
            ], 
            "wiki_id": 47515, 
            "wiki_title": "Cloud"
        }, 
        {
            "annotations": [
                {
                    "begin": 111, 
                    "end": 115, 
                    "score": 0.0007135956548154354, 
                    "spot": "want"
                }
            ], 
            "wiki_id": 3343584, 
            "wiki_title": "Want"
        }, 
        {
            "annotations": [
                {
                    "begin": 2698, 
                    "end": 2704, 
                    "score": 0.0017376195173710585, 
                    "spot": "faster"
                }
            ], 
            "wiki_id": 11439, 
            "wiki_title": "Faster-than-light"
        }, 
        {
            "annotations": [
                {
                    "begin": 3832, 
                    "end": 3836, 
                    "score": 0.06363297998905182, 
                    "spot": "fell"
                }
            ], 
            "wiki_id": 18498968, 
            "wiki_title": "Falling (accident)"
        }, 
        {
            "annotations": [
                {
                    "begin": 2751, 
                    "end": 2762, 
                    "score": 0.008438421413302422, 
                    "spot": "all the way"
                }
            ], 
            "wiki_id": 9228, 
            "wiki_title": "Earth"
        }, 
        {
            "annotations": [
                {
                    "begin": 699, 
                    "end": 702, 
                    "score": 0.002038082107901573, 
                    "spot": "set"
                }, 
                {
                    "begin": 1033, 
                    "end": 1036, 
                    "score": 0.08042333275079727, 
                    "spot": "set"
                }
            ], 
            "wiki_id": 5136446, 
            "wiki_title": "Set (Thompson Twins album)"
        }, 
        {
            "annotations": [
                {
                    "begin": 2746, 
                    "end": 2750, 
                    "score": 0.07957591116428375, 
                    "spot": "lead"
                }
            ], 
            "wiki_id": 162707, 
            "wiki_title": "Singing"
        }, 
        {
            "annotations": [
                {
                    "begin": 65, 
                    "end": 75, 
                    "score": 0.46042782068252563, 
                    "spot": "26.2 miles"
                }, 
                {
                    "begin": 82, 
                    "end": 90, 
                    "score": 0.1401887834072113, 
                    "spot": "marathon"
                }, 
                {
                    "begin": 1643, 
                    "end": 1651, 
                    "score": 0.1401887834072113, 
                    "spot": "marathon"
                }, 
                {
                    "begin": 4161, 
                    "end": 4169, 
                    "score": 0.18533675372600555, 
                    "spot": "marathon"
                }
            ], 
            "wiki_id": 49132, 
            "wiki_title": "Marathon"
        }, 
        {
            "annotations": [
                {
                    "begin": 4198, 
                    "end": 4206, 
                    "score": 0.00160633132327348, 
                    "spot": "she said"
                }
            ], 
            "wiki_id": 26449392, 
            "wiki_title": "She Said"
        }
    ]
}