{
    "tagme": [
        {
            "annotations": [
                {
                    "begin": 229, 
                    "end": 233, 
                    "score": 0.04225378856062889, 
                    "spot": "Miss"
                }
            ], 
            "wiki_id": 16949861, 
            "wiki_title": "Mississippi"
        }, 
        {
            "annotations": [
                {
                    "begin": 153, 
                    "end": 156, 
                    "score": 0.06042950600385666, 
                    "spot": "now"
                }
            ], 
            "wiki_id": 1058750, 
            "wiki_title": "Now (newspaper)"
        }, 
        {
            "annotations": [
                {
                    "begin": 718, 
                    "end": 734, 
                    "score": 0.7996056079864502, 
                    "spot": "Candida albicans"
                }
            ], 
            "wiki_id": 411673, 
            "wiki_title": "Candida albicans"
        }, 
        {
            "annotations": [
                {
                    "begin": 505, 
                    "end": 513, 
                    "score": 0.24925348162651062, 
                    "spot": "Hospital"
                }, 
                {
                    "begin": 809, 
                    "end": 821, 
                    "score": 0.05235685408115387, 
                    "spot": "hospitalized"
                }
            ], 
            "wiki_id": 18994221, 
            "wiki_title": "Hospital"
        }, 
        {
            "annotations": [
                {
                    "begin": 413, 
                    "end": 422, 
                    "score": 0.0018602728378027678, 
                    "spot": "resolving"
                }
            ], 
            "wiki_id": 275721, 
            "wiki_title": "Resolution (music)"
        }, 
        {
            "annotations": [
                {
                    "begin": 24, 
                    "end": 31, 
                    "score": 0.18806198239326477, 
                    "spot": "actress"
                }
            ], 
            "wiki_id": 21504235, 
            "wiki_title": "Actor"
        }, 
        {
            "annotations": [
                {
                    "begin": 342, 
                    "end": 357, 
                    "score": 0.4774034917354584, 
                    "spot": "yeast infection"
                }
            ], 
            "wiki_id": 7038, 
            "wiki_title": "Candidiasis"
        }, 
        {
            "annotations": [
                {
                    "begin": 576, 
                    "end": 582, 
                    "score": 0.21706590056419373, 
                    "spot": "Taylor"
                }
            ], 
            "wiki_id": 136820, 
            "wiki_title": "Taylor, Texas"
        }, 
        {
            "annotations": [
                {
                    "begin": 681, 
                    "end": 684, 
                    "score": 0.032800815999507904, 
                    "spot": "She"
                }
            ], 
            "wiki_id": 354398, 
            "wiki_title": "She: A History of Adventure"
        }, 
        {
            "annotations": [
                {
                    "begin": 518, 
                    "end": 524, 
                    "score": 0.24456650018692017, 
                    "spot": "Health"
                }
            ], 
            "wiki_id": 80381, 
            "wiki_title": "Health"
        }, 
        {
            "annotations": [
                {
                    "begin": 157, 
                    "end": 160, 
                    "score": 0.0016523596132174134, 
                    "spot": "say"
                }
            ], 
            "wiki_id": 46789, 
            "wiki_title": "Jean-Baptiste Say"
        }, 
        {
            "annotations": [
                {
                    "begin": 860, 
                    "end": 879, 
                    "score": 0.5, 
                    "spot": "intravenous therapy"
                }
            ], 
            "wiki_id": 178769, 
            "wiki_title": "Intravenous therapy"
        }, 
        {
            "annotations": [
                {
                    "begin": 166, 
                    "end": 170, 
                    "score": 0.032766737043857574, 
                    "spot": "will"
                }
            ], 
            "wiki_id": 47921, 
            "wiki_title": "Free will"
        }, 
        {
            "annotations": [
                {
                    "begin": 1103, 
                    "end": 1110, 
                    "score": 0.2695978879928589, 
                    "spot": "viruses"
                }
            ], 
            "wiki_id": 19167679, 
            "wiki_title": "Virus"
        }, 
        {
            "annotations": [
                {
                    "begin": 217, 
                    "end": 225, 
                    "score": 0.006043987814337015, 
                    "spot": "recovery"
                }
            ], 
            "wiki_id": 15621720, 
            "wiki_title": "Recovery (ship)"
        }, 
        {
            "annotations": [
                {
                    "begin": 242, 
                    "end": 252, 
                    "score": 0.004499735310673714, 
                    "spot": "near death"
                }
            ], 
            "wiki_id": 33461264, 
            "wiki_title": "Near Death (comics)"
        }, 
        {
            "annotations": [
                {
                    "begin": 234, 
                    "end": 240, 
                    "score": 0.09749144315719604, 
                    "spot": "Taylor"
                }
            ], 
            "wiki_id": 119280, 
            "wiki_title": "Taylor, Michigan"
        }, 
        {
            "annotations": [
                {
                    "begin": 162, 
                    "end": 170, 
                    "score": 0.0006758126546628773, 
                    "spot": "she will"
                }
            ], 
            "wiki_id": 32749084, 
            "wiki_title": "She Will"
        }, 
        {
            "annotations": [
                {
                    "begin": 909, 
                    "end": 920, 
                    "score": 0.0017023346154019237, 
                    "spot": "elaboration"
                }
            ], 
            "wiki_id": 40029821, 
            "wiki_title": "Elaboration"
        }, 
        {
            "annotations": [
                {
                    "begin": 1067, 
                    "end": 1076, 
                    "score": 0.1478801965713501, 
                    "spot": "effective"
                }
            ], 
            "wiki_id": 896469, 
            "wiki_title": "Efficacy"
        }, 
        {
            "annotations": [
                {
                    "begin": 424, 
                    "end": 438, 
                    "score": 0.0009021199657581747, 
                    "spot": "newly acquired"
                }
            ], 
            "wiki_id": 8996132, 
            "wiki_title": "Union of Transylvania with Romania"
        }, 
        {
            "annotations": [
                {
                    "begin": 391, 
                    "end": 399, 
                    "score": 0.5, 
                    "spot": "P>\n\"Miss"
                }
            ], 
            "wiki_id": 13778101, 
            "wiki_title": "P:MISS"
        }, 
        {
            "annotations": [
                {
                    "begin": 706, 
                    "end": 714, 
                    "score": 0.6148680448532104, 
                    "spot": "fungemia"
                }
            ], 
            "wiki_id": 2503628, 
            "wiki_title": "Fungemia"
        }, 
        {
            "annotations": [
                {
                    "begin": 555, 
                    "end": 567, 
                    "score": 0.15976037085056305, 
                    "spot": "Santa Monica"
                }
            ], 
            "wiki_id": 28208, 
            "wiki_title": "Santa Monica, California"
        }, 
        {
            "annotations": [
                {
                    "begin": 98, 
                    "end": 113, 
                    "score": 0.14399686455726624, 
                    "spot": "hospitalization"
                }
            ], 
            "wiki_id": 14278943, 
            "wiki_title": "Inpatient care"
        }, 
        {
            "annotations": [
                {
                    "begin": 129, 
                    "end": 139, 
                    "score": 0.15486502647399902, 
                    "spot": "infections"
                }, 
                {
                    "begin": 736, 
                    "end": 745, 
                    "score": 0.1777414083480835, 
                    "spot": "infection"
                }
            ], 
            "wiki_id": 37220, 
            "wiki_title": "Infection"
        }, 
        {
            "annotations": [
                {
                    "begin": 494, 
                    "end": 531, 
                    "score": 0.30000001192092896, 
                    "spot": "St. John's Hospital and Health Center"
                }
            ], 
            "wiki_id": 10072475, 
            "wiki_title": "Saint John's Health Center"
        }, 
        {
            "annotations": [
                {
                    "begin": 32, 
                    "end": 48, 
                    "score": 0.5, 
                    "spot": "Elizabeth Taylor"
                }
            ], 
            "wiki_id": 42357, 
            "wiki_title": "Elizabeth Taylor"
        }, 
        {
            "annotations": [
                {
                    "begin": 1051, 
                    "end": 1062, 
                    "score": 0.27859118580818176, 
                    "spot": "antibiotics"
                }
            ], 
            "wiki_id": 1805, 
            "wiki_title": "Antibiotics"
        }, 
        {
            "annotations": [
                {
                    "begin": 274, 
                    "end": 289, 
                    "score": 0.26744186878204346, 
                    "spot": "viral pneumonia"
                }, 
                {
                    "begin": 998, 
                    "end": 1014, 
                    "score": 0.26744186878204346, 
                    "spot": "viral \npneumonia"
                }
            ], 
            "wiki_id": 2459830, 
            "wiki_title": "Viral pneumonia"
        }, 
        {
            "annotations": [
                {
                    "begin": 754, 
                    "end": 759, 
                    "score": 0.1542651653289795, 
                    "spot": "blood"
                }
            ], 
            "wiki_id": 3997, 
            "wiki_title": "Blood"
        }, 
        {
            "annotations": [
                {
                    "begin": 601, 
                    "end": 604, 
                    "score": 0.058090291917324066, 
                    "spot": "Sam"
                }
            ], 
            "wiki_id": 182664, 
            "wiki_title": "Surface-to-air missile"
        }, 
        {
            "annotations": [
                {
                    "begin": 518, 
                    "end": 531, 
                    "score": 0.25250691175460815, 
                    "spot": "Health Center"
                }
            ], 
            "wiki_id": 30048845, 
            "wiki_title": "Community health center"
        }, 
        {
            "annotations": [
                {
                    "begin": 377, 
                    "end": 382, 
                    "score": 0.01339050754904747, 
                    "spot": "today"
                }
            ], 
            "wiki_id": 162647, 
            "wiki_title": "Today (BBC Radio 4)"
        }, 
        {
            "annotations": [
                {
                    "begin": 145, 
                    "end": 152, 
                    "score": 0.13095268607139587, 
                    "spot": "doctors"
                }, 
                {
                    "begin": 363, 
                    "end": 370, 
                    "score": 0.047984372824430466, 
                    "spot": "doctors"
                }, 
                {
                    "begin": 538, 
                    "end": 545, 
                    "score": 0.1873706430196762, 
                    "spot": "doctors"
                }, 
                {
                    "begin": 653, 
                    "end": 663, 
                    "score": 0.013131452724337578, 
                    "spot": "physicians"
                }, 
                {
                    "begin": 886, 
                    "end": 893, 
                    "score": 0.13799622654914856, 
                    "spot": "doctors"
                }
            ], 
            "wiki_id": 23315, 
            "wiki_title": "Physician"
        }, 
        {
            "annotations": [
                {
                    "begin": 62, 
                    "end": 75, 
                    "score": 0.006849759723991156, 
                    "spot": "complications"
                }
            ], 
            "wiki_id": 1696678, 
            "wiki_title": "Complication (horology)"
        }, 
        {
            "annotations": [
                {
                    "begin": 801, 
                    "end": 805, 
                    "score": 0.04407209903001785, 
                    "spot": "will"
                }
            ], 
            "wiki_id": 77697, 
            "wiki_title": "Will and testament"
        }, 
        {
            "annotations": [
                {
                    "begin": 596, 
                    "end": 600, 
                    "score": 0.027297180145978928, 
                    "spot": "Chen"
                }
            ], 
            "wiki_id": 364153, 
            "wiki_title": "Chen (surname)"
        }, 
        {
            "annotations": [
                {
                    "begin": 1005, 
                    "end": 1014, 
                    "score": 0.5271101593971252, 
                    "spot": "pneumonia"
                }
            ], 
            "wiki_id": 52135, 
            "wiki_title": "Pneumonia"
        }, 
        {
            "annotations": [
                {
                    "begin": 1032, 
                    "end": 1042, 
                    "score": 0.11023104935884476, 
                    "spot": "contracted"
                }
            ], 
            "wiki_id": 1110611, 
            "wiki_title": "Muscle contraction"
        }, 
        {
            "annotations": [
                {
                    "begin": 90, 
                    "end": 94, 
                    "score": 0.08255989849567413, 
                    "spot": "week"
                }
            ], 
            "wiki_id": 2627062, 
            "wiki_title": "The Week"
        }, 
        {
            "annotations": [
                {
                    "begin": 162, 
                    "end": 165, 
                    "score": 0.0006853084196336567, 
                    "spot": "she"
                }
            ], 
            "wiki_id": 7785570, 
            "wiki_title": "She"
        }, 
        {
            "annotations": [
                {
                    "begin": 206, 
                    "end": 211, 
                    "score": 0.0060240961611270905, 
                    "spot": "P>\n<P"
                }, 
                {
                    "begin": 387, 
                    "end": 392, 
                    "score": 0.0060240961611270905, 
                    "spot": "P>\n<P"
                }, 
                {
                    "begin": 673, 
                    "end": 678, 
                    "score": 0.0060240961611270905, 
                    "spot": "P>\n<P"
                }, 
                {
                    "begin": 925, 
                    "end": 930, 
                    "score": 0.0060240961611270905, 
                    "spot": "P>\n<P"
                }
            ], 
            "wiki_id": 37649, 
            "wiki_title": "Amplitude"
        }, 
        {
            "annotations": [
                {
                    "begin": 316, 
                    "end": 335, 
                    "score": 0.6216416358947754, 
                    "spot": "bacterial pneumonia"
                }, 
                {
                    "begin": 439, 
                    "end": 458, 
                    "score": 0.49574795365333557, 
                    "spot": "bacterial pneumonia"
                }, 
                {
                    "begin": 932, 
                    "end": 951, 
                    "score": 0.33139535784721375, 
                    "spot": "Bacterial pneumonia"
                }
            ], 
            "wiki_id": 966915, 
            "wiki_title": "Bacterial pneumonia"
        }, 
        {
            "annotations": [
                {
                    "begin": 400, 
                    "end": 406, 
                    "score": 0.03719422221183777, 
                    "spot": "Taylor"
                }, 
                {
                    "begin": 1015, 
                    "end": 1021, 
                    "score": 0.09963823854923248, 
                    "spot": "Taylor"
                }
            ], 
            "wiki_id": 19729624, 
            "wiki_title": "Zachary Taylor"
        }, 
        {
            "annotations": [
                {
                    "begin": 196, 
                    "end": 201, 
                    "score": 0.03995366021990776, 
                    "spot": "weeks"
                }
            ], 
            "wiki_id": 508624, 
            "wiki_title": "John W. Weeks"
        }, 
        {
            "annotations": [
                {
                    "begin": 301, 
                    "end": 312, 
                    "score": 0.003156565595418215, 
                    "spot": "complicated"
                }
            ], 
            "wiki_id": 700793, 
            "wiki_title": "Complicated (Avril Lavigne song)"
        }, 
        {
            "annotations": [
                {
                    "begin": 694, 
                    "end": 703, 
                    "score": 0.056963998824357986, 
                    "spot": "developed"
                }
            ], 
            "wiki_id": 204408, 
            "wiki_title": "Photographic processing"
        }, 
        {
            "annotations": [
                {
                    "begin": 585, 
                    "end": 594, 
                    "score": 0.058916740119457245, 
                    "spot": "publicist"
                }
            ], 
            "wiki_id": 24389, 
            "wiki_title": "Public relations"
        }, 
        {
            "annotations": [
                {
                    "begin": 791, 
                    "end": 796, 
                    "score": 0.2852184474468231, 
                    "spot": "yeast"
                }
            ], 
            "wiki_id": 34385, 
            "wiki_title": "Yeast"
        }, 
        {
            "annotations": [
                {
                    "begin": 174, 
                    "end": 186, 
                    "score": 0.08136341720819473, 
                    "spot": "hospitalized"
                }
            ], 
            "wiki_id": 38722, 
            "wiki_title": "Psychiatric hospital"
        }, 
        {
            "annotations": [
                {
                    "begin": 746, 
                    "end": 759, 
                    "score": 0.008541600778698921, 
                    "spot": "in the \nblood"
                }
            ], 
            "wiki_id": 43202863, 
            "wiki_title": "In the Blood (2014 film)"
        }, 
        {
            "annotations": [
                {
                    "begin": 1086, 
                    "end": 1094, 
                    "score": 0.3756893277168274, 
                    "spot": "bacteria"
                }
            ], 
            "wiki_id": 9028799, 
            "wiki_title": "Bacteria"
        }, 
        {
            "annotations": [
                {
                    "begin": 609, 
                    "end": 614, 
                    "score": 0.05551280826330185, 
                    "spot": "P>\n<P"
                }
            ], 
            "wiki_id": 5090365, 
            "wiki_title": "Length between perpendiculars"
        }, 
        {
            "annotations": [
                {
                    "begin": 459, 
                    "end": 468, 
                    "score": 0.00439263554289937, 
                    "spot": "secondary"
                }
            ], 
            "wiki_id": 261925, 
            "wiki_title": "Health care"
        }, 
        {
            "annotations": [
                {
                    "begin": 253, 
                    "end": 262, 
                    "score": 0.0012649353593587875, 
                    "spot": "two weeks"
                }
            ], 
            "wiki_id": 21115040, 
            "wiki_title": "Two Weeks (All That Remains song)"
        }, 
        {
            "annotations": [
                {
                    "begin": 1095, 
                    "end": 1102, 
                    "score": 0.46666666865348816, 
                    "spot": "but not"
                }
            ], 
            "wiki_id": 26600080, 
            "wiki_title": "For but not with"
        }, 
        {
            "annotations": [
                {
                    "begin": 850, 
                    "end": 855, 
                    "score": 0.03526848927140236, 
                    "spot": "weeks"
                }
            ], 
            "wiki_id": 13782, 
            "wiki_title": "Hebrew calendar"
        }, 
        {
            "annotations": [
                {
                    "begin": 84, 
                    "end": 89, 
                    "score": 0.08366218209266663, 
                    "spot": "fifth"
                }
            ], 
            "wiki_id": 33125693, 
            "wiki_title": "Breaking Bad (season 5)"
        }, 
        {
            "annotations": [
                {
                    "begin": 767, 
                    "end": 775, 
                    "score": 0.042765505611896515, 
                    "spot": "commonly"
                }
            ], 
            "wiki_id": 331921, 
            "wiki_title": "Common name"
        }, 
        {
            "annotations": [
                {
                    "begin": 613, 
                    "end": 619, 
                    "score": 0.5, 
                    "spot": "P>\n\"It"
                }
            ], 
            "wiki_id": 16256886, 
            "wiki_title": "P:IT"
        }, 
        {
            "annotations": [
                {
                    "begin": 486, 
                    "end": 490, 
                    "score": 0.004019180778414011, 
                    "spot": "stay"
                }
            ], 
            "wiki_id": 5352549, 
            "wiki_title": "Stay (Maurice Williams song)"
        }
    ]
}