{
    "tagme": [
        {
            "annotations": [
                {
                    "begin": 1645, 
                    "end": 1651, 
                    "score": 0.2757432460784912, 
                    "spot": "Canada"
                }
            ], 
            "wiki_id": 5042916, 
            "wiki_title": "Canada"
        }, 
        {
            "annotations": [
                {
                    "begin": 2519, 
                    "end": 2524, 
                    "score": 0.1339336633682251, 
                    "spot": "truth"
                }
            ], 
            "wiki_id": 29920, 
            "wiki_title": "Truth"
        }, 
        {
            "annotations": [
                {
                    "begin": 1473, 
                    "end": 1480, 
                    "score": 0.10771653056144714, 
                    "spot": "Johnson"
                }
            ], 
            "wiki_id": 48594, 
            "wiki_title": "Samuel Johnson"
        }, 
        {
            "annotations": [
                {
                    "begin": 1834, 
                    "end": 1836, 
                    "score": 0.0007055374444462359, 
                    "spot": "do"
                }
            ], 
            "wiki_id": 2018545, 
            "wiki_title": "Do (singer)"
        }, 
        {
            "annotations": [
                {
                    "begin": 2733, 
                    "end": 2738, 
                    "score": 0.1115608662366867, 
                    "spot": "drugs"
                }
            ], 
            "wiki_id": 9311172, 
            "wiki_title": "Drug"
        }, 
        {
            "annotations": [
                {
                    "begin": 3643, 
                    "end": 3651, 
                    "score": 0.04046352580189705, 
                    "spot": "negative"
                }
            ], 
            "wiki_id": 48847, 
            "wiki_title": "Deflation"
        }, 
        {
            "annotations": [
                {
                    "begin": 3025, 
                    "end": 3031, 
                    "score": 0.09005197882652283, 
                    "spot": "killed"
                }, 
                {
                    "begin": 3092, 
                    "end": 3098, 
                    "score": 0.11058539152145386, 
                    "spot": "killed"
                }
            ], 
            "wiki_id": 8221, 
            "wiki_title": "Death"
        }, 
        {
            "annotations": [
                {
                    "begin": 1466, 
                    "end": 1472, 
                    "score": 0.0034408150240778923, 
                    "spot": "affect"
                }
            ], 
            "wiki_id": 3471186, 
            "wiki_title": "Affect (psychology)"
        }, 
        {
            "annotations": [
                {
                    "begin": 1365, 
                    "end": 1374, 
                    "score": 0.056061599403619766, 
                    "spot": "statement"
                }
            ], 
            "wiki_id": 30977, 
            "wiki_title": "Theorem"
        }, 
        {
            "annotations": [
                {
                    "begin": 1045, 
                    "end": 1052, 
                    "score": 0.08796548843383789, 
                    "spot": "records"
                }
            ], 
            "wiki_id": 161228, 
            "wiki_title": "Document"
        }, 
        {
            "annotations": [
                {
                    "begin": 3067, 
                    "end": 3071, 
                    "score": 0.09520045667886734, 
                    "spot": "kids"
                }
            ], 
            "wiki_id": 19167553, 
            "wiki_title": "Goat"
        }, 
        {
            "annotations": [
                {
                    "begin": 1000, 
                    "end": 1013, 
                    "score": 0.06439393758773804, 
                    "spot": "legal opinion"
                }
            ], 
            "wiki_id": 6663147, 
            "wiki_title": "Legal opinion"
        }, 
        {
            "annotations": [
                {
                    "begin": 145, 
                    "end": 154, 
                    "score": 0.1179947480559349, 
                    "spot": "officials"
                }
            ], 
            "wiki_id": 400892, 
            "wiki_title": "Referee"
        }, 
        {
            "annotations": [
                {
                    "begin": 491, 
                    "end": 498, 
                    "score": 0.10489897429943085, 
                    "spot": "seconds"
                }
            ], 
            "wiki_id": 2431, 
            "wiki_title": "Minute and second of arc"
        }, 
        {
            "annotations": [
                {
                    "begin": 27, 
                    "end": 35, 
                    "score": 0.009208451956510544, 
                    "spot": "stripped"
                }
            ], 
            "wiki_id": 2646974, 
            "wiki_title": "Stripped (The Rolling Stones album)"
        }, 
        {
            "annotations": [
                {
                    "begin": 341, 
                    "end": 376, 
                    "score": 0.5961538553237915, 
                    "spot": "illegal performance-enhancing drugs"
                }, 
                {
                    "begin": 349, 
                    "end": 376, 
                    "score": 0.41674214601516724, 
                    "spot": "performance-enhancing drugs"
                }
            ], 
            "wiki_id": 7214191, 
            "wiki_title": "Performance-enhancing drugs"
        }, 
        {
            "annotations": [
                {
                    "begin": 1583, 
                    "end": 1588, 
                    "score": 0.006388582289218903, 
                    "spot": "Frank"
                }
            ], 
            "wiki_id": 57820, 
            "wiki_title": "Donnie Darko"
        }, 
        {
            "annotations": [
                {
                    "begin": 862, 
                    "end": 867, 
                    "score": 0.16610999405384064, 
                    "spot": "world"
                }, 
                {
                    "begin": 1483, 
                    "end": 1488, 
                    "score": 0.09607577323913574, 
                    "spot": "world"
                }
            ], 
            "wiki_id": 38714, 
            "wiki_title": "World"
        }, 
        {
            "annotations": [
                {
                    "begin": 1982, 
                    "end": 1989, 
                    "score": 0.11764846742153168, 
                    "spot": "history"
                }
            ], 
            "wiki_id": 10772350, 
            "wiki_title": "History"
        }, 
        {
            "annotations": [
                {
                    "begin": 1182, 
                    "end": 1187, 
                    "score": 0.3621077239513397, 
                    "spot": "Spain"
                }
            ], 
            "wiki_id": 26667, 
            "wiki_title": "Spain"
        }, 
        {
            "annotations": [
                {
                    "begin": 2702, 
                    "end": 2707, 
                    "score": 0.08939993381500244, 
                    "spot": "heard"
                }
            ], 
            "wiki_id": 21282020, 
            "wiki_title": "Hearing"
        }, 
        {
            "annotations": [
                {
                    "begin": 1770, 
                    "end": 1779, 
                    "score": 0.14375458657741547, 
                    "spot": "physician"
                }
            ], 
            "wiki_id": 23315, 
            "wiki_title": "Physician"
        }, 
        {
            "annotations": [
                {
                    "begin": 3615, 
                    "end": 3619, 
                    "score": 0.28485608100891113, 
                    "spot": "Rome"
                }
            ], 
            "wiki_id": 25507, 
            "wiki_title": "Roman Empire"
        }, 
        {
            "annotations": [
                {
                    "begin": 2369, 
                    "end": 2373, 
                    "score": 0.08247217535972595, 
                    "spot": "back"
                }
            ], 
            "wiki_id": 3524381, 
            "wiki_title": "Human back"
        }, 
        {
            "annotations": [
                {
                    "begin": 1521, 
                    "end": 1532, 
                    "score": 0.1837567687034607, 
                    "spot": "retroactive"
                }
            ], 
            "wiki_id": 298262, 
            "wiki_title": "Ex post facto law"
        }, 
        {
            "annotations": [
                {
                    "begin": 3034, 
                    "end": 3037, 
                    "score": 0.05770367011427879, 
                    "spot": "lot"
                }
            ], 
            "wiki_id": 405134, 
            "wiki_title": "Lot in Islam"
        }, 
        {
            "annotations": [
                {
                    "begin": 1349, 
                    "end": 1357, 
                    "score": 0.07885707169771194, 
                    "spot": "athletes"
                }, 
                {
                    "begin": 3268, 
                    "end": 3276, 
                    "score": 0.04541129991412163, 
                    "spot": "Athletes"
                }
            ], 
            "wiki_id": 154164, 
            "wiki_title": "Athlete"
        }, 
        {
            "annotations": [
                {
                    "begin": 2101, 
                    "end": 2105, 
                    "score": 0.04639695584774017, 
                    "spot": "lost"
                }
            ], 
            "wiki_id": 16454230, 
            "wiki_title": "Lost (TV series)"
        }, 
        {
            "annotations": [
                {
                    "begin": 1058, 
                    "end": 1071, 
                    "score": 0.0020542514976114035, 
                    "spot": "championships"
                }
            ], 
            "wiki_id": 5192170, 
            "wiki_title": "ICF Canoe Sprint World Championships"
        }, 
        {
            "annotations": [
                {
                    "begin": 3199, 
                    "end": 3207, 
                    "score": 0.26974356174468994, 
                    "spot": "Sprinter"
                }
            ], 
            "wiki_id": 89276, 
            "wiki_title": "Sprint (running)"
        }, 
        {
            "annotations": [
                {
                    "begin": 437, 
                    "end": 441, 
                    "score": 0.31118133664131165, 
                    "spot": "Rome"
                }
            ], 
            "wiki_id": 25458, 
            "wiki_title": "Rome"
        }, 
        {
            "annotations": [
                {
                    "begin": 1502, 
                    "end": 1511, 
                    "score": 0.09330703318119049, 
                    "spot": "effective"
                }
            ], 
            "wiki_id": 2769409, 
            "wiki_title": "Coming into force"
        }, 
        {
            "annotations": [
                {
                    "begin": 246, 
                    "end": 251, 
                    "score": 0.0060240961611270905, 
                    "spot": "P>\n<P"
                }, 
                {
                    "begin": 503, 
                    "end": 508, 
                    "score": 0.10920584201812744, 
                    "spot": "P>\n<P"
                }, 
                {
                    "begin": 767, 
                    "end": 772, 
                    "score": 0.0060240961611270905, 
                    "spot": "P>\n<P"
                }, 
                {
                    "begin": 895, 
                    "end": 900, 
                    "score": 0.0060240961611270905, 
                    "spot": "P>\n<P"
                }, 
                {
                    "begin": 1100, 
                    "end": 1105, 
                    "score": 0.0060240961611270905, 
                    "spot": "P>\n<P"
                }, 
                {
                    "begin": 1206, 
                    "end": 1211, 
                    "score": 0.0060240961611270905, 
                    "spot": "P>\n<P"
                }, 
                {
                    "begin": 1384, 
                    "end": 1389, 
                    "score": 0.06043799966573715, 
                    "spot": "P>\n<P"
                }, 
                {
                    "begin": 1576, 
                    "end": 1581, 
                    "score": 0.0060240961611270905, 
                    "spot": "P>\n<P"
                }, 
                {
                    "begin": 1811, 
                    "end": 1816, 
                    "score": 0.04288061708211899, 
                    "spot": "P>\n<P"
                }, 
                {
                    "begin": 1932, 
                    "end": 1937, 
                    "score": 0.0060240961611270905, 
                    "spot": "P>\n<P"
                }, 
                {
                    "begin": 2235, 
                    "end": 2240, 
                    "score": 0.0060240961611270905, 
                    "spot": "P>\n<P"
                }, 
                {
                    "begin": 2437, 
                    "end": 2442, 
                    "score": 0.0060240961611270905, 
                    "spot": "P>\n<P"
                }, 
                {
                    "begin": 2687, 
                    "end": 2692, 
                    "score": 0.0060240961611270905, 
                    "spot": "P>\n<P"
                }, 
                {
                    "begin": 2775, 
                    "end": 2780, 
                    "score": 0.03726793825626373, 
                    "spot": "P>\n<P"
                }, 
                {
                    "begin": 2928, 
                    "end": 2933, 
                    "score": 0.08135157823562622, 
                    "spot": "P>\n<P"
                }, 
                {
                    "begin": 3014, 
                    "end": 3019, 
                    "score": 0.0060240961611270905, 
                    "spot": "P>\n<P"
                }, 
                {
                    "begin": 3192, 
                    "end": 3197, 
                    "score": 0.03582359850406647, 
                    "spot": "P>\n<P"
                }, 
                {
                    "begin": 3359, 
                    "end": 3364, 
                    "score": 0.09941399097442627, 
                    "spot": "P>\n<P"
                }, 
                {
                    "begin": 3497, 
                    "end": 3502, 
                    "score": 0.0060240961611270905, 
                    "spot": "P>\n<P"
                }, 
                {
                    "begin": 3559, 
                    "end": 3564, 
                    "score": 0.041831377893686295, 
                    "spot": "P>\n<P"
                }
            ], 
            "wiki_id": 37649, 
            "wiki_title": "Amplitude"
        }, 
        {
            "annotations": [
                {
                    "begin": 1489, 
                    "end": 1493, 
                    "score": 0.058129239827394485, 
                    "spot": "mark"
                }
            ], 
            "wiki_id": 12490, 
            "wiki_title": "Gospel of Mark"
        }, 
        {
            "annotations": [
                {
                    "begin": 1821, 
                    "end": 1825, 
                    "score": 0.07134945690631866, 
                    "spot": "feel"
                }
            ], 
            "wiki_id": 163390, 
            "wiki_title": "Feeling"
        }, 
        {
            "annotations": [
                {
                    "begin": 2721, 
                    "end": 2724, 
                    "score": 0.04730203002691269, 
                    "spot": "out"
                }
            ], 
            "wiki_id": 366439, 
            "wiki_title": "Out (magazine)"
        }, 
        {
            "annotations": [
                {
                    "begin": 2640, 
                    "end": 2651, 
                    "score": 0.039733994752168655, 
                    "spot": "opportunity"
                }
            ], 
            "wiki_id": 355849, 
            "wiki_title": "Equal opportunity"
        }, 
        {
            "annotations": [
                {
                    "begin": 2596, 
                    "end": 2603, 
                    "score": 0.11725277453660965, 
                    "spot": "Olympic"
                }
            ], 
            "wiki_id": 19098431, 
            "wiki_title": "Ancient Olympic Games"
        }, 
        {
            "annotations": [
                {
                    "begin": 757, 
                    "end": 762, 
                    "score": 0.01401710044592619, 
                    "spot": "sport"
                }
            ], 
            "wiki_id": 19349311, 
            "wiki_title": "Sport+ (France)"
        }, 
        {
            "annotations": [
                {
                    "begin": 549, 
                    "end": 551, 
                    "score": 0.06169962137937546, 
                    "spot": "if"
                }
            ], 
            "wiki_id": 612840, 
            "wiki_title": "If...."
        }, 
        {
            "annotations": [
                {
                    "begin": 2489, 
                    "end": 2493, 
                    "score": 0.0014563171425834298, 
                    "spot": "long"
                }
            ], 
            "wiki_id": 102446, 
            "wiki_title": "Huey Long"
        }, 
        {
            "annotations": [
                {
                    "begin": 2190, 
                    "end": 2197, 
                    "score": 0.0984514132142067, 
                    "spot": "testing"
                }
            ], 
            "wiki_id": 59861, 
            "wiki_title": "Experiment"
        }, 
        {
            "annotations": [
                {
                    "begin": 1968, 
                    "end": 1973, 
                    "score": 0.0030705088283866644, 
                    "spot": "legal"
                }
            ], 
            "wiki_id": 62000, 
            "wiki_title": "Legal drama"
        }, 
        {
            "annotations": [
                {
                    "begin": 1568, 
                    "end": 1571, 
                    "score": 0.0005023122066631913, 
                    "spot": "out"
                }
            ], 
            "wiki_id": 71537, 
            "wiki_title": "Coming out"
        }, 
        {
            "annotations": [
                {
                    "begin": 1604, 
                    "end": 1613, 
                    "score": 0.10891000926494598, 
                    "spot": "president"
                }, 
                {
                    "begin": 3249, 
                    "end": 3258, 
                    "score": 0.11654223501682281, 
                    "spot": "president"
                }
            ], 
            "wiki_id": 24113, 
            "wiki_title": "President of the United States"
        }, 
        {
            "annotations": [
                {
                    "begin": 673, 
                    "end": 691, 
                    "score": 0.029414111748337746, 
                    "spot": "executive director"
                }, 
                {
                    "begin": 732, 
                    "end": 748, 
                    "score": 0.0054209185764193535, 
                    "spot": "governing \nboard"
                }
            ], 
            "wiki_id": 4822, 
            "wiki_title": "Board of directors"
        }, 
        {
            "annotations": [
                {
                    "begin": 3061, 
                    "end": 3066, 
                    "score": 0.08633100986480713, 
                    "spot": "young"
                }
            ], 
            "wiki_id": 609854, 
            "wiki_title": "Victor Young"
        }, 
        {
            "annotations": [
                {
                    "begin": 2578, 
                    "end": 2583, 
                    "score": 0.0774344801902771, 
                    "spot": "Lewis"
                }
            ], 
            "wiki_id": 55964, 
            "wiki_title": "Lennox Lewis"
        }, 
        {
            "annotations": [
                {
                    "begin": 588, 
                    "end": 607, 
                    "score": 0.056507423520088196, 
                    "spot": "World Championships"
                }
            ], 
            "wiki_id": 224637, 
            "wiki_title": "Ice Hockey World Championships"
        }, 
        {
            "annotations": [
                {
                    "begin": 3522, 
                    "end": 3526, 
                    "score": 0.043170131742954254, 
                    "spot": "will"
                }
            ], 
            "wiki_id": 154698, 
            "wiki_title": "Will Smith"
        }, 
        {
            "annotations": [
                {
                    "begin": 261, 
                    "end": 270, 
                    "score": 0.1430804431438446, 
                    "spot": "testified"
                }
            ], 
            "wiki_id": 8107490, 
            "wiki_title": "United States congressional hearing"
        }, 
        {
            "annotations": [
                {
                    "begin": 1738, 
                    "end": 1743, 
                    "score": 0.13518667221069336, 
                    "spot": "coach"
                }
            ], 
            "wiki_id": 533149, 
            "wiki_title": "Head coach"
        }, 
        {
            "annotations": [
                {
                    "begin": 1224, 
                    "end": 1231, 
                    "score": 0.0005528497858904302, 
                    "spot": "actions"
                }
            ], 
            "wiki_id": 317524, 
            "wiki_title": "Action (philosophy)"
        }, 
        {
            "annotations": [
                {
                    "begin": 1913, 
                    "end": 1922, 
                    "score": 0.07282358407974243, 
                    "spot": "Greenberg"
                }
            ], 
            "wiki_id": 13627, 
            "wiki_title": "Hank Greenberg"
        }, 
        {
            "annotations": [
                {
                    "begin": 3394, 
                    "end": 3402, 
                    "score": 0.0013708873884752393, 
                    "spot": "anything"
                }
            ], 
            "wiki_id": 31221547, 
            "wiki_title": "A for Anything"
        }, 
        {
            "annotations": [
                {
                    "begin": 1430, 
                    "end": 1436, 
                    "score": 0.09650249779224396, 
                    "spot": "action"
                }
            ], 
            "wiki_id": 43564, 
            "wiki_title": "Action film"
        }, 
        {
            "annotations": [
                {
                    "begin": 295, 
                    "end": 302, 
                    "score": 0.00674307020381093, 
                    "spot": "inquiry"
                }
            ], 
            "wiki_id": 826604, 
            "wiki_title": "Public inquiry"
        }, 
        {
            "annotations": [
                {
                    "begin": 2044, 
                    "end": 2049, 
                    "score": 0.5351736545562744, 
                    "spot": "Seoul"
                }
            ], 
            "wiki_id": 19159283, 
            "wiki_title": "Seoul"
        }, 
        {
            "annotations": [
                {
                    "begin": 191, 
                    "end": 200, 
                    "score": 0.07477616518735886, 
                    "spot": "aftermath"
                }
            ], 
            "wiki_id": 21320535, 
            "wiki_title": "David Koresh"
        }, 
        {
            "annotations": [
                {
                    "begin": 868, 
                    "end": 877, 
                    "score": 0.12702664732933044, 
                    "spot": "governing"
                }
            ], 
            "wiki_id": 12229, 
            "wiki_title": "Government"
        }, 
        {
            "annotations": [
                {
                    "begin": 699, 
                    "end": 717, 
                    "score": 0.3181818127632141, 
                    "spot": "Athletics Congress"
                }
            ], 
            "wiki_id": 900643, 
            "wiki_title": "USA Track &amp; Field"
        }, 
        {
            "annotations": [
                {
                    "begin": 1849, 
                    "end": 1857, 
                    "score": 0.023723209276795387, 
                    "spot": "advocate"
                }
            ], 
            "wiki_id": 68595, 
            "wiki_title": "Advocate"
        }, 
        {
            "annotations": [
                {
                    "begin": 3544, 
                    "end": 3547, 
                    "score": 0.004758147057145834, 
                    "spot": "Ben"
                }
            ], 
            "wiki_id": 3763378, 
            "wiki_title": "Ben Mitchell (EastEnders)"
        }, 
        {
            "annotations": [
                {
                    "begin": 2633, 
                    "end": 2635, 
                    "score": 0.09541264921426773, 
                    "spot": "us"
                }
            ], 
            "wiki_id": 18717338, 
            "wiki_title": "United States dollar"
        }, 
        {
            "annotations": [
                {
                    "begin": 3371, 
                    "end": 3373, 
                    "score": 0.09447090327739716, 
                    "spot": "if"
                }
            ], 
            "wiki_id": 83139, 
            "wiki_title": "Intermediate frequency"
        }, 
        {
            "annotations": [
                {
                    "begin": 1254, 
                    "end": 1256, 
                    "score": 0.06777426600456238, 
                    "spot": "if"
                }
            ], 
            "wiki_id": 155571, 
            "wiki_title": "If (magazine)"
        }, 
        {
            "annotations": [
                {
                    "begin": 2125, 
                    "end": 2135, 
                    "score": 0.29182010889053345, 
                    "spot": "gold medal"
                }, 
                {
                    "begin": 2604, 
                    "end": 2608, 
                    "score": 0.2723184823989868, 
                    "spot": "gold"
                }, 
                {
                    "begin": 2810, 
                    "end": 2814, 
                    "score": 0.30392661690711975, 
                    "spot": "gold"
                }
            ], 
            "wiki_id": 526488, 
            "wiki_title": "Gold medal"
        }, 
        {
            "annotations": [
                {
                    "begin": 1745, 
                    "end": 1760, 
                    "score": 0.1875, 
                    "spot": "Charlie Francis"
                }
            ], 
            "wiki_id": 1423501, 
            "wiki_title": "Charlie Francis"
        }, 
        {
            "annotations": [
                {
                    "begin": 1146, 
                    "end": 1154, 
                    "score": 0.16519713401794434, 
                    "spot": "Congress"
                }
            ], 
            "wiki_id": 352254, 
            "wiki_title": "Congress of Deputies (Spain)"
        }, 
        {
            "annotations": [
                {
                    "begin": 1622, 
                    "end": 1624, 
                    "score": 0.03283213824033737, 
                    "spot": "We"
                }
            ], 
            "wiki_id": 65758, 
            "wiki_title": "Western (genre)"
        }, 
        {
            "annotations": [
                {
                    "begin": 1075, 
                    "end": 1084, 
                    "score": 0.10744480788707733, 
                    "spot": "confessed"
                }
            ], 
            "wiki_id": 3500548, 
            "wiki_title": "Confession (law)"
        }, 
        {
            "annotations": [
                {
                    "begin": 39, 
                    "end": 48, 
                    "score": 0.0006860279245302081, 
                    "spot": "his world"
                }
            ], 
            "wiki_id": 2685664, 
            "wiki_title": "Sonic the Hedgehog (2006 video game)"
        }, 
        {
            "annotations": [
                {
                    "begin": 2966, 
                    "end": 2971, 
                    "score": 0.028786588460206985, 
                    "spot": "taken"
                }
            ], 
            "wiki_id": 144089, 
            "wiki_title": "Eminent domain"
        }, 
        {
            "annotations": [
                {
                    "begin": 792, 
                    "end": 806, 
                    "score": 0.040172379463911057, 
                    "spot": "vice president"
                }
            ], 
            "wiki_id": 32759, 
            "wiki_title": "Vice President of the United States"
        }, 
        {
            "annotations": [
                {
                    "begin": 1787, 
                    "end": 1795, 
                    "score": 0.25, 
                    "spot": "Astaphan"
                }
            ], 
            "wiki_id": 6599286, 
            "wiki_title": "George Astaphan"
        }, 
        {
            "annotations": [
                {
                    "begin": 2655, 
                    "end": 2666, 
                    "score": 0.02261306531727314, 
                    "spot": "believe him"
                }
            ], 
            "wiki_id": 6076971, 
            "wiki_title": "Believe in Him"
        }, 
        {
            "annotations": [
                {
                    "begin": 2831, 
                    "end": 2842, 
                    "score": 0.34744593501091003, 
                    "spot": "triple jump"
                }
            ], 
            "wiki_id": 30697, 
            "wiki_title": "Triple jump"
        }, 
        {
            "annotations": [
                {
                    "begin": 124, 
                    "end": 127, 
                    "score": 0.09839644283056259, 
                    "spot": "U.S"
                }
            ], 
            "wiki_id": 3434750, 
            "wiki_title": "United States"
        }, 
        {
            "annotations": [
                {
                    "begin": 1437, 
                    "end": 1442, 
                    "score": 0.07117640972137451, 
                    "spot": "taken"
                }
            ], 
            "wiki_id": 169376, 
            "wiki_title": "Kidnapping"
        }, 
        {
            "annotations": [
                {
                    "begin": 657, 
                    "end": 671, 
                    "score": 0.6697496175765991, 
                    "spot": "Ollan \nCassell"
                }
            ], 
            "wiki_id": 1676020, 
            "wiki_title": "Ollan Cassell"
        }, 
        {
            "annotations": [
                {
                    "begin": 2029, 
                    "end": 2036, 
                    "score": 0.06406089663505554, 
                    "spot": "at last"
                }
            ], 
            "wiki_id": 18302118, 
            "wiki_title": "Advanced Technology Large-Aperture Space Telescope"
        }, 
        {
            "annotations": [
                {
                    "begin": 286, 
                    "end": 294, 
                    "score": 0.17422926425933838, 
                    "spot": "Canadian"
                }
            ], 
            "wiki_id": 19851291, 
            "wiki_title": "Canadians"
        }, 
        {
            "annotations": [
                {
                    "begin": 1272, 
                    "end": 1285, 
                    "score": 0.07805202156305313, 
                    "spot": "retroactively"
                }
            ], 
            "wiki_id": 26400, 
            "wiki_title": "Retroactive continuity"
        }, 
        {
            "annotations": [
                {
                    "begin": 2539, 
                    "end": 2543, 
                    "score": 0.002051425399258733, 
                    "spot": "down"
                }
            ], 
            "wiki_id": 177240, 
            "wiki_title": "Downland"
        }, 
        {
            "annotations": [
                {
                    "begin": 1939, 
                    "end": 1944, 
                    "score": 0.03133341670036316, 
                    "spot": "Lewis"
                }
            ], 
            "wiki_id": 394272, 
            "wiki_title": "David Lewis (philosopher)"
        }, 
        {
            "annotations": [
                {
                    "begin": 2997, 
                    "end": 3003, 
                    "score": 0.03180661424994469, 
                    "spot": "Joyner"
                }, 
                {
                    "begin": 3176, 
                    "end": 3182, 
                    "score": 0.03180661424994469, 
                    "spot": "Joyner"
                }
            ], 
            "wiki_id": 14372188, 
            "wiki_title": "Joyner, Queensland"
        }, 
        {
            "annotations": [
                {
                    "begin": 160, 
                    "end": 168, 
                    "score": 0.08384640514850616, 
                    "spot": "athletes"
                }, 
                {
                    "begin": 836, 
                    "end": 844, 
                    "score": 0.13216754794120789, 
                    "spot": "Athletic"
                }, 
                {
                    "begin": 2274, 
                    "end": 2282, 
                    "score": 0.10372121632099152, 
                    "spot": "athletes"
                }, 
                {
                    "begin": 2383, 
                    "end": 2388, 
                    "score": 0.15616613626480103, 
                    "spot": "sport"
                }, 
                {
                    "begin": 3104, 
                    "end": 3109, 
                    "score": 0.11739437282085419, 
                    "spot": "sport"
                }
            ], 
            "wiki_id": 25778403, 
            "wiki_title": "Sport"
        }, 
        {
            "annotations": [
                {
                    "begin": 386, 
                    "end": 396, 
                    "score": 0.005727923475205898, 
                    "spot": "injections"
                }
            ], 
            "wiki_id": 665909, 
            "wiki_title": "Injection (medicine)"
        }, 
        {
            "annotations": [
                {
                    "begin": 2145, 
                    "end": 2151, 
                    "score": 0.0013666946906596422, 
                    "spot": "barred"
                }
            ], 
            "wiki_id": 921432, 
            "wiki_title": "Barred spiral galaxy"
        }, 
        {
            "annotations": [
                {
                    "begin": 271, 
                    "end": 280, 
                    "score": 0.09976520389318466, 
                    "spot": "this week"
                }, 
                {
                    "begin": 2293, 
                    "end": 2302, 
                    "score": 0.15162330865859985, 
                    "spot": "this week"
                }
            ], 
            "wiki_id": 1139893, 
            "wiki_title": "BBC News"
        }, 
        {
            "annotations": [
                {
                    "begin": 482, 
                    "end": 487, 
                    "score": 0.0007073803571984172, 
                    "spot": "of \n9"
                }
            ], 
            "wiki_id": 7272484, 
            "wiki_title": "Four-star rank"
        }, 
        {
            "annotations": [
                {
                    "begin": 2879, 
                    "end": 2886, 
                    "score": 0.09571890532970428, 
                    "spot": "compete"
                }
            ], 
            "wiki_id": 4715992, 
            "wiki_title": "Competition (economics)"
        }, 
        {
            "annotations": [
                {
                    "begin": 535, 
                    "end": 543, 
                    "score": 0.10602761805057526, 
                    "spot": "evidence"
                }
            ], 
            "wiki_id": 20550772, 
            "wiki_title": "Evidence"
        }, 
        {
            "annotations": [
                {
                    "begin": 2983, 
                    "end": 2991, 
                    "score": 0.028875356540083885, 
                    "spot": "admitted"
                }
            ], 
            "wiki_id": 235222, 
            "wiki_title": "Admission to the bar in the United States"
        }, 
        {
            "annotations": [
                {
                    "begin": 1123, 
                    "end": 1133, 
                    "score": 0.07264899462461472, 
                    "spot": "be decided"
                }
            ], 
            "wiki_id": 31297744, 
            "wiki_title": "To be announced"
        }, 
        {
            "annotations": [
                {
                    "begin": 2044, 
                    "end": 2058, 
                    "score": 0.36272597312927246, 
                    "spot": "Seoul Olympics"
                }
            ], 
            "wiki_id": 82757, 
            "wiki_title": "1988 Summer Olympics"
        }, 
        {
            "annotations": [
                {
                    "begin": 63, 
                    "end": 77, 
                    "score": 0.6186443567276001, 
                    "spot": "100-meter dash"
                }
            ], 
            "wiki_id": 1231316, 
            "wiki_title": "100 metres"
        }, 
        {
            "annotations": [
                {
                    "begin": 3514, 
                    "end": 3521, 
                    "score": 0.0011812426382675767, 
                    "spot": "records"
                }
            ], 
            "wiki_id": 2539819, 
            "wiki_title": "Public records"
        }, 
        {
            "annotations": [
                {
                    "begin": 1388, 
                    "end": 1393, 
                    "score": 0.5, 
                    "spot": "P>\nIt"
                }
            ], 
            "wiki_id": 16256886, 
            "wiki_title": "P:IT"
        }, 
        {
            "annotations": [
                {
                    "begin": 1402, 
                    "end": 1407, 
                    "score": 0.04008479416370392, 
                    "spot": "clear"
                }
            ], 
            "wiki_id": 776556, 
            "wiki_title": "Free-to-air"
        }, 
        {
            "annotations": [
                {
                    "begin": 204, 
                    "end": 211, 
                    "score": 0.20719963312149048, 
                    "spot": "Johnson"
                }, 
                {
                    "begin": 1724, 
                    "end": 1731, 
                    "score": 0.12335552275180817, 
                    "spot": "Johnson"
                }, 
                {
                    "begin": 2021, 
                    "end": 2028, 
                    "score": 0.04478489235043526, 
                    "spot": "Johnson"
                }, 
                {
                    "begin": 2060, 
                    "end": 2067, 
                    "score": 0.12994787096977234, 
                    "spot": "Johnson"
                }, 
                {
                    "begin": 2849, 
                    "end": 2856, 
                    "score": 0.07051379978656769, 
                    "spot": "Johnson"
                }, 
                {
                    "begin": 3566, 
                    "end": 3573, 
                    "score": 0.04478489235043526, 
                    "spot": "Johnson"
                }
            ], 
            "wiki_id": 36753, 
            "wiki_title": "Magic Johnson"
        }, 
        {
            "annotations": [
                {
                    "begin": 2475, 
                    "end": 2481, 
                    "score": 0.5, 
                    "spot": "P>\n\"He"
                }, 
                {
                    "begin": 3018, 
                    "end": 3024, 
                    "score": 0.5, 
                    "spot": "P>\n\"He"
                }
            ], 
            "wiki_id": 45328917, 
            "wiki_title": "P:HE"
        }, 
        {
            "annotations": [
                {
                    "begin": 3137, 
                    "end": 3144, 
                    "score": 0.07060874253511429, 
                    "spot": "over it"
                }
            ], 
            "wiki_id": 20236712, 
            "wiki_title": "Over It (band)"
        }, 
        {
            "annotations": [
                {
                    "begin": 3608, 
                    "end": 3611, 
                    "score": 0.0024755001068115234, 
                    "spot": "run"
                }
            ], 
            "wiki_id": 40136821, 
            "wiki_title": "On the Run (instrumental)"
        }, 
        {
            "annotations": [
                {
                    "begin": 1600, 
                    "end": 1603, 
                    "score": 0.06680130958557129, 
                    "spot": "TAC"
                }
            ], 
            "wiki_id": 1176764, 
            "wiki_title": "Tactical Air Command"
        }, 
        {
            "annotations": [
                {
                    "begin": 1085, 
                    "end": 1089, 
                    "score": 0.3464600145816803, 
                    "spot": "drug"
                }, 
                {
                    "begin": 1085, 
                    "end": 1095, 
                    "score": 0.26031747460365295, 
                    "spot": "drug users"
                }
            ], 
            "wiki_id": 102959, 
            "wiki_title": "Substance abuse"
        }, 
        {
            "annotations": [
                {
                    "begin": 878, 
                    "end": 890, 
                    "score": 0.06922628730535507, 
                    "spot": "organization"
                }
            ], 
            "wiki_id": 72487, 
            "wiki_title": "Nonprofit organization"
        }, 
        {
            "annotations": [
                {
                    "begin": 43, 
                    "end": 55, 
                    "score": 0.4395768642425537, 
                    "spot": "world record"
                }
            ], 
            "wiki_id": 3443107, 
            "wiki_title": "List of world records in athletics"
        }, 
        {
            "annotations": [
                {
                    "begin": 409, 
                    "end": 433, 
                    "score": 0.25513195991516113, 
                    "spot": "1987 World Championships"
                }
            ], 
            "wiki_id": 801247, 
            "wiki_title": "1987 World Championships in Athletics"
        }, 
        {
            "annotations": [
                {
                    "begin": 2032, 
                    "end": 2041, 
                    "score": 0.08533872663974762, 
                    "spot": "last year"
                }
            ], 
            "wiki_id": 657196, 
            "wiki_title": "Eurovision Song Contest 2005"
        }, 
        {
            "annotations": [
                {
                    "begin": 1898, 
                    "end": 1910, 
                    "score": 0.07280638068914413, 
                    "spot": "world record"
                }
            ], 
            "wiki_id": 100796, 
            "wiki_title": "Guinness World Records"
        }, 
        {
            "annotations": [
                {
                    "begin": 1111, 
                    "end": 1116, 
                    "score": 0.0723496526479721, 
                    "spot": "issue"
                }
            ], 
            "wiki_id": 5803195, 
            "wiki_title": "Release (music)"
        }, 
        {
            "annotations": [
                {
                    "begin": 2310, 
                    "end": 2328, 
                    "score": 0.3333333432674408, 
                    "spot": "TAC \nChampionships"
                }
            ], 
            "wiki_id": 24399455, 
            "wiki_title": "USA Outdoor Track and Field Championships"
        }, 
        {
            "annotations": [
                {
                    "begin": 3125, 
                    "end": 3129, 
                    "score": 0.04355785250663757, 
                    "spot": "dark"
                }
            ], 
            "wiki_id": 12689594, 
            "wiki_title": "Dark (broadcasting)"
        }, 
        {
            "annotations": [
                {
                    "begin": 1533, 
                    "end": 1542, 
                    "score": 0.10627496242523193, 
                    "spot": "sanctions"
                }
            ], 
            "wiki_id": 2112397, 
            "wiki_title": "Sanctions (law)"
        }, 
        {
            "annotations": [
                {
                    "begin": 229, 
                    "end": 236, 
                    "score": 0.2607698440551758, 
                    "spot": "steroid"
                }, 
                {
                    "begin": 2214, 
                    "end": 2230, 
                    "score": 0.5, 
                    "spot": "anabolic steroid"
                }
            ], 
            "wiki_id": 19218324, 
            "wiki_title": "Anabolic steroid"
        }, 
        {
            "annotations": [
                {
                    "begin": 3208, 
                    "end": 3221, 
                    "score": 0.8107136487960815, 
                    "spot": "Harvey Glance"
                }, 
                {
                    "begin": 3481, 
                    "end": 3487, 
                    "score": 0.1945672184228897, 
                    "spot": "Glance"
                }
            ], 
            "wiki_id": 1082807, 
            "wiki_title": "Harvey Glance"
        }, 
        {
            "annotations": [
                {
                    "begin": 2948, 
                    "end": 2955, 
                    "score": 0.06957139819860458, 
                    "spot": "records"
                }
            ], 
            "wiki_id": 2417230, 
            "wiki_title": "Sound recording and reproduction"
        }, 
        {
            "annotations": [
                {
                    "begin": 774, 
                    "end": 781, 
                    "score": 0.10343900322914124, 
                    "spot": "Cassell"
                }
            ], 
            "wiki_id": 870675, 
            "wiki_title": "Sam Cassell"
        }, 
        {
            "annotations": [
                {
                    "begin": 1512, 
                    "end": 1517, 
                    "score": 0.1582963764667511, 
                    "spot": "dates"
                }
            ], 
            "wiki_id": 411659, 
            "wiki_title": "Courtship"
        }, 
        {
            "annotations": [
                {
                    "begin": 414, 
                    "end": 433, 
                    "score": 0.056507423520088196, 
                    "spot": "World Championships"
                }
            ], 
            "wiki_id": 218926, 
            "wiki_title": "IAAF World Championships in Athletics"
        }, 
        {
            "annotations": [
                {
                    "begin": 1036, 
                    "end": 1038, 
                    "score": 0.0007055374444462359, 
                    "spot": "do"
                }
            ], 
            "wiki_id": 49220, 
            "wiki_title": "C (musical note)"
        }, 
        {
            "annotations": [
                {
                    "begin": 1826, 
                    "end": 1828, 
                    "score": 0.0011683235643431544, 
                    "spot": "we"
                }
            ], 
            "wiki_id": 165128, 
            "wiki_title": "Royal we"
        }, 
        {
            "annotations": [
                {
                    "begin": 3578, 
                    "end": 3584, 
                    "score": 0.07120052725076675, 
                    "spot": "tested"
                }
            ], 
            "wiki_id": 92214, 
            "wiki_title": "Tsar Bomba"
        }, 
        {
            "annotations": [
                {
                    "begin": 3460, 
                    "end": 3466, 
                    "score": 0.002256752224639058, 
                    "spot": "person"
                }
            ], 
            "wiki_id": 219287, 
            "wiki_title": "Legal personality"
        }, 
        {
            "annotations": [
                {
                    "begin": 3527, 
                    "end": 3531, 
                    "score": 0.042452502995729446, 
                    "spot": "show"
                }
            ], 
            "wiki_id": 236918, 
            "wiki_title": "Concert"
        }, 
        {
            "annotations": [
                {
                    "begin": 3445, 
                    "end": 3447, 
                    "score": 0.004958091303706169, 
                    "spot": "go"
                }
            ], 
            "wiki_id": 64971, 
            "wiki_title": "Go (game)"
        }, 
        {
            "annotations": [
                {
                    "begin": 1704, 
                    "end": 1711, 
                    "score": 0.09223280102014542, 
                    "spot": "persons"
                }
            ], 
            "wiki_id": 219599, 
            "wiki_title": "Person"
        }, 
        {
            "annotations": [
                {
                    "begin": 3041, 
                    "end": 3045, 
                    "score": 0.07078957557678223, 
                    "spot": "fans"
                }
            ], 
            "wiki_id": 152640, 
            "wiki_title": "Fan (person)"
        }, 
        {
            "annotations": [
                {
                    "begin": 575, 
                    "end": 579, 
                    "score": 0.08130168169736862, 
                    "spot": "time"
                }, 
                {
                    "begin": 1974, 
                    "end": 1978, 
                    "score": 0.2168418914079666, 
                    "spot": "time"
                }, 
                {
                    "begin": 2494, 
                    "end": 2498, 
                    "score": 0.12501025199890137, 
                    "spot": "time"
                }
            ], 
            "wiki_id": 30012, 
            "wiki_title": "Time"
        }, 
        {
            "annotations": [
                {
                    "begin": 2779, 
                    "end": 2784, 
                    "score": 0.5, 
                    "spot": "P>\nAl"
                }
            ], 
            "wiki_id": 6551908, 
            "wiki_title": "P:A-L"
        }, 
        {
            "annotations": [
                {
                    "begin": 1841, 
                    "end": 1845, 
                    "score": 0.000726073223631829, 
                    "spot": "best"
                }
            ], 
            "wiki_id": 478673, 
            "wiki_title": "Greatest hits album"
        }, 
        {
            "annotations": [
                {
                    "begin": 2157, 
                    "end": 2168, 
                    "score": 0.003496831515803933, 
                    "spot": "competition"
                }
            ], 
            "wiki_id": 666256, 
            "wiki_title": "Competition law"
        }, 
        {
            "annotations": [
                {
                    "begin": 469, 
                    "end": 481, 
                    "score": 0.07280638068914413, 
                    "spot": "world record"
                }, 
                {
                    "begin": 643, 
                    "end": 649, 
                    "score": 0.17268399894237518, 
                    "spot": "record"
                }, 
                {
                    "begin": 946, 
                    "end": 952, 
                    "score": 0.07683967053890228, 
                    "spot": "record"
                }, 
                {
                    "begin": 1324, 
                    "end": 1331, 
                    "score": 0.07433706521987915, 
                    "spot": "records"
                }, 
                {
                    "begin": 2110, 
                    "end": 2116, 
                    "score": 0.08814580738544464, 
                    "spot": "record"
                }
            ], 
            "wiki_id": 4380391, 
            "wiki_title": "World record"
        }, 
        {
            "annotations": [
                {
                    "begin": 253, 
                    "end": 260, 
                    "score": 0.1463198959827423, 
                    "spot": "Johnson"
                }
            ], 
            "wiki_id": 54533, 
            "wiki_title": "Lyndon B. Johnson"
        }, 
        {
            "annotations": [
                {
                    "begin": 2000, 
                    "end": 2009, 
                    "score": 0.0007748620118945837, 
                    "spot": "finishing"
                }
            ], 
            "wiki_id": 48147949, 
            "wiki_title": "Finishing school"
        }, 
        {
            "annotations": [
                {
                    "begin": 2422, 
                    "end": 2432, 
                    "score": 0.08240075409412384, 
                    "spot": "suspension"
                }
            ], 
            "wiki_id": 4737947, 
            "wiki_title": "Suspension (punishment)"
        }, 
        {
            "annotations": [
                {
                    "begin": 107, 
                    "end": 117, 
                    "score": 0.5997351408004761, 
                    "spot": "Carl Lewis"
                }, 
                {
                    "begin": 1876, 
                    "end": 1886, 
                    "score": 0.772361159324646, 
                    "spot": "Carl Lewis"
                }, 
                {
                    "begin": 3468, 
                    "end": 3478, 
                    "score": 0.5, 
                    "spot": "Carl Lewis"
                }
            ], 
            "wiki_id": 67127, 
            "wiki_title": "Carl Lewis"
        }, 
        {
            "annotations": [
                {
                    "begin": 507, 
                    "end": 512, 
                    "score": 0.05062439665198326, 
                    "spot": "P>\n\"I"
                }, 
                {
                    "begin": 1815, 
                    "end": 1820, 
                    "score": 0.009513742290437222, 
                    "spot": "P>\n\"I"
                }, 
                {
                    "begin": 2691, 
                    "end": 2696, 
                    "score": 0.009513742290437222, 
                    "spot": "P>\n\"I"
                }
            ], 
            "wiki_id": 432612, 
            "wiki_title": "Seattle Post-Intelligencer"
        }, 
        {
            "annotations": [
                {
                    "begin": 3420, 
                    "end": 3426, 
                    "score": 0.0029344074428081512, 
                    "spot": "record"
                }
            ], 
            "wiki_id": 492295, 
            "wiki_title": "Record (computer science)"
        }, 
        {
            "annotations": [
                {
                    "begin": 3262, 
                    "end": 3265, 
                    "score": 0.22420242428779602, 
                    "spot": "TAC"
                }, 
                {
                    "begin": 3262, 
                    "end": 3267, 
                    "score": 0.2172360122203827, 
                    "spot": "TAC's"
                }
            ], 
            "wiki_id": 4634432, 
            "wiki_title": "Goa'uld technology in Stargate"
        }, 
        {
            "annotations": [
                {
                    "begin": 2069, 
                    "end": 2072, 
                    "score": 0.001720538828521967, 
                    "spot": "who"
                }
            ], 
            "wiki_id": 3615389, 
            "wiki_title": "Who (magazine)"
        }, 
        {
            "annotations": [
                {
                    "begin": 2565, 
                    "end": 2570, 
                    "score": 0.013997028581798077, 
                    "spot": "truth"
                }
            ], 
            "wiki_id": 11003763, 
            "wiki_title": "The Truth (2006 film)"
        }, 
        {
            "annotations": [
                {
                    "begin": 1589, 
                    "end": 1598, 
                    "score": 0.1050841212272644, 
                    "spot": "Greenberg"
                }
            ], 
            "wiki_id": 9527373, 
            "wiki_title": "Morton Ira Greenberg"
        }, 
        {
            "annotations": [
                {
                    "begin": 3303, 
                    "end": 3310, 
                    "score": 0.18134936690330505, 
                    "spot": "Johnson"
                }
            ], 
            "wiki_id": 1624, 
            "wiki_title": "Andrew Johnson"
        }, 
        {
            "annotations": [
                {
                    "begin": 1290, 
                    "end": 1298, 
                    "score": 0.0006602336070500314, 
                    "spot": "withdraw"
                }
            ], 
            "wiki_id": 36920007, 
            "wiki_title": "Withdrawal of U.S. troops from Afghanistan"
        }, 
        {
            "annotations": [
                {
                    "begin": 3455, 
                    "end": 3459, 
                    "score": 0.001524612889625132, 
                    "spot": "next"
                }
            ], 
            "wiki_id": 1698603, 
            "wiki_title": "Next (American band)"
        }, 
        {
            "annotations": [
                {
                    "begin": 2095, 
                    "end": 2099, 
                    "score": 0.04628889262676239, 
                    "spot": "race"
                }
            ], 
            "wiki_id": 25613, 
            "wiki_title": "Racism"
        }, 
        {
            "annotations": [
                {
                    "begin": 1781, 
                    "end": 1786, 
                    "score": 0.04640693962574005, 
                    "spot": "Jamie"
                }
            ], 
            "wiki_id": 30205540, 
            "wiki_title": "Jamie Forrest"
        }, 
        {
            "annotations": [
                {
                    "begin": 1684, 
                    "end": 1691, 
                    "score": 0.09821484237909317, 
                    "spot": "inquiry"
                }
            ], 
            "wiki_id": 3657365, 
            "wiki_title": "Inquiry"
        }, 
        {
            "annotations": [
                {
                    "begin": 1829, 
                    "end": 1833, 
                    "score": 0.0712725967168808, 
                    "spot": "will"
                }
            ], 
            "wiki_id": 47921, 
            "wiki_title": "Free will"
        }, 
        {
            "annotations": [
                {
                    "begin": 1625, 
                    "end": 1627, 
                    "score": 0.04584828019142151, 
                    "spot": "ll"
                }
            ], 
            "wiki_id": 8932630, 
            "wiki_title": "Lucky loser"
        }, 
        {
            "annotations": [
                {
                    "begin": 2444, 
                    "end": 2449, 
                    "score": 0.03133341670036316, 
                    "spot": "Lewis"
                }
            ], 
            "wiki_id": 240872, 
            "wiki_title": "Lewis gun"
        }, 
        {
            "annotations": [
                {
                    "begin": 1674, 
                    "end": 1681, 
                    "score": 0.09872032701969147, 
                    "spot": "country"
                }
            ], 
            "wiki_id": 32374, 
            "wiki_title": "Venezuela"
        }, 
        {
            "annotations": [
                {
                    "begin": 993, 
                    "end": 999, 
                    "score": 0.0027843089774250984, 
                    "spot": "urgent"
                }
            ], 
            "wiki_id": 6896783, 
            "wiki_title": "Urgent (song)"
        }, 
        {
            "annotations": [
                {
                    "begin": 3332, 
                    "end": 3338, 
                    "score": 0.04552917927503586, 
                    "spot": "return"
                }
            ], 
            "wiki_id": 2093431, 
            "wiki_title": "Transfer of sovereignty over Hong Kong"
        }, 
        {
            "annotations": [
                {
                    "begin": 2533, 
                    "end": 2538, 
                    "score": 0.00076867057941854, 
                    "spot": "broke"
                }
            ], 
            "wiki_id": 22311246, 
            "wiki_title": "Broke (The Office)"
        }, 
        {
            "annotations": [
                {
                    "begin": 846, 
                    "end": 856, 
                    "score": 0.19439412653446198, 
                    "spot": "Federation"
                }
            ], 
            "wiki_id": 156371, 
            "wiki_title": "Federation"
        }, 
        {
            "annotations": [
                {
                    "begin": 174, 
                    "end": 183, 
                    "score": 0.013679658062756062, 
                    "spot": "Wednesday"
                }
            ], 
            "wiki_id": 19076629, 
            "wiki_title": "A Wednesday!"
        }, 
        {
            "annotations": [
                {
                    "begin": 723, 
                    "end": 731, 
                    "score": 0.10805023461580276, 
                    "spot": "national"
                }
            ], 
            "wiki_id": 21754, 
            "wiki_title": "Nation"
        }, 
        {
            "annotations": [
                {
                    "begin": 1450, 
                    "end": 1458, 
                    "score": 0.0601770281791687, 
                    "spot": "congress"
                }
            ], 
            "wiki_id": 19468510, 
            "wiki_title": "United States House of Representatives"
        }, 
        {
            "annotations": [
                {
                    "begin": 3130, 
                    "end": 3136, 
                    "score": 0.05844242870807648, 
                    "spot": "shadow"
                }
            ], 
            "wiki_id": 217296, 
            "wiki_title": "Shadow"
        }, 
        {
            "annotations": [
                {
                    "begin": 2919, 
                    "end": 2923, 
                    "score": 0.07573310285806656, 
                    "spot": "rule"
                }
            ], 
            "wiki_id": 18949668, 
            "wiki_title": "Law"
        }, 
        {
            "annotations": [
                {
                    "begin": 2708, 
                    "end": 2711, 
                    "score": 0.0005181347369216383, 
                    "spot": "him"
                }
            ], 
            "wiki_id": 2271998, 
            "wiki_title": "Him (Buffy the Vampire Slayer)"
        }, 
        {
            "annotations": [
                {
                    "begin": 3278, 
                    "end": 3296, 
                    "score": 0.15606388449668884, 
                    "spot": "Advisory Committee"
                }, 
                {
                    "begin": 3287, 
                    "end": 3296, 
                    "score": 0.27637532353401184, 
                    "spot": "Committee"
                }
            ], 
            "wiki_id": 158196, 
            "wiki_title": "Committee"
        }, 
        {
            "annotations": [
                {
                    "begin": 2343, 
                    "end": 2350, 
                    "score": 0.04478489235043526, 
                    "spot": "Johnson"
                }
            ], 
            "wiki_id": 2499067, 
            "wiki_title": "John Henry Johnson"
        }, 
        {
            "annotations": [
                {
                    "begin": 2257, 
                    "end": 2267, 
                    "score": 0.10392457246780396, 
                    "spot": "discussion"
                }
            ], 
            "wiki_id": 87893, 
            "wiki_title": "Talk show"
        }, 
        {
            "annotations": [
                {
                    "begin": 1170, 
                    "end": 1179, 
                    "score": 0.6181482076644897, 
                    "spot": "Barcelona"
                }, 
                {
                    "begin": 1170, 
                    "end": 1187, 
                    "score": 0.3812204599380493, 
                    "spot": "Barcelona, \nSpain"
                }
            ], 
            "wiki_id": 4443, 
            "wiki_title": "Barcelona"
        }, 
        {
            "annotations": [
                {
                    "begin": 452, 
                    "end": 455, 
                    "score": 0.03954128175973892, 
                    "spot": "set"
                }
            ], 
            "wiki_id": 416758, 
            "wiki_title": "Set construction"
        }, 
        {
            "annotations": [
                {
                    "begin": 612, 
                    "end": 619, 
                    "score": 0.0008639407460577786, 
                    "spot": "thought"
                }
            ], 
            "wiki_id": 37080, 
            "wiki_title": "Thought"
        }, 
        {
            "annotations": [
                {
                    "begin": 5, 
                    "end": 16, 
                    "score": 0.5, 
                    "spot": "Ben Johnson"
                }
            ], 
            "wiki_id": 438651, 
            "wiki_title": "Ben Johnson (actor)"
        }, 
        {
            "annotations": [
                {
                    "begin": 3162, 
                    "end": 3165, 
                    "score": 0.06767408549785614, 
                    "spot": "who"
                }
            ], 
            "wiki_id": 36517, 
            "wiki_title": "The Who"
        }, 
        {
            "annotations": [
                {
                    "begin": 1797, 
                    "end": 1806, 
                    "score": 0.001681337133049965, 
                    "spot": "testified"
                }
            ], 
            "wiki_id": 75696, 
            "wiki_title": "Testimony"
        }, 
        {
            "annotations": [
                {
                    "begin": 2198, 
                    "end": 2206, 
                    "score": 0.15810413658618927, 
                    "spot": "positive"
                }
            ], 
            "wiki_id": 2871407, 
            "wiki_title": "Positivism"
        }, 
        {
            "annotations": [
                {
                    "begin": 129, 
                    "end": 144, 
                    "score": 0.33581000566482544, 
                    "spot": "track and field"
                }, 
                {
                    "begin": 1867, 
                    "end": 1874, 
                    "score": 0.13972173631191254, 
                    "spot": "athlete"
                }
            ], 
            "wiki_id": 194904, 
            "wiki_title": "Track and field"
        }, 
        {
            "annotations": [
                {
                    "begin": 2596, 
                    "end": 2617, 
                    "score": 0.289999783039093, 
                    "spot": "Olympic gold medalist"
                }, 
                {
                    "begin": 2802, 
                    "end": 2823, 
                    "score": 0.2908029556274414, 
                    "spot": "Olympic gold medalist"
                }, 
                {
                    "begin": 3236, 
                    "end": 3244, 
                    "score": 0.16749000549316406, 
                    "spot": "Olympian"
                }
            ], 
            "wiki_id": 22576, 
            "wiki_title": "Olympic Games"
        }, 
        {
            "annotations": [
                {
                    "begin": 2797, 
                    "end": 2823, 
                    "score": 0.0714285746216774, 
                    "spot": "1984 Olympic gold medalist"
                }
            ], 
            "wiki_id": 3646049, 
            "wiki_title": "Boxing at the 1984 Summer Olympics"
        }, 
        {
            "annotations": [
                {
                    "begin": 2073, 
                    "end": 2080, 
                    "score": 0.003203074913471937, 
                    "spot": "clocked"
                }
            ], 
            "wiki_id": 228385, 
            "wiki_title": "Clock rate"
        }, 
        {
            "annotations": [
                {
                    "begin": 562, 
                    "end": 567, 
                    "score": 0.12800146639347076, 
                    "spot": "drugs"
                }
            ], 
            "wiki_id": 25949, 
            "wiki_title": "Recreational drug use"
        }, 
        {
            "annotations": [
                {
                    "begin": 814, 
                    "end": 856, 
                    "score": 0.4166666567325592, 
                    "spot": "International Amateur Athletic \nFederation"
                }, 
                {
                    "begin": 973, 
                    "end": 977, 
                    "score": 0.21843579411506653, 
                    "spot": "IAAF"
                }, 
                {
                    "begin": 1141, 
                    "end": 1145, 
                    "score": 0.2952263355255127, 
                    "spot": "IAAF"
                }, 
                {
                    "begin": 1248, 
                    "end": 1252, 
                    "score": 0.1445305347442627, 
                    "spot": "IAAF"
                }
            ], 
            "wiki_id": 86444, 
            "wiki_title": "International Association of Athletics Federations"
        }, 
        {
            "annotations": [
                {
                    "begin": 2010, 
                    "end": 2016, 
                    "score": 0.08083449304103851, 
                    "spot": "second"
                }
            ], 
            "wiki_id": 26873, 
            "wiki_title": "Second"
        }, 
        {
            "annotations": [
                {
                    "begin": 923, 
                    "end": 930, 
                    "score": 0.04478489235043526, 
                    "spot": "Johnson"
                }
            ], 
            "wiki_id": 26010, 
            "wiki_title": "Robert Johnson"
        }, 
        {
            "annotations": [
                {
                    "begin": 1628, 
                    "end": 1632, 
                    "score": 0.004400096833705902, 
                    "spot": "wait"
                }
            ], 
            "wiki_id": 7069245, 
            "wiki_title": "WAIT (AM)"
        }, 
        {
            "annotations": [
                {
                    "begin": 2764, 
                    "end": 2769, 
                    "score": 0.059410542249679565, 
                    "spot": "thing"
                }
            ], 
            "wiki_id": 47353, 
            "wiki_title": "Object (philosophy)"
        }, 
        {
            "annotations": [
                {
                    "begin": 3412, 
                    "end": 3415, 
                    "score": 0.002038082107901573, 
                    "spot": "set"
                }
            ], 
            "wiki_id": 5136446, 
            "wiki_title": "Set (Thompson Twins album)"
        }, 
        {
            "annotations": [
                {
                    "begin": 2671, 
                    "end": 2678, 
                    "score": 0.09874242544174194, 
                    "spot": "support"
                }
            ], 
            "wiki_id": 162707, 
            "wiki_title": "Singing"
        }, 
        {
            "annotations": [
                {
                    "begin": 2782, 
                    "end": 2791, 
                    "score": 0.5, 
                    "spot": "Al Joyner"
                }
            ], 
            "wiki_id": 4196888, 
            "wiki_title": "Al Joyner"
        }
    ]
}