{
    "tagme": [
        {
            "annotations": [
                {
                    "begin": 1235, 
                    "end": 1246, 
                    "score": 0.2459700107574463, 
                    "spot": "White House"
                }
            ], 
            "wiki_id": 33057, 
            "wiki_title": "White House"
        }, 
        {
            "annotations": [
                {
                    "begin": 2079, 
                    "end": 2110, 
                    "score": 0.5, 
                    "spot": "Federal Aviation Administration"
                }
            ], 
            "wiki_id": 11186, 
            "wiki_title": "Federal Aviation Administration"
        }, 
        {
            "annotations": [
                {
                    "begin": 81, 
                    "end": 92, 
                    "score": 0.17877943813800812, 
                    "spot": "Mississippi"
                }, 
                {
                    "begin": 1127, 
                    "end": 1138, 
                    "score": 0.27652204036712646, 
                    "spot": "Mississippi"
                }, 
                {
                    "begin": 3739, 
                    "end": 3750, 
                    "score": 0.28509533405303955, 
                    "spot": "Mississippi"
                }
            ], 
            "wiki_id": 16949861, 
            "wiki_title": "Mississippi"
        }, 
        {
            "annotations": [
                {
                    "begin": 1142, 
                    "end": 1152, 
                    "score": 0.25066518783569336, 
                    "spot": "Washington"
                }
            ], 
            "wiki_id": 13015878, 
            "wiki_title": "Washington (state)"
        }, 
        {
            "annotations": [
                {
                    "begin": 923, 
                    "end": 935, 
                    "score": 0.014193025417625904, 
                    "spot": "mountainside"
                }
            ], 
            "wiki_id": 125785, 
            "wiki_title": "Mountainside, New Jersey"
        }, 
        {
            "annotations": [
                {
                    "begin": 94, 
                    "end": 105, 
                    "score": 0.02347646839916706, 
                    "spot": "authorities"
                }
            ], 
            "wiki_id": 9892, 
            "wiki_title": "Expert"
        }, 
        {
            "annotations": [
                {
                    "begin": 3906, 
                    "end": 3916, 
                    "score": 0.09430969506502151, 
                    "spot": "associates"
                }
            ], 
            "wiki_id": 13394142, 
            "wiki_title": "The Associates (U.S. TV series)"
        }, 
        {
            "annotations": [
                {
                    "begin": 618, 
                    "end": 625, 
                    "score": 0.0009452265803702176, 
                    "spot": "spotted"
                }
            ], 
            "wiki_id": 176945, 
            "wiki_title": "Film score"
        }, 
        {
            "annotations": [
                {
                    "begin": 1516, 
                    "end": 1528, 
                    "score": 0.027680855244398117, 
                    "spot": "police chief"
                }, 
                {
                    "begin": 3536, 
                    "end": 3548, 
                    "score": 0.17537300288677216, 
                    "spot": "police chief"
                }, 
                {
                    "begin": 4067, 
                    "end": 4079, 
                    "score": 0.17537300288677216, 
                    "spot": "police chief"
                }
            ], 
            "wiki_id": 764281, 
            "wiki_title": "Chief of police"
        }, 
        {
            "annotations": [
                {
                    "begin": 273, 
                    "end": 278, 
                    "score": 0.015992270782589912, 
                    "spot": "woods"
                }
            ], 
            "wiki_id": 66986, 
            "wiki_title": "Woodland"
        }, 
        {
            "annotations": [
                {
                    "begin": 1007, 
                    "end": 1019, 
                    "score": 0.01145374495536089, 
                    "spot": "fact-finding"
                }
            ], 
            "wiki_id": 20265741, 
            "wiki_title": "Fact-finding"
        }, 
        {
            "annotations": [
                {
                    "begin": 739, 
                    "end": 743, 
                    "score": 0.056501589715480804, 
                    "spot": "Rick"
                }
            ], 
            "wiki_id": 46593, 
            "wiki_title": "Hay"
        }, 
        {
            "annotations": [
                {
                    "begin": 307, 
                    "end": 313, 
                    "score": 0.0849727988243103, 
                    "spot": "Janice"
                }
            ], 
            "wiki_id": 771323, 
            "wiki_title": "Dr. Teeth and The Electric Mayhem"
        }, 
        {
            "annotations": [
                {
                    "begin": 3148, 
                    "end": 3157, 
                    "score": 0.19038835167884827, 
                    "spot": "statement"
                }, 
                {
                    "begin": 3354, 
                    "end": 3363, 
                    "score": 0.08326855301856995, 
                    "spot": "statement"
                }
            ], 
            "wiki_id": 30977, 
            "wiki_title": "Theorem"
        }, 
        {
            "annotations": [
                {
                    "begin": 1916, 
                    "end": 1927, 
                    "score": 0.5, 
                    "spot": "Youth World"
                }
            ], 
            "wiki_id": 45246566, 
            "wiki_title": "To the Youth in Europe and North America"
        }, 
        {
            "annotations": [
                {
                    "begin": 1313, 
                    "end": 1319, 
                    "score": 0.011134876869618893, 
                    "spot": "regret"
                }
            ], 
            "wiki_id": 24454065, 
            "wiki_title": "Regret (LeToya Luckett song)"
        }, 
        {
            "annotations": [
                {
                    "begin": 859, 
                    "end": 873, 
                    "score": 0.5, 
                    "spot": "Mickey \nLeland"
                }
            ], 
            "wiki_id": 378145, 
            "wiki_title": "Mickey Leland"
        }, 
        {
            "annotations": [
                {
                    "begin": 3620, 
                    "end": 3627, 
                    "score": 0.09865012764930725, 
                    "spot": "federal"
                }
            ], 
            "wiki_id": 1222540, 
            "wiki_title": "Government of Australia"
        }, 
        {
            "annotations": [
                {
                    "begin": 354, 
                    "end": 357, 
                    "score": 0.01944136619567871, 
                    "spot": "who"
                }, 
                {
                    "begin": 1355, 
                    "end": 1358, 
                    "score": 0.11573582142591476, 
                    "spot": "who"
                }, 
                {
                    "begin": 3768, 
                    "end": 3771, 
                    "score": 0.1180160865187645, 
                    "spot": "who"
                }, 
                {
                    "begin": 3965, 
                    "end": 3968, 
                    "score": 0.060248684138059616, 
                    "spot": "who"
                }
            ], 
            "wiki_id": 33583, 
            "wiki_title": "World Health Organization"
        }, 
        {
            "annotations": [
                {
                    "begin": 4230, 
                    "end": 4240, 
                    "score": 0.09060604870319366, 
                    "spot": "Researcher"
                }
            ], 
            "wiki_id": 2245783, 
            "wiki_title": "Medical research"
        }, 
        {
            "annotations": [
                {
                    "begin": 890, 
                    "end": 896, 
                    "score": 0.048461273312568665, 
                    "spot": "others"
                }
            ], 
            "wiki_id": 18213, 
            "wiki_title": "Los Angeles Dodgers"
        }, 
        {
            "annotations": [
                {
                    "begin": 1032, 
                    "end": 1038, 
                    "score": 0.17402134835720062, 
                    "spot": "combat"
                }
            ], 
            "wiki_id": 23210314, 
            "wiki_title": "Combat"
        }, 
        {
            "annotations": [
                {
                    "begin": 1613, 
                    "end": 1621, 
                    "score": 0.0006639224593527615, 
                    "spot": "opponent"
                }
            ], 
            "wiki_id": 23242318, 
            "wiki_title": "The Opponent (2000 film)"
        }, 
        {
            "annotations": [
                {
                    "begin": 1186, 
                    "end": 1191, 
                    "score": 0.048073530197143555, 
                    "spot": "still"
                }
            ], 
            "wiki_id": 23604, 
            "wiki_title": "Photography"
        }, 
        {
            "annotations": [
                {
                    "begin": 2728, 
                    "end": 2738, 
                    "score": 0.0012894101673737168, 
                    "spot": "dispatched"
                }
            ], 
            "wiki_id": 1749202, 
            "wiki_title": "Dispatched"
        }, 
        {
            "annotations": [
                {
                    "begin": 251, 
                    "end": 263, 
                    "score": 0.02041785418987274, 
                    "spot": "Sunday night"
                }
            ], 
            "wiki_id": 20989782, 
            "wiki_title": "Sunday Night (Australian TV program)"
        }, 
        {
            "annotations": [
                {
                    "begin": 2294, 
                    "end": 2298, 
                    "score": 0.16120454668998718, 
                    "spot": "rain"
                }
            ], 
            "wiki_id": 19009110, 
            "wiki_title": "Rain"
        }, 
        {
            "annotations": [
                {
                    "begin": 1192, 
                    "end": 1200, 
                    "score": 0.046989914029836655, 
                    "spot": "mourning"
                }
            ], 
            "wiki_id": 188399, 
            "wiki_title": "Mourning"
        }, 
        {
            "annotations": [
                {
                    "begin": 3799, 
                    "end": 3803, 
                    "score": 0.20617057383060455, 
                    "spot": "loss"
                }
            ], 
            "wiki_id": 234798, 
            "wiki_title": "Grief"
        }, 
        {
            "annotations": [
                {
                    "begin": 141, 
                    "end": 147, 
                    "score": 0.011290897615253925, 
                    "spot": "member"
                }
            ], 
            "wiki_id": 263678, 
            "wiki_title": "Member of the Scottish Parliament"
        }, 
        {
            "annotations": [
                {
                    "begin": 1848, 
                    "end": 1854, 
                    "score": 0.11539458483457565, 
                    "spot": "nation"
                }
            ], 
            "wiki_id": 21754, 
            "wiki_title": "Nation"
        }, 
        {
            "annotations": [
                {
                    "begin": 4261, 
                    "end": 4268, 
                    "score": 0.2143258899450302, 
                    "spot": "Atlanta"
                }
            ], 
            "wiki_id": 3138, 
            "wiki_title": "Atlanta"
        }, 
        {
            "annotations": [
                {
                    "begin": 325, 
                    "end": 334, 
                    "score": 0.5, 
                    "spot": "the pilot"
                }, 
                {
                    "begin": 3267, 
                    "end": 3276, 
                    "score": 0.5, 
                    "spot": "The pilot"
                }
            ], 
            "wiki_id": 5073006, 
            "wiki_title": "The Pilot (Seinfeld)"
        }, 
        {
            "annotations": [
                {
                    "begin": 817, 
                    "end": 820, 
                    "score": 0.03749728575348854, 
                    "spot": "day"
                }
            ], 
            "wiki_id": 8376, 
            "wiki_title": "Day"
        }, 
        {
            "annotations": [
                {
                    "begin": 2046, 
                    "end": 2052, 
                    "score": 0.1007716953754425, 
                    "spot": "flight"
                }
            ], 
            "wiki_id": 1837609, 
            "wiki_title": "Bird flight"
        }, 
        {
            "annotations": [
                {
                    "begin": 4291, 
                    "end": 4297, 
                    "score": 0.12131138890981674, 
                    "spot": "Silver"
                }
            ], 
            "wiki_id": 4002166, 
            "wiki_title": "Silver Line (Washington Metro)"
        }, 
        {
            "annotations": [
                {
                    "begin": 2564, 
                    "end": 2569, 
                    "score": 0.23170311748981476, 
                    "spot": "sound"
                }
            ], 
            "wiki_id": 18994087, 
            "wiki_title": "Sound"
        }, 
        {
            "annotations": [
                {
                    "begin": 3062, 
                    "end": 3066, 
                    "score": 0.003147353418171406, 
                    "spot": "Jody"
                }
            ], 
            "wiki_id": 32243548, 
            "wiki_title": "Jody (song)"
        }, 
        {
            "annotations": [
                {
                    "begin": 3051, 
                    "end": 3059, 
                    "score": 0.0013046861859038472, 
                    "spot": "schedule"
                }
            ], 
            "wiki_id": 8624576, 
            "wiki_title": "Public transport timetable"
        }, 
        {
            "annotations": [
                {
                    "begin": 3831, 
                    "end": 3836, 
                    "score": 0.053881123661994934, 
                    "spot": "flags"
                }
            ], 
            "wiki_id": 11447, 
            "wiki_title": "Flag of the United States"
        }, 
        {
            "annotations": [
                {
                    "begin": 3705, 
                    "end": 3709, 
                    "score": 0.14131592214107513, 
                    "spot": "wife"
                }
            ], 
            "wiki_id": 177428, 
            "wiki_title": "Wife"
        }, 
        {
            "annotations": [
                {
                    "begin": 2603, 
                    "end": 2608, 
                    "score": 0.19768784940242767, 
                    "spot": "Miami"
                }
            ], 
            "wiki_id": 53846, 
            "wiki_title": "Miami"
        }, 
        {
            "annotations": [
                {
                    "begin": 4107, 
                    "end": 4115, 
                    "score": 0.1778169721364975, 
                    "spot": "strength"
                }
            ], 
            "wiki_id": 237207, 
            "wiki_title": "Ultimate tensile strength"
        }, 
        {
            "annotations": [
                {
                    "begin": 344, 
                    "end": 352, 
                    "score": 0.2222222238779068, 
                    "spot": "Vierling"
                }
            ], 
            "wiki_id": 34671772, 
            "wiki_title": "Georg Vierling"
        }, 
        {
            "annotations": [
                {
                    "begin": 3639, 
                    "end": 3653, 
                    "score": 0.19420014321804047, 
                    "spot": "state agencies"
                }
            ], 
            "wiki_id": 489674, 
            "wiki_title": "Government agency"
        }, 
        {
            "annotations": [
                {
                    "begin": 4273, 
                    "end": 4285, 
                    "score": 0.055083662271499634, 
                    "spot": "staff writer"
                }
            ], 
            "wiki_id": 23425509, 
            "wiki_title": "Staff writer"
        }, 
        {
            "annotations": [
                {
                    "begin": 3586, 
                    "end": 3597, 
                    "score": 0.08717884123325348, 
                    "spot": "coordinated"
                }
            ], 
            "wiki_id": 3313340, 
            "wiki_title": "Motor coordination"
        }, 
        {
            "annotations": [
                {
                    "begin": 2411, 
                    "end": 2421, 
                    "score": 0.001612903201021254, 
                    "spot": "go to \nbed"
                }
            ], 
            "wiki_id": 3170018, 
            "wiki_title": "Stoppit and Tidyup"
        }, 
        {
            "annotations": [
                {
                    "begin": 1765, 
                    "end": 1775, 
                    "score": 0.07836071401834488, 
                    "spot": "Montgomery"
                }
            ], 
            "wiki_id": 57690, 
            "wiki_title": "Montgomery, Alabama"
        }, 
        {
            "annotations": [
                {
                    "begin": 2248, 
                    "end": 2254, 
                    "score": 0.0504114143550396, 
                    "spot": "Barker"
                }
            ], 
            "wiki_id": 4463342, 
            "wiki_title": "Cam Barker"
        }, 
        {
            "annotations": [
                {
                    "begin": 464, 
                    "end": 469, 
                    "score": 0.0060240961611270905, 
                    "spot": "P>\n<P"
                }, 
                {
                    "begin": 785, 
                    "end": 790, 
                    "score": 0.2779339551925659, 
                    "spot": "P>\n<P"
                }, 
                {
                    "begin": 1050, 
                    "end": 1055, 
                    "score": 0.045828238129615784, 
                    "spot": "P>\n<P"
                }, 
                {
                    "begin": 1221, 
                    "end": 1226, 
                    "score": 0.0060240961611270905, 
                    "spot": "P>\n<P"
                }, 
                {
                    "begin": 1860, 
                    "end": 1865, 
                    "score": 0.05922485888004303, 
                    "spot": "P>\n<P"
                }, 
                {
                    "begin": 2057, 
                    "end": 2062, 
                    "score": 0.06783633679151535, 
                    "spot": "P>\n<P"
                }, 
                {
                    "begin": 2593, 
                    "end": 2598, 
                    "score": 0.11581149697303772, 
                    "spot": "P>\n<P"
                }, 
                {
                    "begin": 2843, 
                    "end": 2848, 
                    "score": 0.12881560623645782, 
                    "spot": "P>\n<P"
                }, 
                {
                    "begin": 3137, 
                    "end": 3142, 
                    "score": 0.06043799966573715, 
                    "spot": "P>\n<P"
                }, 
                {
                    "begin": 3373, 
                    "end": 3378, 
                    "score": 0.08764494955539703, 
                    "spot": "P>\n<P"
                }, 
                {
                    "begin": 3677, 
                    "end": 3682, 
                    "score": 0.0060240961611270905, 
                    "spot": "P>\n<P"
                }, 
                {
                    "begin": 3880, 
                    "end": 3885, 
                    "score": 0.0060240961611270905, 
                    "spot": "P>\n<P"
                }, 
                {
                    "begin": 4223, 
                    "end": 4228, 
                    "score": 0.08575035631656647, 
                    "spot": "P>\n<P"
                }
            ], 
            "wiki_id": 37649, 
            "wiki_title": "Amplitude"
        }, 
        {
            "annotations": [
                {
                    "begin": 2023, 
                    "end": 2026, 
                    "score": 0.008476893417537212, 
                    "spot": "p.m"
                }
            ], 
            "wiki_id": 24452, 
            "wiki_title": "Prime Minister of India"
        }, 
        {
            "annotations": [
                {
                    "begin": 1758, 
                    "end": 1763, 
                    "score": 0.005180533975362778, 
                    "spot": "Sonny"
                }
            ], 
            "wiki_id": 1625921, 
            "wiki_title": "Sonny Corleone"
        }, 
        {
            "annotations": [
                {
                    "begin": 4161, 
                    "end": 4164, 
                    "score": 0.11585087329149246, 
                    "spot": "You"
                }
            ], 
            "wiki_id": 7445875, 
            "wiki_title": "You (Lloyd song)"
        }, 
        {
            "annotations": [
                {
                    "begin": 294, 
                    "end": 303, 
                    "score": 0.07639595866203308, 
                    "spot": "community"
                }
            ], 
            "wiki_id": 21998954, 
            "wiki_title": "Community (TV series)"
        }, 
        {
            "annotations": [
                {
                    "begin": 913, 
                    "end": 922, 
                    "score": 0.029018204659223557, 
                    "spot": "Ethiopian"
                }
            ], 
            "wiki_id": 187749, 
            "wiki_title": "Ethiopia"
        }, 
        {
            "annotations": [
                {
                    "begin": 744, 
                    "end": 750, 
                    "score": 0.021213576197624207, 
                    "spot": "Gaston"
                }
            ], 
            "wiki_id": 1545866, 
            "wiki_title": "Cito Gaston"
        }, 
        {
            "annotations": [
                {
                    "begin": 3317, 
                    "end": 3337, 
                    "score": 0.3536195755004883, 
                    "spot": "physical examination"
                }
            ], 
            "wiki_id": 602919, 
            "wiki_title": "Physical examination"
        }, 
        {
            "annotations": [
                {
                    "begin": 4095, 
                    "end": 4103, 
                    "score": 0.2606041133403778, 
                    "spot": "a pillar"
                }, 
                {
                    "begin": 4097, 
                    "end": 4103, 
                    "score": 0.28732264041900635, 
                    "spot": "pillar"
                }
            ], 
            "wiki_id": 2984941, 
            "wiki_title": "Pillar (car)"
        }, 
        {
            "annotations": [
                {
                    "begin": 761, 
                    "end": 770, 
                    "score": 0.03752560168504715, 
                    "spot": "telephone"
                }
            ], 
            "wiki_id": 30003, 
            "wiki_title": "Telephone"
        }, 
        {
            "annotations": [
                {
                    "begin": 1112, 
                    "end": 1120, 
                    "score": 0.00904728565365076, 
                    "spot": "sympathy"
                }
            ], 
            "wiki_id": 806023, 
            "wiki_title": "Sympathy"
        }, 
        {
            "annotations": [
                {
                    "begin": 2282, 
                    "end": 2287, 
                    "score": 0.11643333733081818, 
                    "spot": "miles"
                }
            ], 
            "wiki_id": 19159, 
            "wiki_title": "Mile"
        }, 
        {
            "annotations": [
                {
                    "begin": 162, 
                    "end": 168, 
                    "score": 0.1430628001689911, 
                    "spot": "killed"
                }
            ], 
            "wiki_id": 7746616, 
            "wiki_title": "Death of Osama bin Laden"
        }, 
        {
            "annotations": [
                {
                    "begin": 993, 
                    "end": 1001, 
                    "score": 0.0007892659632489085, 
                    "spot": "took off"
                }
            ], 
            "wiki_id": 165096, 
            "wiki_title": "Takeoff"
        }, 
        {
            "annotations": [
                {
                    "begin": 3228, 
                    "end": 3237, 
                    "score": 0.004724409431219101, 
                    "spot": "last year"
                }
            ], 
            "wiki_id": 7353934, 
            "wiki_title": "Last Year (song)"
        }, 
        {
            "annotations": [
                {
                    "begin": 1280, 
                    "end": 1289, 
                    "score": 0.28680193424224854, 
                    "spot": "President"
                }
            ], 
            "wiki_id": 24113, 
            "wiki_title": "President of the United States"
        }, 
        {
            "annotations": [
                {
                    "begin": 4286, 
                    "end": 4290, 
                    "score": 0.01931975968182087, 
                    "spot": "Lori"
                }
            ], 
            "wiki_id": 470506, 
            "wiki_title": "Lori Province"
        }, 
        {
            "annotations": [
                {
                    "begin": 381, 
                    "end": 387, 
                    "score": 0.0565161295235157, 
                    "spot": "flying"
                }
            ], 
            "wiki_id": 2850745, 
            "wiki_title": "Armlock"
        }, 
        {
            "annotations": [
                {
                    "begin": 676, 
                    "end": 679, 
                    "score": 0.0032156745437532663, 
                    "spot": "cut"
                }
            ], 
            "wiki_id": 21892870, 
            "wiki_title": "Cut (earthmoving)"
        }, 
        {
            "annotations": [
                {
                    "begin": 639, 
                    "end": 642, 
                    "score": 0.00488158967345953, 
                    "spot": "air"
                }
            ], 
            "wiki_id": 552884, 
            "wiki_title": "A\u00efr Mountains"
        }, 
        {
            "annotations": [
                {
                    "begin": 1398, 
                    "end": 1408, 
                    "score": 0.5, 
                    "spot": "Trent Lott"
                }
            ], 
            "wiki_id": 157873, 
            "wiki_title": "Trent Lott"
        }, 
        {
            "annotations": [
                {
                    "begin": 1956, 
                    "end": 1962, 
                    "score": 0.2753579020500183, 
                    "spot": "Sunday"
                }
            ], 
            "wiki_id": 4315483, 
            "wiki_title": "Sunday Night Baseball"
        }, 
        {
            "annotations": [
                {
                    "begin": 1211, 
                    "end": 1216, 
                    "score": 0.08895339071750641, 
                    "spot": "death"
                }
            ], 
            "wiki_id": 22852566, 
            "wiki_title": "Crucifixion of Jesus"
        }, 
        {
            "annotations": [
                {
                    "begin": 937, 
                    "end": 943, 
                    "score": 0.19498158991336823, 
                    "spot": "Leland"
                }, 
                {
                    "begin": 937, 
                    "end": 945, 
                    "score": 0.26157405972480774, 
                    "spot": "Leland's"
                }, 
                {
                    "begin": 1202, 
                    "end": 1208, 
                    "score": 0.23812977969646454, 
                    "spot": "Leland"
                }, 
                {
                    "begin": 1202, 
                    "end": 1210, 
                    "score": 0.22138893604278564, 
                    "spot": "Leland's"
                }
            ], 
            "wiki_id": 149522, 
            "wiki_title": "John Leland (antiquary)"
        }, 
        {
            "annotations": [
                {
                    "begin": 3246, 
                    "end": 3253, 
                    "score": 0.001926264725625515, 
                    "spot": "current"
                }
            ], 
            "wiki_id": 6207, 
            "wiki_title": "Electric current"
        }, 
        {
            "annotations": [
                {
                    "begin": 1751, 
                    "end": 1755, 
                    "score": 0.04605124890804291, 
                    "spot": "G. V"
                }
            ], 
            "wiki_id": 908696, 
            "wiki_title": "Gulfstream V"
        }, 
        {
            "annotations": [
                {
                    "begin": 3841, 
                    "end": 3855, 
                    "score": 0.16747625172138214, 
                    "spot": "state property"
                }
            ], 
            "wiki_id": 419202, 
            "wiki_title": "State ownership"
        }, 
        {
            "annotations": [
                {
                    "begin": 514, 
                    "end": 529, 
                    "score": 0.09725655615329742, 
                    "spot": "National Forest"
                }
            ], 
            "wiki_id": 42653, 
            "wiki_title": "United States National Forest"
        }, 
        {
            "annotations": [
                {
                    "begin": 2457, 
                    "end": 2466, 
                    "score": 0.08493290841579437, 
                    "spot": "I thought"
                }
            ], 
            "wiki_id": 4364122, 
            "wiki_title": "Ahamkara"
        }, 
        {
            "annotations": [
                {
                    "begin": 507, 
                    "end": 529, 
                    "score": 0.5, 
                    "spot": "DeSoto National Forest"
                }
            ], 
            "wiki_id": 2829794, 
            "wiki_title": "De Soto National Forest"
        }, 
        {
            "annotations": [
                {
                    "begin": 4250, 
                    "end": 4257, 
                    "score": 0.04778391867876053, 
                    "spot": "Stanley"
                }
            ], 
            "wiki_id": 127913, 
            "wiki_title": "Stanley, North Carolina"
        }, 
        {
            "annotations": [
                {
                    "begin": 761, 
                    "end": 780, 
                    "score": 0.015384615398943424, 
                    "spot": "telephone interview"
                }
            ], 
            "wiki_id": 33700672, 
            "wiki_title": "Telephone interview"
        }, 
        {
            "annotations": [
                {
                    "begin": 175, 
                    "end": 192, 
                    "score": 0.03502415493130684, 
                    "spot": "aviation accident"
                }, 
                {
                    "begin": 2207, 
                    "end": 2221, 
                    "score": 0.05959031730890274, 
                    "spot": "airplane crash"
                }, 
                {
                    "begin": 2829, 
                    "end": 2838, 
                    "score": 0.12062907963991165, 
                    "spot": "incidents"
                }
            ], 
            "wiki_id": 164536, 
            "wiki_title": "Aviation accidents and incidents"
        }, 
        {
            "annotations": [
                {
                    "begin": 243, 
                    "end": 250, 
                    "score": 0.155657559633255, 
                    "spot": "crashed"
                }
            ], 
            "wiki_id": 23450997, 
            "wiki_title": "John F. Kennedy Jr. plane crash"
        }, 
        {
            "annotations": [
                {
                    "begin": 1057, 
                    "end": 1061, 
                    "score": 0.06573465466499329, 
                    "spot": "News"
                }
            ], 
            "wiki_id": 1720678, 
            "wiki_title": "News broadcasting"
        }, 
        {
            "annotations": [
                {
                    "begin": 2260, 
                    "end": 2270, 
                    "score": 0.07109837979078293, 
                    "spot": "visibility"
                }
            ], 
            "wiki_id": 1796418, 
            "wiki_title": "Visibility"
        }, 
        {
            "annotations": [
                {
                    "begin": 1922, 
                    "end": 1943, 
                    "score": 0.186968594789505, 
                    "spot": "World Series baseball"
                }
            ], 
            "wiki_id": 4755327, 
            "wiki_title": "World Series Baseball (video game)"
        }, 
        {
            "annotations": [
                {
                    "begin": 671, 
                    "end": 675, 
                    "score": 0.007283556275069714, 
                    "spot": "path"
                }
            ], 
            "wiki_id": 638889, 
            "wiki_title": "Path (graph theory)"
        }, 
        {
            "annotations": [
                {
                    "begin": 687, 
                    "end": 692, 
                    "score": 0.012594458647072315, 
                    "spot": "plane"
                }
            ], 
            "wiki_id": 452991, 
            "wiki_title": "Plane (tool)"
        }, 
        {
            "annotations": [
                {
                    "begin": 2340, 
                    "end": 2345, 
                    "score": 0.030488938093185425, 
                    "spot": "Lamar"
                }
            ], 
            "wiki_id": 29909823, 
            "wiki_title": "Kendrick Lamar"
        }, 
        {
            "annotations": [
                {
                    "begin": 2626, 
                    "end": 2634, 
                    "score": 0.06386581063270569, 
                    "spot": "regional"
                }
            ], 
            "wiki_id": 4880292, 
            "wiki_title": "Regional sports network"
        }, 
        {
            "annotations": [
                {
                    "begin": 4241, 
                    "end": 4246, 
                    "score": 0.006298271473497152, 
                    "spot": "Edith"
                }
            ], 
            "wiki_id": 1348309, 
            "wiki_title": "Edith of Wessex"
        }, 
        {
            "annotations": [
                {
                    "begin": 232, 
                    "end": 242, 
                    "score": 0.6437023878097534, 
                    "spot": "Cessna 177"
                }
            ], 
            "wiki_id": 1807924, 
            "wiki_title": "Cessna 177 Cardinal"
        }, 
        {
            "annotations": [
                {
                    "begin": 1651, 
                    "end": 1653, 
                    "score": 0.020942343398928642, 
                    "spot": "We"
                }, 
                {
                    "begin": 2427, 
                    "end": 2429, 
                    "score": 0.0011683235643431544, 
                    "spot": "we"
                }
            ], 
            "wiki_id": 65758, 
            "wiki_title": "Western (genre)"
        }, 
        {
            "annotations": [
                {
                    "begin": 2912, 
                    "end": 2915, 
                    "score": 0.10037527978420258, 
                    "spot": "Inc"
                }
            ], 
            "wiki_id": 414411, 
            "wiki_title": "Incorporation (business)"
        }, 
        {
            "annotations": [
                {
                    "begin": 3792, 
                    "end": 3798, 
                    "score": 0.1581907421350479, 
                    "spot": "tragic"
                }
            ], 
            "wiki_id": 57993, 
            "wiki_title": "Tragedy"
        }, 
        {
            "annotations": [
                {
                    "begin": 2064, 
                    "end": 2075, 
                    "score": 0.3958333432674408, 
                    "spot": "Jack Barker"
                }
            ], 
            "wiki_id": 13878287, 
            "wiki_title": "Jack Barker"
        }, 
        {
            "annotations": [
                {
                    "begin": 3109, 
                    "end": 3118, 
                    "score": 0.05589886009693146, 
                    "spot": "reimburse"
                }
            ], 
            "wiki_id": 3237859, 
            "wiki_title": "Reimbursement"
        }, 
        {
            "annotations": [
                {
                    "begin": 1258, 
                    "end": 1274, 
                    "score": 0.6845368146896362, 
                    "spot": "Marlin Fitzwater"
                }
            ], 
            "wiki_id": 1486379, 
            "wiki_title": "Marlin Fitzwater"
        }, 
        {
            "annotations": [
                {
                    "begin": 1294, 
                    "end": 1303, 
                    "score": 0.042553190141916275, 
                    "spot": "Mrs. Bush"
                }
            ], 
            "wiki_id": 163047, 
            "wiki_title": "Barbara Bush"
        }, 
        {
            "annotations": [
                {
                    "begin": 1248, 
                    "end": 1257, 
                    "score": 0.007103105075657368, 
                    "spot": "spokesman"
                }, 
                {
                    "begin": 2111, 
                    "end": 2120, 
                    "score": 0.007103105075657368, 
                    "spot": "spokesman"
                }, 
                {
                    "begin": 3078, 
                    "end": 3089, 
                    "score": 0.005452821031212807, 
                    "spot": "spokeswoman"
                }
            ], 
            "wiki_id": 338047, 
            "wiki_title": "Spokesperson"
        }, 
        {
            "annotations": [
                {
                    "begin": 4142, 
                    "end": 4147, 
                    "score": 0.053222961723804474, 
                    "spot": "above"
                }
            ], 
            "wiki_id": 168041, 
            "wiki_title": "Anatomical terms of location"
        }, 
        {
            "annotations": [
                {
                    "begin": 2935, 
                    "end": 2944, 
                    "score": 0.07391779124736786, 
                    "spot": "institute"
                }, 
                {
                    "begin": 3123, 
                    "end": 3132, 
                    "score": 0.04957287013530731, 
                    "spot": "institute"
                }, 
                {
                    "begin": 3218, 
                    "end": 3227, 
                    "score": 0.06457234919071198, 
                    "spot": "institute"
                }
            ], 
            "wiki_id": 19725260, 
            "wiki_title": "University"
        }, 
        {
            "annotations": [
                {
                    "begin": 450, 
                    "end": 459, 
                    "score": 0.05544590950012207, 
                    "spot": "officials"
                }
            ], 
            "wiki_id": 725182, 
            "wiki_title": "Official"
        }, 
        {
            "annotations": [
                {
                    "begin": 1021, 
                    "end": 1028, 
                    "score": 0.1227210983633995, 
                    "spot": "mission"
                }
            ], 
            "wiki_id": 666301, 
            "wiki_title": "Military operation"
        }, 
        {
            "annotations": [
                {
                    "begin": 1833, 
                    "end": 1838, 
                    "score": 0.0745711699128151, 
                    "spot": "state"
                }
            ], 
            "wiki_id": 31975, 
            "wiki_title": "United States Department of State"
        }, 
        {
            "annotations": [
                {
                    "begin": 1162, 
                    "end": 1167, 
                    "score": 0.1441723108291626, 
                    "spot": "Smith"
                }
            ], 
            "wiki_id": 247957, 
            "wiki_title": "Smith College"
        }, 
        {
            "annotations": [
                {
                    "begin": 2346, 
                    "end": 2353, 
                    "score": 0.19087257981300354, 
                    "spot": "Breland"
                }
            ], 
            "wiki_id": 43579707, 
            "wiki_title": "Jim Breland"
        }, 
        {
            "annotations": [
                {
                    "begin": 4088, 
                    "end": 4093, 
                    "score": 0.22905239462852478, 
                    "spot": "Smith"
                }
            ], 
            "wiki_id": 91691, 
            "wiki_title": "Smith County, Tennessee"
        }, 
        {
            "annotations": [
                {
                    "begin": 471, 
                    "end": 480, 
                    "score": 0.28100988268852234, 
                    "spot": "Searchers"
                }
            ], 
            "wiki_id": 1190374, 
            "wiki_title": "The Searchers (band)"
        }, 
        {
            "annotations": [
                {
                    "begin": 444, 
                    "end": 449, 
                    "score": 0.19954310357570648, 
                    "spot": "local"
                }, 
                {
                    "begin": 3629, 
                    "end": 3634, 
                    "score": 0.12349578738212585, 
                    "spot": "local"
                }
            ], 
            "wiki_id": 1549583, 
            "wiki_title": "Local government in the United States"
        }, 
        {
            "annotations": [
                {
                    "begin": 368, 
                    "end": 374, 
                    "score": 0.06777903437614441, 
                    "spot": "killed"
                }
            ], 
            "wiki_id": 286369, 
            "wiki_title": "Assassination of John F. Kennedy"
        }, 
        {
            "annotations": [
                {
                    "begin": 1625, 
                    "end": 1638, 
                    "score": 0.05206463113427162, 
                    "spot": "illegal drugs"
                }
            ], 
            "wiki_id": 51036, 
            "wiki_title": "Prohibition of drugs"
        }, 
        {
            "annotations": [
                {
                    "begin": 3887, 
                    "end": 3894, 
                    "score": 0.14368513226509094, 
                    "spot": "Friends"
                }
            ], 
            "wiki_id": 11315, 
            "wiki_title": "Friends"
        }, 
        {
            "annotations": [
                {
                    "begin": 3254, 
                    "end": 3264, 
                    "score": 0.004992693662643433, 
                    "spot": "inspection"
                }
            ], 
            "wiki_id": 467888, 
            "wiki_title": "Inspection"
        }, 
        {
            "annotations": [
                {
                    "begin": 1659, 
                    "end": 1683, 
                    "score": 0.07981927692890167, 
                    "spot": "congressional delegation"
                }
            ], 
            "wiki_id": 36717766, 
            "wiki_title": "Parliamentary delegation"
        }, 
        {
            "annotations": [
                {
                    "begin": 2754, 
                    "end": 2767, 
                    "score": 0.1044560968875885, 
                    "spot": "Investigators"
                }
            ], 
            "wiki_id": 118576, 
            "wiki_title": "Detective"
        }, 
        {
            "annotations": [
                {
                    "begin": 1425, 
                    "end": 1439, 
                    "score": 0.008821170777082443, 
                    "spot": "just beginning"
                }
            ], 
            "wiki_id": 21344353, 
            "wiki_title": "Just the Beginning (Voices album)"
        }, 
        {
            "annotations": [
                {
                    "begin": 2322, 
                    "end": 2327, 
                    "score": 0.1622861623764038, 
                    "spot": "heavy"
                }
            ], 
            "wiki_id": 1862461, 
            "wiki_title": "Heavy machine gun"
        }, 
        {
            "annotations": [
                {
                    "begin": 577, 
                    "end": 585, 
                    "score": 0.005703855771571398, 
                    "spot": "wreckage"
                }, 
                {
                    "begin": 825, 
                    "end": 833, 
                    "score": 0.005703855771571398, 
                    "spot": "wreckage"
                }
            ], 
            "wiki_id": 11435951, 
            "wiki_title": "Wreckage (Transformers)"
        }, 
        {
            "annotations": [
                {
                    "begin": 2430, 
                    "end": 2435, 
                    "score": 0.12303674221038818, 
                    "spot": "heard"
                }, 
                {
                    "begin": 2547, 
                    "end": 2552, 
                    "score": 0.24651436507701874, 
                    "spot": "heard"
                }
            ], 
            "wiki_id": 21282020, 
            "wiki_title": "Hearing"
        }, 
        {
            "annotations": [
                {
                    "begin": 854, 
                    "end": 857, 
                    "score": 0.15201197564601898, 
                    "spot": "Rep"
                }
            ], 
            "wiki_id": 223225, 
            "wiki_title": "Member of Congress"
        }, 
        {
            "annotations": [
                {
                    "begin": 2181, 
                    "end": 2185, 
                    "score": 0.003307982115074992, 
                    "spot": "area"
                }
            ], 
            "wiki_id": 3755059, 
            "wiki_title": "Area (band)"
        }, 
        {
            "annotations": [
                {
                    "begin": 134, 
                    "end": 140, 
                    "score": 0.0014540784759446979, 
                    "spot": "second"
                }
            ], 
            "wiki_id": 1800845, 
            "wiki_title": "Second Protectorate Parliament"
        }, 
        {
            "annotations": [
                {
                    "begin": 839, 
                    "end": 844, 
                    "score": 0.012594458647072315, 
                    "spot": "plane"
                }, 
                {
                    "begin": 2136, 
                    "end": 2141, 
                    "score": 0.012594458647072315, 
                    "spot": "plane"
                }, 
                {
                    "begin": 2438, 
                    "end": 2443, 
                    "score": 0.09912338852882385, 
                    "spot": "plane"
                }
            ], 
            "wiki_id": 1396249, 
            "wiki_title": "Airplane"
        }, 
        {
            "annotations": [
                {
                    "begin": 1467, 
                    "end": 1475, 
                    "score": 0.0676327645778656, 
                    "spot": "Congress"
                }, 
                {
                    "begin": 1659, 
                    "end": 1672, 
                    "score": 0.11274094134569168, 
                    "spot": "congressional"
                }
            ], 
            "wiki_id": 31756, 
            "wiki_title": "United States Congress"
        }, 
        {
            "annotations": [
                {
                    "begin": 315, 
                    "end": 320, 
                    "score": 0.046533916145563126, 
                    "spot": "Smith"
                }, 
                {
                    "begin": 1488, 
                    "end": 1493, 
                    "score": 0.14279772341251373, 
                    "spot": "Smith"
                }, 
                {
                    "begin": 3096, 
                    "end": 3101, 
                    "score": 0.046533916145563126, 
                    "spot": "Smith"
                }, 
                {
                    "begin": 3580, 
                    "end": 3585, 
                    "score": 0.14279772341251373, 
                    "spot": "Smith"
                }, 
                {
                    "begin": 3980, 
                    "end": 3985, 
                    "score": 0.046533916145563126, 
                    "spot": "Smith"
                }
            ], 
            "wiki_id": 1683750, 
            "wiki_title": "Smith (surname)"
        }, 
        {
            "annotations": [
                {
                    "begin": 2314, 
                    "end": 2321, 
                    "score": 0.5590416193008423, 
                    "spot": "but not"
                }
            ], 
            "wiki_id": 26600080, 
            "wiki_title": "For but not with"
        }, 
        {
            "annotations": [
                {
                    "begin": 3783, 
                    "end": 3788, 
                    "score": 0.21983602643013, 
                    "spot": "death"
                }
            ], 
            "wiki_id": 8221, 
            "wiki_title": "Death"
        }, 
        {
            "annotations": [
                {
                    "begin": 705, 
                    "end": 719, 
                    "score": 0.5205898880958557, 
                    "spot": "County Sheriff"
                }, 
                {
                    "begin": 712, 
                    "end": 719, 
                    "score": 0.5668489933013916, 
                    "spot": "Sheriff"
                }, 
                {
                    "begin": 1504, 
                    "end": 1511, 
                    "score": 0.2971312701702118, 
                    "spot": "sheriff"
                }, 
                {
                    "begin": 3491, 
                    "end": 3498, 
                    "score": 0.2876408100128174, 
                    "spot": "Sheriff"
                }, 
                {
                    "begin": 3571, 
                    "end": 3578, 
                    "score": 0.2971312701702118, 
                    "spot": "sheriff"
                }, 
                {
                    "begin": 4009, 
                    "end": 4016, 
                    "score": 0.24705375730991364, 
                    "spot": "sheriff"
                }
            ], 
            "wiki_id": 89516, 
            "wiki_title": "Sheriff"
        }, 
        {
            "annotations": [
                {
                    "begin": 1718, 
                    "end": 1723, 
                    "score": 0.15573838353157043, 
                    "spot": "fight"
                }
            ], 
            "wiki_id": 3003098, 
            "wiki_title": "Fight (band)"
        }, 
        {
            "annotations": [
                {
                    "begin": 4302, 
                    "end": 4312, 
                    "score": 0.12611240148544312, 
                    "spot": "Washington"
                }
            ], 
            "wiki_id": 11968, 
            "wiki_title": "George Washington"
        }, 
        {
            "annotations": [
                {
                    "begin": 3067, 
                    "end": 3073, 
                    "score": 0.2222222238779068, 
                    "spot": "Canady"
                }
            ], 
            "wiki_id": 25176342, 
            "wiki_title": "Herman George Canady"
        }, 
        {
            "annotations": [
                {
                    "begin": 1898, 
                    "end": 1902, 
                    "score": 0.07746811211109161, 
                    "spot": "ball"
                }
            ], 
            "wiki_id": 143183, 
            "wiki_title": "Football (ball)"
        }, 
        {
            "annotations": [
                {
                    "begin": 1733, 
                    "end": 1738, 
                    "score": 0.10485455393791199, 
                    "spot": "drugs"
                }, 
                {
                    "begin": 3598, 
                    "end": 3607, 
                    "score": 0.14379346370697021, 
                    "spot": "anti-drug"
                }
            ], 
            "wiki_id": 102959, 
            "wiki_title": "Substance abuse"
        }, 
        {
            "annotations": [
                {
                    "begin": 3714, 
                    "end": 3723, 
                    "score": 0.16249796748161316, 
                    "spot": "one child"
                }
            ], 
            "wiki_id": 44664, 
            "wiki_title": "One-child policy"
        }, 
        {
            "annotations": [
                {
                    "begin": 59, 
                    "end": 70, 
                    "score": 0.014285714365541935, 
                    "spot": "light plane"
                }
            ], 
            "wiki_id": 49201, 
            "wiki_title": "Biplane"
        }, 
        {
            "annotations": [
                {
                    "begin": 2742, 
                    "end": 2751, 
                    "score": 0.1875, 
                    "spot": "the scene"
                }
            ], 
            "wiki_id": 1634555, 
            "wiki_title": "The Scene (miniseries)"
        }, 
        {
            "annotations": [
                {
                    "begin": 1746, 
                    "end": 1749, 
                    "score": 0.04679840803146362, 
                    "spot": "Rep"
                }
            ], 
            "wiki_id": 32070, 
            "wiki_title": "Republican Party (United States)"
        }, 
        {
            "annotations": [
                {
                    "begin": 500, 
                    "end": 506, 
                    "score": 0.06416025757789612, 
                    "spot": "wooded"
                }, 
                {
                    "begin": 523, 
                    "end": 529, 
                    "score": 0.12422103434801102, 
                    "spot": "Forest"
                }
            ], 
            "wiki_id": 11090, 
            "wiki_title": "Forest"
        }, 
        {
            "annotations": [
                {
                    "begin": 481, 
                    "end": 487, 
                    "score": 0.00904605258256197, 
                    "spot": "combed"
                }
            ], 
            "wiki_id": 9146365, 
            "wiki_title": "Combing"
        }, 
        {
            "annotations": [
                {
                    "begin": 1997, 
                    "end": 2007, 
                    "score": 0.016058683395385742, 
                    "spot": "taking off"
                }
            ], 
            "wiki_id": 12601849, 
            "wiki_title": "Taking Off (film)"
        }, 
        {
            "annotations": [
                {
                    "begin": 3290, 
                    "end": 3297, 
                    "score": 0.11266111582517624, 
                    "spot": "license"
                }
            ], 
            "wiki_id": 39527321, 
            "wiki_title": "Driver's license"
        }, 
        {
            "annotations": [
                {
                    "begin": 3756, 
                    "end": 3766, 
                    "score": 0.6534515619277954, 
                    "spot": "Ray \nMabus"
                }
            ], 
            "wiki_id": 216156, 
            "wiki_title": "Ray Mabus"
        }, 
        {
            "annotations": [
                {
                    "begin": 3390, 
                    "end": 3397, 
                    "score": 0.03360019996762276, 
                    "spot": "elected"
                }
            ], 
            "wiki_id": 40567, 
            "wiki_title": "United States presidential election, 1968"
        }, 
        {
            "annotations": [
                {
                    "begin": 1574, 
                    "end": 1599, 
                    "score": 0.2475000023841858, 
                    "spot": "House Judiciary Committee"
                }
            ], 
            "wiki_id": 701802, 
            "wiki_title": "United States House Committee on the Judiciary"
        }, 
        {
            "annotations": [
                {
                    "begin": 2363, 
                    "end": 2379, 
                    "score": 0.5041218400001526, 
                    "spot": "Associated Press"
                }
            ], 
            "wiki_id": 18935732, 
            "wiki_title": "Associated Press"
        }, 
        {
            "annotations": [
                {
                    "begin": 198, 
                    "end": 202, 
                    "score": 0.0010929567506536841, 
                    "spot": "week"
                }
            ], 
            "wiki_id": 33538, 
            "wiki_title": "Week"
        }, 
        {
            "annotations": [
                {
                    "begin": 1363, 
                    "end": 1370, 
                    "score": 0.002494820160791278, 
                    "spot": "elected"
                }
            ], 
            "wiki_id": 20259327, 
            "wiki_title": "Elected (song)"
        }, 
        {
            "annotations": [
                {
                    "begin": 111, 
                    "end": 117, 
                    "score": 0.0021803646814078093, 
                    "spot": "Monday"
                }
            ], 
            "wiki_id": 54406, 
            "wiki_title": "Monday"
        }, 
        {
            "annotations": [
                {
                    "begin": 2237, 
                    "end": 2246, 
                    "score": 0.004595051519572735, 
                    "spot": "officials"
                }
            ], 
            "wiki_id": 160793, 
            "wiki_title": "Civil service"
        }, 
        {
            "annotations": [
                {
                    "begin": 288, 
                    "end": 292, 
                    "score": 0.12416353821754456, 
                    "spot": "tiny"
                }
            ], 
            "wiki_id": 217784, 
            "wiki_title": "The Adventures of Elmo in Grouchland"
        }, 
        {
            "annotations": [
                {
                    "begin": 2061, 
                    "end": 2068, 
                    "score": 0.032258063554763794, 
                    "spot": "P>\nJack"
                }
            ], 
            "wiki_id": 2303551, 
            "wiki_title": "Jack (Tekken)"
        }, 
        {
            "annotations": [
                {
                    "begin": 1065, 
                    "end": 1078, 
                    "score": 0.05111820995807648, 
                    "spot": "Smith's death"
                }, 
                {
                    "begin": 1321, 
                    "end": 1334, 
                    "score": 0.05111820995807648, 
                    "spot": "Smith's death"
                }
            ], 
            "wiki_id": 9045538, 
            "wiki_title": "Death of Joseph Smith"
        }, 
        {
            "annotations": [
                {
                    "begin": 2520, 
                    "end": 2524, 
                    "score": 0.15157994627952576, 
                    "spot": "area"
                }
            ], 
            "wiki_id": 1209, 
            "wiki_title": "Area"
        }, 
        {
            "annotations": [
                {
                    "begin": 1348, 
                    "end": 1353, 
                    "score": 0.10714368522167206, 
                    "spot": "Smith"
                }, 
                {
                    "begin": 2988, 
                    "end": 2993, 
                    "score": 0.08642226457595825, 
                    "spot": "Smith"
                }, 
                {
                    "begin": 3380, 
                    "end": 3385, 
                    "score": 0.12826797366142273, 
                    "spot": "Smith"
                }, 
                {
                    "begin": 3684, 
                    "end": 3689, 
                    "score": 0.2074720561504364, 
                    "spot": "Smith"
                }
            ], 
            "wiki_id": 1814, 
            "wiki_title": "Adam Smith"
        }, 
        {
            "annotations": [
                {
                    "begin": 2197, 
                    "end": 2202, 
                    "score": 0.0011023296974599361, 
                    "spot": "heard"
                }
            ], 
            "wiki_id": 91113, 
            "wiki_title": "Mark Heard"
        }, 
        {
            "annotations": [
                {
                    "begin": 336, 
                    "end": 343, 
                    "score": 0.005229638423770666, 
                    "spot": "Charles"
                }
            ], 
            "wiki_id": 147311, 
            "wiki_title": "Ray Charles"
        }, 
        {
            "annotations": [
                {
                    "begin": 218, 
                    "end": 231, 
                    "score": 0.12482912838459015, 
                    "spot": "single-engine"
                }
            ], 
            "wiki_id": 37745, 
            "wiki_title": "Bell AH-1 Cobra"
        }, 
        {
            "annotations": [
                {
                    "begin": 2966, 
                    "end": 2975, 
                    "score": 0.020150864496827126, 
                    "spot": "statement"
                }
            ], 
            "wiki_id": 304097, 
            "wiki_title": "Press release"
        }, 
        {
            "annotations": [
                {
                    "begin": 1935, 
                    "end": 1943, 
                    "score": 0.11989053338766098, 
                    "spot": "baseball"
                }
            ], 
            "wiki_id": 3850, 
            "wiki_title": "Baseball"
        }, 
        {
            "annotations": [
                {
                    "begin": 3425, 
                    "end": 3466, 
                    "score": 0.5, 
                    "spot": "Mississippi's 5th congressional \ndistrict"
                }
            ], 
            "wiki_id": 9519600, 
            "wiki_title": "Mississippi's 5th congressional district"
        }, 
        {
            "annotations": [
                {
                    "begin": 1697, 
                    "end": 1703, 
                    "score": 0.000514304090756923, 
                    "spot": "depend"
                }
            ], 
            "wiki_id": 47827622, 
            "wiki_title": "Depend (undergarment)"
        }, 
        {
            "annotations": [
                {
                    "begin": 393, 
                    "end": 404, 
                    "score": 0.42020249366760254, 
                    "spot": "Hattiesburg"
                }
            ], 
            "wiki_id": 129294, 
            "wiki_title": "Hattiesburg, Mississippi"
        }, 
        {
            "annotations": [
                {
                    "begin": 2635, 
                    "end": 2643, 
                    "score": 0.06338711082935333, 
                    "spot": "director"
                }
            ], 
            "wiki_id": 1434447, 
            "wiki_title": "Director-general"
        }, 
        {
            "annotations": [
                {
                    "begin": 733, 
                    "end": 737, 
                    "score": 0.046735331416130066, 
                    "spot": "Capt"
                }
            ], 
            "wiki_id": 9320815, 
            "wiki_title": "Captain (armed forces)"
        }, 
        {
            "annotations": [
                {
                    "begin": 2411, 
                    "end": 2413, 
                    "score": 0.004958091303706169, 
                    "spot": "go"
                }
            ], 
            "wiki_id": 64971, 
            "wiki_title": "Go (game)"
        }, 
        {
            "annotations": [
                {
                    "begin": 1382, 
                    "end": 1389, 
                    "score": 0.06388039886951447, 
                    "spot": "vacated"
                }
            ], 
            "wiki_id": 288191, 
            "wiki_title": "Heisman Trophy"
        }, 
        {
            "annotations": [
                {
                    "begin": 2418, 
                    "end": 2421, 
                    "score": 0.05340208858251572, 
                    "spot": "bed"
                }
            ], 
            "wiki_id": 951407, 
            "wiki_title": "Bed"
        }, 
        {
            "annotations": [
                {
                    "begin": 875, 
                    "end": 880, 
                    "score": 0.23113320767879486, 
                    "spot": "D-Tex"
                }
            ], 
            "wiki_id": 9091963, 
            "wiki_title": "Units of textile measurement"
        }, 
        {
            "annotations": [
                {
                    "begin": 2474, 
                    "end": 2478, 
                    "score": 0.2034701704978943, 
                    "spot": "time"
                }
            ], 
            "wiki_id": 30012, 
            "wiki_title": "Time"
        }, 
        {
            "annotations": [
                {
                    "begin": 1689, 
                    "end": 1693, 
                    "score": 0.12676696479320526, 
                    "spot": "come"
                }
            ], 
            "wiki_id": 195376, 
            "wiki_title": "Urban Hymns"
        }, 
        {
            "annotations": [
                {
                    "begin": 2876, 
                    "end": 2911, 
                    "score": 0.5, 
                    "spot": "Institute for Marine Mammal Studies"
                }
            ], 
            "wiki_id": 3384318, 
            "wiki_title": "Institute for Marine Mammal Studies"
        }, 
        {
            "annotations": [
                {
                    "begin": 2228, 
                    "end": 2236, 
                    "score": 0.04222707077860832, 
                    "spot": "notified"
                }
            ], 
            "wiki_id": 99430, 
            "wiki_title": "Site of Special Scientific Interest"
        }, 
        {
            "annotations": [
                {
                    "begin": 1877, 
                    "end": 1887, 
                    "score": 0.0008917197701521218, 
                    "spot": "thrown out"
                }
            ], 
            "wiki_id": 845825, 
            "wiki_title": "Out (baseball)"
        }, 
        {
            "annotations": [
                {
                    "begin": 2528, 
                    "end": 2533, 
                    "score": 0.14190292358398438, 
                    "spot": "night"
                }
            ], 
            "wiki_id": 206119, 
            "wiki_title": "Night"
        }, 
        {
            "annotations": [
                {
                    "begin": 530, 
                    "end": 547, 
                    "score": 0.008027522824704647, 
                    "spot": "through the night"
                }
            ], 
            "wiki_id": 35913517, 
            "wiki_title": "Through the Night (album)"
        }, 
        {
            "annotations": [
                {
                    "begin": 1821, 
                    "end": 1827, 
                    "score": 0.16041158139705658, 
                    "spot": "family"
                }
            ], 
            "wiki_id": 10401954, 
            "wiki_title": "Family"
        }, 
        {
            "annotations": [
                {
                    "begin": 3956, 
                    "end": 3962, 
                    "score": 0.08536623418331146, 
                    "spot": "Gaston"
                }
            ], 
            "wiki_id": 93308, 
            "wiki_title": "Gaston County, North Carolina"
        }, 
        {
            "annotations": [
                {
                    "begin": 3865, 
                    "end": 3875, 
                    "score": 0.19025157392024994, 
                    "spot": "half staff"
                }
            ], 
            "wiki_id": 1617234, 
            "wiki_title": "Half-mast"
        }, 
        {
            "annotations": [
                {
                    "begin": 3813, 
                    "end": 3818, 
                    "score": 0.0968475416302681, 
                    "spot": "state"
                }
            ], 
            "wiki_id": 23604120, 
            "wiki_title": "Sovereign state"
        }, 
        {
            "annotations": [
                {
                    "begin": 944, 
                    "end": 952, 
                    "score": 0.39772728085517883, 
                    "spot": "s \nplane"
                }
            ], 
            "wiki_id": 2614482, 
            "wiki_title": "S-plane"
        }, 
        {
            "annotations": [
                {
                    "begin": 126, 
                    "end": 129, 
                    "score": 0.0005181347369216383, 
                    "spot": "him"
                }
            ], 
            "wiki_id": 4384459, 
            "wiki_title": "Imperial Majesty (style)"
        }, 
        {
            "annotations": [
                {
                    "begin": 1393, 
                    "end": 1396, 
                    "score": 0.2238965779542923, 
                    "spot": "Sen"
                }
            ], 
            "wiki_id": 24909346, 
            "wiki_title": "United States Senate"
        }, 
        {
            "annotations": [
                {
                    "begin": 4184, 
                    "end": 4204, 
                    "score": 0.003759398590773344, 
                    "spot": "something like \nthis"
                }
            ], 
            "wiki_id": 33791973, 
            "wiki_title": "Something Like This"
        }, 
        {
            "annotations": [
                {
                    "begin": 2705, 
                    "end": 2718, 
                    "score": 0.1383717805147171, 
                    "spot": "investigators"
                }
            ], 
            "wiki_id": 20331428, 
            "wiki_title": "The Investigators (U.S. TV series)"
        }, 
        {
            "annotations": [
                {
                    "begin": 2186, 
                    "end": 2195, 
                    "score": 0.0025531144347041845, 
                    "spot": "residents"
                }
            ], 
            "wiki_id": 2404274, 
            "wiki_title": "Residency (domicile)"
        }, 
        {
            "annotations": [
                {
                    "begin": 792, 
                    "end": 797, 
                    "score": 0.09973467886447906, 
                    "spot": "Smith"
                }, 
                {
                    "begin": 1867, 
                    "end": 1872, 
                    "score": 0.1263350546360016, 
                    "spot": "Smith"
                }
            ], 
            "wiki_id": 2327076, 
            "wiki_title": "Metalsmith"
        }, 
        {
            "annotations": [
                {
                    "begin": 2386, 
                    "end": 2393, 
                    "score": 0.016694843769073486, 
                    "spot": "my wife"
                }
            ], 
            "wiki_id": 2838556, 
            "wiki_title": "My Wife"
        }, 
        {
            "annotations": [
                {
                    "begin": 2651, 
                    "end": 2688, 
                    "score": 0.6651209592819214, 
                    "spot": "National Transportation \nSafety Board"
                }
            ], 
            "wiki_id": 21840, 
            "wiki_title": "National Transportation Safety Board"
        }, 
        {
            "annotations": [
                {
                    "begin": 1567, 
                    "end": 1579, 
                    "score": 0.007167106959968805, 
                    "spot": "on the House"
                }
            ], 
            "wiki_id": 40587382, 
            "wiki_title": "On the House (horse)"
        }, 
        {
            "annotations": [
                {
                    "begin": 695, 
                    "end": 711, 
                    "score": 0.6685653328895569, 
                    "spot": "Harrison \nCounty"
                }, 
                {
                    "begin": 3475, 
                    "end": 3490, 
                    "score": 0.5889834761619568, 
                    "spot": "Harrison County"
                }
            ], 
            "wiki_id": 96117, 
            "wiki_title": "Harrison County, Indiana"
        }, 
        {
            "annotations": [
                {
                    "begin": 4048, 
                    "end": 4053, 
                    "score": 0.3357779085636139, 
                    "spot": "Smith"
                }
            ], 
            "wiki_id": 94749, 
            "wiki_title": "Smith County, Mississippi"
        }, 
        {
            "annotations": [
                {
                    "begin": 3718, 
                    "end": 3723, 
                    "score": 0.09166666865348816, 
                    "spot": "child"
                }
            ], 
            "wiki_id": 1095706, 
            "wiki_title": "Jesus"
        }, 
        {
            "annotations": [
                {
                    "begin": 26, 
                    "end": 38, 
                    "score": 0.3571428656578064, 
                    "spot": "Larkin Smith"
                }
            ], 
            "wiki_id": 2624316, 
            "wiki_title": "Larkin I. Smith"
        }, 
        {
            "annotations": [
                {
                    "begin": 2582, 
                    "end": 2587, 
                    "score": 0.08312578499317169, 
                    "spot": "crash"
                }
            ], 
            "wiki_id": 42280, 
            "wiki_title": "Crash cymbal"
        }, 
        {
            "annotations": [
                {
                    "begin": 2610, 
                    "end": 2615, 
                    "score": 0.050653014332056046, 
                    "spot": "Jorge"
                }
            ], 
            "wiki_id": 36567207, 
            "wiki_title": "M\u00e1rcio Jorge"
        }, 
        {
            "annotations": [
                {
                    "begin": 3398, 
                    "end": 3402, 
                    "score": 0.0010033606085926294, 
                    "spot": "last"
                }
            ], 
            "wiki_id": 39078347, 
            "wiki_title": "Peter R. Last"
        }, 
        {
            "annotations": [
                {
                    "begin": 1809, 
                    "end": 1813, 
                    "score": 0.024035349488258362, 
                    "spot": "loss"
                }
            ], 
            "wiki_id": 1707053, 
            "wiki_title": "Habitat destruction"
        }, 
        {
            "annotations": [
                {
                    "begin": 1605, 
                    "end": 1612, 
                    "score": 0.004629629664123058, 
                    "spot": "zealous"
                }
            ], 
            "wiki_id": 722378, 
            "wiki_title": "Zealots (Judea)"
        }, 
        {
            "annotations": [
                {
                    "begin": 5, 
                    "end": 13, 
                    "score": 0.11034126579761505, 
                    "spot": "Freshman"
                }, 
                {
                    "begin": 3986, 
                    "end": 3990, 
                    "score": 0.05786643922328949, 
                    "spot": "nine"
                }
            ], 
            "wiki_id": 1066024, 
            "wiki_title": "Ninth grade"
        }, 
        {
            "annotations": [
                {
                    "begin": 2144, 
                    "end": 2148, 
                    "score": 0.032074008136987686, 
                    "spot": "lost"
                }
            ], 
            "wiki_id": 89314, 
            "wiki_title": "Wiping"
        }, 
        {
            "annotations": [
                {
                    "begin": 592, 
                    "end": 606, 
                    "score": 0.015841584652662277, 
                    "spot": "Monday morning"
                }
            ], 
            "wiki_id": 26803317, 
            "wiki_title": "Monday Morning (song)"
        }, 
        {
            "annotations": [
                {
                    "begin": 1707, 
                    "end": 1710, 
                    "score": 0.13132411241531372, 
                    "spot": "him"
                }
            ], 
            "wiki_id": 595284, 
            "wiki_title": "HIM (Finnish band)"
        }, 
        {
            "annotations": [
                {
                    "begin": 14, 
                    "end": 25, 
                    "score": 0.23988622426986694, 
                    "spot": "congressman"
                }, 
                {
                    "begin": 155, 
                    "end": 160, 
                    "score": 0.07285164296627045, 
                    "spot": "House"
                }
            ], 
            "wiki_id": 19468510, 
            "wiki_title": "United States House of Representatives"
        }, 
        {
            "annotations": [
                {
                    "begin": 3174, 
                    "end": 3186, 
                    "score": 0.0795573815703392, 
                    "spot": "manufactured"
                }
            ], 
            "wiki_id": 39388, 
            "wiki_title": "Manufacturing"
        }, 
        {
            "annotations": [
                {
                    "begin": 962, 
                    "end": 969, 
                    "score": 0.10040605068206787, 
                    "spot": "missing"
                }
            ], 
            "wiki_id": 601205, 
            "wiki_title": "Missing in action"
        }, 
        {
            "annotations": [
                {
                    "begin": 1376, 
                    "end": 1380, 
                    "score": 0.09221374988555908, 
                    "spot": "seat"
                }
            ], 
            "wiki_id": 44421, 
            "wiki_title": "Legislature"
        }, 
        {
            "annotations": [
                {
                    "begin": 1555, 
                    "end": 1565, 
                    "score": 0.002165317302569747, 
                    "spot": "reputation"
                }
            ], 
            "wiki_id": 25032095, 
            "wiki_title": "Times Higher Education World University Rankings"
        }, 
        {
            "annotations": [
                {
                    "begin": 3484, 
                    "end": 3498, 
                    "score": 0.29183098673820496, 
                    "spot": "County Sheriff"
                }
            ], 
            "wiki_id": 14287628, 
            "wiki_title": "Sheriffs in the United States"
        }, 
        {
            "annotations": [
                {
                    "begin": 258, 
                    "end": 266, 
                    "score": 0.001109467470087111, 
                    "spot": "night in"
                }
            ], 
            "wiki_id": 19620844, 
            "wiki_title": "A Night In"
        }, 
        {
            "annotations": [
                {
                    "begin": 2525, 
                    "end": 2533, 
                    "score": 0.06468669325113297, 
                    "spot": "at night"
                }
            ], 
            "wiki_id": 63011, 
            "wiki_title": "Nocturnality"
        }, 
        {
            "annotations": [
                {
                    "begin": 65, 
                    "end": 76, 
                    "score": 0.18629352748394012, 
                    "spot": "plane crash"
                }
            ], 
            "wiki_id": 22985731, 
            "wiki_title": "1977 Convair CV-240 crash"
        }, 
        {
            "annotations": [
                {
                    "begin": 1910, 
                    "end": 1915, 
                    "score": 0.09962424635887146, 
                    "spot": "Dixie"
                }
            ], 
            "wiki_id": 179553, 
            "wiki_title": "Southern United States"
        }, 
        {
            "annotations": [
                {
                    "begin": 3751, 
                    "end": 3754, 
                    "score": 0.14435157179832458, 
                    "spot": "Gov"
                }
            ], 
            "wiki_id": 56231, 
            "wiki_title": "Governor"
        }, 
        {
            "annotations": [
                {
                    "begin": 1580, 
                    "end": 1599, 
                    "score": 0.02742316760122776, 
                    "spot": "Judiciary Committee"
                }
            ], 
            "wiki_id": 735496, 
            "wiki_title": "United States Senate Committee on the Judiciary"
        }, 
        {
            "annotations": [
                {
                    "begin": 2459, 
                    "end": 2466, 
                    "score": 0.2530028820037842, 
                    "spot": "thought"
                }, 
                {
                    "begin": 4176, 
                    "end": 4183, 
                    "score": 0.0008639407460577786, 
                    "spot": "thought"
                }
            ], 
            "wiki_id": 37080, 
            "wiki_title": "Thought"
        }, 
        {
            "annotations": [
                {
                    "begin": 408, 
                    "end": 416, 
                    "score": 0.49737560749053955, 
                    "spot": "Gulfport"
                }, 
                {
                    "begin": 1987, 
                    "end": 1995, 
                    "score": 0.2358630895614624, 
                    "spot": "Gulfport"
                }, 
                {
                    "begin": 2920, 
                    "end": 2928, 
                    "score": 0.30491355061531067, 
                    "spot": "Gulfport"
                }, 
                {
                    "begin": 3526, 
                    "end": 3534, 
                    "score": 0.3288060128688812, 
                    "spot": "Gulfport"
                }, 
                {
                    "begin": 3920, 
                    "end": 3928, 
                    "score": 0.2358630895614624, 
                    "spot": "Gulfport"
                }, 
                {
                    "begin": 4058, 
                    "end": 4066, 
                    "score": 0.5265017747879028, 
                    "spot": "Gulfport"
                }
            ], 
            "wiki_id": 122283, 
            "wiki_title": "Gulfport, Mississippi"
        }, 
        {
            "annotations": [
                {
                    "begin": 3934, 
                    "end": 3941, 
                    "score": 0.0011295954464003444, 
                    "spot": "stunned"
                }
            ], 
            "wiki_id": 2316015, 
            "wiki_title": "Stunning"
        }, 
        {
            "annotations": [
                {
                    "begin": 979, 
                    "end": 983, 
                    "score": 0.0010929567506536841, 
                    "spot": "week"
                }
            ], 
            "wiki_id": 2627062, 
            "wiki_title": "The Week"
        }, 
        {
            "annotations": [
                {
                    "begin": 2155, 
                    "end": 2162, 
                    "score": 0.004651131108403206, 
                    "spot": "contact"
                }
            ], 
            "wiki_id": 9697733, 
            "wiki_title": "Contact mechanics"
        }, 
        {
            "annotations": [
                {
                    "begin": 4333, 
                    "end": 4338, 
                    "score": 0.002252687234431505, 
                    "spot": "story"
                }
            ], 
            "wiki_id": 10632231, 
            "wiki_title": "The Story (Brandi Carlile album)"
        }, 
        {
            "annotations": [
                {
                    "begin": 1039, 
                    "end": 1045, 
                    "score": 0.08744943141937256, 
                    "spot": "hunger"
                }
            ], 
            "wiki_id": 258979, 
            "wiki_title": "Malnutrition"
        }, 
        {
            "annotations": [
                {
                    "begin": 2897, 
                    "end": 2903, 
                    "score": 0.38789522647857666, 
                    "spot": "Mammal"
                }
            ], 
            "wiki_id": 18838, 
            "wiki_title": "Mammal"
        }, 
        {
            "annotations": [
                {
                    "begin": 4153, 
                    "end": 4159, 
                    "score": 0.11844608932733536, 
                    "spot": "honest"
                }
            ], 
            "wiki_id": 40179756, 
            "wiki_title": "Honest (Future album)"
        }, 
        {
            "annotations": [
                {
                    "begin": 431, 
                    "end": 438, 
                    "score": 0.2679821252822876, 
                    "spot": "federal"
                }
            ], 
            "wiki_id": 1636627, 
            "wiki_title": "Federal judiciary of the United States"
        }, 
        {
            "annotations": [
                {
                    "begin": 2121, 
                    "end": 2125, 
                    "score": 0.0025929224211722612, 
                    "spot": "here"
                }
            ], 
            "wiki_id": 27430123, 
            "wiki_title": "Integer triangle"
        }, 
        {
            "annotations": [
                {
                    "begin": 3666, 
                    "end": 3672, 
                    "score": 0.0010153476614505053, 
                    "spot": "states"
                }
            ], 
            "wiki_id": 28151, 
            "wiki_title": "State (polity)"
        }, 
        {
            "annotations": [
                {
                    "begin": 2501, 
                    "end": 2506, 
                    "score": 0.234029158949852, 
                    "spot": "plane"
                }, 
                {
                    "begin": 2854, 
                    "end": 2859, 
                    "score": 0.09445547312498093, 
                    "spot": "plane"
                }, 
                {
                    "begin": 3020, 
                    "end": 3025, 
                    "score": 0.012594458647072315, 
                    "spot": "plane"
                }, 
                {
                    "begin": 3167, 
                    "end": 3172, 
                    "score": 0.24047507345676422, 
                    "spot": "plane"
                }
            ], 
            "wiki_id": 84029, 
            "wiki_title": "Plane (geometry)"
        }, 
        {
            "annotations": [
                {
                    "begin": 1971, 
                    "end": 1983, 
                    "score": 0.008498583920300007, 
                    "spot": "heading home"
                }
            ], 
            "wiki_id": 10507180, 
            "wiki_title": "Heading Home"
        }, 
        {
            "annotations": [
                {
                    "begin": 2149, 
                    "end": 2154, 
                    "score": 0.22654062509536743, 
                    "spot": "radar"
                }
            ], 
            "wiki_id": 25676, 
            "wiki_title": "Radar"
        }, 
        {
            "annotations": [
                {
                    "begin": 207, 
                    "end": 212, 
                    "score": 0.0060240961611270905, 
                    "spot": "P>\n<P"
                }, 
                {
                    "begin": 1481, 
                    "end": 1486, 
                    "score": 0.03931354358792305, 
                    "spot": "P>\n<P"
                }, 
                {
                    "begin": 1643, 
                    "end": 1648, 
                    "score": 0.02821706049144268, 
                    "spot": "P>\n<P"
                }, 
                {
                    "begin": 2333, 
                    "end": 2338, 
                    "score": 0.1435798555612564, 
                    "spot": "P>\n<P"
                }
            ], 
            "wiki_id": 5090365, 
            "wiki_title": "Length between perpendiculars"
        }, 
        {
            "annotations": [
                {
                    "begin": 4170, 
                    "end": 4183, 
                    "score": 0.0008576329564675689, 
                    "spot": "never thought"
                }
            ], 
            "wiki_id": 18622850, 
            "wiki_title": "Everything That Happens Will Happen Today"
        }, 
        {
            "annotations": [
                {
                    "begin": 2695, 
                    "end": 2701, 
                    "score": 0.009155943058431149, 
                    "spot": "a team"
                }
            ], 
            "wiki_id": 30028, 
            "wiki_title": "The A-Team"
        }, 
        {
            "annotations": [
                {
                    "begin": 3661, 
                    "end": 3665, 
                    "score": 0.0011882357066497207, 
                    "spot": "five"
                }
            ], 
            "wiki_id": 28952356, 
            "wiki_title": "Channel 5 (UK)"
        }, 
        {
            "annotations": [
                {
                    "begin": 4125, 
                    "end": 4136, 
                    "score": 0.033432308584451675, 
                    "spot": "progressive"
                }
            ], 
            "wiki_id": 51503, 
            "wiki_title": "Progressive rock"
        }, 
        {
            "annotations": [
                {
                    "begin": 2805, 
                    "end": 2819, 
                    "score": 0.3074644207954407, 
                    "spot": "probable cause"
                }
            ], 
            "wiki_id": 146751, 
            "wiki_title": "Probable cause"
        }, 
        {
            "annotations": [
                {
                    "begin": 1922, 
                    "end": 1934, 
                    "score": 0.18860504031181335, 
                    "spot": "World Series"
                }
            ], 
            "wiki_id": 23489161, 
            "wiki_title": "World Series"
        }
    ]
}