{
    "tagme": [
        {
            "annotations": [
                {
                    "begin": 1915, 
                    "end": 1922, 
                    "score": 0.0014398157363757491, 
                    "spot": "figured"
                }
            ], 
            "wiki_id": 15719685, 
            "wiki_title": "Figuring"
        }, 
        {
            "annotations": [
                {
                    "begin": 2085, 
                    "end": 2090, 
                    "score": 0.09101560711860657, 
                    "spot": "state"
                }
            ], 
            "wiki_id": 8196151, 
            "wiki_title": "States of Mexico"
        }, 
        {
            "annotations": [
                {
                    "begin": 32, 
                    "end": 47, 
                    "score": 0.24801839888095856, 
                    "spot": "Social Services"
                }
            ], 
            "wiki_id": 194641, 
            "wiki_title": "Social services"
        }, 
        {
            "annotations": [
                {
                    "begin": 65, 
                    "end": 78, 
                    "score": 0.20081596076488495, 
                    "spot": "Orange County"
                }, 
                {
                    "begin": 1545, 
                    "end": 1558, 
                    "score": 0.20081596076488495, 
                    "spot": "Orange County"
                }
            ], 
            "wiki_id": 45330, 
            "wiki_title": "Orange County, California"
        }, 
        {
            "annotations": [
                {
                    "begin": 1685, 
                    "end": 1695, 
                    "score": 0.02015027403831482, 
                    "spot": "Reform Act"
                }
            ], 
            "wiki_id": 45777, 
            "wiki_title": "Reform Act 1832"
        }, 
        {
            "annotations": [
                {
                    "begin": 1593, 
                    "end": 1598, 
                    "score": 0.08973398804664612, 
                    "spot": "stake"
                }
            ], 
            "wiki_id": 436512, 
            "wiki_title": "Stake (Latter Day Saints)"
        }, 
        {
            "annotations": [
                {
                    "begin": 1148, 
                    "end": 1159, 
                    "score": 0.24438375234603882, 
                    "spot": "U.S. Senate"
                }
            ], 
            "wiki_id": 24909346, 
            "wiki_title": "United States Senate"
        }, 
        {
            "annotations": [
                {
                    "begin": 1755, 
                    "end": 1761, 
                    "score": 0.000811688310932368, 
                    "spot": "at 300"
                }
            ], 
            "wiki_id": 10427680, 
            "wiki_title": "Air Tractor AT-300"
        }, 
        {
            "annotations": [
                {
                    "begin": 1386, 
                    "end": 1394, 
                    "score": 0.009437070228159428, 
                    "spot": "Thursday"
                }
            ], 
            "wiki_id": 40680421, 
            "wiki_title": "Thursday (song)"
        }, 
        {
            "annotations": [
                {
                    "begin": 296, 
                    "end": 303, 
                    "score": 0.1502074897289276, 
                    "spot": "meeting"
                }
            ], 
            "wiki_id": 366312, 
            "wiki_title": "Town meeting"
        }, 
        {
            "annotations": [
                {
                    "begin": 1242, 
                    "end": 1245, 
                    "score": 0.050989799201488495, 
                    "spot": "bar"
                }
            ], 
            "wiki_id": 272207, 
            "wiki_title": "Bar"
        }, 
        {
            "annotations": [
                {
                    "begin": 817, 
                    "end": 831, 
                    "score": 0.20982210338115692, 
                    "spot": "systematically"
                }
            ], 
            "wiki_id": 27813, 
            "wiki_title": "Systematics"
        }, 
        {
            "annotations": [
                {
                    "begin": 265, 
                    "end": 275, 
                    "score": 0.0496983528137207, 
                    "spot": "introduced"
                }
            ], 
            "wiki_id": 4062253, 
            "wiki_title": "Reading (legislature)"
        }, 
        {
            "annotations": [
                {
                    "begin": 221, 
                    "end": 226, 
                    "score": 0.08753061294555664, 
                    "spot": "P>\n<P"
                }, 
                {
                    "begin": 616, 
                    "end": 621, 
                    "score": 0.0060240961611270905, 
                    "spot": "P>\n<P"
                }, 
                {
                    "begin": 873, 
                    "end": 878, 
                    "score": 0.0060240961611270905, 
                    "spot": "P>\n<P"
                }, 
                {
                    "begin": 1028, 
                    "end": 1033, 
                    "score": 0.05554501712322235, 
                    "spot": "P>\n<P"
                }, 
                {
                    "begin": 1538, 
                    "end": 1543, 
                    "score": 0.0060240961611270905, 
                    "spot": "P>\n<P"
                }, 
                {
                    "begin": 1770, 
                    "end": 1775, 
                    "score": 0.0060240961611270905, 
                    "spot": "P>\n<P"
                }
            ], 
            "wiki_id": 37649, 
            "wiki_title": "Amplitude"
        }, 
        {
            "annotations": [
                {
                    "begin": 208, 
                    "end": 216, 
                    "score": 0.1650712490081787, 
                    "spot": "position"
                }
            ], 
            "wiki_id": 1345771, 
            "wiki_title": "Position (vector)"
        }, 
        {
            "annotations": [
                {
                    "begin": 1222, 
                    "end": 1228, 
                    "score": 0.0666419044137001, 
                    "spot": "Senate"
                }
            ], 
            "wiki_id": 1641707, 
            "wiki_title": "New Jersey Senate"
        }, 
        {
            "annotations": [
                {
                    "begin": 9, 
                    "end": 17, 
                    "score": 0.0639500692486763, 
                    "spot": "director"
                }, 
                {
                    "begin": 669, 
                    "end": 677, 
                    "score": 0.2382606416940689, 
                    "spot": "director"
                }, 
                {
                    "begin": 704, 
                    "end": 709, 
                    "score": 0.15432417392730713, 
                    "spot": "board"
                }
            ], 
            "wiki_id": 4822, 
            "wiki_title": "Board of directors"
        }, 
        {
            "annotations": [
                {
                    "begin": 985, 
                    "end": 994, 
                    "score": 0.013586467131972313, 
                    "spot": "districts"
                }
            ], 
            "wiki_id": 156653, 
            "wiki_title": "District"
        }, 
        {
            "annotations": [
                {
                    "begin": 164, 
                    "end": 167, 
                    "score": 0.004987014457583427, 
                    "spot": "ask"
                }
            ], 
            "wiki_id": 1482, 
            "wiki_title": "Ask and Embla"
        }, 
        {
            "annotations": [
                {
                    "begin": 713, 
                    "end": 718, 
                    "score": 0.08803484588861465, 
                    "spot": "adopt"
                }
            ], 
            "wiki_id": 38534, 
            "wiki_title": "Adoption"
        }, 
        {
            "annotations": [
                {
                    "begin": 541, 
                    "end": 545, 
                    "score": 0.05680457130074501, 
                    "spot": "loss"
                }
            ], 
            "wiki_id": 177541, 
            "wiki_title": "Space Shuttle Columbia disaster"
        }, 
        {
            "annotations": [
                {
                    "begin": 305, 
                    "end": 312, 
                    "score": 0.19777308404445648, 
                    "spot": "Tuesday"
                }
            ], 
            "wiki_id": 1050340, 
            "wiki_title": "Election Day (United States)"
        }, 
        {
            "annotations": [
                {
                    "begin": 341, 
                    "end": 343, 
                    "score": 0.0010810111416503787, 
                    "spot": "if"
                }
            ], 
            "wiki_id": 155571, 
            "wiki_title": "If (magazine)"
        }, 
        {
            "annotations": [
                {
                    "begin": 491, 
                    "end": 501, 
                    "score": 0.16824261844158173, 
                    "spot": "population"
                }
            ], 
            "wiki_id": 19017269, 
            "wiki_title": "World population"
        }, 
        {
            "annotations": [
                {
                    "begin": 508, 
                    "end": 513, 
                    "score": 0.05771574750542641, 
                    "spot": "lower"
                }
            ], 
            "wiki_id": 550187, 
            "wiki_title": "Lower house"
        }, 
        {
            "annotations": [
                {
                    "begin": 655, 
                    "end": 660, 
                    "score": 0.03568289428949356, 
                    "spot": "Larry"
                }
            ], 
            "wiki_id": 55029, 
            "wiki_title": "Larry Bird"
        }, 
        {
            "annotations": [
                {
                    "begin": 832, 
                    "end": 839, 
                    "score": 0.17391327023506165, 
                    "spot": "exclude"
                }, 
                {
                    "begin": 1345, 
                    "end": 1352, 
                    "score": 0.0012492651585489511, 
                    "spot": "exclude"
                }
            ], 
            "wiki_id": 451120, 
            "wiki_title": "Competitive exclusion principle"
        }, 
        {
            "annotations": [
                {
                    "begin": 685, 
                    "end": 691, 
                    "score": 0.19665157794952393, 
                    "spot": "agency"
                }
            ], 
            "wiki_id": 489670, 
            "wiki_title": "Law of agency"
        }, 
        {
            "annotations": [
                {
                    "begin": 321, 
                    "end": 330, 
                    "score": 0.09972834587097168, 
                    "spot": "officials"
                }, 
                {
                    "begin": 1559, 
                    "end": 1568, 
                    "score": 0.07461278885602951, 
                    "spot": "officials"
                }
            ], 
            "wiki_id": 725182, 
            "wiki_title": "Official"
        }, 
        {
            "annotations": [
                {
                    "begin": 844, 
                    "end": 850, 
                    "score": 0.12058692425489426, 
                    "spot": "groups"
                }
            ], 
            "wiki_id": 199556, 
            "wiki_title": "Taxon"
        }, 
        {
            "annotations": [
                {
                    "begin": 1864, 
                    "end": 1877, 
                    "score": 0.002276176121085882, 
                    "spot": "ramifications"
                }
            ], 
            "wiki_id": 42027281, 
            "wiki_title": "Ramifications (Ligeti)"
        }, 
        {
            "annotations": [
                {
                    "begin": 344, 
                    "end": 358, 
                    "score": 0.13725490868091583, 
                    "spot": "illegal aliens"
                }, 
                {
                    "begin": 1069, 
                    "end": 1083, 
                    "score": 0.16785003244876862, 
                    "spot": "illegal aliens"
                }
            ], 
            "wiki_id": 7124412, 
            "wiki_title": "Illegal immigration"
        }, 
        {
            "annotations": [
                {
                    "begin": 389, 
                    "end": 394, 
                    "score": 0.05006469041109085, 
                    "spot": "count"
                }
            ], 
            "wiki_id": 277674, 
            "wiki_title": "Graf"
        }, 
        {
            "annotations": [
                {
                    "begin": 1324, 
                    "end": 1332, 
                    "score": 0.0007015237933956087, 
                    "spot": "rejected"
                }
            ], 
            "wiki_id": 3006497, 
            "wiki_title": "Social rejection"
        }, 
        {
            "annotations": [
                {
                    "begin": 593, 
                    "end": 600, 
                    "score": 0.0648200735449791, 
                    "spot": "revenue"
                }, 
                {
                    "begin": 2104, 
                    "end": 2111, 
                    "score": 0.09111489355564117, 
                    "spot": "revenue"
                }
            ], 
            "wiki_id": 247120, 
            "wiki_title": "Revenue"
        }, 
        {
            "annotations": [
                {
                    "begin": 747, 
                    "end": 755, 
                    "score": 0.0012423330917954445, 
                    "spot": "complete"
                }
            ], 
            "wiki_id": 31271451, 
            "wiki_title": "Completeness (logic)"
        }, 
        {
            "annotations": [
                {
                    "begin": 514, 
                    "end": 520, 
                    "score": 0.07608644664287567, 
                    "spot": "figure"
                }
            ], 
            "wiki_id": 169191, 
            "wiki_title": "Shape"
        }, 
        {
            "annotations": [
                {
                    "begin": 419, 
                    "end": 424, 
                    "score": 0.0865316167473793, 
                    "spot": "paper"
                }
            ], 
            "wiki_id": 16861908, 
            "wiki_title": "Paper"
        }, 
        {
            "annotations": [
                {
                    "begin": 1994, 
                    "end": 2000, 
                    "score": 0.10774364322423935, 
                    "spot": "people"
                }
            ], 
            "wiki_id": 507970, 
            "wiki_title": "People (magazine)"
        }, 
        {
            "annotations": [
                {
                    "begin": 1184, 
                    "end": 1189, 
                    "score": 0.12472561746835709, 
                    "spot": "issue"
                }
            ], 
            "wiki_id": 2345894, 
            "wiki_title": "Social issue"
        }, 
        {
            "annotations": [
                {
                    "begin": 1791, 
                    "end": 1795, 
                    "score": 0.07026629149913788, 
                    "spot": "home"
                }
            ], 
            "wiki_id": 249429, 
            "wiki_title": "Home"
        }, 
        {
            "annotations": [
                {
                    "begin": 1270, 
                    "end": 1278, 
                    "score": 0.0034256454091519117, 
                    "spot": "counting"
                }
            ], 
            "wiki_id": 275768, 
            "wiki_title": "Counting"
        }, 
        {
            "annotations": [
                {
                    "begin": 1702, 
                    "end": 1708, 
                    "score": 0.08525606989860535, 
                    "spot": "number"
                }
            ], 
            "wiki_id": 19630739, 
            "wiki_title": "Continent"
        }, 
        {
            "annotations": [
                {
                    "begin": 283, 
                    "end": 294, 
                    "score": 0.0011365623213350773, 
                    "spot": "supervisors"
                }, 
                {
                    "begin": 642, 
                    "end": 653, 
                    "score": 0.0011365623213350773, 
                    "spot": "supervisors"
                }
            ], 
            "wiki_id": 11005471, 
            "wiki_title": "Town supervisor"
        }, 
        {
            "annotations": [
                {
                    "begin": 1448, 
                    "end": 1452, 
                    "score": 0.07075720280408859, 
                    "spot": "body"
                }
            ], 
            "wiki_id": 63997, 
            "wiki_title": "The Body (novella)"
        }, 
        {
            "annotations": [
                {
                    "begin": 1780, 
                    "end": 1789, 
                    "score": 0.13327868282794952, 
                    "spot": "Santa Ana"
                }
            ], 
            "wiki_id": 70957, 
            "wiki_title": "Santa Ana, California"
        }, 
        {
            "annotations": [
                {
                    "begin": 1665, 
                    "end": 1672, 
                    "score": 0.16023024916648865, 
                    "spot": "Federal"
                }, 
                {
                    "begin": 2096, 
                    "end": 2103, 
                    "score": 0.062080807983875275, 
                    "spot": "federal"
                }
            ], 
            "wiki_id": 195149, 
            "wiki_title": "Federal government of the United States"
        }, 
        {
            "annotations": [
                {
                    "begin": 2142, 
                    "end": 2148, 
                    "score": 0.12391017377376556, 
                    "spot": "GEORGE"
                }
            ], 
            "wiki_id": 11968, 
            "wiki_title": "George Washington"
        }, 
        {
            "annotations": [
                {
                    "begin": 1821, 
                    "end": 1828, 
                    "score": 0.25528401136398315, 
                    "spot": "Latinos"
                }
            ], 
            "wiki_id": 1007667, 
            "wiki_title": "Hispanic and Latino Americans"
        }, 
        {
            "annotations": [
                {
                    "begin": 1210, 
                    "end": 1216, 
                    "score": 0.009660933166742325, 
                    "spot": "action"
                }
            ], 
            "wiki_id": 11400579, 
            "wiki_title": "ACTION (U.S. government agency)"
        }, 
        {
            "annotations": [
                {
                    "begin": 661, 
                    "end": 667, 
                    "score": 0.1489361673593521, 
                    "spot": "Leaman"
                }
            ], 
            "wiki_id": 48795329, 
            "wiki_title": "Nate Leaman"
        }, 
        {
            "annotations": [
                {
                    "begin": 101, 
                    "end": 115, 
                    "score": 0.2930881977081299, 
                    "spot": "illegal aliens"
                }
            ], 
            "wiki_id": 5044573, 
            "wiki_title": "Illegal immigration to the United States"
        }, 
        {
            "annotations": [
                {
                    "begin": 2149, 
                    "end": 2154, 
                    "score": 0.07912971824407578, 
                    "spot": "FRANK"
                }
            ], 
            "wiki_id": 193889, 
            "wiki_title": "Frank James"
        }, 
        {
            "annotations": [
                {
                    "begin": 159, 
                    "end": 163, 
                    "score": 0.07067332416772842, 
                    "spot": "will"
                }
            ], 
            "wiki_id": 82176, 
            "wiki_title": "Will County, Illinois"
        }, 
        {
            "annotations": [
                {
                    "begin": 1402, 
                    "end": 1426, 
                    "score": 0.3333333432674408, 
                    "spot": "House-Senate \nconference"
                }
            ], 
            "wiki_id": 3667579, 
            "wiki_title": "United States congressional conference committee"
        }, 
        {
            "annotations": [
                {
                    "begin": 756, 
                    "end": 761, 
                    "score": 0.14516876637935638, 
                    "spot": "count"
                }
            ], 
            "wiki_id": 196470, 
            "wiki_title": "Count"
        }, 
        {
            "annotations": [
                {
                    "begin": 861, 
                    "end": 867, 
                    "score": 0.13654732704162598, 
                    "spot": "census"
                }, 
                {
                    "begin": 1091, 
                    "end": 1097, 
                    "score": 0.13654732704162598, 
                    "spot": "Census"
                }, 
                {
                    "begin": 1250, 
                    "end": 1256, 
                    "score": 0.170832097530365, 
                    "spot": "Census"
                }
            ], 
            "wiki_id": 6889, 
            "wiki_title": "Census"
        }, 
        {
            "annotations": [
                {
                    "begin": 2012, 
                    "end": 2021, 
                    "score": 0.1069052591919899, 
                    "spot": "residents"
                }
            ], 
            "wiki_id": 1147690, 
            "wiki_title": "Residency (medicine)"
        }, 
        {
            "annotations": [
                {
                    "begin": 1040, 
                    "end": 1048, 
                    "score": 0.009437070228159428, 
                    "spot": "Thursday"
                }
            ], 
            "wiki_id": 266139, 
            "wiki_title": "Thursday (band)"
        }, 
        {
            "annotations": [
                {
                    "begin": 1432, 
                    "end": 1434, 
                    "score": 0.16536810994148254, 
                    "spot": "go"
                }
            ], 
            "wiki_id": 64971, 
            "wiki_title": "Go (game)"
        }, 
        {
            "annotations": [
                {
                    "begin": 1673, 
                    "end": 1691, 
                    "score": 0.24259305000305176, 
                    "spot": "Immigration Reform"
                }
            ], 
            "wiki_id": 15051, 
            "wiki_title": "Immigration to the United States"
        }, 
        {
            "annotations": [
                {
                    "begin": 1365, 
                    "end": 1374, 
                    "score": 0.059670545160770416, 
                    "spot": "agreement"
                }
            ], 
            "wiki_id": 19280537, 
            "wiki_title": "Contract"
        }, 
        {
            "annotations": [
                {
                    "begin": 2002, 
                    "end": 2004, 
                    "score": 0.0010810111416503787, 
                    "spot": "If"
                }
            ], 
            "wiki_id": 2415473, 
            "wiki_title": "I-F"
        }, 
        {
            "annotations": [
                {
                    "begin": 1013, 
                    "end": 1023, 
                    "score": 0.05062996968626976, 
                    "spot": "population"
                }
            ], 
            "wiki_id": 219268, 
            "wiki_title": "Population genetics"
        }, 
        {
            "annotations": [
                {
                    "begin": 475, 
                    "end": 481, 
                    "score": 0.14089827239513397, 
                    "spot": "county"
                }, 
                {
                    "begin": 769, 
                    "end": 775, 
                    "score": 0.1394069343805313, 
                    "spot": "county"
                }, 
                {
                    "begin": 1812, 
                    "end": 1818, 
                    "score": 0.1418035626411438, 
                    "spot": "county"
                }
            ], 
            "wiki_id": 36656, 
            "wiki_title": "County"
        }, 
        {
            "annotations": [
                {
                    "begin": 1474, 
                    "end": 1488, 
                    "score": 0.21659138798713684, 
                    "spot": "President Bush"
                }
            ], 
            "wiki_id": 3414021, 
            "wiki_title": "George W. Bush"
        }, 
        {
            "annotations": [
                {
                    "begin": 723, 
                    "end": 733, 
                    "score": 0.07011089473962784, 
                    "spot": "resolution"
                }
            ], 
            "wiki_id": 601402, 
            "wiki_title": "Resolution (law)"
        }, 
        {
            "annotations": [
                {
                    "begin": 901, 
                    "end": 907, 
                    "score": 0.028072506189346313, 
                    "spot": "letter"
                }
            ], 
            "wiki_id": 378959, 
            "wiki_title": "Varsity letter"
        }, 
        {
            "annotations": [
                {
                    "begin": 370, 
                    "end": 378, 
                    "score": 0.0007208349998109043, 
                    "spot": "excluded"
                }
            ], 
            "wiki_id": 20886585, 
            "wiki_title": "Exclude"
        }, 
        {
            "annotations": [
                {
                    "begin": 1638, 
                    "end": 1643, 
                    "score": 0.016335295513272285, 
                    "spot": "count"
                }
            ], 
            "wiki_id": 8418061, 
            "wiki_title": "The Count (video game)"
        }, 
        {
            "annotations": [
                {
                    "begin": 80, 
                    "end": 89, 
                    "score": 0.2272902876138687, 
                    "spot": "residents"
                }, 
                {
                    "begin": 455, 
                    "end": 464, 
                    "score": 0.1982896476984024, 
                    "spot": "residents"
                }, 
                {
                    "begin": 777, 
                    "end": 786, 
                    "score": 0.052912916988134384, 
                    "spot": "residents"
                }, 
                {
                    "begin": 1899, 
                    "end": 1908, 
                    "score": 0.0025531144347041845, 
                    "spot": "residents"
                }
            ], 
            "wiki_id": 2404274, 
            "wiki_title": "Residency (domicile)"
        }, 
        {
            "annotations": [
                {
                    "begin": 1830, 
                    "end": 1834, 
                    "score": 0.190130352973938, 
                    "spot": "city"
                }
            ], 
            "wiki_id": 5391, 
            "wiki_title": "City"
        }, 
        {
            "annotations": [
                {
                    "begin": 138, 
                    "end": 149, 
                    "score": 0.5853063464164734, 
                    "spot": "1990 Census"
                }
            ], 
            "wiki_id": 3536675, 
            "wiki_title": "1990 United States Census"
        }, 
        {
            "annotations": [
                {
                    "begin": 1382, 
                    "end": 1385, 
                    "score": 0.0005023122066631913, 
                    "spot": "out"
                }
            ], 
            "wiki_id": 165794, 
            "wiki_title": "In &amp; Out (film)"
        }, 
        {
            "annotations": [
                {
                    "begin": 1427, 
                    "end": 1431, 
                    "score": 0.0820244625210762, 
                    "spot": "will"
                }
            ], 
            "wiki_id": 47921, 
            "wiki_title": "Free will"
        }, 
        {
            "annotations": [
                {
                    "begin": 2126, 
                    "end": 2130, 
                    "score": 0.07386482506990433, 
                    "spot": "city"
                }
            ], 
            "wiki_id": 6883, 
            "wiki_title": "City of London"
        }, 
        {
            "annotations": [
                {
                    "begin": 1279, 
                    "end": 1293, 
                    "score": 0.13725490868091583, 
                    "spot": "illegal aliens"
                }, 
                {
                    "begin": 1353, 
                    "end": 1359, 
                    "score": 0.19726504385471344, 
                    "spot": "aliens"
                }, 
                {
                    "begin": 1610, 
                    "end": 1616, 
                    "score": 0.14354866743087769, 
                    "spot": "aliens"
                }, 
                {
                    "begin": 1712, 
                    "end": 1726, 
                    "score": 0.30621469020843506, 
                    "spot": "illegal aliens"
                }
            ], 
            "wiki_id": 1703155, 
            "wiki_title": "Alien (law)"
        }, 
        {
            "annotations": [
                {
                    "begin": 585, 
                    "end": 592, 
                    "score": 0.06604824215173721, 
                    "spot": "federal"
                }
            ], 
            "wiki_id": 156371, 
            "wiki_title": "Federation"
        }, 
        {
            "annotations": [
                {
                    "begin": 567, 
                    "end": 574, 
                    "score": 0.13617436587810516, 
                    "spot": "million"
                }, 
                {
                    "begin": 2074, 
                    "end": 2081, 
                    "score": 0.13372406363487244, 
                    "spot": "million"
                }
            ], 
            "wiki_id": 1045999, 
            "wiki_title": "Million"
        }, 
        {
            "annotations": [
                {
                    "begin": 230, 
                    "end": 240, 
                    "score": 0.015093173831701279, 
                    "spot": "resolution"
                }
            ], 
            "wiki_id": 291043, 
            "wiki_title": "HMS Resolution (1771)"
        }, 
        {
            "annotations": [
                {
                    "begin": 1116, 
                    "end": 1121, 
                    "score": 0.03445376455783844, 
                    "spot": "boost"
                }
            ], 
            "wiki_id": 192517, 
            "wiki_title": "GlaxoSmithKline"
        }, 
        {
            "annotations": [
                {
                    "begin": 48, 
                    "end": 54, 
                    "score": 0.051415540277957916, 
                    "spot": "Agency"
                }, 
                {
                    "begin": 314, 
                    "end": 320, 
                    "score": 0.10272206366062164, 
                    "spot": "Agency"
                }
            ], 
            "wiki_id": 489674, 
            "wiki_title": "Government agency"
        }, 
        {
            "annotations": [
                {
                    "begin": 949, 
                    "end": 964, 
                    "score": 0.24566254019737244, 
                    "spot": "representatives"
                }, 
                {
                    "begin": 968, 
                    "end": 976, 
                    "score": 0.20100998878479004, 
                    "spot": "Congress"
                }, 
                {
                    "begin": 1164, 
                    "end": 1169, 
                    "score": 0.33342599868774414, 
                    "spot": "House"
                }, 
                {
                    "begin": 1308, 
                    "end": 1313, 
                    "score": 0.08142700791358948, 
                    "spot": "House"
                }
            ], 
            "wiki_id": 19468510, 
            "wiki_title": "United States House of Representatives"
        }, 
        {
            "annotations": [
                {
                    "begin": 1199, 
                    "end": 1207, 
                    "score": 0.010535147041082382, 
                    "spot": "Thursday"
                }
            ], 
            "wiki_id": 7634921, 
            "wiki_title": "Thursday Night Football"
        }, 
        {
            "annotations": [
                {
                    "begin": 1936, 
                    "end": 1947, 
                    "score": 0.2289106845855713, 
                    "spot": "1980 Census"
                }
            ], 
            "wiki_id": 3748248, 
            "wiki_title": "1980 United States Census"
        }, 
        {
            "annotations": [
                {
                    "begin": 172, 
                    "end": 192, 
                    "score": 0.06302521377801895, 
                    "spot": "Board of Supervisors"
                }
            ], 
            "wiki_id": 225016, 
            "wiki_title": "City council"
        }, 
        {
            "annotations": [
                {
                    "begin": 257, 
                    "end": 261, 
                    "score": 0.09223519265651703, 
                    "spot": "will"
                }
            ], 
            "wiki_id": 77697, 
            "wiki_title": "Will and testament"
        }, 
        {
            "annotations": [
                {
                    "begin": 196, 
                    "end": 203, 
                    "score": 0.22344042360782623, 
                    "spot": "support"
                }
            ], 
            "wiki_id": 381013, 
            "wiki_title": "Support (mathematics)"
        }, 
        {
            "annotations": [
                {
                    "begin": 1949, 
                    "end": 1957, 
                    "score": 0.3125, 
                    "spot": "the city"
                }
            ], 
            "wiki_id": 149109, 
            "wiki_title": "Carole King"
        }, 
        {
            "annotations": [
                {
                    "begin": 25, 
                    "end": 31, 
                    "score": 0.19470009207725525, 
                    "spot": "county"
                }, 
                {
                    "begin": 430, 
                    "end": 436, 
                    "score": 0.16895566880702972, 
                    "spot": "county"
                }
            ], 
            "wiki_id": 852685, 
            "wiki_title": "Non-metropolitan county"
        }, 
        {
            "annotations": [
                {
                    "begin": 934, 
                    "end": 940, 
                    "score": 0.16100002825260162, 
                    "spot": "county"
                }, 
                {
                    "begin": 1734, 
                    "end": 1740, 
                    "score": 0.10101231187582016, 
                    "spot": "county"
                }
            ], 
            "wiki_id": 88366, 
            "wiki_title": "County (United States)"
        }, 
        {
            "annotations": [
                {
                    "begin": 405, 
                    "end": 409, 
                    "score": 0.0414419025182724, 
                    "spot": "mean"
                }
            ], 
            "wiki_id": 19192, 
            "wiki_title": "Mean"
        }, 
        {
            "annotations": [
                {
                    "begin": 1127, 
                    "end": 1138, 
                    "score": 0.02086472138762474, 
                    "spot": "negotiators"
                }
            ], 
            "wiki_id": 22083, 
            "wiki_title": "Negotiation"
        }, 
        {
            "annotations": [
                {
                    "begin": 1109, 
                    "end": 1114, 
                    "score": 0.021365735679864883, 
                    "spot": "major"
                }
            ], 
            "wiki_id": 201920, 
            "wiki_title": "Major"
        }, 
        {
            "annotations": [
                {
                    "begin": 628, 
                    "end": 634, 
                    "score": 0.00448940135538578, 
                    "spot": "letter"
                }
            ], 
            "wiki_id": 5072906, 
            "wiki_title": "The Letter (Seinfeld)"
        }
    ]
}