{
    "tagme": [
        {
            "annotations": [
                {
                    "begin": 1090, 
                    "end": 1093, 
                    "score": 0.0007124306866899133, 
                    "spot": "can"
                }
            ], 
            "wiki_id": 5042916, 
            "wiki_title": "Canada"
        }, 
        {
            "annotations": [
                {
                    "begin": 1670, 
                    "end": 1676, 
                    "score": 0.07353057712316513, 
                    "spot": "public"
                }
            ], 
            "wiki_id": 334803, 
            "wiki_title": "Public sector"
        }, 
        {
            "annotations": [
                {
                    "begin": 4746, 
                    "end": 4753, 
                    "score": 0.1287076324224472, 
                    "spot": "rascals"
                }
            ], 
            "wiki_id": 151732, 
            "wiki_title": "The Rascals"
        }, 
        {
            "annotations": [
                {
                    "begin": 807, 
                    "end": 817, 
                    "score": 0.22803513705730438, 
                    "spot": "Republican"
                }
            ], 
            "wiki_id": 4944911, 
            "wiki_title": "Republican Party of Wisconsin"
        }, 
        {
            "annotations": [
                {
                    "begin": 1025, 
                    "end": 1035, 
                    "score": 0.0033615902066230774, 
                    "spot": "imposition"
                }
            ], 
            "wiki_id": 827273, 
            "wiki_title": "Imposition"
        }, 
        {
            "annotations": [
                {
                    "begin": 1161, 
                    "end": 1169, 
                    "score": 0.09362374246120453, 
                    "spot": "endorsed"
                }
            ], 
            "wiki_id": 349003, 
            "wiki_title": "Testimonial"
        }, 
        {
            "annotations": [
                {
                    "begin": 2417, 
                    "end": 2425, 
                    "score": 0.1483154594898224, 
                    "spot": "weakness"
                }
            ], 
            "wiki_id": 1129827, 
            "wiki_title": "Vulnerability (computing)"
        }, 
        {
            "annotations": [
                {
                    "begin": 3670, 
                    "end": 3678, 
                    "score": 0.0009871668880805373, 
                    "spot": "ignorant"
                }
            ], 
            "wiki_id": 306326, 
            "wiki_title": "Ignorance"
        }, 
        {
            "annotations": [
                {
                    "begin": 4492, 
                    "end": 4496, 
                    "score": 0.1832757443189621, 
                    "spot": "hope"
                }
            ], 
            "wiki_id": 21000088, 
            "wiki_title": "Hope Summers (comics)"
        }, 
        {
            "annotations": [
                {
                    "begin": 3323, 
                    "end": 3347, 
                    "score": 0.06706507503986359, 
                    "spot": "House of Representatives"
                }
            ], 
            "wiki_id": 4215887, 
            "wiki_title": "Parliament of Jamaica"
        }, 
        {
            "annotations": [
                {
                    "begin": 2599, 
                    "end": 2605, 
                    "score": 0.0026934698689728975, 
                    "spot": "assert"
                }
            ], 
            "wiki_id": 24445954, 
            "wiki_title": "Assert (horse)"
        }, 
        {
            "annotations": [
                {
                    "begin": 2139, 
                    "end": 2144, 
                    "score": 0.06173938512802124, 
                    "spot": "short"
                }
            ], 
            "wiki_id": 498104, 
            "wiki_title": "Short film"
        }, 
        {
            "annotations": [
                {
                    "begin": 1621, 
                    "end": 1629, 
                    "score": 0.05993623659014702, 
                    "spot": "backlash"
                }
            ], 
            "wiki_id": 741183, 
            "wiki_title": "Backlash (sociology)"
        }, 
        {
            "annotations": [
                {
                    "begin": 3483, 
                    "end": 3486, 
                    "score": 0.051981423050165176, 
                    "spot": "out"
                }, 
                {
                    "begin": 4149, 
                    "end": 4152, 
                    "score": 0.11943826079368591, 
                    "spot": "out"
                }
            ], 
            "wiki_id": 18912922, 
            "wiki_title": "Closeted"
        }, 
        {
            "annotations": [
                {
                    "begin": 4357, 
                    "end": 4361, 
                    "score": 0.0573909617960453, 
                    "spot": "good"
                }
            ], 
            "wiki_id": 580039, 
            "wiki_title": "Good (economics)"
        }, 
        {
            "annotations": [
                {
                    "begin": 3366, 
                    "end": 3369, 
                    "score": 0.20670589804649353, 
                    "spot": "bet"
                }
            ], 
            "wiki_id": 11921, 
            "wiki_title": "Gambling"
        }, 
        {
            "annotations": [
                {
                    "begin": 4223, 
                    "end": 4233, 
                    "score": 0.2553367018699646, 
                    "spot": "indictment"
                }
            ], 
            "wiki_id": 14559, 
            "wiki_title": "Indictment"
        }, 
        {
            "annotations": [
                {
                    "begin": 4141, 
                    "end": 4148, 
                    "score": 0.057415448129177094, 
                    "spot": "hustled"
                }
            ], 
            "wiki_id": 437045, 
            "wiki_title": "Hustling"
        }, 
        {
            "annotations": [
                {
                    "begin": 3069, 
                    "end": 3078, 
                    "score": 0.0036166987847536802, 
                    "spot": "guarantee"
                }
            ], 
            "wiki_id": 3733873, 
            "wiki_title": "Loan guarantee"
        }, 
        {
            "annotations": [
                {
                    "begin": 1499, 
                    "end": 1504, 
                    "score": 0.0028237192891538143, 
                    "spot": "Eager"
                }
            ], 
            "wiki_id": 34595115, 
            "wiki_title": "Eager (horse)"
        }, 
        {
            "annotations": [
                {
                    "begin": 818, 
                    "end": 821, 
                    "score": 0.001720538828521967, 
                    "spot": "who"
                }, 
                {
                    "begin": 4306, 
                    "end": 4309, 
                    "score": 0.1951456367969513, 
                    "spot": "who"
                }
            ], 
            "wiki_id": 33583, 
            "wiki_title": "World Health Organization"
        }, 
        {
            "annotations": [
                {
                    "begin": 4607, 
                    "end": 4612, 
                    "score": 0.06879434734582901, 
                    "spot": "basic"
                }
            ], 
            "wiki_id": 30863191, 
            "wiki_title": "Basic research"
        }, 
        {
            "annotations": [
                {
                    "begin": 2325, 
                    "end": 2335, 
                    "score": 0.0031917348969727755, 
                    "spot": "connection"
                }
            ], 
            "wiki_id": 308815, 
            "wiki_title": "Connection (mathematics)"
        }, 
        {
            "annotations": [
                {
                    "begin": 721, 
                    "end": 726, 
                    "score": 0.13100029528141022, 
                    "spot": "terms"
                }
            ], 
            "wiki_id": 10826158, 
            "wiki_title": "Term of office"
        }, 
        {
            "annotations": [
                {
                    "begin": 1653, 
                    "end": 1666, 
                    "score": 0.002033958211541176, 
                    "spot": "manifestation"
                }
            ], 
            "wiki_id": 11804909, 
            "wiki_title": "Manifestation (album)"
        }, 
        {
            "annotations": [
                {
                    "begin": 2931, 
                    "end": 2947, 
                    "score": 0.028301887214183807, 
                    "spot": "state assemblies"
                }
            ], 
            "wiki_id": 15514556, 
            "wiki_title": "State legislative assemblies of Malaysia"
        }, 
        {
            "annotations": [
                {
                    "begin": 2742, 
                    "end": 2746, 
                    "score": 0.044180311262607574, 
                    "spot": "sway"
                }
            ], 
            "wiki_id": 6010759, 
            "wiki_title": "Sway (The Rolling Stones song)"
        }, 
        {
            "annotations": [
                {
                    "begin": 3181, 
                    "end": 3189, 
                    "score": 0.006868131924420595, 
                    "spot": "hitching"
                }
            ], 
            "wiki_id": 4015210, 
            "wiki_title": "Maps in a Mirror"
        }, 
        {
            "annotations": [
                {
                    "begin": 3235, 
                    "end": 3239, 
                    "score": 0.10366472601890564, 
                    "spot": "term"
                }
            ], 
            "wiki_id": 545577, 
            "wiki_title": "Academic term"
        }, 
        {
            "annotations": [
                {
                    "begin": 3823, 
                    "end": 3827, 
                    "score": 0.001476104138419032, 
                    "spot": "care"
                }
            ], 
            "wiki_id": 246892, 
            "wiki_title": "CARE (relief agency)"
        }, 
        {
            "annotations": [
                {
                    "begin": 4709, 
                    "end": 4721, 
                    "score": 0.025641025975346565, 
                    "spot": "all you want"
                }
            ], 
            "wiki_id": 8825159, 
            "wiki_title": "All You Want"
        }, 
        {
            "annotations": [
                {
                    "begin": 385, 
                    "end": 391, 
                    "score": 0.005664263851940632, 
                    "spot": "dilute"
                }
            ], 
            "wiki_id": 22143339, 
            "wiki_title": "Dilute budgerigar mutation"
        }, 
        {
            "annotations": [
                {
                    "begin": 4374, 
                    "end": 4390, 
                    "score": 0.0535714291036129, 
                    "spot": "surgical strikes"
                }
            ], 
            "wiki_id": 666610, 
            "wiki_title": "Surgical strike"
        }, 
        {
            "annotations": [
                {
                    "begin": 1432, 
                    "end": 1436, 
                    "score": 0.04998268187046051, 
                    "spot": "will"
                }, 
                {
                    "begin": 3387, 
                    "end": 3391, 
                    "score": 0.13098660111427307, 
                    "spot": "will"
                }
            ], 
            "wiki_id": 154698, 
            "wiki_title": "Will Smith"
        }, 
        {
            "annotations": [
                {
                    "begin": 882, 
                    "end": 895, 
                    "score": 0.05817865952849388, 
                    "spot": "institutional"
                }
            ], 
            "wiki_id": 294833, 
            "wiki_title": "Institution"
        }, 
        {
            "annotations": [
                {
                    "begin": 368, 
                    "end": 376, 
                    "score": 0.10560347884893417, 
                    "spot": "Court in"
                }
            ], 
            "wiki_id": 63833, 
            "wiki_title": "Government of California"
        }, 
        {
            "annotations": [
                {
                    "begin": 3057, 
                    "end": 3063, 
                    "score": 0.0011255027493461967, 
                    "spot": "pretty"
                }
            ], 
            "wiki_id": 19936600, 
            "wiki_title": "Pretty (advertisement)"
        }, 
        {
            "annotations": [
                {
                    "begin": 3640, 
                    "end": 3654, 
                    "score": 0.10000000149011612, 
                    "spot": "perennial crop"
                }
            ], 
            "wiki_id": 31289895, 
            "wiki_title": "Perennial crop"
        }, 
        {
            "annotations": [
                {
                    "begin": 849, 
                    "end": 854, 
                    "score": 0.13885247707366943, 
                    "spot": "third"
                }, 
                {
                    "begin": 2558, 
                    "end": 2565, 
                    "score": 0.09430185705423355, 
                    "spot": "quality"
                }
            ], 
            "wiki_id": 49171, 
            "wiki_title": "Interval (music)"
        }, 
        {
            "annotations": [
                {
                    "begin": 16, 
                    "end": 25, 
                    "score": 0.017944805324077606, 
                    "spot": "recurring"
                }
            ], 
            "wiki_id": 868114, 
            "wiki_title": "Recurring character"
        }, 
        {
            "annotations": [
                {
                    "begin": 4775, 
                    "end": 4785, 
                    "score": 0.1574999988079071, 
                    "spot": "your house"
                }
            ], 
            "wiki_id": 698151, 
            "wiki_title": "In Your House"
        }, 
        {
            "annotations": [
                {
                    "begin": 1386, 
                    "end": 1395, 
                    "score": 0.24980036914348602, 
                    "spot": "political"
                }
            ], 
            "wiki_id": 23040, 
            "wiki_title": "Political philosophy"
        }, 
        {
            "annotations": [
                {
                    "begin": 3426, 
                    "end": 3432, 
                    "score": 0.12615647912025452, 
                    "spot": "higher"
                }
            ], 
            "wiki_id": 14423, 
            "wiki_title": "Higher education"
        }, 
        {
            "annotations": [
                {
                    "begin": 678, 
                    "end": 692, 
                    "score": 0.5, 
                    "spot": "22nd Amendment"
                }
            ], 
            "wiki_id": 70132, 
            "wiki_title": "Twenty-second Amendment to the United States Constitution"
        }, 
        {
            "annotations": [
                {
                    "begin": 864, 
                    "end": 869, 
                    "score": 0.08547136187553406, 
                    "spot": "P>\n<P"
                }, 
                {
                    "begin": 1256, 
                    "end": 1261, 
                    "score": 0.0060240961611270905, 
                    "spot": "P>\n<P"
                }, 
                {
                    "begin": 1492, 
                    "end": 1497, 
                    "score": 0.0060240961611270905, 
                    "spot": "P>\n<P"
                }, 
                {
                    "begin": 1792, 
                    "end": 1797, 
                    "score": 0.00941673293709755, 
                    "spot": "P>\n<P"
                }, 
                {
                    "begin": 2225, 
                    "end": 2230, 
                    "score": 0.0060240961611270905, 
                    "spot": "P>\n<P"
                }, 
                {
                    "begin": 2622, 
                    "end": 2627, 
                    "score": 0.0060240961611270905, 
                    "spot": "P>\n<P"
                }, 
                {
                    "begin": 2962, 
                    "end": 2967, 
                    "score": 0.0060240961611270905, 
                    "spot": "P>\n<P"
                }, 
                {
                    "begin": 3496, 
                    "end": 3501, 
                    "score": 0.0060240961611270905, 
                    "spot": "P>\n<P"
                }, 
                {
                    "begin": 3889, 
                    "end": 3894, 
                    "score": 0.0060240961611270905, 
                    "spot": "P>\n<P"
                }, 
                {
                    "begin": 4167, 
                    "end": 4172, 
                    "score": 0.0060240961611270905, 
                    "spot": "P>\n<P"
                }, 
                {
                    "begin": 4588, 
                    "end": 4593, 
                    "score": 0.06707709282636642, 
                    "spot": "P>\n<P"
                }
            ], 
            "wiki_id": 37649, 
            "wiki_title": "Amplitude"
        }, 
        {
            "annotations": [
                {
                    "begin": 4031, 
                    "end": 4040, 
                    "score": 0.1183539628982544, 
                    "spot": "permanent"
                }
            ], 
            "wiki_id": 383367, 
            "wiki_title": "Life insurance"
        }, 
        {
            "annotations": [
                {
                    "begin": 1154, 
                    "end": 1160, 
                    "score": 0.20961207151412964, 
                    "spot": "voters"
                }, 
                {
                    "begin": 4066, 
                    "end": 4072, 
                    "score": 0.09961701184511185, 
                    "spot": "voters"
                }, 
                {
                    "begin": 4279, 
                    "end": 4285, 
                    "score": 0.17772063612937927, 
                    "spot": "voters"
                }
            ], 
            "wiki_id": 99860, 
            "wiki_title": "Voting"
        }, 
        {
            "annotations": [
                {
                    "begin": 1523, 
                    "end": 1527, 
                    "score": 0.05506477132439613, 
                    "spot": "wind"
                }
            ], 
            "wiki_id": 15440316, 
            "wiki_title": "Wind"
        }, 
        {
            "annotations": [
                {
                    "begin": 3444, 
                    "end": 3453, 
                    "score": 0.0005385029362514615, 
                    "spot": "they know"
                }
            ], 
            "wiki_id": 14924021, 
            "wiki_title": "Dey Know"
        }, 
        {
            "annotations": [
                {
                    "begin": 1930, 
                    "end": 1935, 
                    "score": 0.1184530034661293, 
                    "spot": "media"
                }
            ], 
            "wiki_id": 304113, 
            "wiki_title": "News media"
        }, 
        {
            "annotations": [
                {
                    "begin": 2611, 
                    "end": 2617, 
                    "score": 0.09883905202150345, 
                    "spot": "virtue"
                }
            ], 
            "wiki_id": 261873, 
            "wiki_title": "Virtue ethics"
        }, 
        {
            "annotations": [
                {
                    "begin": 4237, 
                    "end": 4248, 
                    "score": 0.22042538225650787, 
                    "spot": "citizenship"
                }, 
                {
                    "begin": 4290, 
                    "end": 4295, 
                    "score": 0.19698072969913483, 
                    "spot": "civic"
                }
            ], 
            "wiki_id": 6784, 
            "wiki_title": "Citizenship"
        }, 
        {
            "annotations": [
                {
                    "begin": 397, 
                    "end": 402, 
                    "score": 0.04907139018177986, 
                    "spot": "votes"
                }
            ], 
            "wiki_id": 994892, 
            "wiki_title": "Voter registration"
        }, 
        {
            "annotations": [
                {
                    "begin": 4653, 
                    "end": 4664, 
                    "score": 0.0975998118519783, 
                    "spot": "wrongheaded"
                }
            ], 
            "wiki_id": 204379, 
            "wiki_title": "Perversion"
        }, 
        {
            "annotations": [
                {
                    "begin": 4469, 
                    "end": 4483, 
                    "score": 0.40697672963142395, 
                    "spot": "carpet bombing"
                }
            ], 
            "wiki_id": 199589, 
            "wiki_title": "Carpet bombing"
        }, 
        {
            "annotations": [
                {
                    "begin": 3659, 
                    "end": 3665, 
                    "score": 0.0330033004283905, 
                    "spot": "callow"
                }
            ], 
            "wiki_id": 3094148, 
            "wiki_title": "Callow, Herefordshire"
        }, 
        {
            "annotations": [
                {
                    "begin": 520, 
                    "end": 526, 
                    "score": 0.15281563997268677, 
                    "spot": "plague"
                }
            ], 
            "wiki_id": 66981, 
            "wiki_title": "Epidemic"
        }, 
        {
            "annotations": [
                {
                    "begin": 3440, 
                    "end": 3442, 
                    "score": 0.0010810111416503787, 
                    "spot": "if"
                }
            ], 
            "wiki_id": 25386764, 
            "wiki_title": "If... (Desperate Housewives)"
        }, 
        {
            "annotations": [
                {
                    "begin": 4813, 
                    "end": 4817, 
                    "score": 0.01339479349553585, 
                    "spot": "rats"
                }
            ], 
            "wiki_id": 26471, 
            "wiki_title": "Rat"
        }, 
        {
            "annotations": [
                {
                    "begin": 3530, 
                    "end": 3537, 
                    "score": 0.01701570674777031, 
                    "spot": "rejoice"
                }
            ], 
            "wiki_id": 19847663, 
            "wiki_title": "Rejoice (Katherine Jenkins album)"
        }, 
        {
            "annotations": [
                {
                    "begin": 1423, 
                    "end": 1431, 
                    "score": 0.001317633897997439, 
                    "spot": "measures"
                }, 
                {
                    "begin": 4112, 
                    "end": 4119, 
                    "score": 0.11610936373472214, 
                    "spot": "measure"
                }
            ], 
            "wiki_id": 19022, 
            "wiki_title": "Measurement"
        }, 
        {
            "annotations": [
                {
                    "begin": 3836, 
                    "end": 3848, 
                    "score": 0.0700942650437355, 
                    "spot": "self-serving"
                }
            ], 
            "wiki_id": 732200, 
            "wiki_title": "Selfishness"
        }, 
        {
            "annotations": [
                {
                    "begin": 4684, 
                    "end": 4689, 
                    "score": 0.036553435027599335, 
                    "spot": "throw"
                }
            ], 
            "wiki_id": 678924, 
            "wiki_title": "Match fixing"
        }, 
        {
            "annotations": [
                {
                    "begin": 2980, 
                    "end": 2983, 
                    "score": 0.0670313760638237, 
                    "spot": "out"
                }
            ], 
            "wiki_id": 71537, 
            "wiki_title": "Coming out"
        }, 
        {
            "annotations": [
                {
                    "begin": 3627, 
                    "end": 3637, 
                    "score": 0.002590841380879283, 
                    "spot": "guaranteed"
                }
            ], 
            "wiki_id": 1182343, 
            "wiki_title": "Surety"
        }, 
        {
            "annotations": [
                {
                    "begin": 556, 
                    "end": 565, 
                    "score": 0.2785966992378235, 
                    "spot": "President"
                }, 
                {
                    "begin": 703, 
                    "end": 713, 
                    "score": 0.145183265209198, 
                    "spot": "presidents"
                }, 
                {
                    "begin": 738, 
                    "end": 747, 
                    "score": 0.12162727117538452, 
                    "spot": "President"
                }
            ], 
            "wiki_id": 24113, 
            "wiki_title": "President of the United States"
        }, 
        {
            "annotations": [
                {
                    "begin": 1080, 
                    "end": 1089, 
                    "score": 0.06803271174430847, 
                    "spot": "lawmakers"
                }, 
                {
                    "begin": 1221, 
                    "end": 1230, 
                    "score": 0.1046275720000267, 
                    "spot": "lawmakers"
                }, 
                {
                    "begin": 2368, 
                    "end": 2377, 
                    "score": 0.0044247787445783615, 
                    "spot": "lawmakers"
                }, 
                {
                    "begin": 2541, 
                    "end": 2550, 
                    "score": 0.0044247787445783615, 
                    "spot": "lawmakers"
                }, 
                {
                    "begin": 3269, 
                    "end": 3277, 
                    "score": 0.1224418357014656, 
                    "spot": "lawmaker"
                }, 
                {
                    "begin": 3679, 
                    "end": 3688, 
                    "score": 0.0044247787445783615, 
                    "spot": "lawmakers"
                }, 
                {
                    "begin": 4343, 
                    "end": 4352, 
                    "score": 0.11416086554527283, 
                    "spot": "lawmakers"
                }
            ], 
            "wiki_id": 661622, 
            "wiki_title": "Legislator"
        }, 
        {
            "annotations": [
                {
                    "begin": 955, 
                    "end": 973, 
                    "score": 0.03512558713555336, 
                    "spot": "state legislatures"
                }, 
                {
                    "begin": 2635, 
                    "end": 2652, 
                    "score": 0.018830524757504463, 
                    "spot": "state legislators"
                }
            ], 
            "wiki_id": 48940, 
            "wiki_title": "State legislature (United States)"
        }, 
        {
            "annotations": [
                {
                    "begin": 3849, 
                    "end": 3859, 
                    "score": 0.26155489683151245, 
                    "spot": "propaganda"
                }
            ], 
            "wiki_id": 23203, 
            "wiki_title": "Propaganda"
        }, 
        {
            "annotations": [
                {
                    "begin": 505, 
                    "end": 516, 
                    "score": 0.09287101030349731, 
                    "spot": "controversy"
                }
            ], 
            "wiki_id": 16857000, 
            "wiki_title": "Jeremiah Wright controversy"
        }, 
        {
            "annotations": [
                {
                    "begin": 693, 
                    "end": 701, 
                    "score": 0.0013363190228119493, 
                    "spot": "limiting"
                }
            ], 
            "wiki_id": 26551602, 
            "wiki_title": "Limit (mathematics)"
        }, 
        {
            "annotations": [
                {
                    "begin": 1715, 
                    "end": 1724, 
                    "score": 0.14334268867969513, 
                    "spot": "Democrats"
                }
            ], 
            "wiki_id": 7959, 
            "wiki_title": "Democracy"
        }, 
        {
            "annotations": [
                {
                    "begin": 1074, 
                    "end": 1079, 
                    "score": 0.12882745265960693, 
                    "spot": "state"
                }, 
                {
                    "begin": 1215, 
                    "end": 1220, 
                    "score": 0.13281625509262085, 
                    "spot": "state"
                }, 
                {
                    "begin": 1362, 
                    "end": 1367, 
                    "score": 0.2691348195075989, 
                    "spot": "state"
                }, 
                {
                    "begin": 3263, 
                    "end": 3268, 
                    "score": 0.14673545956611633, 
                    "spot": "state"
                }, 
                {
                    "begin": 3401, 
                    "end": 3406, 
                    "score": 0.08792856335639954, 
                    "spot": "state"
                }
            ], 
            "wiki_id": 28151, 
            "wiki_title": "State (polity)"
        }, 
        {
            "annotations": [
                {
                    "begin": 2159, 
                    "end": 2173, 
                    "score": 0.22777102887630463, 
                    "spot": "indiscriminate"
                }, 
                {
                    "begin": 4317, 
                    "end": 4329, 
                    "score": 0.1893584281206131, 
                    "spot": "discriminate"
                }
            ], 
            "wiki_id": 8900, 
            "wiki_title": "Discrimination"
        }, 
        {
            "annotations": [
                {
                    "begin": 3463, 
                    "end": 3466, 
                    "score": 0.12039928883314133, 
                    "spot": "law"
                }
            ], 
            "wiki_id": 18949668, 
            "wiki_title": "Law"
        }, 
        {
            "annotations": [
                {
                    "begin": 2988, 
                    "end": 2999, 
                    "score": 0.03548860549926758, 
                    "spot": "legislators"
                }, 
                {
                    "begin": 3705, 
                    "end": 3716, 
                    "score": 0.07645201683044434, 
                    "spot": "legislators"
                }
            ], 
            "wiki_id": 140556, 
            "wiki_title": "Legislative Yuan"
        }, 
        {
            "annotations": [
                {
                    "begin": 3287, 
                    "end": 3290, 
                    "score": 0.019242150709033012, 
                    "spot": "eye"
                }
            ], 
            "wiki_id": 4652664, 
            "wiki_title": "Eye (cyclone)"
        }, 
        {
            "annotations": [
                {
                    "begin": 843, 
                    "end": 846, 
                    "score": 0.0008345537935383618, 
                    "spot": "won"
                }
            ], 
            "wiki_id": 3031782, 
            "wiki_title": "Warrant Officer of the Navy"
        }, 
        {
            "annotations": [
                {
                    "begin": 2907, 
                    "end": 2922, 
                    "score": 0.027775444090366364, 
                    "spot": "professionalism"
                }
            ], 
            "wiki_id": 398277, 
            "wiki_title": "Professional sports"
        }, 
        {
            "annotations": [
                {
                    "begin": 1638, 
                    "end": 1648, 
                    "score": 0.015260709449648857, 
                    "spot": "incumbents"
                }
            ], 
            "wiki_id": 364022, 
            "wiki_title": "Incumbent"
        }, 
        {
            "annotations": [
                {
                    "begin": 1973, 
                    "end": 1983, 
                    "score": 0.08003125339746475, 
                    "spot": "disappears"
                }
            ], 
            "wiki_id": 38052170, 
            "wiki_title": "1956 Atlantic R6D-1 disappearance"
        }, 
        {
            "annotations": [
                {
                    "begin": 4156, 
                    "end": 4162, 
                    "score": 0.1325090378522873, 
                    "spot": "office"
                }
            ], 
            "wiki_id": 2995553, 
            "wiki_title": "The Office (U.S. TV series)"
        }, 
        {
            "annotations": [
                {
                    "begin": 2117, 
                    "end": 2121, 
                    "score": 0.060610171407461166, 
                    "spot": "gain"
                }
            ], 
            "wiki_id": 34149622, 
            "wiki_title": "Gain (singer)"
        }, 
        {
            "annotations": [
                {
                    "begin": 3517, 
                    "end": 3523, 
                    "score": 0.0646238774061203, 
                    "spot": "course"
                }
            ], 
            "wiki_id": 393585, 
            "wiki_title": "Golf course"
        }, 
        {
            "annotations": [
                {
                    "begin": 896, 
                    "end": 904, 
                    "score": 0.05705245956778526, 
                    "spot": "patients"
                }
            ], 
            "wiki_id": 437724, 
            "wiki_title": "Patient"
        }, 
        {
            "annotations": [
                {
                    "begin": 3814, 
                    "end": 3816, 
                    "score": 0.0010810111416503787, 
                    "spot": "if"
                }
            ], 
            "wiki_id": 8882040, 
            "wiki_title": "International Forum Design"
        }, 
        {
            "annotations": [
                {
                    "begin": 4798, 
                    "end": 4805, 
                    "score": 0.0014236902352422476, 
                    "spot": "get rid"
                }
            ], 
            "wiki_id": 9132538, 
            "wiki_title": "Get RID!"
        }, 
        {
            "annotations": [
                {
                    "begin": 81, 
                    "end": 84, 
                    "score": 0.09572811424732208, 
                    "spot": "one"
                }
            ], 
            "wiki_id": 102459, 
            "wiki_title": "One-party state"
        }, 
        {
            "annotations": [
                {
                    "begin": 2356, 
                    "end": 2360, 
                    "score": 0.07298845797777176, 
                    "spot": "sins"
                }
            ], 
            "wiki_id": 28307, 
            "wiki_title": "Sin"
        }, 
        {
            "annotations": [
                {
                    "begin": 591, 
                    "end": 597, 
                    "score": 0.06949396431446075, 
                    "spot": "wanted"
                }
            ], 
            "wiki_id": 1823345, 
            "wiki_title": "Wanted poster"
        }, 
        {
            "annotations": [
                {
                    "begin": 4045, 
                    "end": 4062, 
                    "score": 0.007898894138634205, 
                    "spot": "beyond \nthe reach"
                }
            ], 
            "wiki_id": 43933347, 
            "wiki_title": "Beyond the Reach"
        }, 
        {
            "annotations": [
                {
                    "begin": 1614, 
                    "end": 1618, 
                    "score": 0.13420359790325165, 
                    "spot": "vote"
                }
            ], 
            "wiki_id": 924170, 
            "wiki_title": "Elections in the United States"
        }, 
        {
            "annotations": [
                {
                    "begin": 4575, 
                    "end": 4583, 
                    "score": 0.18193858861923218, 
                    "spot": "innocent"
                }
            ], 
            "wiki_id": 555881, 
            "wiki_title": "Innocence"
        }, 
        {
            "annotations": [
                {
                    "begin": 4709, 
                    "end": 4716, 
                    "score": 0.04025764763355255, 
                    "spot": "all you"
                }
            ], 
            "wiki_id": 1685861, 
            "wiki_title": "All for You (Janet Jackson song)"
        }, 
        {
            "annotations": [
                {
                    "begin": 4613, 
                    "end": 4618, 
                    "score": 0.003104290459305048, 
                    "spot": "level"
                }
            ], 
            "wiki_id": 1910313, 
            "wiki_title": "Level (video gaming)"
        }, 
        {
            "annotations": [
                {
                    "begin": 1039, 
                    "end": 1045, 
                    "score": 0.25159692764282227, 
                    "spot": "limits"
                }, 
                {
                    "begin": 1053, 
                    "end": 1068, 
                    "score": 0.0043196543119847775, 
                    "spot": "number of terms"
                }, 
                {
                    "begin": 1278, 
                    "end": 1293, 
                    "score": 0.22641992568969727, 
                    "spot": "term limitation"
                }, 
                {
                    "begin": 2071, 
                    "end": 2086, 
                    "score": 0.0625, 
                    "spot": "term limitation"
                }, 
                {
                    "begin": 2243, 
                    "end": 2258, 
                    "score": 0.0625, 
                    "spot": "term limitation"
                }, 
                {
                    "begin": 4195, 
                    "end": 4205, 
                    "score": 0.4728506803512573, 
                    "spot": "term limit"
                }, 
                {
                    "begin": 4448, 
                    "end": 4463, 
                    "score": 0.27116066217422485, 
                    "spot": "term limitation"
                }, 
                {
                    "begin": 4620, 
                    "end": 4635, 
                    "score": 0.0625, 
                    "spot": "term limitation"
                }
            ], 
            "wiki_id": 505825, 
            "wiki_title": "Term limit"
        }, 
        {
            "annotations": [
                {
                    "begin": 3803, 
                    "end": 3812, 
                    "score": 0.0756540298461914, 
                    "spot": "challenge"
                }
            ], 
            "wiki_id": 946966, 
            "wiki_title": "Challenge (TV channel)"
        }, 
        {
            "annotations": [
                {
                    "begin": 4519, 
                    "end": 4526, 
                    "score": 0.2383071482181549, 
                    "spot": "carnage"
                }
            ], 
            "wiki_id": 315837, 
            "wiki_title": "Carnage (comics)"
        }, 
        {
            "annotations": [
                {
                    "begin": 2750, 
                    "end": 2759, 
                    "score": 0.001271370449103415, 
                    "spot": "full-time"
                }
            ], 
            "wiki_id": 1798797, 
            "wiki_title": "Full-time"
        }, 
        {
            "annotations": [
                {
                    "begin": 4017, 
                    "end": 4026, 
                    "score": 0.170771062374115, 
                    "spot": "officials"
                }
            ], 
            "wiki_id": 725182, 
            "wiki_title": "Official"
        }, 
        {
            "annotations": [
                {
                    "begin": 3021, 
                    "end": 3031, 
                    "score": 0.011140819638967514, 
                    "spot": "even worse"
                }
            ], 
            "wiki_id": 681823, 
            "wiki_title": "Even Worse"
        }, 
        {
            "annotations": [
                {
                    "begin": 2789, 
                    "end": 2800, 
                    "score": 0.2325177639722824, 
                    "spot": "bureaucrats"
                }
            ], 
            "wiki_id": 20949522, 
            "wiki_title": "Bureaucracy"
        }, 
        {
            "annotations": [
                {
                    "begin": 3579, 
                    "end": 3595, 
                    "score": 0.13265305757522583, 
                    "spot": "birds of passage"
                }
            ], 
            "wiki_id": 31588839, 
            "wiki_title": "Birds of Passage (band)"
        }, 
        {
            "annotations": [
                {
                    "begin": 1145, 
                    "end": 1153, 
                    "score": 0.2586333751678467, 
                    "spot": "Oklahoma"
                }, 
                {
                    "begin": 1297, 
                    "end": 1305, 
                    "score": 0.200220987200737, 
                    "spot": "Oklahoma"
                }, 
                {
                    "begin": 1605, 
                    "end": 1613, 
                    "score": 0.298292338848114, 
                    "spot": "Oklahoma"
                }, 
                {
                    "begin": 1803, 
                    "end": 1811, 
                    "score": 0.28941774368286133, 
                    "spot": "Oklahoma"
                }
            ], 
            "wiki_id": 22489, 
            "wiki_title": "Oklahoma"
        }, 
        {
            "annotations": [
                {
                    "begin": 2291, 
                    "end": 2295, 
                    "score": 0.1218746155500412, 
                    "spot": "tool"
                }
            ], 
            "wiki_id": 30978, 
            "wiki_title": "Tool (band)"
        }, 
        {
            "annotations": [
                {
                    "begin": 626, 
                    "end": 642, 
                    "score": 0.004830917809158564, 
                    "spot": "never be another"
                }
            ], 
            "wiki_id": 35840725, 
            "wiki_title": "From the Roots Up"
        }, 
        {
            "annotations": [
                {
                    "begin": 833, 
                    "end": 837, 
                    "score": 0.0005596246337518096, 
                    "spot": "well"
                }
            ], 
            "wiki_id": 6850494, 
            "wiki_title": "Well..."
        }, 
        {
            "annotations": [
                {
                    "begin": 783, 
                    "end": 803, 
                    "score": 0.8162495493888855, 
                    "spot": "Dwight D. Eisenhower"
                }
            ], 
            "wiki_id": 8182, 
            "wiki_title": "Dwight D. Eisenhower"
        }, 
        {
            "annotations": [
                {
                    "begin": 1206, 
                    "end": 1214, 
                    "score": 0.0013363190228119493, 
                    "spot": "limiting"
                }
            ], 
            "wiki_id": 41314, 
            "wiki_title": "Limiting"
        }, 
        {
            "annotations": [
                {
                    "begin": 659, 
                    "end": 665, 
                    "score": 0.0007276217802427709, 
                    "spot": "pushed"
                }
            ], 
            "wiki_id": 849472, 
            "wiki_title": "Push (professional wrestling)"
        }, 
        {
            "annotations": [
                {
                    "begin": 4762, 
                    "end": 4769, 
                    "score": 0.17141030728816986, 
                    "spot": "burning"
                }, 
                {
                    "begin": 4762, 
                    "end": 4774, 
                    "score": 0.19585049152374268, 
                    "spot": "burning down"
                }
            ], 
            "wiki_id": 184695, 
            "wiki_title": "Arson"
        }, 
        {
            "annotations": [
                {
                    "begin": 732, 
                    "end": 737, 
                    "score": 0.12794391810894012, 
                    "spot": "first"
                }
            ], 
            "wiki_id": 31653, 
            "wiki_title": "First Amendment to the United States Constitution"
        }, 
        {
            "annotations": [
                {
                    "begin": 3472, 
                    "end": 3477, 
                    "score": 0.14626389741897583, 
                    "spot": "force"
                }
            ], 
            "wiki_id": 140339, 
            "wiki_title": "Force (law)"
        }, 
        {
            "annotations": [
                {
                    "begin": 87, 
                    "end": 98, 
                    "score": 0.0011516946833580732, 
                    "spot": "adversaries"
                }
            ], 
            "wiki_id": 789126, 
            "wiki_title": "Adversary (cryptography)"
        }, 
        {
            "annotations": [
                {
                    "begin": 1339, 
                    "end": 1356, 
                    "score": 0.04958677664399147, 
                    "spot": "act \nof vengeance"
                }
            ], 
            "wiki_id": 28048830, 
            "wiki_title": "Act of Vengeance"
        }, 
        {
            "annotations": [
                {
                    "begin": 339, 
                    "end": 345, 
                    "score": 0.2562628388404846, 
                    "spot": "s plan"
                }
            ], 
            "wiki_id": 2676936, 
            "wiki_title": "S-Plan"
        }, 
        {
            "annotations": [
                {
                    "begin": 4737, 
                    "end": 4740, 
                    "score": 0.0005023122066631913, 
                    "spot": "out"
                }
            ], 
            "wiki_id": 764059, 
            "wiki_title": "Dismissal (cricket)"
        }, 
        {
            "annotations": [
                {
                    "begin": 2689, 
                    "end": 2695, 
                    "score": 0.02147531509399414, 
                    "spot": "staffs"
                }, 
                {
                    "begin": 3959, 
                    "end": 3965, 
                    "score": 0.06879603862762451, 
                    "spot": "staffs"
                }
            ], 
            "wiki_id": 1400838, 
            "wiki_title": "Staff (military)"
        }, 
        {
            "annotations": [
                {
                    "begin": 2817, 
                    "end": 2826, 
                    "score": 0.1747412234544754, 
                    "spot": "lobbyists"
                }, 
                {
                    "begin": 3503, 
                    "end": 3512, 
                    "score": 0.1286362111568451, 
                    "spot": "Lobbyists"
                }, 
                {
                    "begin": 3924, 
                    "end": 3933, 
                    "score": 0.21098299324512482, 
                    "spot": "lobbyists"
                }
            ], 
            "wiki_id": 48934, 
            "wiki_title": "Lobbying"
        }, 
        {
            "annotations": [
                {
                    "begin": 2060, 
                    "end": 2067, 
                    "score": 0.06034482643008232, 
                    "spot": "puffers"
                }
            ], 
            "wiki_id": 23576, 
            "wiki_title": "Tetraodontidae"
        }, 
        {
            "annotations": [
                {
                    "begin": 1106, 
                    "end": 1115, 
                    "score": 0.018910741433501244, 
                    "spot": "first cut"
                }
            ], 
            "wiki_id": 18550322, 
            "wiki_title": "First Cut (TV series)"
        }, 
        {
            "annotations": [
                {
                    "begin": 1677, 
                    "end": 1687, 
                    "score": 0.3016383647918701, 
                    "spot": "alienation"
                }
            ], 
            "wiki_id": 2943008, 
            "wiki_title": "Social alienation"
        }, 
        {
            "annotations": [
                {
                    "begin": 928, 
                    "end": 940, 
                    "score": 0.4545454680919647, 
                    "spot": "shock-trauma"
                }
            ], 
            "wiki_id": 17371336, 
            "wiki_title": "Shocktrauma"
        }, 
        {
            "annotations": [
                {
                    "begin": 751, 
                    "end": 755, 
                    "score": 0.018800269812345505, 
                    "spot": "come"
                }
            ], 
            "wiki_id": 22546, 
            "wiki_title": "Orgasm"
        }, 
        {
            "annotations": [
                {
                    "begin": 40, 
                    "end": 48, 
                    "score": 0.22685615718364716, 
                    "spot": "American"
                }
            ], 
            "wiki_id": 19792942, 
            "wiki_title": "Americans"
        }, 
        {
            "annotations": [
                {
                    "begin": 242, 
                    "end": 248, 
                    "score": 0.09893577545881271, 
                    "spot": "people"
                }, 
                {
                    "begin": 3380, 
                    "end": 3386, 
                    "score": 0.16249893605709076, 
                    "spot": "people"
                }
            ], 
            "wiki_id": 507970, 
            "wiki_title": "People (magazine)"
        }, 
        {
            "annotations": [
                {
                    "begin": 3596, 
                    "end": 3600, 
                    "score": 0.1651257872581482, 
                    "spot": "will"
                }
            ], 
            "wiki_id": 79432, 
            "wiki_title": "Will (philosophy)"
        }, 
        {
            "annotations": [
                {
                    "begin": 436, 
                    "end": 444, 
                    "score": 0.12325448542833328, 
                    "spot": "creation"
                }
            ], 
            "wiki_id": 5326, 
            "wiki_title": "Creationism"
        }, 
        {
            "annotations": [
                {
                    "begin": 3143, 
                    "end": 3147, 
                    "score": 0.13598018884658813, 
                    "spot": "jobs"
                }
            ], 
            "wiki_id": 314993, 
            "wiki_title": "Employment"
        }, 
        {
            "annotations": [
                {
                    "begin": 1760, 
                    "end": 1766, 
                    "score": 0.07819625735282898, 
                    "spot": "number"
                }
            ], 
            "wiki_id": 19630739, 
            "wiki_title": "Continent"
        }, 
        {
            "annotations": [
                {
                    "begin": 1826, 
                    "end": 1839, 
                    "score": 0.06421919912099838, 
                    "spot": "none of these"
                }
            ], 
            "wiki_id": 5725047, 
            "wiki_title": "None of These Candidates"
        }, 
        {
            "annotations": [
                {
                    "begin": 4725, 
                    "end": 4727, 
                    "score": 0.24659830331802368, 
                    "spot": "do"
                }
            ], 
            "wiki_id": 30808, 
            "wiki_title": "Tao"
        }, 
        {
            "annotations": [
                {
                    "begin": 317, 
                    "end": 338, 
                    "score": 0.5, 
                    "spot": "Franklin D. Roosevelt"
                }, 
                {
                    "begin": 329, 
                    "end": 340, 
                    "score": 0.10736889392137527, 
                    "spot": "Roosevelt's"
                }, 
                {
                    "begin": 643, 
                    "end": 648, 
                    "score": 0.12105885148048401, 
                    "spot": "F.D.R"
                }
            ], 
            "wiki_id": 10979, 
            "wiki_title": "Franklin D. Roosevelt"
        }, 
        {
            "annotations": [
                {
                    "begin": 2861, 
                    "end": 2870, 
                    "score": 0.08745206892490387, 
                    "spot": "reformers"
                }
            ], 
            "wiki_id": 37857, 
            "wiki_title": "Protestant Reformation"
        }, 
        {
            "annotations": [
                {
                    "begin": 1332, 
                    "end": 1338, 
                    "score": 0.011605415493249893, 
                    "spot": "cranky"
                }
            ], 
            "wiki_id": 3822828, 
            "wiki_title": "Non-rail vehicles (Thomas &amp; Friends)"
        }, 
        {
            "annotations": [
                {
                    "begin": 4296, 
                    "end": 4305, 
                    "score": 0.1585446000099182, 
                    "spot": "imbeciles"
                }
            ], 
            "wiki_id": 18567040, 
            "wiki_title": "Intellectual disability"
        }, 
        {
            "annotations": [
                {
                    "begin": 2760, 
                    "end": 2769, 
                    "score": 0.07759112864732742, 
                    "spot": "governors"
                }
            ], 
            "wiki_id": 3499738, 
            "wiki_title": "Governors of states of India"
        }, 
        {
            "annotations": [
                {
                    "begin": 278, 
                    "end": 281, 
                    "score": 0.0017393865855410695, 
                    "spot": "end"
                }
            ], 
            "wiki_id": 20892116, 
            "wiki_title": "The E.N.D"
        }, 
        {
            "annotations": [
                {
                    "begin": 571, 
                    "end": 582, 
                    "score": 0.23313483595848083, 
                    "spot": "Republicans"
                }
            ], 
            "wiki_id": 32070, 
            "wiki_title": "Republican Party (United States)"
        }, 
        {
            "annotations": [
                {
                    "begin": 1885, 
                    "end": 1892, 
                    "score": 0.28268954157829285, 
                    "spot": "tempest"
                }
            ], 
            "wiki_id": 23487767, 
            "wiki_title": "The Tempest"
        }, 
        {
            "annotations": [
                {
                    "begin": 4339, 
                    "end": 4342, 
                    "score": 0.04650242254137993, 
                    "spot": "bad"
                }
            ], 
            "wiki_id": 1782176, 
            "wiki_title": "Bad (Michael Jackson song)"
        }, 
        {
            "annotations": [
                {
                    "begin": 151, 
                    "end": 159, 
                    "score": 0.004204798489809036, 
                    "spot": "dominate"
                }
            ], 
            "wiki_id": 1442772, 
            "wiki_title": "Dominate"
        }, 
        {
            "annotations": [
                {
                    "begin": 4435, 
                    "end": 4442, 
                    "score": 0.22496725618839264, 
                    "spot": "corrupt"
                }
            ], 
            "wiki_id": 3608404, 
            "wiki_title": "Corruption"
        }, 
        {
            "annotations": [
                {
                    "begin": 941, 
                    "end": 945, 
                    "score": 0.004652622155845165, 
                    "spot": "unit"
                }
            ], 
            "wiki_id": 3860279, 
            "wiki_title": "The Unit"
        }, 
        {
            "annotations": [
                {
                    "begin": 3098, 
                    "end": 3105, 
                    "score": 0.06320484727621078, 
                    "spot": "elected"
                }
            ], 
            "wiki_id": 20259327, 
            "wiki_title": "Elected (song)"
        }, 
        {
            "annotations": [
                {
                    "begin": 4260, 
                    "end": 4269, 
                    "score": 0.16183817386627197, 
                    "spot": "admission"
                }
            ], 
            "wiki_id": 2094883, 
            "wiki_title": "Admissible evidence"
        }, 
        {
            "annotations": [
                {
                    "begin": 1396, 
                    "end": 1408, 
                    "score": 0.10973888635635376, 
                    "spot": "trend-setter"
                }
            ], 
            "wiki_id": 900498, 
            "wiki_title": "Early adopter"
        }, 
        {
            "annotations": [
                {
                    "begin": 3766, 
                    "end": 3776, 
                    "score": 0.016806723549962044, 
                    "spot": "conversant"
                }
            ], 
            "wiki_id": 962708, 
            "wiki_title": "Conversant"
        }, 
        {
            "annotations": [
                {
                    "begin": 4552, 
                    "end": 4558, 
                    "score": 0.3614382743835449, 
                    "spot": "suffer"
                }
            ], 
            "wiki_id": 206583, 
            "wiki_title": "Suffering"
        }, 
        {
            "annotations": [
                {
                    "begin": 985, 
                    "end": 992, 
                    "score": 0.10228871554136276, 
                    "spot": "therapy"
                }
            ], 
            "wiki_id": 13311819, 
            "wiki_title": "Therapy"
        }, 
        {
            "annotations": [
                {
                    "begin": 3416, 
                    "end": 3421, 
                    "score": 0.1290767788887024, 
                    "spot": "groom"
                }
            ], 
            "wiki_id": 32893, 
            "wiki_title": "Wedding"
        }, 
        {
            "annotations": [
                {
                    "begin": 1464, 
                    "end": 1474, 
                    "score": 0.2805400490760803, 
                    "spot": "California"
                }
            ], 
            "wiki_id": 5407, 
            "wiki_title": "California"
        }, 
        {
            "annotations": [
                {
                    "begin": 1991, 
                    "end": 2002, 
                    "score": 0.1299147754907608, 
                    "spot": "Republicans"
                }
            ], 
            "wiki_id": 772738, 
            "wiki_title": "Irish republicanism"
        }, 
        {
            "annotations": [
                {
                    "begin": 3171, 
                    "end": 3180, 
                    "score": 0.1847003549337387, 
                    "spot": "temporary"
                }
            ], 
            "wiki_id": 441390, 
            "wiki_title": "Temporary work"
        }, 
        {
            "annotations": [
                {
                    "begin": 4770, 
                    "end": 4774, 
                    "score": 0.05737645551562309, 
                    "spot": "down"
                }
            ], 
            "wiki_id": 128263, 
            "wiki_title": "County Down"
        }, 
        {
            "annotations": [
                {
                    "begin": 1244, 
                    "end": 1251, 
                    "score": 0.07311433553695679, 
                    "spot": "service"
                }
            ], 
            "wiki_id": 30874303, 
            "wiki_title": "Volunteering"
        }, 
        {
            "annotations": [
                {
                    "begin": 1509, 
                    "end": 1527, 
                    "score": 0.1785714328289032, 
                    "spot": "straws in the wind"
                }
            ], 
            "wiki_id": 32150085, 
            "wiki_title": "Straws in the Wind"
        }, 
        {
            "annotations": [
                {
                    "begin": 3867, 
                    "end": 3884, 
                    "score": 0.12536442279815674, 
                    "spot": "special interests"
                }
            ], 
            "wiki_id": 26561880, 
            "wiki_title": "Advocacy group"
        }, 
        {
            "annotations": [
                {
                    "begin": 2201, 
                    "end": 2220, 
                    "score": 0.0535714291036129, 
                    "spot": "deliberative bodies"
                }
            ], 
            "wiki_id": 168919, 
            "wiki_title": "Deliberative democracy"
        }, 
        {
            "annotations": [
                {
                    "begin": 4540, 
                    "end": 4546, 
                    "score": 0.10993952304124832, 
                    "spot": "guilty"
                }
            ], 
            "wiki_id": 12239, 
            "wiki_title": "Guilt (emotion)"
        }, 
        {
            "annotations": [
                {
                    "begin": 4670, 
                    "end": 4679, 
                    "score": 0.09350085258483887, 
                    "spot": "illogical"
                }
            ], 
            "wiki_id": 46426065, 
            "wiki_title": "Logic"
        }, 
        {
            "annotations": [
                {
                    "begin": 855, 
                    "end": 859, 
                    "score": 0.23354099690914154, 
                    "spot": "term"
                }
            ], 
            "wiki_id": 30012, 
            "wiki_title": "Time"
        }, 
        {
            "annotations": [
                {
                    "begin": 2676, 
                    "end": 2688, 
                    "score": 0.1258941888809204, 
                    "spot": "professional"
                }
            ], 
            "wiki_id": 290809, 
            "wiki_title": "Professional"
        }, 
        {
            "annotations": [
                {
                    "begin": 292, 
                    "end": 305, 
                    "score": 0.06172839552164078, 
                    "spot": "recovery room"
                }
            ], 
            "wiki_id": 3069740, 
            "wiki_title": "Post-anesthesia care unit"
        }, 
        {
            "annotations": [
                {
                    "begin": 4120, 
                    "end": 4131, 
                    "score": 0.1040426716208458, 
                    "spot": "accountable"
                }
            ], 
            "wiki_id": 161973, 
            "wiki_title": "Accountability"
        }, 
        {
            "annotations": [
                {
                    "begin": 3755, 
                    "end": 3758, 
                    "score": 0.10211203247308731, 
                    "spot": "can"
                }
            ], 
            "wiki_id": 9331428, 
            "wiki_title": "Canadian Albums Chart"
        }, 
        {
            "annotations": [
                {
                    "begin": 3601, 
                    "end": 3605, 
                    "score": 0.32734960317611694, 
                    "spot": "grow"
                }
            ], 
            "wiki_id": 11692351, 
            "wiki_title": "GROW"
        }, 
        {
            "annotations": [
                {
                    "begin": 2879, 
                    "end": 2883, 
                    "score": 0.03254832699894905, 
                    "spot": "past"
                }
            ], 
            "wiki_id": 31591, 
            "wiki_title": "Time travel"
        }, 
        {
            "annotations": [
                {
                    "begin": 4644, 
                    "end": 4652, 
                    "score": 0.031779661774635315, 
                    "spot": "flat-out"
                }
            ], 
            "wiki_id": 42984259, 
            "wiki_title": "FlatOut (video game)"
        }, 
        {
            "annotations": [
                {
                    "begin": 1479, 
                    "end": 1487, 
                    "score": 0.2434333860874176, 
                    "spot": "Colorado"
                }
            ], 
            "wiki_id": 5399, 
            "wiki_title": "Colorado"
        }, 
        {
            "annotations": [
                {
                    "begin": 3219, 
                    "end": 3226, 
                    "score": 0.1074446365237236, 
                    "spot": "offices"
                }, 
                {
                    "begin": 3433, 
                    "end": 3439, 
                    "score": 0.1068747267127037, 
                    "spot": "office"
                }
            ], 
            "wiki_id": 382507, 
            "wiki_title": "Office"
        }, 
        {
            "annotations": [
                {
                    "begin": 26, 
                    "end": 36, 
                    "score": 0.0721910148859024, 
                    "spot": "temptation"
                }
            ], 
            "wiki_id": 147645, 
            "wiki_title": "The Temptations"
        }, 
        {
            "annotations": [
                {
                    "begin": 4089, 
                    "end": 4095, 
                    "score": 0.10130120068788528, 
                    "spot": "people"
                }
            ], 
            "wiki_id": 3488351, 
            "wiki_title": "People"
        }, 
        {
            "annotations": [
                {
                    "begin": 208, 
                    "end": 223, 
                    "score": 0.08653846383094788, 
                    "spot": "radical surgery"
                }
            ], 
            "wiki_id": 8717154, 
            "wiki_title": "Radical surgery"
        }, 
        {
            "annotations": [
                {
                    "begin": 3360, 
                    "end": 3364, 
                    "score": 0.0627446249127388, 
                    "spot": "safe"
                }
            ], 
            "wiki_id": 26281765, 
            "wiki_title": "S.H.I.E.L.D."
        }, 
        {
            "annotations": [
                {
                    "begin": 3308, 
                    "end": 3319, 
                    "score": 0.4112752676010132, 
                    "spot": "U.S. Senate"
                }
            ], 
            "wiki_id": 24909346, 
            "wiki_title": "United States Senate"
        }, 
        {
            "annotations": [
                {
                    "begin": 4731, 
                    "end": 4736, 
                    "score": 0.12642057240009308, 
                    "spot": "throw"
                }
            ], 
            "wiki_id": 3538948, 
            "wiki_title": "Throw (grappling)"
        }, 
        {
            "annotations": [
                {
                    "begin": 1188, 
                    "end": 1205, 
                    "score": 0.08659794181585312, 
                    "spot": "ballot initiative"
                }
            ], 
            "wiki_id": 159500, 
            "wiki_title": "Initiative"
        }, 
        {
            "annotations": [
                {
                    "begin": 2595, 
                    "end": 2598, 
                    "score": 0.0009024579776450992, 
                    "spot": "now"
                }
            ], 
            "wiki_id": 873021, 
            "wiki_title": "Present"
        }, 
        {
            "annotations": [
                {
                    "begin": 3128, 
                    "end": 3133, 
                    "score": 0.0763869509100914, 
                    "spot": "stake"
                }
            ], 
            "wiki_id": 68804, 
            "wiki_title": "Equity (finance)"
        }, 
        {
            "annotations": [
                {
                    "begin": 3240, 
                    "end": 3251, 
                    "score": 0.1506119817495346, 
                    "spot": "limitations"
                }
            ], 
            "wiki_id": 21401843, 
            "wiki_title": "Freedom of speech"
        }, 
        {
            "annotations": [
                {
                    "begin": 4420, 
                    "end": 4431, 
                    "score": 0.11653384566307068, 
                    "spot": "incompetent"
                }
            ], 
            "wiki_id": 4014772, 
            "wiki_title": "Competence (human resources)"
        }, 
        {
            "annotations": [
                {
                    "begin": 2840, 
                    "end": 2844, 
                    "score": 0.14890120923519135, 
                    "spot": "goal"
                }
            ], 
            "wiki_id": 14850094, 
            "wiki_title": "Goal"
        }, 
        {
            "annotations": [
                {
                    "begin": 2657, 
                    "end": 2666, 
                    "score": 0.09714260697364807, 
                    "spot": "underpaid"
                }
            ], 
            "wiki_id": 359646, 
            "wiki_title": "Wage"
        }, 
        {
            "annotations": [
                {
                    "begin": 2311, 
                    "end": 2316, 
                    "score": 0.07015080004930496, 
                    "spot": "total"
                }
            ], 
            "wiki_id": 804187, 
            "wiki_title": "Total (group)"
        }, 
        {
            "annotations": [
                {
                    "begin": 3717, 
                    "end": 3720, 
                    "score": 0.10230205953121185, 
                    "spot": "now"
                }
            ], 
            "wiki_id": 1058750, 
            "wiki_title": "Now (newspaper)"
        }, 
        {
            "annotations": [
                {
                    "begin": 3206, 
                    "end": 3209, 
                    "score": 0.0007386371144093573, 
                    "spot": "way"
                }
            ], 
            "wiki_id": 736919, 
            "wiki_title": "Camino de Santiago"
        }, 
        {
            "annotations": [
                {
                    "begin": 3694, 
                    "end": 3699, 
                    "score": 0.12057243287563324, 
                    "spot": "thing"
                }
            ], 
            "wiki_id": 198970, 
            "wiki_title": "Thing (assembly)"
        }, 
        {
            "annotations": [
                {
                    "begin": 460, 
                    "end": 480, 
                    "score": 0.08635097742080688, 
                    "spot": "political \ncoalition"
                }
            ], 
            "wiki_id": 11019927, 
            "wiki_title": "Political alliance"
        }, 
        {
            "annotations": [
                {
                    "begin": 267, 
                    "end": 277, 
                    "score": 0.06623759865760803, 
                    "spot": "operations"
                }
            ], 
            "wiki_id": 24702, 
            "wiki_title": "Peace"
        }, 
        {
            "annotations": [
                {
                    "begin": 1812, 
                    "end": 1822, 
                    "score": 0.2669595181941986, 
                    "spot": "referendum"
                }
            ], 
            "wiki_id": 51582, 
            "wiki_title": "Referendum"
        }, 
        {
            "annotations": [
                {
                    "begin": 360, 
                    "end": 373, 
                    "score": 0.2937087416648865, 
                    "spot": "Supreme Court"
                }
            ], 
            "wiki_id": 4913027, 
            "wiki_title": "Supreme court"
        }, 
        {
            "annotations": [
                {
                    "begin": 2587, 
                    "end": 2594, 
                    "score": 0.09335450083017349, 
                    "spot": "backers"
                }
            ], 
            "wiki_id": 14851783, 
            "wiki_title": "Americus Backers"
        }, 
        {
            "annotations": [
                {
                    "begin": 979, 
                    "end": 984, 
                    "score": 0.1979048252105713, 
                    "spot": "quack"
                }
            ], 
            "wiki_id": 212698, 
            "wiki_title": "Quackery"
        }, 
        {
            "annotations": [
                {
                    "begin": 2972, 
                    "end": 2979, 
                    "score": 0.05340235307812691, 
                    "spot": "turning"
                }
            ], 
            "wiki_id": 244219, 
            "wiki_title": "Shapeshifting"
        }, 
        {
            "annotations": [
                {
                    "begin": 2004, 
                    "end": 2013, 
                    "score": 0.08857531100511551, 
                    "spot": "naturally"
                }
            ], 
            "wiki_id": 1209760, 
            "wiki_title": "Natural product"
        }, 
        {
            "annotations": [
                {
                    "begin": 40, 
                    "end": 57, 
                    "score": 0.1808726191520691, 
                    "spot": "American politics"
                }
            ], 
            "wiki_id": 32021, 
            "wiki_title": "Politics of the United States"
        }, 
        {
            "annotations": [
                {
                    "begin": 1703, 
                    "end": 1707, 
                    "score": 0.15184305608272552, 
                    "spot": "sign"
                }
            ], 
            "wiki_id": 28130, 
            "wiki_title": "Sign"
        }, 
        {
            "annotations": [
                {
                    "begin": 1868, 
                    "end": 1873, 
                    "score": 0.051864493638277054, 
                    "spot": "minor"
                }
            ], 
            "wiki_id": 289505, 
            "wiki_title": "Minor (law)"
        }, 
        {
            "annotations": [
                {
                    "begin": 911, 
                    "end": 918, 
                    "score": 0.0010499790078029037, 
                    "spot": "wheeled"
                }
            ], 
            "wiki_id": 33555, 
            "wiki_title": "Wheel"
        }, 
        {
            "annotations": [
                {
                    "begin": 4362, 
                    "end": 4366, 
                    "score": 0.0005077144596725702, 
                    "spot": "ones"
                }
            ], 
            "wiki_id": 22770, 
            "wiki_title": "1 (number)"
        }, 
        {
            "annotations": [
                {
                    "begin": 4690, 
                    "end": 4703, 
                    "score": 0.1696428507566452, 
                    "spot": "everybody out"
                }
            ], 
            "wiki_id": 16630879, 
            "wiki_title": "Everybody Out!"
        }, 
        {
            "annotations": [
                {
                    "begin": 3789, 
                    "end": 3795, 
                    "score": 0.0009193437872454524, 
                    "spot": "issues"
                }
            ], 
            "wiki_id": 17501420, 
            "wiki_title": "On the Issues"
        }, 
        {
            "annotations": [
                {
                    "begin": 3782, 
                    "end": 3788, 
                    "score": 0.005178560968488455, 
                    "spot": "public"
                }
            ], 
            "wiki_id": 178808, 
            "wiki_title": "Public broadcasting"
        }, 
        {
            "annotations": [
                {
                    "begin": 67, 
                    "end": 76, 
                    "score": 0.03352643921971321, 
                    "spot": "vengeance"
                }
            ], 
            "wiki_id": 181361, 
            "wiki_title": "Revenge"
        }, 
        {
            "annotations": [
                {
                    "begin": 2192, 
                    "end": 2198, 
                    "score": 0.25169989466667175, 
                    "spot": "nation"
                }
            ], 
            "wiki_id": 21754, 
            "wiki_title": "Nation"
        }, 
        {
            "annotations": [
                {
                    "begin": 2447, 
                    "end": 2457, 
                    "score": 0.13050639629364014, 
                    "spot": "corruption"
                }
            ], 
            "wiki_id": 66220, 
            "wiki_title": "Political corruption"
        }, 
        {
            "annotations": [
                {
                    "begin": 282, 
                    "end": 284, 
                    "score": 0.0006597136962227523, 
                    "spot": "up"
                }
            ], 
            "wiki_id": 42317, 
            "wiki_title": "United Press International"
        }, 
        {
            "annotations": [
                {
                    "begin": 545, 
                    "end": 555, 
                    "score": 0.3517391085624695, 
                    "spot": "Democratic"
                }
            ], 
            "wiki_id": 5043544, 
            "wiki_title": "Democratic Party (United States)"
        }, 
        {
            "annotations": [
                {
                    "begin": 766, 
                    "end": 777, 
                    "score": 0.0029832322616130114, 
                    "spot": "restriction"
                }
            ], 
            "wiki_id": 1589032, 
            "wiki_title": "Restriction (mathematics)"
        }, 
        {
            "annotations": [
                {
                    "begin": 1860, 
                    "end": 1864, 
                    "score": 0.041913047432899475, 
                    "spot": "kind"
                }
            ], 
            "wiki_id": 246043, 
            "wiki_title": "Kindness"
        }, 
        {
            "annotations": [
                {
                    "begin": 1770, 
                    "end": 1781, 
                    "score": 0.20184563100337982, 
                    "spot": "legislative"
                }, 
                {
                    "begin": 1782, 
                    "end": 1787, 
                    "score": 0.21499423682689667, 
                    "spot": "seats"
                }, 
                {
                    "begin": 2849, 
                    "end": 2860, 
                    "score": 0.15434084832668304, 
                    "spot": "legislative"
                }, 
                {
                    "begin": 3296, 
                    "end": 3300, 
                    "score": 0.14310842752456665, 
                    "spot": "seat"
                }, 
                {
                    "begin": 3407, 
                    "end": 3412, 
                    "score": 0.10017373412847519, 
                    "spot": "seats"
                }, 
                {
                    "begin": 3566, 
                    "end": 3577, 
                    "score": 0.06997314840555191, 
                    "spot": "legislative"
                }, 
                {
                    "begin": 3947, 
                    "end": 3958, 
                    "score": 0.2179616540670395, 
                    "spot": "legislative"
                }
            ], 
            "wiki_id": 44421, 
            "wiki_title": "Legislature"
        }, 
        {
            "annotations": [
                {
                    "begin": 3190, 
                    "end": 3195, 
                    "score": 0.0006301304674707353, 
                    "spot": "posts"
                }
            ], 
            "wiki_id": 843566, 
            "wiki_title": "Military base"
        }, 
        {
            "annotations": [
                {
                    "begin": 4789, 
                    "end": 4794, 
                    "score": 0.1363827884197235, 
                    "spot": "order"
                }
            ], 
            "wiki_id": 153237, 
            "wiki_title": "Court order"
        }, 
        {
            "annotations": [
                {
                    "begin": 2139, 
                    "end": 2149, 
                    "score": 0.07281365245580673, 
                    "spot": "short term"
                }
            ], 
            "wiki_id": 28944, 
            "wiki_title": "Short-term memory"
        }, 
        {
            "annotations": [
                {
                    "begin": 1826, 
                    "end": 1830, 
                    "score": 0.12349576503038406, 
                    "spot": "none"
                }
            ], 
            "wiki_id": 2172378, 
            "wiki_title": "Independent politician"
        }, 
        {
            "annotations": [
                {
                    "begin": 3154, 
                    "end": 3158, 
                    "score": 0.1400505155324936, 
                    "spot": "will"
                }, 
                {
                    "begin": 3467, 
                    "end": 3471, 
                    "score": 0.1813986748456955, 
                    "spot": "will"
                }, 
                {
                    "begin": 3525, 
                    "end": 3529, 
                    "score": 0.08041146397590637, 
                    "spot": "will"
                }, 
                {
                    "begin": 3935, 
                    "end": 3939, 
                    "score": 0.1577485054731369, 
                    "spot": "will"
                }, 
                {
                    "begin": 4133, 
                    "end": 4137, 
                    "score": 0.117344431579113, 
                    "spot": "will"
                }
            ], 
            "wiki_id": 77697, 
            "wiki_title": "Will and testament"
        }, 
        {
            "annotations": [
                {
                    "begin": 2430, 
                    "end": 2443, 
                    "score": 0.11632595956325531, 
                    "spot": "vulnerability"
                }
            ], 
            "wiki_id": 36648147, 
            "wiki_title": "Vulnerability"
        }, 
        {
            "annotations": [
                {
                    "begin": 1576, 
                    "end": 1587, 
                    "score": 0.11187898367643356, 
                    "spot": "journalists"
                }
            ], 
            "wiki_id": 15928, 
            "wiki_title": "Journalism"
        }, 
        {
            "annotations": [
                {
                    "begin": 3640, 
                    "end": 3649, 
                    "score": 0.10819841176271439, 
                    "spot": "perennial"
                }
            ], 
            "wiki_id": 733199, 
            "wiki_title": "Perennial plant"
        }, 
        {
            "annotations": [
                {
                    "begin": 3053, 
                    "end": 3056, 
                    "score": 0.0017872207099571824, 
                    "spot": "you"
                }
            ], 
            "wiki_id": 4427143, 
            "wiki_title": "You (Janet Jackson song)"
        }, 
        {
            "annotations": [
                {
                    "begin": 406, 
                    "end": 419, 
                    "score": 0.32037353515625, 
                    "spot": "conservatives"
                }
            ], 
            "wiki_id": 6675, 
            "wiki_title": "Conservatism"
        }, 
        {
            "annotations": [
                {
                    "begin": 249, 
                    "end": 252, 
                    "score": 0.14268013834953308, 
                    "spot": "who"
                }, 
                {
                    "begin": 2022, 
                    "end": 2025, 
                    "score": 0.001720538828521967, 
                    "spot": "who"
                }, 
                {
                    "begin": 3090, 
                    "end": 3093, 
                    "score": 0.06243056431412697, 
                    "spot": "who"
                }, 
                {
                    "begin": 4096, 
                    "end": 4099, 
                    "score": 0.001720538828521967, 
                    "spot": "who"
                }
            ], 
            "wiki_id": 36517, 
            "wiki_title": "The Who"
        }, 
        {
            "annotations": [
                {
                    "begin": 2483, 
                    "end": 2501, 
                    "score": 0.08076804876327515, 
                    "spot": "state legislatures"
                }
            ], 
            "wiki_id": 9504163, 
            "wiki_title": "State legislature"
        }, 
        {
            "annotations": [
                {
                    "begin": 3973, 
                    "end": 3979, 
                    "score": 0.11522707343101501, 
                    "spot": "tenure"
                }
            ], 
            "wiki_id": 869616, 
            "wiki_title": "Land tenure"
        }, 
        {
            "annotations": [
                {
                    "begin": 2526, 
                    "end": 2536, 
                    "score": 0.07926829159259796, 
                    "spot": "amateurism"
                }
            ], 
            "wiki_id": 22576, 
            "wiki_title": "Olympic Games"
        }, 
        {
            "annotations": [
                {
                    "begin": 4547, 
                    "end": 4551, 
                    "score": 0.2288205325603485, 
                    "spot": "will"
                }
            ], 
            "wiki_id": 47921, 
            "wiki_title": "Free will"
        }, 
        {
            "annotations": [
                {
                    "begin": 4186, 
                    "end": 4194, 
                    "score": 0.001614937442354858, 
                    "spot": "what the"
                }
            ], 
            "wiki_id": 4788532, 
            "wiki_title": "What The--?!"
        }, 
        {
            "annotations": [
                {
                    "begin": 1315, 
                    "end": 1326, 
                    "score": 0.02636476419866085, 
                    "spot": "written off"
                }
            ], 
            "wiki_id": 30876068, 
            "wiki_title": "Write-off"
        }, 
        {
            "annotations": [
                {
                    "begin": 2727, 
                    "end": 2731, 
                    "score": 0.0007643807912245393, 
                    "spot": "come"
                }
            ], 
            "wiki_id": 29450657, 
            "wiki_title": "S&amp;M (song)"
        }, 
        {
            "annotations": [
                {
                    "begin": 3106, 
                    "end": 3109, 
                    "score": 0.03834620118141174, 
                    "spot": "won"
                }
            ], 
            "wiki_id": 36338159, 
            "wiki_title": "Football at the 1996 Summer Olympics"
        }, 
        {
            "annotations": [
                {
                    "begin": 3690, 
                    "end": 3699, 
                    "score": 0.008816356770694256, 
                    "spot": "One thing"
                }
            ], 
            "wiki_id": 33988523, 
            "wiki_title": "One Thing (One Direction song)"
        }, 
        {
            "annotations": [
                {
                    "begin": 310, 
                    "end": 315, 
                    "score": 0.1417907178401947, 
                    "spot": "P>\n<P"
                }
            ], 
            "wiki_id": 5090365, 
            "wiki_title": "Length between perpendiculars"
        }, 
        {
            "annotations": [
                {
                    "begin": 3545, 
                    "end": 3554, 
                    "score": 0.11750751733779907, 
                    "spot": "influence"
                }
            ], 
            "wiki_id": 14631, 
            "wiki_title": "Immanuel Kant"
        }, 
        {
            "annotations": [
                {
                    "begin": 2387, 
                    "end": 2397, 
                    "score": 0.07655683904886246, 
                    "spot": "discipline"
                }
            ], 
            "wiki_id": 4545, 
            "wiki_title": "BDSM"
        }, 
        {
            "annotations": [
                {
                    "begin": 1726, 
                    "end": 1736, 
                    "score": 0.375, 
                    "spot": "the \nparty"
                }
            ], 
            "wiki_id": 34479965, 
            "wiki_title": "Triumph Heritage Empowerment Party"
        }, 
        {
            "annotations": [
                {
                    "begin": 1554, 
                    "end": 1563, 
                    "score": 0.11511937528848648, 
                    "spot": "political"
                }, 
                {
                    "begin": 1875, 
                    "end": 1884, 
                    "score": 0.14543049037456512, 
                    "spot": "political"
                }
            ], 
            "wiki_id": 22986, 
            "wiki_title": "Politics"
        }, 
        {
            "annotations": [
                {
                    "begin": 118, 
                    "end": 140, 
                    "score": 0.009493670426309109, 
                    "spot": "political institutions"
                }
            ], 
            "wiki_id": 258724, 
            "wiki_title": "Political system"
        }, 
        {
            "annotations": [
                {
                    "begin": 1130, 
                    "end": 1138, 
                    "score": 0.011428571306169033, 
                    "spot": "Sept. 18"
                }
            ], 
            "wiki_id": 28146, 
            "wiki_title": null
        }
    ]
}