{
    "tagme": [
        {
            "annotations": [
                {
                    "begin": 719, 
                    "end": 727, 
                    "score": 0.0026337618473917246, 
                    "spot": "training"
                }
            ], 
            "wiki_id": 1022936, 
            "wiki_title": "Military education and training"
        }, 
        {
            "annotations": [
                {
                    "begin": 475, 
                    "end": 481, 
                    "score": 0.5, 
                    "spot": "P>\n\"He"
                }
            ], 
            "wiki_id": 45328917, 
            "wiki_title": "P:HE"
        }, 
        {
            "annotations": [
                {
                    "begin": 195, 
                    "end": 200, 
                    "score": 0.0060240961611270905, 
                    "spot": "P>\n<P"
                }, 
                {
                    "begin": 336, 
                    "end": 341, 
                    "score": 0.022900773212313652, 
                    "spot": "P>\n<P"
                }, 
                {
                    "begin": 471, 
                    "end": 476, 
                    "score": 0.0060240961611270905, 
                    "spot": "P>\n<P"
                }, 
                {
                    "begin": 768, 
                    "end": 773, 
                    "score": 0.04108219966292381, 
                    "spot": "P>\n<P"
                }
            ], 
            "wiki_id": 37649, 
            "wiki_title": "Amplitude"
        }, 
        {
            "annotations": [
                {
                    "begin": 15, 
                    "end": 18, 
                    "score": 0.035077452659606934, 
                    "spot": "Guy"
                }
            ], 
            "wiki_id": 1192330, 
            "wiki_title": "Guy, Count of Flanders"
        }, 
        {
            "annotations": [
                {
                    "begin": 801, 
                    "end": 805, 
                    "score": 0.18111611902713776, 
                    "spot": "long"
                }
            ], 
            "wiki_id": 5090199, 
            "wiki_title": "Length overall"
        }, 
        {
            "annotations": [
                {
                    "begin": 884, 
                    "end": 888, 
                    "score": 0.0005918716196902096, 
                    "spot": "laps"
                }
            ], 
            "wiki_id": 15931308, 
            "wiki_title": "Laps"
        }, 
        {
            "annotations": [
                {
                    "begin": 36, 
                    "end": 42, 
                    "score": 0.13459980487823486, 
                    "spot": "father"
                }, 
                {
                    "begin": 358, 
                    "end": 364, 
                    "score": 0.03730388358235359, 
                    "spot": "father"
                }
            ], 
            "wiki_id": 83427, 
            "wiki_title": "Father"
        }, 
        {
            "annotations": [
                {
                    "begin": 617, 
                    "end": 623, 
                    "score": 0.07702796906232834, 
                    "spot": "father"
                }
            ], 
            "wiki_id": 23707, 
            "wiki_title": "Priest"
        }, 
        {
            "annotations": [
                {
                    "begin": 548, 
                    "end": 552, 
                    "score": 0.12292763590812683, 
                    "spot": "land"
                }
            ], 
            "wiki_id": 3466604, 
            "wiki_title": "Ground warfare"
        }, 
        {
            "annotations": [
                {
                    "begin": 179, 
                    "end": 190, 
                    "score": 0.16754499077796936, 
                    "spot": "Middle East"
                }
            ], 
            "wiki_id": 19323, 
            "wiki_title": "Middle East"
        }, 
        {
            "annotations": [
                {
                    "begin": 409, 
                    "end": 431, 
                    "score": 0.4680851101875305, 
                    "spot": "Marine Corps \nMarathon"
                }
            ], 
            "wiki_id": 3059025, 
            "wiki_title": "Marine Corps Marathon"
        }, 
        {
            "annotations": [
                {
                    "begin": 303, 
                    "end": 308, 
                    "score": 0.035828810185194016, 
                    "spot": "first"
                }
            ], 
            "wiki_id": 581933, 
            "wiki_title": "First baseman"
        }, 
        {
            "annotations": [
                {
                    "begin": 58, 
                    "end": 63, 
                    "score": 0.12220153212547302, 
                    "spot": "today"
                }
            ], 
            "wiki_id": 226675, 
            "wiki_title": "Today (U.S. TV program)"
        }, 
        {
            "annotations": [
                {
                    "begin": 11, 
                    "end": 13, 
                    "score": 0.09888365864753723, 
                    "spot": "Lt"
                }
            ], 
            "wiki_id": 17730, 
            "wiki_title": "Latin"
        }, 
        {
            "annotations": [
                {
                    "begin": 779, 
                    "end": 788, 
                    "score": 0.19809643924236298, 
                    "spot": "Wisconsin"
                }
            ], 
            "wiki_id": 33127, 
            "wiki_title": "Wisconsin"
        }, 
        {
            "annotations": [
                {
                    "begin": 625, 
                    "end": 630, 
                    "score": 0.0665847659111023, 
                    "spot": "Frank"
                }
            ], 
            "wiki_id": 2462183, 
            "wiki_title": "Franks"
        }, 
        {
            "annotations": [
                {
                    "begin": 165, 
                    "end": 171, 
                    "score": 0.13344748318195343, 
                    "spot": "waters"
                }
            ], 
            "wiki_id": 916345, 
            "wiki_title": "Exclusive economic zone"
        }, 
        {
            "annotations": [
                {
                    "begin": 662, 
                    "end": 664, 
                    "score": 0.0006597136962227523, 
                    "spot": "up"
                }
            ], 
            "wiki_id": 42317, 
            "wiki_title": "United Press International"
        }, 
        {
            "annotations": [
                {
                    "begin": 43, 
                    "end": 46, 
                    "score": 0.0024755001068115234, 
                    "spot": "run"
                }, 
                {
                    "begin": 295, 
                    "end": 298, 
                    "score": 0.03468004986643791, 
                    "spot": "run"
                }, 
                {
                    "begin": 577, 
                    "end": 584, 
                    "score": 0.1509706974029541, 
                    "spot": "running"
                }
            ], 
            "wiki_id": 26032, 
            "wiki_title": "Running"
        }, 
        {
            "annotations": [
                {
                    "begin": 375, 
                    "end": 377, 
                    "score": 0.0010810111416503787, 
                    "spot": "if"
                }
            ], 
            "wiki_id": 1685851, 
            "wiki_title": "If (Janet Jackson song)"
        }, 
        {
            "annotations": [
                {
                    "begin": 321, 
                    "end": 331, 
                    "score": 0.19138237833976746, 
                    "spot": "California"
                }
            ], 
            "wiki_id": 5407, 
            "wiki_title": "California"
        }, 
        {
            "annotations": [
                {
                    "begin": 109, 
                    "end": 114, 
                    "score": 0.05355970561504364, 
                    "spot": "match"
                }
            ], 
            "wiki_id": 63904, 
            "wiki_title": "Match"
        }, 
        {
            "annotations": [
                {
                    "begin": 857, 
                    "end": 861, 
                    "score": 0.027401193976402283, 
                    "spot": "will"
                }
            ], 
            "wiki_id": 82176, 
            "wiki_title": "Will County, Illinois"
        }, 
        {
            "annotations": [
                {
                    "begin": 401, 
                    "end": 406, 
                    "score": 0.004858291242271662, 
                    "spot": "today"
                }
            ], 
            "wiki_id": 3083217, 
            "wiki_title": "Today (Elvis Presley album)"
        }, 
        {
            "annotations": [
                {
                    "begin": 673, 
                    "end": 681, 
                    "score": 0.067076176404953, 
                    "spot": "deployed"
                }
            ], 
            "wiki_id": 3758871, 
            "wiki_title": "Military deployment"
        }, 
        {
            "annotations": [
                {
                    "begin": 828, 
                    "end": 832, 
                    "score": 0.25781869888305664, 
                    "spot": "mile"
                }
            ], 
            "wiki_id": 19159, 
            "wiki_title": "Mile"
        }, 
        {
            "annotations": [
                {
                    "begin": 27, 
                    "end": 31, 
                    "score": 0.13352681696414948, 
                    "spot": "wife"
                }
            ], 
            "wiki_id": 177428, 
            "wiki_title": "Wife"
        }, 
        {
            "annotations": [
                {
                    "begin": 601, 
                    "end": 605, 
                    "score": 0.06744570285081863, 
                    "spot": "land"
                }
            ], 
            "wiki_id": 166557, 
            "wiki_title": "Land speed record"
        }, 
        {
            "annotations": [
                {
                    "begin": 707, 
                    "end": 713, 
                    "score": 0.3571428656578064, 
                    "spot": "t stop"
                }
            ], 
            "wiki_id": 168244, 
            "wiki_title": "F-number"
        }, 
        {
            "annotations": [
                {
                    "begin": 689, 
                    "end": 693, 
                    "score": 0.1106206551194191, 
                    "spot": "gulf"
                }
            ], 
            "wiki_id": 24761, 
            "wiki_title": "Persian Gulf"
        }, 
        {
            "annotations": [
                {
                    "begin": 49, 
                    "end": 57, 
                    "score": 0.23954987525939941, 
                    "spot": "marathon"
                }, 
                {
                    "begin": 309, 
                    "end": 317, 
                    "score": 0.17028097808361053, 
                    "spot": "marathon"
                }
            ], 
            "wiki_id": 37669357, 
            "wiki_title": "Marathon (media)"
        }, 
        {
            "annotations": [
                {
                    "begin": 84, 
                    "end": 97, 
                    "score": 0.09811588376760483, 
                    "spot": "naval officer"
                }
            ], 
            "wiki_id": 26061, 
            "wiki_title": "Royal Navy"
        }, 
        {
            "annotations": [
                {
                    "begin": 288, 
                    "end": 294, 
                    "score": 0.034468669444322586, 
                    "spot": "father"
                }
            ], 
            "wiki_id": 50405, 
            "wiki_title": "Clergy"
        }, 
        {
            "annotations": [
                {
                    "begin": 796, 
                    "end": 800, 
                    "score": 0.07276780903339386, 
                    "spot": "feet"
                }
            ], 
            "wiki_id": 202482, 
            "wiki_title": "Foot (unit)"
        }, 
        {
            "annotations": [
                {
                    "begin": 67, 
                    "end": 77, 
                    "score": 0.16048143804073334, 
                    "spot": "Washington"
                }
            ], 
            "wiki_id": 108956, 
            "wiki_title": "Washington, D.C."
        }, 
        {
            "annotations": [
                {
                    "begin": 136, 
                    "end": 146, 
                    "score": 0.4410640299320221, 
                    "spot": "battleship"
                }
            ], 
            "wiki_id": 4054, 
            "wiki_title": "Battleship"
        }, 
        {
            "annotations": [
                {
                    "begin": 536, 
                    "end": 544, 
                    "score": 0.07387237250804901, 
                    "spot": "training"
                }
            ], 
            "wiki_id": 1359031, 
            "wiki_title": "Training ship"
        }, 
        {
            "annotations": [
                {
                    "begin": 504, 
                    "end": 517, 
                    "score": 0.22243568301200867, 
                    "spot": "Mediterranean"
                }
            ], 
            "wiki_id": 19006, 
            "wiki_title": "Mediterranean Sea"
        }, 
        {
            "annotations": [
                {
                    "begin": 442, 
                    "end": 451, 
                    "score": 0.0071428571827709675, 
                    "spot": "still run"
                }
            ], 
            "wiki_id": 2929950, 
            "wiki_title": "Still Run (Maurice River)"
        }, 
        {
            "annotations": [
                {
                    "begin": 650, 
                    "end": 656, 
                    "score": 0.00859289150685072, 
                    "spot": "crisis"
                }
            ], 
            "wiki_id": 1691460, 
            "wiki_title": "Crisis (1946 film)"
        }, 
        {
            "annotations": [
                {
                    "begin": 354, 
                    "end": 364, 
                    "score": 0.03648911044001579, 
                    "spot": "his father"
                }, 
                {
                    "begin": 613, 
                    "end": 623, 
                    "score": 0.05440741777420044, 
                    "spot": "his father"
                }
            ], 
            "wiki_id": 62093, 
            "wiki_title": "Prince Philip, Duke of Edinburgh"
        }, 
        {
            "annotations": [
                {
                    "begin": 562, 
                    "end": 566, 
                    "score": 0.20929987728595734, 
                    "spot": "ship"
                }, 
                {
                    "begin": 758, 
                    "end": 762, 
                    "score": 0.056975189596414566, 
                    "spot": "ship"
                }
            ], 
            "wiki_id": 27008, 
            "wiki_title": "Ship"
        }, 
        {
            "annotations": [
                {
                    "begin": 136, 
                    "end": 156, 
                    "score": 0.3369295597076416, 
                    "spot": "battleship Wisconsin"
                }
            ], 
            "wiki_id": 206552, 
            "wiki_title": "USS Wisconsin (BB-64)"
        }, 
        {
            "annotations": [
                {
                    "begin": 747, 
                    "end": 750, 
                    "score": 0.2524755001068115, 
                    "spot": "run"
                }, 
                {
                    "begin": 747, 
                    "end": 753, 
                    "score": 0.16766400635242462, 
                    "spot": "run on"
                }
            ], 
            "wiki_id": 38970527, 
            "wiki_title": "Run On (band)"
        }, 
        {
            "annotations": [
                {
                    "begin": 229, 
                    "end": 237, 
                    "score": 0.1401887834072113, 
                    "spot": "marathon"
                }, 
                {
                    "begin": 456, 
                    "end": 466, 
                    "score": 0.04545454680919647, 
                    "spot": "26.2 miles"
                }, 
                {
                    "begin": 589, 
                    "end": 597, 
                    "score": 0.3051620423793793, 
                    "spot": "marathon"
                }
            ], 
            "wiki_id": 49132, 
            "wiki_title": "Marathon"
        }
    ]
}