{
    "tagme": [
        {
            "annotations": [
                {
                    "begin": 256, 
                    "end": 259, 
                    "score": 0.037686873227357864, 
                    "spot": "can"
                }
            ], 
            "wiki_id": 5042916, 
            "wiki_title": "Canada"
        }, 
        {
            "annotations": [
                {
                    "begin": 797, 
                    "end": 803, 
                    "score": 0.09228146821260452, 
                    "spot": "tunnel"
                }, 
                {
                    "begin": 1194, 
                    "end": 1203, 
                    "score": 0.02760307490825653, 
                    "spot": "tunneling"
                }, 
                {
                    "begin": 1468, 
                    "end": 1474, 
                    "score": 0.07544747740030289, 
                    "spot": "tunnel"
                }, 
                {
                    "begin": 2073, 
                    "end": 2079, 
                    "score": 0.09228146821260452, 
                    "spot": "tunnel"
                }, 
                {
                    "begin": 3038, 
                    "end": 3044, 
                    "score": 0.13462801277637482, 
                    "spot": "tunnel"
                }
            ], 
            "wiki_id": 643769, 
            "wiki_title": "Quantum tunnelling"
        }, 
        {
            "annotations": [
                {
                    "begin": 201, 
                    "end": 212, 
                    "score": 0.006544502452015877, 
                    "spot": "shake hands"
                }, 
                {
                    "begin": 1150, 
                    "end": 1159, 
                    "score": 0.04260450229048729, 
                    "spot": "handshake"
                }
            ], 
            "wiki_id": 165458, 
            "wiki_title": "Handshake"
        }, 
        {
            "annotations": [
                {
                    "begin": 1629, 
                    "end": 1636, 
                    "score": 0.05694229528307915, 
                    "spot": "experts"
                }
            ], 
            "wiki_id": 9892, 
            "wiki_title": "Expert"
        }, 
        {
            "annotations": [
                {
                    "begin": 1574, 
                    "end": 1579, 
                    "score": 0.11373593658208847, 
                    "spot": "Fares"
                }
            ], 
            "wiki_id": 22026933, 
            "wiki_title": "Taxicab"
        }, 
        {
            "annotations": [
                {
                    "begin": 1345, 
                    "end": 1350, 
                    "score": 0.32093578577041626, 
                    "spot": "Paris"
                }
            ], 
            "wiki_id": 22989, 
            "wiki_title": "Paris"
        }, 
        {
            "annotations": [
                {
                    "begin": 1522, 
                    "end": 1532, 
                    "score": 0.000583625165745616, 
                    "spot": "90 minutes"
                }
            ], 
            "wiki_id": 6052745, 
            "wiki_title": "90 Minutes"
        }, 
        {
            "annotations": [
                {
                    "begin": 2981, 
                    "end": 2989, 
                    "score": 0.13767829537391663, 
                    "spot": "estimate"
                }
            ], 
            "wiki_id": 1565926, 
            "wiki_title": "Estimation theory"
        }, 
        {
            "annotations": [
                {
                    "begin": 1856, 
                    "end": 1861, 
                    "score": 0.12555967271327972, 
                    "spot": "giant"
                }
            ], 
            "wiki_id": 53903, 
            "wiki_title": "Giant (mythology)"
        }, 
        {
            "annotations": [
                {
                    "begin": 2213, 
                    "end": 2228, 
                    "score": 0.13052165508270264, 
                    "spot": "8,000 years ago"
                }
            ], 
            "wiki_id": 40179, 
            "wiki_title": "6th millennium BC"
        }, 
        {
            "annotations": [
                {
                    "begin": 856, 
                    "end": 863, 
                    "score": 0.07597827166318893, 
                    "spot": "smiling"
                }
            ], 
            "wiki_id": 187557, 
            "wiki_title": "Smile"
        }, 
        {
            "annotations": [
                {
                    "begin": 1919, 
                    "end": 1925, 
                    "score": 0.0027566540520638227, 
                    "spot": "halves"
                }
            ], 
            "wiki_id": 464963, 
            "wiki_title": "One half"
        }, 
        {
            "annotations": [
                {
                    "begin": 2867, 
                    "end": 2881, 
                    "score": 0.03273017704486847, 
                    "spot": "into the night"
                }
            ], 
            "wiki_id": 2020750, 
            "wiki_title": "Into the Night (film)"
        }, 
        {
            "annotations": [
                {
                    "begin": 2893, 
                    "end": 2897, 
                    "score": 0.001905793440528214, 
                    "spot": "Nine"
                }
            ], 
            "wiki_id": 1066024, 
            "wiki_title": "Ninth grade"
        }, 
        {
            "annotations": [
                {
                    "begin": 511, 
                    "end": 516, 
                    "score": 0.08071139454841614, 
                    "spot": "still"
                }
            ], 
            "wiki_id": 23604, 
            "wiki_title": "Photography"
        }, 
        {
            "annotations": [
                {
                    "begin": 2037, 
                    "end": 2041, 
                    "score": 0.06053248792886734, 
                    "spot": "hole"
                }
            ], 
            "wiki_id": 150643, 
            "wiki_title": "Glossary of chess"
        }, 
        {
            "annotations": [
                {
                    "begin": 1877, 
                    "end": 1892, 
                    "score": 0.02238805964589119, 
                    "spot": "boring machines"
                }
            ], 
            "wiki_id": 577307, 
            "wiki_title": "Tunnel boring machine"
        }, 
        {
            "annotations": [
                {
                    "begin": 3186, 
                    "end": 3190, 
                    "score": 0.2227270007133484, 
                    "spot": "loss"
                }
            ], 
            "wiki_id": 234798, 
            "wiki_title": "Grief"
        }, 
        {
            "annotations": [
                {
                    "begin": 1654, 
                    "end": 1657, 
                    "score": 0.0005396732012741268, 
                    "spot": "may"
                }
            ], 
            "wiki_id": 4606801, 
            "wiki_title": "Dave May"
        }, 
        {
            "annotations": [
                {
                    "begin": 2677, 
                    "end": 2681, 
                    "score": 0.20624259114265442, 
                    "spot": "down"
                }
            ], 
            "wiki_id": 578491, 
            "wiki_title": "Glossary of rail transport terms"
        }, 
        {
            "annotations": [
                {
                    "begin": 523, 
                    "end": 528, 
                    "score": 0.11369717866182327, 
                    "spot": "bored"
                }
            ], 
            "wiki_id": 235534, 
            "wiki_title": "Boredom"
        }, 
        {
            "annotations": [
                {
                    "begin": 2339, 
                    "end": 2347, 
                    "score": 0.06055271625518799, 
                    "spot": "Saturday"
                }
            ], 
            "wiki_id": 11391739, 
            "wiki_title": "Sabbath in seventh-day churches"
        }, 
        {
            "annotations": [
                {
                    "begin": 240, 
                    "end": 250, 
                    "score": 0.1040131002664566, 
                    "spot": "first time"
                }, 
                {
                    "begin": 2173, 
                    "end": 2183, 
                    "score": 0.0013005317887291312, 
                    "spot": "first time"
                }
            ], 
            "wiki_id": 33264648, 
            "wiki_title": "The First Time (Glee)"
        }, 
        {
            "annotations": [
                {
                    "begin": 344, 
                    "end": 353, 
                    "score": 0.0043509965762495995, 
                    "spot": "brilliant"
                }
            ], 
            "wiki_id": 991349, 
            "wiki_title": "Point (typography)"
        }, 
        {
            "annotations": [
                {
                    "begin": 2662, 
                    "end": 2669, 
                    "score": 0.13064360618591309, 
                    "spot": "service"
                }
            ], 
            "wiki_id": 181586, 
            "wiki_title": "Service (economics)"
        }, 
        {
            "annotations": [
                {
                    "begin": 594, 
                    "end": 601, 
                    "score": 0.08784369379281998, 
                    "spot": "project"
                }
            ], 
            "wiki_id": 24042, 
            "wiki_title": "Project management"
        }, 
        {
            "annotations": [
                {
                    "begin": 1805, 
                    "end": 1813, 
                    "score": 0.01631736569106579, 
                    "spot": "drilling"
                }, 
                {
                    "begin": 2020, 
                    "end": 2027, 
                    "score": 0.07227014750242233, 
                    "spot": "drilled"
                }
            ], 
            "wiki_id": 900867, 
            "wiki_title": "Drilling"
        }, 
        {
            "annotations": [
                {
                    "begin": 730, 
                    "end": 734, 
                    "score": 0.1392744779586792, 
                    "spot": "last"
                }
            ], 
            "wiki_id": 927001, 
            "wiki_title": "Last"
        }, 
        {
            "annotations": [
                {
                    "begin": 2395, 
                    "end": 2399, 
                    "score": 0.23988674581050873, 
                    "spot": "size"
                }
            ], 
            "wiki_id": 49171, 
            "wiki_title": "Interval (music)"
        }, 
        {
            "annotations": [
                {
                    "begin": 2898, 
                    "end": 2905, 
                    "score": 0.0011603798484429717, 
                    "spot": "workers"
                }
            ], 
            "wiki_id": 40678598, 
            "wiki_title": "Workers' council"
        }, 
        {
            "annotations": [
                {
                    "begin": 1721, 
                    "end": 1724, 
                    "score": 0.19170446693897247, 
                    "spot": "car"
                }
            ], 
            "wiki_id": 13673345, 
            "wiki_title": "Car"
        }, 
        {
            "annotations": [
                {
                    "begin": 2934, 
                    "end": 2941, 
                    "score": 0.14693045616149902, 
                    "spot": "project"
                }
            ], 
            "wiki_id": 160483, 
            "wiki_title": "Project"
        }, 
        {
            "annotations": [
                {
                    "begin": 2459, 
                    "end": 2464, 
                    "score": 0.004189944360405207, 
                    "spot": "shook"
                }
            ], 
            "wiki_id": 28330078, 
            "wiki_title": "Shook (magazine)"
        }, 
        {
            "annotations": [
                {
                    "begin": 3132, 
                    "end": 3146, 
                    "score": 0.13197630643844604, 
                    "spot": "northern areas"
                }
            ], 
            "wiki_id": 18807336, 
            "wiki_title": "Gilgit-Baltistan"
        }, 
        {
            "annotations": [
                {
                    "begin": 217, 
                    "end": 222, 
                    "score": 0.0060240961611270905, 
                    "spot": "P>\n<P"
                }, 
                {
                    "begin": 402, 
                    "end": 407, 
                    "score": 0.0060240961611270905, 
                    "spot": "P>\n<P"
                }, 
                {
                    "begin": 606, 
                    "end": 611, 
                    "score": 0.0060240961611270905, 
                    "spot": "P>\n<P"
                }, 
                {
                    "begin": 845, 
                    "end": 850, 
                    "score": 0.0674326941370964, 
                    "spot": "P>\n<P"
                }, 
                {
                    "begin": 983, 
                    "end": 988, 
                    "score": 0.0060240961611270905, 
                    "spot": "P>\n<P"
                }, 
                {
                    "begin": 1066, 
                    "end": 1071, 
                    "score": 0.0060240961611270905, 
                    "spot": "P>\n<P"
                }, 
                {
                    "begin": 1132, 
                    "end": 1137, 
                    "score": 0.0060240961611270905, 
                    "spot": "P>\n<P"
                }, 
                {
                    "begin": 1429, 
                    "end": 1434, 
                    "score": 0.0060240961611270905, 
                    "spot": "P>\n<P"
                }, 
                {
                    "begin": 2084, 
                    "end": 2089, 
                    "score": 0.16855137050151825, 
                    "spot": "P>\n<P"
                }, 
                {
                    "begin": 2233, 
                    "end": 2238, 
                    "score": 0.0060240961611270905, 
                    "spot": "P>\n<P"
                }, 
                {
                    "begin": 2475, 
                    "end": 2480, 
                    "score": 0.052716825157403946, 
                    "spot": "P>\n<P"
                }, 
                {
                    "begin": 2509, 
                    "end": 2514, 
                    "score": 0.0060240961611270905, 
                    "spot": "P>\n<P"
                }, 
                {
                    "begin": 2553, 
                    "end": 2558, 
                    "score": 0.0060240961611270905, 
                    "spot": "P>\n<P"
                }, 
                {
                    "begin": 2735, 
                    "end": 2740, 
                    "score": 0.0060240961611270905, 
                    "spot": "P>\n<P"
                }, 
                {
                    "begin": 2886, 
                    "end": 2891, 
                    "score": 0.0060240961611270905, 
                    "spot": "P>\n<P"
                }, 
                {
                    "begin": 3027, 
                    "end": 3032, 
                    "score": 0.13306373357772827, 
                    "spot": "P>\n<P"
                }, 
                {
                    "begin": 3235, 
                    "end": 3240, 
                    "score": 0.0060240961611270905, 
                    "spot": "P>\n<P"
                }
            ], 
            "wiki_id": 37649, 
            "wiki_title": "Amplitude"
        }, 
        {
            "annotations": [
                {
                    "begin": 1557, 
                    "end": 1562, 
                    "score": 0.26634782552719116, 
                    "spot": "ferry"
                }
            ], 
            "wiki_id": 50771, 
            "wiki_title": "Ferry"
        }, 
        {
            "annotations": [
                {
                    "begin": 1831, 
                    "end": 1840, 
                    "score": 0.004222553223371506, 
                    "spot": "100 yards"
                }
            ], 
            "wiki_id": 12004239, 
            "wiki_title": "100-yard dash"
        }, 
        {
            "annotations": [
                {
                    "begin": 3309, 
                    "end": 3315, 
                    "score": 0.06128743663430214, 
                    "spot": "island"
                }
            ], 
            "wiki_id": 6842085, 
            "wiki_title": "Mythology of Lost"
        }, 
        {
            "annotations": [
                {
                    "begin": 3122, 
                    "end": 3131, 
                    "score": 0.08668401092290878, 
                    "spot": "depressed"
                }
            ], 
            "wiki_id": 38289, 
            "wiki_title": "Depression (economics)"
        }, 
        {
            "annotations": [
                {
                    "begin": 1744, 
                    "end": 1753, 
                    "score": 0.23202042281627655, 
                    "spot": "passenger"
                }
            ], 
            "wiki_id": 4582654, 
            "wiki_title": "Passenger"
        }, 
        {
            "annotations": [
                {
                    "begin": 1256, 
                    "end": 1263, 
                    "score": 0.22658081352710724, 
                    "spot": "England"
                }
            ], 
            "wiki_id": 9316, 
            "wiki_title": "England"
        }, 
        {
            "annotations": [
                {
                    "begin": 2378, 
                    "end": 2385, 
                    "score": 0.2098349630832672, 
                    "spot": "passage"
                }
            ], 
            "wiki_id": 4420589, 
            "wiki_title": "Section (music)"
        }, 
        {
            "annotations": [
                {
                    "begin": 2483, 
                    "end": 2490, 
                    "score": 0.08641975373029709, 
                    "spot": "Bonjour"
                }
            ], 
            "wiki_id": 241896, 
            "wiki_title": "Bonjour (software)"
        }, 
        {
            "annotations": [
                {
                    "begin": 1705, 
                    "end": 1715, 
                    "score": 0.07681769877672195, 
                    "spot": "per person"
                }
            ], 
            "wiki_id": 357788, 
            "wiki_title": "Per capita"
        }, 
        {
            "annotations": [
                {
                    "begin": 2199, 
                    "end": 2206, 
                    "score": 0.672991156578064, 
                    "spot": "Ice Age"
                }
            ], 
            "wiki_id": 3720257, 
            "wiki_title": "Quaternary glaciation"
        }, 
        {
            "annotations": [
                {
                    "begin": 246, 
                    "end": 250, 
                    "score": 0.1222161129117012, 
                    "spot": "time"
                }
            ], 
            "wiki_id": 31600, 
            "wiki_title": "Time (magazine)"
        }, 
        {
            "annotations": [
                {
                    "begin": 184, 
                    "end": 188, 
                    "score": 0.10366185754537582, 
                    "spot": "walk"
                }
            ], 
            "wiki_id": 5671333, 
            "wiki_title": "Walk On By (song)"
        }, 
        {
            "annotations": [
                {
                    "begin": 1355, 
                    "end": 1361, 
                    "score": 0.29365649819374084, 
                    "spot": "London"
                }
            ], 
            "wiki_id": 17867, 
            "wiki_title": "London"
        }, 
        {
            "annotations": [
                {
                    "begin": 2686, 
                    "end": 2697, 
                    "score": 0.22279013693332672, 
                    "spot": "maintenance"
                }
            ], 
            "wiki_id": 321365, 
            "wiki_title": "Track (rail transport)"
        }, 
        {
            "annotations": [
                {
                    "begin": 1686, 
                    "end": 1697, 
                    "score": 0.007177033461630344, 
                    "spot": "projections"
                }
            ], 
            "wiki_id": 519182, 
            "wiki_title": "Projection (linear algebra)"
        }, 
        {
            "annotations": [
                {
                    "begin": 1637, 
                    "end": 1640, 
                    "score": 0.0016523596132174134, 
                    "spot": "say"
                }
            ], 
            "wiki_id": 621455, 
            "wiki_title": "Thomas Say"
        }, 
        {
            "annotations": [
                {
                    "begin": 2240, 
                    "end": 2244, 
                    "score": 0.0714285746216774, 
                    "spot": "Fagg"
                }, 
                {
                    "begin": 2500, 
                    "end": 2504, 
                    "score": 0.0714285746216774, 
                    "spot": "Fagg"
                }, 
                {
                    "begin": 2742, 
                    "end": 2746, 
                    "score": 0.0714285746216774, 
                    "spot": "Fagg"
                }
            ], 
            "wiki_id": 21810076, 
            "wiki_title": "George Gardner Fagg"
        }, 
        {
            "annotations": [
                {
                    "begin": 2621, 
                    "end": 2635, 
                    "score": 0.10721784085035324, 
                    "spot": "transportation"
                }
            ], 
            "wiki_id": 18580879, 
            "wiki_title": "Transport"
        }, 
        {
            "annotations": [
                {
                    "begin": 3101, 
                    "end": 3107, 
                    "score": 0.019498661160469055, 
                    "spot": "revive"
                }
            ], 
            "wiki_id": 577320, 
            "wiki_title": "Language revitalization"
        }, 
        {
            "annotations": [
                {
                    "begin": 1365, 
                    "end": 1381, 
                    "score": 0.09497645497322083, 
                    "spot": "high-speed train"
                }
            ], 
            "wiki_id": 50378, 
            "wiki_title": "High-speed rail"
        }, 
        {
            "annotations": [
                {
                    "begin": 2262, 
                    "end": 2268, 
                    "score": 0.03649115934967995, 
                    "spot": "chosen"
                }
            ], 
            "wiki_id": 324222, 
            "wiki_title": "Joseon"
        }, 
        {
            "annotations": [
                {
                    "begin": 902, 
                    "end": 911, 
                    "score": 0.0023257711436599493, 
                    "spot": "exchanged"
                }
            ], 
            "wiki_id": 17209653, 
            "wiki_title": "Prisoner exchange"
        }, 
        {
            "annotations": [
                {
                    "begin": 84, 
                    "end": 90, 
                    "score": 0.21506834030151367, 
                    "spot": "French"
                }, 
                {
                    "begin": 706, 
                    "end": 712, 
                    "score": 0.3504846692085266, 
                    "spot": "France"
                }, 
                {
                    "begin": 777, 
                    "end": 783, 
                    "score": 0.19180652499198914, 
                    "spot": "French"
                }, 
                {
                    "begin": 1082, 
                    "end": 1088, 
                    "score": 0.35942786931991577, 
                    "spot": "France"
                }, 
                {
                    "begin": 2602, 
                    "end": 2608, 
                    "score": 0.23593877255916595, 
                    "spot": "French"
                }, 
                {
                    "begin": 3069, 
                    "end": 3075, 
                    "score": 0.24403929710388184, 
                    "spot": "France"
                }
            ], 
            "wiki_id": 5843419, 
            "wiki_title": "France"
        }, 
        {
            "annotations": [
                {
                    "begin": 681, 
                    "end": 688, 
                    "score": 0.08064515888690948, 
                    "spot": "Cozette"
                }, 
                {
                    "begin": 2249, 
                    "end": 2256, 
                    "score": 0.08064515888690948, 
                    "spot": "Cozette"
                }, 
                {
                    "begin": 2525, 
                    "end": 2532, 
                    "score": 0.08064515888690948, 
                    "spot": "Cozette"
                }, 
                {
                    "begin": 2786, 
                    "end": 2793, 
                    "score": 0.08064515888690948, 
                    "spot": "Cozette"
                }
            ], 
            "wiki_id": 2644899, 
            "wiki_title": "Cosette"
        }, 
        {
            "annotations": [
                {
                    "begin": 1012, 
                    "end": 1017, 
                    "score": 0.027746854349970818, 
                    "spot": "cried"
                }
            ], 
            "wiki_id": 17389946, 
            "wiki_title": "Crying"
        }, 
        {
            "annotations": [
                {
                    "begin": 3280, 
                    "end": 3290, 
                    "score": 0.23000143468379974, 
                    "spot": "terrorists"
                }
            ], 
            "wiki_id": 30636, 
            "wiki_title": "Terrorism"
        }, 
        {
            "annotations": [
                {
                    "begin": 1044, 
                    "end": 1053, 
                    "score": 0.45490655303001404, 
                    "spot": "Champagne"
                }, 
                {
                    "begin": 1044, 
                    "end": 1061, 
                    "score": 0.3333333432674408, 
                    "spot": "Champagne bottles"
                }
            ], 
            "wiki_id": 53754, 
            "wiki_title": "Champagne"
        }, 
        {
            "annotations": [
                {
                    "begin": 1100, 
                    "end": 1105, 
                    "score": 0.013819834217429161, 
                    "spot": "reply"
                }
            ], 
            "wiki_id": 9738, 
            "wiki_title": "Email"
        }, 
        {
            "annotations": [
                {
                    "begin": 542, 
                    "end": 550, 
                    "score": 0.11773911118507385, 
                    "spot": "symbolic"
                }
            ], 
            "wiki_id": 1164, 
            "wiki_title": "Artificial intelligence"
        }, 
        {
            "annotations": [
                {
                    "begin": 225, 
                    "end": 230, 
                    "score": 0.004858291242271662, 
                    "spot": "Today"
                }
            ], 
            "wiki_id": 226675, 
            "wiki_title": "Today (U.S. TV program)"
        }, 
        {
            "annotations": [
                {
                    "begin": 2998, 
                    "end": 3005, 
                    "score": 0.059419989585876465, 
                    "spot": "billion"
                }
            ], 
            "wiki_id": 260914, 
            "wiki_title": "Orders of magnitude (numbers)"
        }, 
        {
            "annotations": [
                {
                    "begin": 1620, 
                    "end": 1623, 
                    "score": 0.057590849697589874, 
                    "spot": "set"
                }
            ], 
            "wiki_id": 26691, 
            "wiki_title": "Set (mathematics)"
        }, 
        {
            "annotations": [
                {
                    "begin": 784, 
                    "end": 789, 
                    "score": 0.08062998950481415, 
                    "spot": "sides"
                }
            ], 
            "wiki_id": 28830, 
            "wiki_title": "Song"
        }, 
        {
            "annotations": [
                {
                    "begin": 2973, 
                    "end": 2980, 
                    "score": 0.0882144570350647, 
                    "spot": "initial"
                }
            ], 
            "wiki_id": 1052571, 
            "wiki_title": "Acronym"
        }, 
        {
            "annotations": [
                {
                    "begin": 1738, 
                    "end": 1743, 
                    "score": 0.2784534990787506, 
                    "spot": "train"
                }
            ], 
            "wiki_id": 30598, 
            "wiki_title": "Train"
        }, 
        {
            "annotations": [
                {
                    "begin": 1588, 
                    "end": 1596, 
                    "score": 0.08802343159914017, 
                    "spot": "undersea"
                }
            ], 
            "wiki_id": 45206, 
            "wiki_title": "Submarine communications cable"
        }, 
        {
            "annotations": [
                {
                    "begin": 2493, 
                    "end": 2499, 
                    "score": 0.0018274853937327862, 
                    "spot": "boomed"
                }
            ], 
            "wiki_id": 30861547, 
            "wiki_title": "Boomtown"
        }, 
        {
            "annotations": [
                {
                    "begin": 2517, 
                    "end": 2522, 
                    "score": 0.0429643914103508, 
                    "spot": "Hello"
                }
            ], 
            "wiki_id": 1122016, 
            "wiki_title": "Hello!"
        }, 
        {
            "annotations": [
                {
                    "begin": 2145, 
                    "end": 2163, 
                    "score": 0.2753515839576721, 
                    "spot": "continental Europe"
                }, 
                {
                    "begin": 3221, 
                    "end": 3230, 
                    "score": 0.11207558959722519, 
                    "spot": "Continent"
                }
            ], 
            "wiki_id": 5867, 
            "wiki_title": "Continental Europe"
        }, 
        {
            "annotations": [
                {
                    "begin": 2581, 
                    "end": 2596, 
                    "score": 0.5, 
                    "spot": "Malcolm Rifkind"
                }
            ], 
            "wiki_id": 354551, 
            "wiki_title": "Malcolm Rifkind"
        }, 
        {
            "annotations": [
                {
                    "begin": 2698, 
                    "end": 2704, 
                    "score": 0.007588373497128487, 
                    "spot": "tunnel"
                }
            ], 
            "wiki_id": 1272738, 
            "wiki_title": "Tunneling protocol"
        }, 
        {
            "annotations": [
                {
                    "begin": 354, 
                    "end": 358, 
                    "score": 0.11485589295625687, 
                    "spot": "sign"
                }
            ], 
            "wiki_id": 562907, 
            "wiki_title": "Sign (semiotics)"
        }, 
        {
            "annotations": [
                {
                    "begin": 1498, 
                    "end": 1505, 
                    "score": 0.10241354256868362, 
                    "spot": "minutes"
                }, 
                {
                    "begin": 1525, 
                    "end": 1532, 
                    "score": 0.0006248906720429659, 
                    "spot": "minutes"
                }
            ], 
            "wiki_id": 19372, 
            "wiki_title": "Minute"
        }, 
        {
            "annotations": [
                {
                    "begin": 1975, 
                    "end": 1977, 
                    "score": 0.04276704788208008, 
                    "spot": "up"
                }
            ], 
            "wiki_id": 11659396, 
            "wiki_title": "Up (2009 film)"
        }, 
        {
            "annotations": [
                {
                    "begin": 99, 
                    "end": 106, 
                    "score": 0.03475535288453102, 
                    "spot": "digging"
                }
            ], 
            "wiki_id": 60697, 
            "wiki_title": "Excavation (archaeology)"
        }, 
        {
            "annotations": [
                {
                    "begin": 1387, 
                    "end": 1396, 
                    "score": 0.2364387810230255, 
                    "spot": "1/2 hours"
                }
            ], 
            "wiki_id": 14004, 
            "wiki_title": "Hour"
        }, 
        {
            "annotations": [
                {
                    "begin": 3109, 
                    "end": 3121, 
                    "score": 0.07903999090194702, 
                    "spot": "economically"
                }
            ], 
            "wiki_id": 9223, 
            "wiki_title": "Economics"
        }, 
        {
            "annotations": [
                {
                    "begin": 1769, 
                    "end": 1778, 
                    "score": 0.30000001192092896, 
                    "spot": "tunnelers"
                }, 
                {
                    "begin": 1949, 
                    "end": 1958, 
                    "score": 0.30000001192092896, 
                    "spot": "tunnelers"
                }
            ], 
            "wiki_id": 7598062, 
            "wiki_title": "The Tunnelers"
        }, 
        {
            "annotations": [
                {
                    "begin": 1862, 
                    "end": 1876, 
                    "score": 0.004395604599267244, 
                    "spot": "American-built"
                }
            ], 
            "wiki_id": 3434750, 
            "wiki_title": "United States"
        }, 
        {
            "annotations": [
                {
                    "begin": 632, 
                    "end": 638, 
                    "score": 0.12503910064697266, 
                    "spot": "Graham"
                }
            ], 
            "wiki_id": 11326248, 
            "wiki_title": "Norman Graham"
        }, 
        {
            "annotations": [
                {
                    "begin": 1214, 
                    "end": 1222, 
                    "score": 0.6689788103103638, 
                    "spot": "Sangatte"
                }, 
                {
                    "begin": 2770, 
                    "end": 2778, 
                    "score": 0.4523809552192688, 
                    "spot": "Sangatte"
                }
            ], 
            "wiki_id": 1624733, 
            "wiki_title": "Sangatte"
        }, 
        {
            "annotations": [
                {
                    "begin": 619, 
                    "end": 630, 
                    "score": 0.02298850566148758, 
                    "spot": "jackhammers"
                }
            ], 
            "wiki_id": 910155, 
            "wiki_title": "Jackhammer"
        }, 
        {
            "annotations": [
                {
                    "begin": 2433, 
                    "end": 2442, 
                    "score": 0.23910348117351532, 
                    "spot": "laid down"
                }
            ], 
            "wiki_id": 11579775, 
            "wiki_title": "Keel laying"
        }, 
        {
            "annotations": [
                {
                    "begin": 2272, 
                    "end": 2276, 
                    "score": 0.0859571322798729, 
                    "spot": "draw"
                }
            ], 
            "wiki_id": 8544, 
            "wiki_title": "Drawing"
        }, 
        {
            "annotations": [
                {
                    "begin": 2194, 
                    "end": 2206, 
                    "score": 0.38132041692733765, 
                    "spot": "last Ice Age"
                }
            ], 
            "wiki_id": 557672, 
            "wiki_title": "Last glacial period"
        }, 
        {
            "annotations": [
                {
                    "begin": 37, 
                    "end": 42, 
                    "score": 0.09154284745454788, 
                    "spot": "sides"
                }
            ], 
            "wiki_id": 13755, 
            "wiki_title": "Hull (watercraft)"
        }, 
        {
            "annotations": [
                {
                    "begin": 3152, 
                    "end": 3159, 
                    "score": 0.12338568270206451, 
                    "spot": "Britain"
                }
            ], 
            "wiki_id": 4721, 
            "wiki_title": "British Empire"
        }, 
        {
            "annotations": [
                {
                    "begin": 3260, 
                    "end": 3276, 
                    "score": 0.18908941745758057, 
                    "spot": "drug traffickers"
                }
            ], 
            "wiki_id": 218449, 
            "wiki_title": "Illegal drug trade"
        }, 
        {
            "annotations": [
                {
                    "begin": 752, 
                    "end": 756, 
                    "score": 0.08855929225683212, 
                    "spot": "link"
                }
            ], 
            "wiki_id": 7715540, 
            "wiki_title": "Chain"
        }, 
        {
            "annotations": [
                {
                    "begin": 144, 
                    "end": 156, 
                    "score": 0.24331596493721008, 
                    "spot": "knocking out"
                }, 
                {
                    "begin": 714, 
                    "end": 725, 
                    "score": 0.04310571402311325, 
                    "spot": "knocked out"
                }
            ], 
            "wiki_id": 17163, 
            "wiki_title": "Knockout"
        }, 
        {
            "annotations": [
                {
                    "begin": 111, 
                    "end": 125, 
                    "score": 0.07836027443408966, 
                    "spot": "Channel Tunnel"
                }, 
                {
                    "begin": 1293, 
                    "end": 1307, 
                    "score": 0.07836027443408966, 
                    "spot": "Channel Tunnel"
                }
            ], 
            "wiki_id": 355334, 
            "wiki_title": "Eurotunnel"
        }, 
        {
            "annotations": [
                {
                    "begin": 1799, 
                    "end": 1804, 
                    "score": 0.0008726121159270406, 
                    "spot": "month"
                }
            ], 
            "wiki_id": 20354, 
            "wiki_title": "Month"
        }, 
        {
            "annotations": [
                {
                    "begin": 278, 
                    "end": 289, 
                    "score": 0.13156330585479736, 
                    "spot": "underground"
                }
            ], 
            "wiki_id": 83933, 
            "wiki_title": "Resistance movement"
        }, 
        {
            "annotations": [
                {
                    "begin": 456, 
                    "end": 462, 
                    "score": 0.07001471519470215, 
                    "spot": "tunnel"
                }
            ], 
            "wiki_id": 22237774, 
            "wiki_title": "Access to the Region's Core"
        }, 
        {
            "annotations": [
                {
                    "begin": 2708, 
                    "end": 2715, 
                    "score": 0.016552044078707695, 
                    "spot": "witness"
                }
            ], 
            "wiki_id": 50956, 
            "wiki_title": "Witness"
        }, 
        {
            "annotations": [
                {
                    "begin": 2030, 
                    "end": 2036, 
                    "score": 0.0019011406693607569, 
                    "spot": "2-inch"
                }
            ], 
            "wiki_id": 3012433, 
            "wiki_title": "2-inch mortar"
        }, 
        {
            "annotations": [
                {
                    "begin": 918, 
                    "end": 933, 
                    "score": 0.14255310595035553, 
                    "spot": "national \nflags"
                }
            ], 
            "wiki_id": 21804, 
            "wiki_title": "National flag"
        }, 
        {
            "annotations": [
                {
                    "begin": 2916, 
                    "end": 2922, 
                    "score": 0.04940709471702576, 
                    "spot": "killed"
                }
            ], 
            "wiki_id": 8221, 
            "wiki_title": "Death"
        }, 
        {
            "annotations": [
                {
                    "begin": 413, 
                    "end": 425, 
                    "score": 0.006231117993593216, 
                    "spot": "breakthrough"
                }
            ], 
            "wiki_id": 3313077, 
            "wiki_title": "The Breakthrough"
        }, 
        {
            "annotations": [
                {
                    "begin": 1333, 
                    "end": 1339, 
                    "score": 0.08732293546199799, 
                    "spot": "travel"
                }, 
                {
                    "begin": 1446, 
                    "end": 1450, 
                    "score": 0.0026395737659186125, 
                    "spot": "trip"
                }
            ], 
            "wiki_id": 155747, 
            "wiki_title": "Travel"
        }, 
        {
            "annotations": [
                {
                    "begin": 1180, 
                    "end": 1193, 
                    "score": 0.5, 
                    "spot": "the day after"
                }, 
                {
                    "begin": 1184, 
                    "end": 1193, 
                    "score": 0.004215851426124573, 
                    "spot": "day after"
                }
            ], 
            "wiki_id": 31607, 
            "wiki_title": "The Day After"
        }, 
        {
            "annotations": [
                {
                    "begin": 3247, 
                    "end": 3254, 
                    "score": 0.1934637427330017, 
                    "spot": "Britons"
                }
            ], 
            "wiki_id": 13530298, 
            "wiki_title": "Great Britain"
        }, 
        {
            "annotations": [
                {
                    "begin": 134, 
                    "end": 137, 
                    "score": 0.04187914729118347, 
                    "spot": "met"
                }
            ], 
            "wiki_id": 59364, 
            "wiki_title": "Methionine"
        }, 
        {
            "annotations": [
                {
                    "begin": 1440, 
                    "end": 1445, 
                    "score": 0.011462860740721226, 
                    "spot": "train"
                }
            ], 
            "wiki_id": 1483207, 
            "wiki_title": "The Train (1964 film)"
        }, 
        {
            "annotations": [
                {
                    "begin": 672, 
                    "end": 680, 
                    "score": 0.08475935459136963, 
                    "spot": "Philippe"
                }
            ], 
            "wiki_id": 25414218, 
            "wiki_title": "La\u00ebtitia Philippe"
        }, 
        {
            "annotations": [
                {
                    "begin": 2406, 
                    "end": 2414, 
                    "score": 0.06329113990068436, 
                    "spot": "peephole"
                }
            ], 
            "wiki_id": 13318875, 
            "wiki_title": "Peephole"
        }, 
        {
            "annotations": [
                {
                    "begin": 2420, 
                    "end": 2426, 
                    "score": 0.06275416910648346, 
                    "spot": "window"
                }
            ], 
            "wiki_id": 1550386, 
            "wiki_title": "Chaff (countermeasure)"
        }, 
        {
            "annotations": [
                {
                    "begin": 822, 
                    "end": 828, 
                    "score": 0.1372620165348053, 
                    "spot": "dubbed"
                }
            ], 
            "wiki_id": 1677157, 
            "wiki_title": "Overdubbing"
        }, 
        {
            "annotations": [
                {
                    "begin": 565, 
                    "end": 571, 
                    "score": 0.2284238040447235, 
                    "spot": "Europe"
                }
            ], 
            "wiki_id": 9239, 
            "wiki_title": "Europe"
        }, 
        {
            "annotations": [
                {
                    "begin": 1597, 
                    "end": 1605, 
                    "score": 0.04367949068546295, 
                    "spot": "crossing"
                }
            ], 
            "wiki_id": 193595, 
            "wiki_title": "Level crossing"
        }, 
        {
            "annotations": [
                {
                    "begin": 2637, 
                    "end": 2646, 
                    "score": 0.11183662712574005, 
                    "spot": "ministers"
                }
            ], 
            "wiki_id": 739237, 
            "wiki_title": "Minister (government)"
        }, 
        {
            "annotations": [
                {
                    "begin": 946, 
                    "end": 954, 
                    "score": 0.09311306476593018, 
                    "spot": "overalls"
                }
            ], 
            "wiki_id": 554255, 
            "wiki_title": "Overall"
        }, 
        {
            "annotations": [
                {
                    "begin": 882, 
                    "end": 887, 
                    "score": 0.07652781158685684, 
                    "spot": "hands"
                }, 
                {
                    "begin": 2465, 
                    "end": 2470, 
                    "score": 0.049583595246076584, 
                    "spot": "hands"
                }
            ], 
            "wiki_id": 19166474, 
            "wiki_title": "Hand"
        }, 
        {
            "annotations": [
                {
                    "begin": 1123, 
                    "end": 1127, 
                    "score": 0.02951599285006523, 
                    "spot": "side"
                }
            ], 
            "wiki_id": 156541, 
            "wiki_title": "A-side and B-side"
        }, 
        {
            "annotations": [
                {
                    "begin": 1025, 
                    "end": 1032, 
                    "score": 0.15098901093006134, 
                    "spot": "workers"
                }
            ], 
            "wiki_id": 1121461, 
            "wiki_title": "Construction worker"
        }, 
        {
            "annotations": [
                {
                    "begin": 1670, 
                    "end": 1676, 
                    "score": 0.011934980750083923, 
                    "spot": "double"
                }
            ], 
            "wiki_id": 26874, 
            "wiki_title": "Metric prefix"
        }, 
        {
            "annotations": [
                {
                    "begin": 551, 
                    "end": 560, 
                    "score": 0.11754757165908813, 
                    "spot": "milestone"
                }
            ], 
            "wiki_id": 11763218, 
            "wiki_title": "Milestone S.r.l."
        }, 
        {
            "annotations": [
                {
                    "begin": 3296, 
                    "end": 3302, 
                    "score": 0.09801334887742996, 
                    "spot": "invade"
                }
            ], 
            "wiki_id": 201124, 
            "wiki_title": "Invasion"
        }, 
        {
            "annotations": [
                {
                    "begin": 2449, 
                    "end": 2454, 
                    "score": 0.001632245141081512, 
                    "spot": "tools"
                }
            ], 
            "wiki_id": 191490, 
            "wiki_title": "Machine tool"
        }, 
        {
            "annotations": [
                {
                    "begin": 91, 
                    "end": 98, 
                    "score": 0.05081763491034508, 
                    "spot": "workers"
                }, 
                {
                    "begin": 935, 
                    "end": 942, 
                    "score": 0.06851272284984589, 
                    "spot": "Workers"
                }
            ], 
            "wiki_id": 39903086, 
            "wiki_title": "Working class"
        }, 
        {
            "annotations": [
                {
                    "begin": 2365, 
                    "end": 2373, 
                    "score": 0.10238771885633469, 
                    "spot": "widening"
                }
            ], 
            "wiki_id": 1693798, 
            "wiki_title": "Augmentation (music)"
        }, 
        {
            "annotations": [
                {
                    "begin": 752, 
                    "end": 759, 
                    "score": 0.05300041288137436, 
                    "spot": "link up"
                }
            ], 
            "wiki_id": 33767030, 
            "wiki_title": "Evolve or Be Extinct"
        }, 
        {
            "annotations": [
                {
                    "begin": 3255, 
                    "end": 3259, 
                    "score": 0.07829895615577698, 
                    "spot": "fear"
                }
            ], 
            "wiki_id": 10828, 
            "wiki_title": "Fear"
        }, 
        {
            "annotations": [
                {
                    "begin": 2751, 
                    "end": 2758, 
                    "score": 0.02747252769768238, 
                    "spot": "Rifkind"
                }
            ], 
            "wiki_id": 3296981, 
            "wiki_title": "Hugo Rifkind"
        }, 
        {
            "annotations": [
                {
                    "begin": 1546, 
                    "end": 1553, 
                    "score": 0.18290171027183533, 
                    "spot": "channel"
                }
            ], 
            "wiki_id": 851853, 
            "wiki_title": "Channel (geography)"
        }, 
        {
            "annotations": [
                {
                    "begin": 3170, 
                    "end": 3175, 
                    "score": 0.14726315438747406, 
                    "spot": "worry"
                }
            ], 
            "wiki_id": 4080078, 
            "wiki_title": "Worry"
        }, 
        {
            "annotations": [
                {
                    "begin": 743, 
                    "end": 748, 
                    "score": 0.20657561719417572, 
                    "spot": "chalk"
                }, 
                {
                    "begin": 2054, 
                    "end": 2059, 
                    "score": 0.20809593796730042, 
                    "spot": "chalk"
                }
            ], 
            "wiki_id": 44734, 
            "wiki_title": "Chalk"
        }, 
        {
            "annotations": [
                {
                    "begin": 1709, 
                    "end": 1715, 
                    "score": 0.1156584769487381, 
                    "spot": "person"
                }
            ], 
            "wiki_id": 219599, 
            "wiki_title": "Person"
        }, 
        {
            "annotations": [
                {
                    "begin": 2834, 
                    "end": 2841, 
                    "score": 0.001186239649541676, 
                    "spot": "join in"
                }
            ], 
            "wiki_id": 7680799, 
            "wiki_title": "Join In!"
        }, 
        {
            "annotations": [
                {
                    "begin": 2179, 
                    "end": 2183, 
                    "score": 0.09010780602693558, 
                    "spot": "time"
                }
            ], 
            "wiki_id": 30012, 
            "wiki_title": "Time"
        }, 
        {
            "annotations": [
                {
                    "begin": 1074, 
                    "end": 1088, 
                    "score": 0.04444444552063942, 
                    "spot": "Vive la France"
                }
            ], 
            "wiki_id": 47333939, 
            "wiki_title": "Vive la France"
        }, 
        {
            "annotations": [
                {
                    "begin": 503, 
                    "end": 510, 
                    "score": 0.06513482332229614, 
                    "spot": "tunnels"
                }
            ], 
            "wiki_id": 4425599, 
            "wiki_title": "North River Tunnels"
        }, 
        {
            "annotations": [
                {
                    "begin": 698, 
                    "end": 704, 
                    "score": 0.27074867486953735, 
                    "spot": "Calais"
                }, 
                {
                    "begin": 1229, 
                    "end": 1235, 
                    "score": 0.550000011920929, 
                    "spot": "Calais"
                }
            ], 
            "wiki_id": 85468, 
            "wiki_title": "Calais"
        }, 
        {
            "annotations": [
                {
                    "begin": 201, 
                    "end": 206, 
                    "score": 0.15212655067443848, 
                    "spot": "shake"
                }
            ], 
            "wiki_id": 16276562, 
            "wiki_title": "Shake (Sam Cooke song)"
        }, 
        {
            "annotations": [
                {
                    "begin": 1845, 
                    "end": 1850, 
                    "score": 0.21314571797847748, 
                    "spot": "chalk"
                }
            ], 
            "wiki_id": 1299831, 
            "wiki_title": "Discworld (world)"
        }, 
        {
            "annotations": [
                {
                    "begin": 383, 
                    "end": 396, 
                    "score": 0.0008128979825414717, 
                    "spot": "two countries"
                }
            ], 
            "wiki_id": 48638613, 
            "wiki_title": "Two Countries"
        }, 
        {
            "annotations": [
                {
                    "begin": 2560, 
                    "end": 2576, 
                    "score": 0.5, 
                    "spot": "Michel Delebarre"
                }, 
                {
                    "begin": 2798, 
                    "end": 2807, 
                    "score": 0.0555555559694767, 
                    "spot": "Delebarre"
                }
            ], 
            "wiki_id": 20491553, 
            "wiki_title": "Michel Delebarre"
        }, 
        {
            "annotations": [
                {
                    "begin": 582, 
                    "end": 593, 
                    "score": 0.20765803754329681, 
                    "spot": "engineering"
                }
            ], 
            "wiki_id": 9251, 
            "wiki_title": "Engineering"
        }, 
        {
            "annotations": [
                {
                    "begin": 366, 
                    "end": 374, 
                    "score": 0.1684362143278122, 
                    "spot": "vitality"
                }
            ], 
            "wiki_id": 168322, 
            "wiki_title": "Vitalism"
        }, 
        {
            "annotations": [
                {
                    "begin": 889, 
                    "end": 897, 
                    "score": 0.0008528142934665084, 
                    "spot": "embraced"
                }
            ], 
            "wiki_id": 5801080, 
            "wiki_title": "Embraced"
        }, 
        {
            "annotations": [
                {
                    "begin": 2759, 
                    "end": 2763, 
                    "score": 0.003502348205074668, 
                    "spot": "rode"
                }
            ], 
            "wiki_id": 3912487, 
            "wiki_title": "Rode, Somerset"
        }, 
        {
            "annotations": [
                {
                    "begin": 1968, 
                    "end": 1974, 
                    "score": 0.013968901708722115, 
                    "spot": "linked"
                }
            ], 
            "wiki_id": 274192, 
            "wiki_title": "Genetic linkage"
        }, 
        {
            "annotations": [
                {
                    "begin": 2648, 
                    "end": 2652, 
                    "score": 0.061788227409124374, 
                    "spot": "rode"
                }
            ], 
            "wiki_id": 74700, 
            "wiki_title": "Equestrianism"
        }, 
        {
            "annotations": [
                {
                    "begin": 659, 
                    "end": 666, 
                    "score": 0.2568609416484833, 
                    "spot": "England"
                }
            ], 
            "wiki_id": 407950, 
            "wiki_title": "Kingdom of England"
        }, 
        {
            "annotations": [
                {
                    "begin": 260, 
                    "end": 265, 
                    "score": 0.007398960180580616, 
                    "spot": "cross"
                }, 
                {
                    "begin": 1536, 
                    "end": 1541, 
                    "score": 0.09127002954483032, 
                    "spot": "cross"
                }
            ], 
            "wiki_id": 7303, 
            "wiki_title": "Cross"
        }, 
        {
            "annotations": [
                {
                    "begin": 292, 
                    "end": 298, 
                    "score": 0.2506140470504761, 
                    "spot": "French"
                }, 
                {
                    "begin": 1987, 
                    "end": 1993, 
                    "score": 0.14564938843250275, 
                    "spot": "French"
                }
            ], 
            "wiki_id": 962731, 
            "wiki_title": "French people"
        }, 
        {
            "annotations": [
                {
                    "begin": 2065, 
                    "end": 2072, 
                    "score": 0.0600411519408226, 
                    "spot": "service"
                }
            ], 
            "wiki_id": 715089, 
            "wiki_title": "Church service"
        }, 
        {
            "annotations": [
                {
                    "begin": 864, 
                    "end": 868, 
                    "score": 0.0743461474776268, 
                    "spot": "pair"
                }
            ], 
            "wiki_id": 64516, 
            "wiki_title": "2 (number)"
        }, 
        {
            "annotations": [
                {
                    "begin": 2842, 
                    "end": 2854, 
                    "score": 0.001355527900159359, 
                    "spot": "celebrations"
                }
            ], 
            "wiki_id": 23995, 
            "wiki_title": "Party"
        }, 
        {
            "annotations": [
                {
                    "begin": 119, 
                    "end": 125, 
                    "score": 0.033557452261447906, 
                    "spot": "Tunnel"
                }, 
                {
                    "begin": 1301, 
                    "end": 1307, 
                    "score": 0.033557452261447906, 
                    "spot": "Tunnel"
                }, 
                {
                    "begin": 3325, 
                    "end": 3331, 
                    "score": 0.007588373497128487, 
                    "spot": "tunnel"
                }
            ], 
            "wiki_id": 160766, 
            "wiki_title": "Lincoln Tunnel"
        }, 
        {
            "annotations": [
                {
                    "begin": 2721, 
                    "end": 2730, 
                    "score": 0.1489008069038391, 
                    "spot": "handshake"
                }
            ], 
            "wiki_id": 41229, 
            "wiki_title": "Handshaking"
        }, 
        {
            "annotations": [
                {
                    "begin": 1904, 
                    "end": 1909, 
                    "score": 0.0009507346549071372, 
                    "spot": "align"
                }
            ], 
            "wiki_id": 3274866, 
            "wiki_title": "Halifax (band)"
        }, 
        {
            "annotations": [
                {
                    "begin": 3207, 
                    "end": 3211, 
                    "score": 0.26780635118484497, 
                    "spot": "moat"
                }
            ], 
            "wiki_id": 153861, 
            "wiki_title": "Moat"
        }, 
        {
            "annotations": [
                {
                    "begin": 3198, 
                    "end": 3206, 
                    "score": 0.22087617218494415, 
                    "spot": "historic"
                }
            ], 
            "wiki_id": 14317754, 
            "wiki_title": "Historicism (art)"
        }, 
        {
            "annotations": [
                {
                    "begin": 498, 
                    "end": 502, 
                    "score": 0.1084776371717453, 
                    "spot": "rail"
                }, 
                {
                    "begin": 2670, 
                    "end": 2676, 
                    "score": 0.16891852021217346, 
                    "spot": "trains"
                }
            ], 
            "wiki_id": 25715, 
            "wiki_title": "Rail transport"
        }, 
        {
            "annotations": [
                {
                    "begin": 1018, 
                    "end": 1024, 
                    "score": 0.169817715883255, 
                    "spot": "French"
                }
            ], 
            "wiki_id": 10597, 
            "wiki_title": "French language"
        }, 
        {
            "annotations": [
                {
                    "begin": 448, 
                    "end": 455, 
                    "score": 0.11556051671504974, 
                    "spot": "service"
                }
            ], 
            "wiki_id": 11182, 
            "wiki_title": "Funeral"
        }, 
        {
            "annotations": [
                {
                    "begin": 310, 
                    "end": 329, 
                    "score": 0.5, 
                    "spot": "Francois Mitterrand"
                }
            ], 
            "wiki_id": 37998, 
            "wiki_title": "Fran\u00e7ois Mitterrand"
        }, 
        {
            "annotations": [
                {
                    "begin": 2012, 
                    "end": 2019, 
                    "score": 0.10550527274608612, 
                    "spot": "workers"
                }, 
                {
                    "begin": 2298, 
                    "end": 2305, 
                    "score": 0.16325049102306366, 
                    "spot": "workers"
                }
            ], 
            "wiki_id": 857255, 
            "wiki_title": "Workforce"
        }, 
        {
            "annotations": [
                {
                    "begin": 387, 
                    "end": 396, 
                    "score": 0.002126530045643449, 
                    "spot": "countries"
                }, 
                {
                    "begin": 2326, 
                    "end": 2335, 
                    "score": 0.07764647901058197, 
                    "spot": "countries"
                }
            ], 
            "wiki_id": 21754, 
            "wiki_title": "Nation"
        }, 
        {
            "annotations": [
                {
                    "begin": 5, 
                    "end": 11, 
                    "score": 0.16410693526268005, 
                    "spot": "Cheers"
                }
            ], 
            "wiki_id": 32565903, 
            "wiki_title": "Cheers (Drink to That)"
        }, 
        {
            "annotations": [
                {
                    "begin": 292, 
                    "end": 309, 
                    "score": 0.3041176199913025, 
                    "spot": "French \nPresident"
                }
            ], 
            "wiki_id": 24899, 
            "wiki_title": "President of France"
        }, 
        {
            "annotations": [
                {
                    "begin": 991, 
                    "end": 1009, 
                    "score": 0.5, 
                    "spot": "God save the queen"
                }
            ], 
            "wiki_id": 12334, 
            "wiki_title": "God Save the Queen"
        }, 
        {
            "annotations": [
                {
                    "begin": 2122, 
                    "end": 2128, 
                    "score": 0.06143093854188919, 
                    "spot": "island"
                }
            ], 
            "wiki_id": 14587, 
            "wiki_title": "Island"
        }, 
        {
            "annotations": [
                {
                    "begin": 735, 
                    "end": 739, 
                    "score": 0.16059356927871704, 
                    "spot": "foot"
                }
            ], 
            "wiki_id": 11492, 
            "wiki_title": "Foot"
        }, 
        {
            "annotations": [
                {
                    "begin": 160, 
                    "end": 167, 
                    "score": 0.00454707583412528, 
                    "spot": "passage"
                }
            ], 
            "wiki_id": 49401, 
            "wiki_title": "Hall"
        }, 
        {
            "annotations": [
                {
                    "begin": 252, 
                    "end": 255, 
                    "score": 0.11543864756822586, 
                    "spot": "men"
                }
            ], 
            "wiki_id": 15822899, 
            "wiki_title": "Man"
        }, 
        {
            "annotations": [
                {
                    "begin": 20, 
                    "end": 28, 
                    "score": 0.0024017111863940954, 
                    "spot": "Saturday"
                }
            ], 
            "wiki_id": 24518247, 
            "wiki_title": "Saturday (Ocean Colour Scene album)"
        }, 
        {
            "annotations": [
                {
                    "begin": 50, 
                    "end": 65, 
                    "score": 0.583755373954773, 
                    "spot": "English Channel"
                }, 
                {
                    "begin": 111, 
                    "end": 118, 
                    "score": 0.11851570010185242, 
                    "spot": "Channel"
                }, 
                {
                    "begin": 270, 
                    "end": 277, 
                    "score": 0.10563892126083374, 
                    "spot": "channel"
                }, 
                {
                    "begin": 1293, 
                    "end": 1300, 
                    "score": 0.20204898715019226, 
                    "spot": "Channel"
                }
            ], 
            "wiki_id": 9230, 
            "wiki_title": "English Channel"
        }, 
        {
            "annotations": [
                {
                    "begin": 468, 
                    "end": 472, 
                    "score": 0.024545077234506607, 
                    "spot": "will"
                }, 
                {
                    "begin": 1308, 
                    "end": 1312, 
                    "score": 0.05071712285280228, 
                    "spot": "will"
                }, 
                {
                    "begin": 3291, 
                    "end": 3295, 
                    "score": 0.13398373126983643, 
                    "spot": "will"
                }
            ], 
            "wiki_id": 77697, 
            "wiki_title": "Will and testament"
        }, 
        {
            "annotations": [
                {
                    "begin": 639, 
                    "end": 643, 
                    "score": 0.3380316495895386, 
                    "spot": "Fagg"
                }
            ], 
            "wiki_id": 2787135, 
            "wiki_title": "Arthur Fagg"
        }, 
        {
            "annotations": [
                {
                    "begin": 2095, 
                    "end": 2105, 
                    "score": 0.08102592080831528, 
                    "spot": "connection"
                }
            ], 
            "wiki_id": 346001, 
            "wiki_title": "Telecommunication circuit"
        }, 
        {
            "annotations": [
                {
                    "begin": 1244, 
                    "end": 1254, 
                    "score": 0.5579697489738464, 
                    "spot": "Folkestone"
                }, 
                {
                    "begin": 2820, 
                    "end": 2830, 
                    "score": 0.34155938029289246, 
                    "spot": "Folkestone"
                }
            ], 
            "wiki_id": 88301, 
            "wiki_title": "Folkestone"
        }, 
        {
            "annotations": [
                {
                    "begin": 1645, 
                    "end": 1652, 
                    "score": 0.06127636879682541, 
                    "spot": "charges"
                }
            ], 
            "wiki_id": 10192, 
            "wiki_title": "Explosive material"
        }, 
        {
            "annotations": [
                {
                    "begin": 2656, 
                    "end": 2661, 
                    "score": 0.11531704664230347, 
                    "spot": "small"
                }
            ], 
            "wiki_id": 276495, 
            "wiki_title": "Small business"
        }, 
        {
            "annotations": [
                {
                    "begin": 12, 
                    "end": 19, 
                    "score": 0.0014386004768311977, 
                    "spot": "erupted"
                }
            ], 
            "wiki_id": 8921015, 
            "wiki_title": "Types of volcanic eruptions"
        }, 
        {
            "annotations": [
                {
                    "begin": 652, 
                    "end": 657, 
                    "score": 0.44995617866516113, 
                    "spot": "Dover"
                }, 
                {
                    "begin": 652, 
                    "end": 666, 
                    "score": 0.35498717427253723, 
                    "spot": "Dover, England"
                }
            ], 
            "wiki_id": 40419, 
            "wiki_title": "Dover"
        }, 
        {
            "annotations": [
                {
                    "begin": 2129, 
                    "end": 2139, 
                    "score": 0.10531347990036011, 
                    "spot": "separation"
                }
            ], 
            "wiki_id": 286527, 
            "wiki_title": "Separatism"
        }, 
        {
            "annotations": [
                {
                    "begin": 1004, 
                    "end": 1009, 
                    "score": 0.12465688586235046, 
                    "spot": "queen"
                }
            ], 
            "wiki_id": 12153654, 
            "wiki_title": "Elizabeth II"
        }, 
        {
            "annotations": [
                {
                    "begin": 1794, 
                    "end": 1798, 
                    "score": 0.0010033606085926294, 
                    "spot": "last"
                }, 
                {
                    "begin": 1826, 
                    "end": 1830, 
                    "score": 0.0010033606085926294, 
                    "spot": "last"
                }
            ], 
            "wiki_id": 39078347, 
            "wiki_title": "Peter R. Last"
        }, 
        {
            "annotations": [
                {
                    "begin": 1997, 
                    "end": 2004, 
                    "score": 0.012711863964796066, 
                    "spot": "Oct. 29"
                }
            ], 
            "wiki_id": 22435, 
            "wiki_title": null
        }, 
        {
            "annotations": [
                {
                    "begin": 71, 
                    "end": 78, 
                    "score": 0.23446689546108246, 
                    "spot": "British"
                }, 
                {
                    "begin": 765, 
                    "end": 772, 
                    "score": 0.22087334096431732, 
                    "spot": "British"
                }, 
                {
                    "begin": 1115, 
                    "end": 1122, 
                    "score": 0.10115502774715424, 
                    "spot": "British"
                }, 
                {
                    "begin": 1941, 
                    "end": 1948, 
                    "score": 0.09590926766395569, 
                    "spot": "British"
                }, 
                {
                    "begin": 2112, 
                    "end": 2119, 
                    "score": 0.03789981082081795, 
                    "spot": "Britain"
                }, 
                {
                    "begin": 2613, 
                    "end": 2620, 
                    "score": 0.22760364413261414, 
                    "spot": "British"
                }
            ], 
            "wiki_id": 31717, 
            "wiki_title": "United Kingdom"
        }, 
        {
            "annotations": [
                {
                    "begin": 1268, 
                    "end": 1273, 
                    "score": 0.08955737948417664, 
                    "spot": "P>\n<P"
                }, 
                {
                    "begin": 1567, 
                    "end": 1572, 
                    "score": 0.052973661571741104, 
                    "spot": "P>\n<P"
                }, 
                {
                    "begin": 1758, 
                    "end": 1763, 
                    "score": 0.0612582303583622, 
                    "spot": "P>\n<P"
                }, 
                {
                    "begin": 1930, 
                    "end": 1935, 
                    "score": 0.03351272642612457, 
                    "spot": "P>\n<P"
                }
            ], 
            "wiki_id": 5090365, 
            "wiki_title": "Length between perpendiculars"
        }, 
        {
            "annotations": [
                {
                    "begin": 2947, 
                    "end": 2951, 
                    "score": 0.10080458968877792, 
                    "spot": "cost"
                }
            ], 
            "wiki_id": 166789, 
            "wiki_title": "Cost"
        }, 
        {
            "annotations": [
                {
                    "begin": 1139, 
                    "end": 1147, 
                    "score": 0.0024017111863940954, 
                    "spot": "Saturday"
                }
            ], 
            "wiki_id": 54631, 
            "wiki_title": "Saturday"
        }, 
        {
            "annotations": [
                {
                    "begin": 2350, 
                    "end": 2357, 
                    "score": 0.05478724464774132, 
                    "spot": "meeting"
                }
            ], 
            "wiki_id": 2421203, 
            "wiki_title": "Academic conference"
        }
    ]
}