{
    "tagme": [
        {
            "annotations": [
                {
                    "begin": 1848, 
                    "end": 1852, 
                    "score": 0.10783298313617706, 
                    "spot": "sign"
                }
            ], 
            "wiki_id": 562958, 
            "wiki_title": "Medical sign"
        }, 
        {
            "annotations": [
                {
                    "begin": 2379, 
                    "end": 2391, 
                    "score": 0.10997626185417175, 
                    "spot": "organization"
                }
            ], 
            "wiki_id": 22625, 
            "wiki_title": "Organized crime"
        }, 
        {
            "annotations": [
                {
                    "begin": 707, 
                    "end": 716, 
                    "score": 0.07285217940807343, 
                    "spot": "criticism"
                }
            ], 
            "wiki_id": 9209651, 
            "wiki_title": "Communism"
        }, 
        {
            "annotations": [
                {
                    "begin": 1778, 
                    "end": 1784, 
                    "score": 0.018936889246106148, 
                    "spot": "others"
                }
            ], 
            "wiki_id": 45329497, 
            "wiki_title": "Grantwood, New Jersey"
        }, 
        {
            "annotations": [
                {
                    "begin": 2439, 
                    "end": 2445, 
                    "score": 0.0503649041056633, 
                    "spot": "author"
                }
            ], 
            "wiki_id": 914, 
            "wiki_title": "Author"
        }, 
        {
            "annotations": [
                {
                    "begin": 910, 
                    "end": 918, 
                    "score": 0.0017032148316502571, 
                    "spot": "hindered"
                }
            ], 
            "wiki_id": 1356402, 
            "wiki_title": "Steric effects"
        }, 
        {
            "annotations": [
                {
                    "begin": 315, 
                    "end": 324, 
                    "score": 0.14446969330310822, 
                    "spot": "activists"
                }
            ], 
            "wiki_id": 39766702, 
            "wiki_title": "Activism"
        }, 
        {
            "annotations": [
                {
                    "begin": 260, 
                    "end": 265, 
                    "score": 0.12287673354148865, 
                    "spot": "bound"
                }
            ], 
            "wiki_id": 23277840, 
            "wiki_title": "Bookbinding"
        }, 
        {
            "annotations": [
                {
                    "begin": 1221, 
                    "end": 1229, 
                    "score": 0.18165665864944458, 
                    "spot": "Virginia"
                }, 
                {
                    "begin": 1451, 
                    "end": 1459, 
                    "score": 0.24023647606372833, 
                    "spot": "Virginia"
                }, 
                {
                    "begin": 2462, 
                    "end": 2470, 
                    "score": 0.209348663687706, 
                    "spot": "Virginia"
                }, 
                {
                    "begin": 2824, 
                    "end": 2832, 
                    "score": 0.20068509876728058, 
                    "spot": "Virginia"
                }, 
                {
                    "begin": 3122, 
                    "end": 3130, 
                    "score": 0.18165665864944458, 
                    "spot": "Virginia"
                }
            ], 
            "wiki_id": 32432, 
            "wiki_title": "Virginia"
        }, 
        {
            "annotations": [
                {
                    "begin": 409, 
                    "end": 418, 
                    "score": 0.2467702031135559, 
                    "spot": "religious"
                }, 
                {
                    "begin": 2160, 
                    "end": 2169, 
                    "score": 0.09251561760902405, 
                    "spot": "Religious"
                }, 
                {
                    "begin": 2191, 
                    "end": 2200, 
                    "score": 0.22855958342552185, 
                    "spot": "religious"
                }
            ], 
            "wiki_id": 25414, 
            "wiki_title": "Religion"
        }, 
        {
            "annotations": [
                {
                    "begin": 1359, 
                    "end": 1363, 
                    "score": 0.3052874803543091, 
                    "spot": "good"
                }, 
                {
                    "begin": 1385, 
                    "end": 1389, 
                    "score": 0.29082509875297546, 
                    "spot": "good"
                }, 
                {
                    "begin": 1407, 
                    "end": 1411, 
                    "score": 0.14894212782382965, 
                    "spot": "good"
                }
            ], 
            "wiki_id": 580039, 
            "wiki_title": "Good (economics)"
        }, 
        {
            "annotations": [
                {
                    "begin": 1159, 
                    "end": 1169, 
                    "score": 0.09288417547941208, 
                    "spot": "chairwoman"
                }
            ], 
            "wiki_id": 3452243, 
            "wiki_title": "Chairman"
        }, 
        {
            "annotations": [
                {
                    "begin": 2702, 
                    "end": 2708, 
                    "score": 0.0034408150240778923, 
                    "spot": "affect"
                }
            ], 
            "wiki_id": 3471186, 
            "wiki_title": "Affect (psychology)"
        }, 
        {
            "annotations": [
                {
                    "begin": 3012, 
                    "end": 3028, 
                    "score": 0.008810572326183319, 
                    "spot": "deeply disturbed"
                }
            ], 
            "wiki_id": 13825248, 
            "wiki_title": "Deeply Disturbed"
        }, 
        {
            "annotations": [
                {
                    "begin": 2635, 
                    "end": 2641, 
                    "score": 0.1473282128572464, 
                    "spot": "public"
                }
            ], 
            "wiki_id": 307834, 
            "wiki_title": "Public"
        }, 
        {
            "annotations": [
                {
                    "begin": 1915, 
                    "end": 1923, 
                    "score": 0.12047132849693298, 
                    "spot": "chairman"
                }
            ], 
            "wiki_id": 364458, 
            "wiki_title": "Chairman of the Joint Chiefs of Staff"
        }, 
        {
            "annotations": [
                {
                    "begin": 60, 
                    "end": 63, 
                    "score": 0.14005082845687866, 
                    "spot": "who"
                }
            ], 
            "wiki_id": 33583, 
            "wiki_title": "World Health Organization"
        }, 
        {
            "annotations": [
                {
                    "begin": 214, 
                    "end": 219, 
                    "score": 0.18605241179466248, 
                    "spot": "woman"
                }, 
                {
                    "begin": 300, 
                    "end": 305, 
                    "score": 0.1183297336101532, 
                    "spot": "women"
                }, 
                {
                    "begin": 885, 
                    "end": 890, 
                    "score": 0.12527991831302643, 
                    "spot": "women"
                }, 
                {
                    "begin": 1416, 
                    "end": 1421, 
                    "score": 0.18709412217140198, 
                    "spot": "women"
                }
            ], 
            "wiki_id": 33183, 
            "wiki_title": "Woman"
        }, 
        {
            "annotations": [
                {
                    "begin": 3019, 
                    "end": 3028, 
                    "score": 0.025018462911248207, 
                    "spot": "disturbed"
                }
            ], 
            "wiki_id": 177383, 
            "wiki_title": "Disturbed (band)"
        }, 
        {
            "annotations": [
                {
                    "begin": 2426, 
                    "end": 2433, 
                    "score": 0.11503616720438004, 
                    "spot": "nominee"
                }
            ], 
            "wiki_id": 615670, 
            "wiki_title": "Candidate"
        }, 
        {
            "annotations": [
                {
                    "begin": 154, 
                    "end": 161, 
                    "score": 0.004530130419880152, 
                    "spot": "Tuesday"
                }
            ], 
            "wiki_id": 1050340, 
            "wiki_title": "Election Day (United States)"
        }, 
        {
            "annotations": [
                {
                    "begin": 2070, 
                    "end": 2082, 
                    "score": 0.10132783651351929, 
                    "spot": "Constitution"
                }
            ], 
            "wiki_id": 31644, 
            "wiki_title": "United States Constitution"
        }, 
        {
            "annotations": [
                {
                    "begin": 477, 
                    "end": 482, 
                    "score": 0.09493285417556763, 
                    "spot": "light"
                }
            ], 
            "wiki_id": 22464025, 
            "wiki_title": "Divine light"
        }, 
        {
            "annotations": [
                {
                    "begin": 1762, 
                    "end": 1772, 
                    "score": 0.08329997211694717, 
                    "spot": "philosophy"
                }
            ], 
            "wiki_id": 13692155, 
            "wiki_title": "Philosophy"
        }, 
        {
            "annotations": [
                {
                    "begin": 650, 
                    "end": 658, 
                    "score": 0.002577319508418441, 
                    "spot": "Thomas's"
                }
            ], 
            "wiki_id": 19357739, 
            "wiki_title": "Thomas the Tank Engine"
        }, 
        {
            "annotations": [
                {
                    "begin": 1831, 
                    "end": 1836, 
                    "score": 0.329717755317688, 
                    "spot": "white"
                }
            ], 
            "wiki_id": 273285, 
            "wiki_title": "Race and ethnicity in the United States Census"
        }, 
        {
            "annotations": [
                {
                    "begin": 53, 
                    "end": 59, 
                    "score": 0.06230375915765762, 
                    "spot": "spouse"
                }
            ], 
            "wiki_id": 29298, 
            "wiki_title": "Spouse"
        }, 
        {
            "annotations": [
                {
                    "begin": 727, 
                    "end": 733, 
                    "score": 0.09630519151687622, 
                    "spot": "blacks"
                }, 
                {
                    "begin": 1877, 
                    "end": 1892, 
                    "score": 0.19149772822856903, 
                    "spot": "black community"
                }
            ], 
            "wiki_id": 2154, 
            "wiki_title": "African Americans"
        }, 
        {
            "annotations": [
                {
                    "begin": 691, 
                    "end": 696, 
                    "score": 0.14809617400169373, 
                    "spot": "white"
                }
            ], 
            "wiki_id": 166202, 
            "wiki_title": "White people"
        }, 
        {
            "annotations": [
                {
                    "begin": 2485, 
                    "end": 2489, 
                    "score": 0.03154575079679489, 
                    "spot": "text"
                }
            ], 
            "wiki_id": 208356, 
            "wiki_title": "Text file"
        }, 
        {
            "annotations": [
                {
                    "begin": 3281, 
                    "end": 3285, 
                    "score": 0.04658166319131851, 
                    "spot": "cult"
                }
            ], 
            "wiki_id": 839756, 
            "wiki_title": "Cult following"
        }, 
        {
            "annotations": [
                {
                    "begin": 2709, 
                    "end": 2720, 
                    "score": 0.09393098205327988, 
                    "spot": "her husband"
                }
            ], 
            "wiki_id": 534366, 
            "wiki_title": "Barack Obama"
        }, 
        {
            "annotations": [
                {
                    "begin": 1736, 
                    "end": 1739, 
                    "score": 0.11034511774778366, 
                    "spot": "may"
                }
            ], 
            "wiki_id": 12163304, 
            "wiki_title": "Imelda May"
        }, 
        {
            "annotations": [
                {
                    "begin": 987, 
                    "end": 991, 
                    "score": 0.11177562177181244, 
                    "spot": "True"
                }
            ], 
            "wiki_id": 29920, 
            "wiki_title": "Truth"
        }, 
        {
            "annotations": [
                {
                    "begin": 2596, 
                    "end": 2608, 
                    "score": 0.11766988039016724, 
                    "spot": "organization"
                }
            ], 
            "wiki_id": 105070, 
            "wiki_title": "Organization"
        }, 
        {
            "annotations": [
                {
                    "begin": 3539, 
                    "end": 3546, 
                    "score": 0.1430632621049881, 
                    "spot": "federal"
                }
            ], 
            "wiki_id": 11542, 
            "wiki_title": "Federalism"
        }, 
        {
            "annotations": [
                {
                    "begin": 64, 
                    "end": 66, 
                    "score": 0.07659556716680527, 
                    "spot": "ll"
                }
            ], 
            "wiki_id": 6218372, 
            "wiki_title": "Lebanese pound"
        }, 
        {
            "annotations": [
                {
                    "begin": 2009, 
                    "end": 2018, 
                    "score": 0.050083309412002563, 
                    "spot": "community"
                }
            ], 
            "wiki_id": 21998954, 
            "wiki_title": "Community (TV series)"
        }, 
        {
            "annotations": [
                {
                    "begin": 453, 
                    "end": 462, 
                    "score": 0.3213842213153839, 
                    "spot": "anti-cult"
                }
            ], 
            "wiki_id": 1589765, 
            "wiki_title": "Anti-cult movement"
        }, 
        {
            "annotations": [
                {
                    "begin": 2178, 
                    "end": 2184, 
                    "score": 0.22433389723300934, 
                    "spot": "wonder"
                }
            ], 
            "wiki_id": 16232423, 
            "wiki_title": "Wonder (emotion)"
        }, 
        {
            "annotations": [
                {
                    "begin": 895, 
                    "end": 905, 
                    "score": 0.20686089992523193, 
                    "spot": "minorities"
                }
            ], 
            "wiki_id": 437868, 
            "wiki_title": "Minority group"
        }, 
        {
            "annotations": [
                {
                    "begin": 1961, 
                    "end": 1982, 
                    "score": 0.3270561099052429, 
                    "spot": "Afro-American studies"
                }
            ], 
            "wiki_id": 460927, 
            "wiki_title": "African-American studies"
        }, 
        {
            "annotations": [
                {
                    "begin": 3109, 
                    "end": 3120, 
                    "score": 0.07743363082408905, 
                    "spot": "clean break"
                }
            ], 
            "wiki_id": 49592568, 
            "wiki_title": "Clean Break (TV series)"
        }, 
        {
            "annotations": [
                {
                    "begin": 1600, 
                    "end": 1608, 
                    "score": 0.2061374932527542, 
                    "spot": "Congress"
                }
            ], 
            "wiki_id": 31756, 
            "wiki_title": "United States Congress"
        }, 
        {
            "annotations": [
                {
                    "begin": 2622, 
                    "end": 2630, 
                    "score": 0.17706502974033356, 
                    "spot": "educates"
                }
            ], 
            "wiki_id": 9252, 
            "wiki_title": "Education"
        }, 
        {
            "annotations": [
                {
                    "begin": 3516, 
                    "end": 3534, 
                    "score": 0.3211829364299774, 
                    "spot": "affirmative action"
                }
            ], 
            "wiki_id": 6677413, 
            "wiki_title": "Affirmative action in the United States"
        }, 
        {
            "annotations": [
                {
                    "begin": 3201, 
                    "end": 3206, 
                    "score": 0.00076867057941854, 
                    "spot": "broke"
                }
            ], 
            "wiki_id": 8132143, 
            "wiki_title": "Broke (album)"
        }, 
        {
            "annotations": [
                {
                    "begin": 2574, 
                    "end": 2577, 
                    "score": 0.0981970801949501, 
                    "spot": "CAN"
                }
            ], 
            "wiki_id": 5042916, 
            "wiki_title": "Canada"
        }, 
        {
            "annotations": [
                {
                    "begin": 1699, 
                    "end": 1709, 
                    "score": 0.265960693359375, 
                    "spot": "colorblind"
                }
            ], 
            "wiki_id": 348111, 
            "wiki_title": "Color blindness (race) in the United States"
        }, 
        {
            "annotations": [
                {
                    "begin": 3457, 
                    "end": 3479, 
                    "score": 0.022417154163122177, 
                    "spot": "congressional hearings"
                }
            ], 
            "wiki_id": 8107490, 
            "wiki_title": "United States congressional hearing"
        }, 
        {
            "annotations": [
                {
                    "begin": 2248, 
                    "end": 2276, 
                    "score": 0.29954442381858826, 
                    "spot": "National Council of\nChurches"
                }
            ], 
            "wiki_id": 382264, 
            "wiki_title": "National Council of Churches"
        }, 
        {
            "annotations": [
                {
                    "begin": 1801, 
                    "end": 1810, 
                    "score": 0.13793997466564178, 
                    "spot": "symbolism"
                }
            ], 
            "wiki_id": 344401, 
            "wiki_title": "Religious symbolism"
        }, 
        {
            "annotations": [
                {
                    "begin": 2956, 
                    "end": 2966, 
                    "score": 0.11416491866111755, 
                    "spot": "percentage"
                }
            ], 
            "wiki_id": 64493, 
            "wiki_title": "Percentage"
        }, 
        {
            "annotations": [
                {
                    "begin": 1372, 
                    "end": 1379, 
                    "score": 0.2937614917755127, 
                    "spot": "economy"
                }
            ], 
            "wiki_id": 6639133, 
            "wiki_title": "Economy"
        }, 
        {
            "annotations": [
                {
                    "begin": 2759, 
                    "end": 2761, 
                    "score": 0.054038744419813156, 
                    "spot": "if"
                }
            ], 
            "wiki_id": 8882040, 
            "wiki_title": "International Forum Design"
        }, 
        {
            "annotations": [
                {
                    "begin": 966, 
                    "end": 976, 
                    "score": 0.19224432110786438, 
                    "spot": "government"
                }, 
                {
                    "begin": 1312, 
                    "end": 1322, 
                    "score": 0.2226489931344986, 
                    "spot": "government"
                }
            ], 
            "wiki_id": 12229, 
            "wiki_title": "Government"
        }, 
        {
            "annotations": [
                {
                    "begin": 244, 
                    "end": 250, 
                    "score": 0.11916027218103409, 
                    "spot": "issues"
                }
            ], 
            "wiki_id": 15752595, 
            "wiki_title": "Periodical literature"
        }, 
        {
            "annotations": [
                {
                    "begin": 225, 
                    "end": 231, 
                    "score": 0.08483746647834778, 
                    "spot": "strong"
                }
            ], 
            "wiki_id": 25570052, 
            "wiki_title": "Harriet Williams Russell Strong"
        }, 
        {
            "annotations": [
                {
                    "begin": 1045, 
                    "end": 1053, 
                    "score": 0.09357266873121262, 
                    "spot": "standard"
                }
            ], 
            "wiki_id": 8373743, 
            "wiki_title": "Standard (music)"
        }, 
        {
            "annotations": [
                {
                    "begin": 1081, 
                    "end": 1086, 
                    "score": 0.028711603954434395, 
                    "spot": "think"
                }
            ], 
            "wiki_id": 27748226, 
            "wiki_title": "Jeopardy!"
        }, 
        {
            "annotations": [
                {
                    "begin": 514, 
                    "end": 524, 
                    "score": 0.568085253238678, 
                    "spot": "Lifespring"
                }, 
                {
                    "begin": 2852, 
                    "end": 2862, 
                    "score": 0.588110089302063, 
                    "spot": "Lifespring"
                }, 
                {
                    "begin": 3032, 
                    "end": 3042, 
                    "score": 0.570286214351654, 
                    "spot": "Lifespring"
                }, 
                {
                    "begin": 3162, 
                    "end": 3172, 
                    "score": 0.48076921701431274, 
                    "spot": "Lifespring"
                }
            ], 
            "wiki_id": 157780, 
            "wiki_title": "Lifespring"
        }, 
        {
            "annotations": [
                {
                    "begin": 875, 
                    "end": 879, 
                    "score": 0.038407064974308014, 
                    "spot": "view"
                }
            ], 
            "wiki_id": 656307, 
            "wiki_title": "The View (U.S. TV series)"
        }, 
        {
            "annotations": [
                {
                    "begin": 1687, 
                    "end": 1696, 
                    "score": 0.07995928078889847, 
                    "spot": "advocates"
                }
            ], 
            "wiki_id": 68595, 
            "wiki_title": "Advocate"
        }, 
        {
            "annotations": [
                {
                    "begin": 2723, 
                    "end": 2731, 
                    "score": 0.1289539337158203, 
                    "spot": "handling"
                }
            ], 
            "wiki_id": 2079464, 
            "wiki_title": "Handling stolen goods"
        }, 
        {
            "annotations": [
                {
                    "begin": 1565, 
                    "end": 1576, 
                    "score": 0.08051926642656326, 
                    "spot": "spokeswoman"
                }
            ], 
            "wiki_id": 338047, 
            "wiki_title": "Spokesperson"
        }, 
        {
            "annotations": [
                {
                    "begin": 2105, 
                    "end": 2123, 
                    "score": 0.021209387108683586, 
                    "spot": "sense of\ncommunity"
                }
            ], 
            "wiki_id": 3130789, 
            "wiki_title": "Sense of community"
        }, 
        {
            "annotations": [
                {
                    "begin": 2974, 
                    "end": 2981, 
                    "score": 0.0856454074382782, 
                    "spot": "program"
                }
            ], 
            "wiki_id": 5783, 
            "wiki_title": "Computer program"
        }, 
        {
            "annotations": [
                {
                    "begin": 329, 
                    "end": 334, 
                    "score": 0.004543684422969818, 
                    "spot": "upset"
                }
            ], 
            "wiki_id": 1169845, 
            "wiki_title": "Upset"
        }, 
        {
            "annotations": [
                {
                    "begin": 2876, 
                    "end": 2882, 
                    "score": 0.08982205390930176, 
                    "spot": "course"
                }
            ], 
            "wiki_id": 2493919, 
            "wiki_title": "Course (education)"
        }, 
        {
            "annotations": [
                {
                    "begin": 81, 
                    "end": 88, 
                    "score": 0.07754775136709213, 
                    "spot": "husband"
                }, 
                {
                    "begin": 1820, 
                    "end": 1828, 
                    "score": 0.24915747344493866, 
                    "spot": "marrying"
                }, 
                {
                    "begin": 2713, 
                    "end": 2720, 
                    "score": 0.10075559467077255, 
                    "spot": "husband"
                }
            ], 
            "wiki_id": 19728, 
            "wiki_title": "Marriage"
        }, 
        {
            "annotations": [
                {
                    "begin": 1947, 
                    "end": 1957, 
                    "score": 0.2385595738887787, 
                    "spot": "department"
                }
            ], 
            "wiki_id": 274238, 
            "wiki_title": "United States federal executive departments"
        }, 
        {
            "annotations": [
                {
                    "begin": 2042, 
                    "end": 2047, 
                    "score": 0.09507998824119568, 
                    "spot": "basis"
                }
            ], 
            "wiki_id": 18420, 
            "wiki_title": "Basis (linear algebra)"
        }, 
        {
            "annotations": [
                {
                    "begin": 701, 
                    "end": 706, 
                    "score": 0.05659686028957367, 
                    "spot": "drawn"
                }
            ], 
            "wiki_id": 8544, 
            "wiki_title": "Drawing"
        }, 
        {
            "annotations": [
                {
                    "begin": 746, 
                    "end": 754, 
                    "score": 0.14037004113197327, 
                    "spot": "marriage"
                }, 
                {
                    "begin": 1727, 
                    "end": 1735, 
                    "score": 0.08215850591659546, 
                    "spot": "marriage"
                }
            ], 
            "wiki_id": 92656, 
            "wiki_title": "Same-sex marriage"
        }, 
        {
            "annotations": [
                {
                    "begin": 9, 
                    "end": 16, 
                    "score": 0.13938063383102417, 
                    "spot": "critics"
                }
            ], 
            "wiki_id": 229072, 
            "wiki_title": "Criticism"
        }, 
        {
            "annotations": [
                {
                    "begin": 1075, 
                    "end": 1078, 
                    "score": 0.010517369955778122, 
                    "spot": "don"
                }
            ], 
            "wiki_id": 294015, 
            "wiki_title": "Don (honorific)"
        }, 
        {
            "annotations": [
                {
                    "begin": 792, 
                    "end": 800, 
                    "score": 0.12469565123319626, 
                    "spot": "rejected"
                }, 
                {
                    "begin": 1860, 
                    "end": 1869, 
                    "score": 0.16172879934310913, 
                    "spot": "rejection"
                }
            ], 
            "wiki_id": 3006497, 
            "wiki_title": "Social rejection"
        }, 
        {
            "annotations": [
                {
                    "begin": 1613, 
                    "end": 1619, 
                    "score": 0.10700451582670212, 
                    "spot": "deputy"
                }
            ], 
            "wiki_id": 1783211, 
            "wiki_title": "Legislative Assembly of Costa Rica"
        }, 
        {
            "annotations": [
                {
                    "begin": 2789, 
                    "end": 2796, 
                    "score": 0.002726732986047864, 
                    "spot": "subject"
                }
            ], 
            "wiki_id": 40684, 
            "wiki_title": "Access control"
        }, 
        {
            "annotations": [
                {
                    "begin": 342, 
                    "end": 350, 
                    "score": 0.22846242785453796, 
                    "spot": "lobbying"
                }
            ], 
            "wiki_id": 48934, 
            "wiki_title": "Lobbying"
        }, 
        {
            "annotations": [
                {
                    "begin": 2916, 
                    "end": 2930, 
                    "score": 0.07084114849567413, 
                    "spot": "responsibility"
                }
            ], 
            "wiki_id": 3397134, 
            "wiki_title": "Moral responsibility"
        }, 
        {
            "annotations": [
                {
                    "begin": 2412, 
                    "end": 2425, 
                    "score": 0.24704933166503906, 
                    "spot": "Supreme\nCourt"
                }
            ], 
            "wiki_id": 4913027, 
            "wiki_title": "Supreme court"
        }, 
        {
            "annotations": [
                {
                    "begin": 758, 
                    "end": 766, 
                    "score": 0.18250271677970886, 
                    "spot": "evidence"
                }
            ], 
            "wiki_id": 20550772, 
            "wiki_title": "Evidence"
        }, 
        {
            "annotations": [
                {
                    "begin": 269, 
                    "end": 273, 
                    "score": 0.09091474115848541, 
                    "spot": "come"
                }
            ], 
            "wiki_id": 22546, 
            "wiki_title": "Orgasm"
        }, 
        {
            "annotations": [
                {
                    "begin": 1188, 
                    "end": 1194, 
                    "score": 0.056905072182416916, 
                    "spot": "friend"
                }
            ], 
            "wiki_id": 4812151, 
            "wiki_title": "Quakers"
        }, 
        {
            "annotations": [
                {
                    "begin": 3338, 
                    "end": 3346, 
                    "score": 0.10195881873369217, 
                    "spot": "attorney"
                }
            ], 
            "wiki_id": 17541, 
            "wiki_title": "Lawyer"
        }, 
        {
            "annotations": [
                {
                    "begin": 2866, 
                    "end": 2875, 
                    "score": 0.2486758679151535, 
                    "spot": "self-help"
                }
            ], 
            "wiki_id": 146075, 
            "wiki_title": "Self-help"
        }, 
        {
            "annotations": [
                {
                    "begin": 1584, 
                    "end": 1587, 
                    "score": 0.09803866595029831, 
                    "spot": "U.S"
                }
            ], 
            "wiki_id": 18717338, 
            "wiki_title": "United States dollar"
        }, 
        {
            "annotations": [
                {
                    "begin": 734, 
                    "end": 741, 
                    "score": 0.012723845429718494, 
                    "spot": "who see"
                }
            ], 
            "wiki_id": 20003669, 
            "wiki_title": "Who See"
        }, 
        {
            "annotations": [
                {
                    "begin": 2394, 
                    "end": 2404, 
                    "score": 0.1557321697473526, 
                    "spot": "opposition"
                }
            ], 
            "wiki_id": 310605, 
            "wiki_title": "Opposition (parliamentary)"
        }, 
        {
            "annotations": [
                {
                    "begin": 3086, 
                    "end": 3102, 
                    "score": 0.3704008460044861, 
                    "spot": "self-examination"
                }
            ], 
            "wiki_id": 5503338, 
            "wiki_title": "For Self-Examination"
        }, 
        {
            "annotations": [
                {
                    "begin": 1092, 
                    "end": 1096, 
                    "score": 0.11495332419872284, 
                    "spot": "fair"
                }
            ], 
            "wiki_id": 16369, 
            "wiki_title": "Justice"
        }, 
        {
            "annotations": [
                {
                    "begin": 1900, 
                    "end": 1907, 
                    "score": 0.19242683053016663, 
                    "spot": "Russell"
                }
            ], 
            "wiki_id": 91252, 
            "wiki_title": "Russell County, Virginia"
        }, 
        {
            "annotations": [
                {
                    "begin": 551, 
                    "end": 561, 
                    "score": 0.22061878442764282, 
                    "spot": "Skin color"
                }
            ], 
            "wiki_id": 38041, 
            "wiki_title": "Human skin color"
        }, 
        {
            "annotations": [
                {
                    "begin": 391, 
                    "end": 402, 
                    "score": 0.13166281580924988, 
                    "spot": "legislation"
                }, 
                {
                    "begin": 1245, 
                    "end": 1256, 
                    "score": 0.23926712572574615, 
                    "spot": "legislation"
                }, 
                {
                    "begin": 3558, 
                    "end": 3569, 
                    "score": 0.21538376808166504, 
                    "spot": "legislation"
                }
            ], 
            "wiki_id": 51913, 
            "wiki_title": "Legislation"
        }, 
        {
            "annotations": [
                {
                    "begin": 3216, 
                    "end": 3228, 
                    "score": 0.049661070108413696, 
                    "spot": "organization"
                }
            ], 
            "wiki_id": 72487, 
            "wiki_title": "Nonprofit organization"
        }, 
        {
            "annotations": [
                {
                    "begin": 1541, 
                    "end": 1551, 
                    "score": 0.40685755014419556, 
                    "spot": "Republican"
                }
            ], 
            "wiki_id": 32070, 
            "wiki_title": "Republican Party (United States)"
        }, 
        {
            "annotations": [
                {
                    "begin": 630, 
                    "end": 637, 
                    "score": 0.0013891550479456782, 
                    "spot": "content"
                }
            ], 
            "wiki_id": 10203857, 
            "wiki_title": "Contentment"
        }, 
        {
            "annotations": [
                {
                    "begin": 848, 
                    "end": 856, 
                    "score": 0.1666666716337204, 
                    "spot": "Thomases"
                }, 
                {
                    "begin": 1202, 
                    "end": 1210, 
                    "score": 0.1666666716337204, 
                    "spot": "Thomases"
                }
            ], 
            "wiki_id": 17027915, 
            "wiki_title": "Susan Thomases"
        }, 
        {
            "annotations": [
                {
                    "begin": 3398, 
                    "end": 3401, 
                    "score": 0.0006853084196336567, 
                    "spot": "she"
                }
            ], 
            "wiki_id": 706580, 
            "wiki_title": "S.H.E"
        }, 
        {
            "annotations": [
                {
                    "begin": 1016, 
                    "end": 1023, 
                    "score": 0.001667998731136322, 
                    "spot": "holding"
                }
            ], 
            "wiki_id": 146080, 
            "wiki_title": "Holding company"
        }, 
        {
            "annotations": [
                {
                    "begin": 197, 
                    "end": 201, 
                    "score": 0.060378845781087875, 
                    "spot": "week"
                }
            ], 
            "wiki_id": 33538, 
            "wiki_title": "Week"
        }, 
        {
            "annotations": [
                {
                    "begin": 2019, 
                    "end": 2024, 
                    "score": 0.1144193634390831, 
                    "spot": "roots"
                }
            ], 
            "wiki_id": 264210, 
            "wiki_title": "Zero of a function"
        }, 
        {
            "annotations": [
                {
                    "begin": 2288, 
                    "end": 2308, 
                    "score": 0.26212039589881897, 
                    "spot": "on religious liberty"
                }, 
                {
                    "begin": 2291, 
                    "end": 2308, 
                    "score": 0.561891496181488, 
                    "spot": "religious liberty"
                }
            ], 
            "wiki_id": 42282, 
            "wiki_title": "Dignitatis humanae"
        }, 
        {
            "annotations": [
                {
                    "begin": 3488, 
                    "end": 3494, 
                    "score": 0.0009193437872454524, 
                    "spot": "issues"
                }
            ], 
            "wiki_id": 37021859, 
            "wiki_title": "Issues (band)"
        }, 
        {
            "annotations": [
                {
                    "begin": 426, 
                    "end": 432, 
                    "score": 0.09995625168085098, 
                    "spot": "groups"
                }, 
                {
                    "begin": 541, 
                    "end": 546, 
                    "score": 0.257984459400177, 
                    "spot": "group"
                }
            ], 
            "wiki_id": 191253, 
            "wiki_title": "Social group"
        }, 
        {
            "annotations": [
                {
                    "begin": 180, 
                    "end": 183, 
                    "score": 0.0024755001068115234, 
                    "spot": "run"
                }
            ], 
            "wiki_id": 406792, 
            "wiki_title": "Fugitive"
        }, 
        {
            "annotations": [
                {
                    "begin": 232, 
                    "end": 240, 
                    "score": 0.08486558496952057, 
                    "spot": "opinions"
                }, 
                {
                    "begin": 2753, 
                    "end": 2758, 
                    "score": 0.1667659878730774, 
                    "spot": "cases"
                }
            ], 
            "wiki_id": 23004, 
            "wiki_title": "Precedent"
        }, 
        {
            "annotations": [
                {
                    "begin": 42, 
                    "end": 52, 
                    "score": 0.08109916746616364, 
                    "spot": "supportive"
                }
            ], 
            "wiki_id": 13311819, 
            "wiki_title": "Therapy"
        }, 
        {
            "annotations": [
                {
                    "begin": 2649, 
                    "end": 2667, 
                    "score": 0.27761971950531006, 
                    "spot": "destructive\" cults"
                }
            ], 
            "wiki_id": 1008588, 
            "wiki_title": "Cult"
        }, 
        {
            "annotations": [
                {
                    "begin": 3435, 
                    "end": 3453, 
                    "score": 0.012115384452044964, 
                    "spot": "business community"
                }
            ], 
            "wiki_id": 17973218, 
            "wiki_title": "Business in the Community"
        }, 
        {
            "annotations": [
                {
                    "begin": 684, 
                    "end": 687, 
                    "score": 0.0006853084196336567, 
                    "spot": "she"
                }
            ], 
            "wiki_id": 31979659, 
            "wiki_title": "She (Tyler, the Creator song)"
        }, 
        {
            "annotations": [
                {
                    "begin": 3076, 
                    "end": 3085, 
                    "score": 0.14665786921977997, 
                    "spot": "emotional"
                }
            ], 
            "wiki_id": 10406, 
            "wiki_title": "Emotion"
        }, 
        {
            "annotations": [
                {
                    "begin": 657, 
                    "end": 668, 
                    "score": 0.009523809887468815, 
                    "spot": "s character"
                }
            ], 
            "wiki_id": 1252991, 
            "wiki_title": "Orbital hybridisation"
        }, 
        {
            "annotations": [
                {
                    "begin": 835, 
                    "end": 842, 
                    "score": 0.017318757250905037, 
                    "spot": "careers"
                }
            ], 
            "wiki_id": 197241, 
            "wiki_title": "Career"
        }, 
        {
            "annotations": [
                {
                    "begin": 1908, 
                    "end": 1913, 
                    "score": 0.20777621865272522, 
                    "spot": "Adams"
                }
            ], 
            "wiki_id": 307320, 
            "wiki_title": "National Republican Party"
        }, 
        {
            "annotations": [
                {
                    "begin": 977, 
                    "end": 985, 
                    "score": 0.05948805809020996, 
                    "spot": "programs"
                }
            ], 
            "wiki_id": 792359, 
            "wiki_title": "Youth program"
        }, 
        {
            "annotations": [
                {
                    "begin": 528, 
                    "end": 540, 
                    "score": 0.1960383951663971, 
                    "spot": "motivational"
                }
            ], 
            "wiki_id": 232495, 
            "wiki_title": "Motivation"
        }, 
        {
            "annotations": [
                {
                    "begin": 2992, 
                    "end": 3001, 
                    "score": 0.0028962476644665003, 
                    "spot": "graduates"
                }
            ], 
            "wiki_id": 167316, 
            "wiki_title": "Graduation"
        }, 
        {
            "annotations": [
                {
                    "begin": 1137, 
                    "end": 1152, 
                    "score": 0.5, 
                    "spot": "Ricky Silberman"
                }
            ], 
            "wiki_id": 9713374, 
            "wiki_title": "Ricky Silberman"
        }, 
        {
            "annotations": [
                {
                    "begin": 1212, 
                    "end": 1220, 
                    "score": 0.00160633132327348, 
                    "spot": "She\nsaid"
                }
            ], 
            "wiki_id": 26449392, 
            "wiki_title": "She Said"
        }, 
        {
            "annotations": [
                {
                    "begin": 1123, 
                    "end": 1129, 
                    "score": 0.10741175711154938, 
                    "spot": "rights"
                }
            ], 
            "wiki_id": 145439, 
            "wiki_title": "Women's rights"
        }, 
        {
            "annotations": [
                {
                    "begin": 805, 
                    "end": 810, 
                    "score": 0.03738681226968765, 
                    "spot": "roots"
                }
            ], 
            "wiki_id": 10623, 
            "wiki_title": "Folk music"
        }, 
        {
            "annotations": [
                {
                    "begin": 1260, 
                    "end": 1276, 
                    "score": 0.5014140009880066, 
                    "spot": "comparable worth"
                }, 
                {
                    "begin": 3498, 
                    "end": 3514, 
                    "score": 0.30000001192092896, 
                    "spot": "comparable worth"
                }
            ], 
            "wiki_id": 1108449, 
            "wiki_title": "Equal pay for equal work"
        }, 
        {
            "annotations": [
                {
                    "begin": 674, 
                    "end": 678, 
                    "score": 0.056667815893888474, 
                    "spot": "fact"
                }
            ], 
            "wiki_id": 58617, 
            "wiki_title": "Fact"
        }, 
        {
            "annotations": [
                {
                    "begin": 1620, 
                    "end": 1639, 
                    "score": 0.3040679395198822, 
                    "spot": "assistant secretary"
                }, 
                {
                    "begin": 1630, 
                    "end": 1639, 
                    "score": 0.30517256259918213, 
                    "spot": "secretary"
                }
            ], 
            "wiki_id": 214196, 
            "wiki_title": "Secretary"
        }, 
        {
            "annotations": [
                {
                    "begin": 641, 
                    "end": 656, 
                    "score": 0.5, 
                    "spot": "Clarence Thomas"
                }, 
                {
                    "begin": 772, 
                    "end": 787, 
                    "score": 0.5, 
                    "spot": "Clarence Thomas"
                }, 
                {
                    "begin": 1671, 
                    "end": 1686, 
                    "score": 0.5, 
                    "spot": "Clarence Thomas"
                }, 
                {
                    "begin": 2330, 
                    "end": 2345, 
                    "score": 0.5, 
                    "spot": "Clarence Thomas"
                }
            ], 
            "wiki_id": 28291766, 
            "wiki_title": "Clarence Thomas"
        }, 
        {
            "annotations": [
                {
                    "begin": 1024, 
                    "end": 1032, 
                    "score": 0.0006434359238483012, 
                    "spot": "everyone"
                }
            ], 
            "wiki_id": 28280237, 
            "wiki_title": "Everyone (Skins series 1)"
        }, 
        {
            "annotations": [
                {
                    "begin": 1991, 
                    "end": 1999, 
                    "score": 0.18029259145259857, 
                    "spot": "justices"
                }
            ], 
            "wiki_id": 3004, 
            "wiki_title": "Associate Justice of the Supreme Court of the United States"
        }, 
        {
            "annotations": [
                {
                    "begin": 90, 
                    "end": 98, 
                    "score": 0.10796502232551575, 
                    "spot": "Clarence"
                }
            ], 
            "wiki_id": 126403, 
            "wiki_title": "Clarence, New York"
        }, 
        {
            "annotations": [
                {
                    "begin": 1221, 
                    "end": 1236, 
                    "score": 0.12323498725891113, 
                    "spot": "Virginia Thomas"
                }, 
                {
                    "begin": 1451, 
                    "end": 1466, 
                    "score": 0.21005338430404663, 
                    "spot": "Virginia Thomas"
                }, 
                {
                    "begin": 2462, 
                    "end": 2477, 
                    "score": 0.12323498725891113, 
                    "spot": "Virginia Thomas"
                }, 
                {
                    "begin": 2824, 
                    "end": 2839, 
                    "score": 0.12323498725891113, 
                    "spot": "Virginia Thomas"
                }, 
                {
                    "begin": 3122, 
                    "end": 3137, 
                    "score": 0.18181480467319489, 
                    "spot": "Virginia Thomas"
                }
            ], 
            "wiki_id": 11642469, 
            "wiki_title": "Virginia Thomas"
        }, 
        {
            "annotations": [
                {
                    "begin": 1060, 
                    "end": 1067, 
                    "score": 0.1343066543340683, 
                    "spot": "believe"
                }
            ], 
            "wiki_id": 4814950, 
            "wiki_title": "Believe (Cher song)"
        }, 
        {
            "annotations": [
                {
                    "begin": 2134, 
                    "end": 2144, 
                    "score": 0.04400300234556198, 
                    "spot": "nomination"
                }
            ], 
            "wiki_id": 615676, 
            "wiki_title": "Nomination"
        }, 
        {
            "annotations": [
                {
                    "begin": 1710, 
                    "end": 1717, 
                    "score": 0.15200819075107574, 
                    "spot": "society"
                }
            ], 
            "wiki_id": 37235, 
            "wiki_title": "Society"
        }, 
        {
            "annotations": [
                {
                    "begin": 862, 
                    "end": 870, 
                    "score": 0.0008528142934665084, 
                    "spot": "embraced"
                }
            ], 
            "wiki_id": 5801080, 
            "wiki_title": "Embraced"
        }, 
        {
            "annotations": [
                {
                    "begin": 112, 
                    "end": 131, 
                    "score": 0.6207674741744995, 
                    "spot": "Senate confirmation"
                }, 
                {
                    "begin": 119, 
                    "end": 140, 
                    "score": 0.25032758712768555, 
                    "spot": "confirmation hearings"
                }
            ], 
            "wiki_id": 2610287, 
            "wiki_title": "Advice and consent"
        }, 
        {
            "annotations": [
                {
                    "begin": 409, 
                    "end": 425, 
                    "score": 0.26536983251571655, 
                    "spot": "religious rights"
                }
            ], 
            "wiki_id": 46006, 
            "wiki_title": "Freedom of religion"
        }, 
        {
            "annotations": [
                {
                    "begin": 2318, 
                    "end": 2326, 
                    "score": 0.0068529024720191956, 
                    "spot": "critique"
                }
            ], 
            "wiki_id": 347543, 
            "wiki_title": "Critique of Pure Reason"
        }, 
        {
            "annotations": [
                {
                    "begin": 2950, 
                    "end": 2955, 
                    "score": 0.08855973184108734, 
                    "spot": "small"
                }
            ], 
            "wiki_id": 625125, 
            "wiki_title": "Letter case"
        }, 
        {
            "annotations": [
                {
                    "begin": 1338, 
                    "end": 1343, 
                    "score": 0.2695823311805725, 
                    "spot": "wages"
                }
            ], 
            "wiki_id": 359646, 
            "wiki_title": "Wage"
        }, 
        {
            "annotations": [
                {
                    "begin": 2084, 
                    "end": 2092, 
                    "score": 0.0642886534333229, 
                    "spot": "Clarence"
                }
            ], 
            "wiki_id": 60164, 
            "wiki_title": "It's a Wonderful Life"
        }, 
        {
            "annotations": [
                {
                    "begin": 1589, 
                    "end": 1596, 
                    "score": 0.19747629761695862, 
                    "spot": "Chamber"
                }
            ], 
            "wiki_id": 1334301, 
            "wiki_title": "Chambers of parliament"
        }, 
        {
            "annotations": [
                {
                    "begin": 285, 
                    "end": 290, 
                    "score": 0.08858755230903625, 
                    "spot": "court"
                }
            ], 
            "wiki_id": 75358, 
            "wiki_title": "Court"
        }, 
        {
            "annotations": [
                {
                    "begin": 2582, 
                    "end": 2595, 
                    "score": 0.07446102797985077, 
                    "spot": "Chicago-based"
                }
            ], 
            "wiki_id": 6886, 
            "wiki_title": "Chicago"
        }, 
        {
            "annotations": [
                {
                    "begin": 1517, 
                    "end": 1521, 
                    "score": 0.0780981034040451, 
                    "spot": "jobs"
                }
            ], 
            "wiki_id": 7412236, 
            "wiki_title": "Steve Jobs"
        }, 
        {
            "annotations": [
                {
                    "begin": 2819, 
                    "end": 2822, 
                    "score": 0.03244919702410698, 
                    "spot": "80s"
                }
            ], 
            "wiki_id": 34557, 
            "wiki_title": "1980s"
        }, 
        {
            "annotations": [
                {
                    "begin": 2052, 
                    "end": 2065, 
                    "score": 0.0019642857369035482, 
                    "spot": "understanding"
                }
            ], 
            "wiki_id": 2271465, 
            "wiki_title": "The Understanding"
        }, 
        {
            "annotations": [
                {
                    "begin": 590, 
                    "end": 598, 
                    "score": 0.24193547666072845, 
                    "spot": "her skin"
                }
            ], 
            "wiki_id": 15682219, 
            "wiki_title": "In Her Skin"
        }, 
        {
            "annotations": [
                {
                    "begin": 1100, 
                    "end": 1103, 
                    "score": 0.14803378283977509, 
                    "spot": "say"
                }
            ], 
            "wiki_id": 46789, 
            "wiki_title": "Jean-Baptiste Say"
        }, 
        {
            "annotations": [
                {
                    "begin": 2278, 
                    "end": 2287, 
                    "score": 0.014599616639316082, 
                    "spot": "counselor"
                }
            ], 
            "wiki_id": 926264, 
            "wiki_title": "Summer camp"
        }, 
        {
            "annotations": [
                {
                    "begin": 2765, 
                    "end": 2771, 
                    "score": 0.07044366747140884, 
                    "spot": "shares"
                }
            ], 
            "wiki_id": 19372783, 
            "wiki_title": "Stock"
        }, 
        {
            "annotations": [
                {
                    "begin": 1427, 
                    "end": 1439, 
                    "score": 0.35503411293029785, 
                    "spot": "Conservative"
                }
            ], 
            "wiki_id": 6623, 
            "wiki_title": "Conservative Judaism"
        }, 
        {
            "annotations": [
                {
                    "begin": 3354, 
                    "end": 3378, 
                    "score": 0.34866470098495483, 
                    "spot": "U.S. Chamber of Commerce"
                }
            ], 
            "wiki_id": 1448498, 
            "wiki_title": "United States Chamber of Commerce"
        }, 
        {
            "annotations": [
                {
                    "begin": 364, 
                    "end": 370, 
                    "score": 0.07588528841733932, 
                    "spot": "issues"
                }
            ], 
            "wiki_id": 17501420, 
            "wiki_title": "On the Issues"
        }, 
        {
            "annotations": [
                {
                    "begin": 1877, 
                    "end": 1882, 
                    "score": 0.15882615745067596, 
                    "spot": "black"
                }
            ], 
            "wiki_id": 4745, 
            "wiki_title": "Black people"
        }, 
        {
            "annotations": [
                {
                    "begin": 2231, 
                    "end": 2242, 
                    "score": 0.4375, 
                    "spot": "Dean Kelley"
                }
            ], 
            "wiki_id": 11702694, 
            "wiki_title": "Dean Kelley"
        }, 
        {
            "annotations": [
                {
                    "begin": 1394, 
                    "end": 1401, 
                    "score": 0.2760621905326843, 
                    "spot": "workers"
                }
            ], 
            "wiki_id": 857255, 
            "wiki_title": "Workforce"
        }, 
        {
            "annotations": [
                {
                    "begin": 943, 
                    "end": 961, 
                    "score": 0.4905480146408081, 
                    "spot": "affirmative action"
                }
            ], 
            "wiki_id": 49392, 
            "wiki_title": "Affirmative action"
        }, 
        {
            "annotations": [
                {
                    "begin": 77, 
                    "end": 88, 
                    "score": 0.07125150412321091, 
                    "spot": "her\nhusband"
                }
            ], 
            "wiki_id": 3356, 
            "wiki_title": "Bill Clinton"
        }, 
        {
            "annotations": [
                {
                    "begin": 2550, 
                    "end": 2572, 
                    "score": 0.5, 
                    "spot": "Cult Awareness Network"
                }
            ], 
            "wiki_id": 158909, 
            "wiki_title": "Cult Awareness Network"
        }, 
        {
            "annotations": [
                {
                    "begin": 2899, 
                    "end": 2907, 
                    "score": 0.19325396418571472, 
                    "spot": "students"
                }
            ], 
            "wiki_id": 155526, 
            "wiki_title": "Student"
        }, 
        {
            "annotations": [
                {
                    "begin": 1552, 
                    "end": 1563, 
                    "score": 0.2525232434272766, 
                    "spot": "congressman"
                }
            ], 
            "wiki_id": 19468510, 
            "wiki_title": "United States House of Representatives"
        }, 
        {
            "annotations": [
                {
                    "begin": 3045, 
                    "end": 3052, 
                    "score": 0.15925288200378418, 
                    "spot": "methods"
                }
            ], 
            "wiki_id": 18581264, 
            "wiki_title": "Reading (process)"
        }, 
        {
            "annotations": [
                {
                    "begin": 992, 
                    "end": 1000, 
                    "score": 0.12618806958198547, 
                    "spot": "equality"
                }
            ], 
            "wiki_id": 10983, 
            "wiki_title": "First-order logic"
        }, 
        {
            "annotations": [
                {
                    "begin": 3257, 
                    "end": 3272, 
                    "score": 0.04821428656578064, 
                    "spot": "public\nadvocate"
                }
            ], 
            "wiki_id": 26289198, 
            "wiki_title": "Ombudsman"
        }, 
        {
            "annotations": [
                {
                    "begin": 1647, 
                    "end": 1666, 
                    "score": 0.27976179122924805, 
                    "spot": "Department of Labor"
                }
            ], 
            "wiki_id": 44273, 
            "wiki_title": "United States Department of Labor"
        }, 
        {
            "annotations": [
                {
                    "begin": 1154, 
                    "end": 1158, 
                    "score": 0.044682253152132034, 
                    "spot": "vice"
                }
            ], 
            "wiki_id": 44246958, 
            "wiki_title": "Vice Media"
        }, 
        {
            "annotations": [
                {
                    "begin": 1927, 
                    "end": 1944, 
                    "score": 0.6549685597419739, 
                    "spot": "Howard University"
                }
            ], 
            "wiki_id": 378111, 
            "wiki_title": "Howard University"
        }, 
        {
            "annotations": [
                {
                    "begin": 1487, 
                    "end": 1499, 
                    "score": 0.1469912976026535, 
                    "spot": "conservative"
                }
            ], 
            "wiki_id": 6675, 
            "wiki_title": "Conservatism"
        }, 
        {
            "annotations": [
                {
                    "begin": 2268, 
                    "end": 2276, 
                    "score": 0.008277962915599346, 
                    "spot": "Churches"
                }
            ], 
            "wiki_id": 320768, 
            "wiki_title": "Christian Church"
        }, 
        {
            "annotations": [
                {
                    "begin": 1746, 
                    "end": 1753, 
                    "score": 0.11077861487865448, 
                    "spot": "example"
                }
            ], 
            "wiki_id": 9355587, 
            "wiki_title": "Example (musician)"
        }, 
        {
            "annotations": [
                {
                    "begin": 581, 
                    "end": 586, 
                    "score": 0.09504210203886032, 
                    "spot": "color"
                }
            ], 
            "wiki_id": 444758, 
            "wiki_title": "Color photography"
        }, 
        {
            "annotations": [
                {
                    "begin": 565, 
                    "end": 570, 
                    "score": 0.0005546292522922158, 
                    "spot": "issue"
                }
            ], 
            "wiki_id": 74344, 
            "wiki_title": "William the Silent"
        }, 
        {
            "annotations": [
                {
                    "begin": 3547, 
                    "end": 3557, 
                    "score": 0.11809270083904266, 
                    "spot": "child-care"
                }
            ], 
            "wiki_id": 936027, 
            "wiki_title": "Day care"
        }, 
        {
            "annotations": [
                {
                    "begin": 1177, 
                    "end": 1181, 
                    "score": 0.19816502928733826, 
                    "spot": "EEOC"
                }
            ], 
            "wiki_id": 811932, 
            "wiki_title": "Equal Employment Opportunity Commission"
        }, 
        {
            "annotations": [
                {
                    "begin": 2225, 
                    "end": 2229, 
                    "score": 0.07349231839179993, 
                    "spot": "well"
                }
            ], 
            "wiki_id": 15105978, 
            "wiki_title": "Water well"
        }, 
        {
            "annotations": [
                {
                    "begin": 1104, 
                    "end": 1107, 
                    "score": 0.07106021046638489, 
                    "spot": "she"
                }, 
                {
                    "begin": 3242, 
                    "end": 3245, 
                    "score": 0.0006853084196336567, 
                    "spot": "she"
                }, 
                {
                    "begin": 3306, 
                    "end": 3309, 
                    "score": 0.04327011480927467, 
                    "spot": "she"
                }
            ], 
            "wiki_id": 153895, 
            "wiki_title": "Gender-specific and gender-neutral pronouns"
        }, 
        {
            "annotations": [
                {
                    "begin": 192, 
                    "end": 196, 
                    "score": 0.001524612889625132, 
                    "spot": "next"
                }
            ], 
            "wiki_id": 722792, 
            "wiki_title": "Next plc"
        }, 
        {
            "annotations": [
                {
                    "begin": 2776, 
                    "end": 2781, 
                    "score": 0.0005428571603260934, 
                    "spot": "views"
                }
            ], 
            "wiki_id": 213446, 
            "wiki_title": "World view"
        }, 
        {
            "annotations": [
                {
                    "begin": 2982, 
                    "end": 2987, 
                    "score": 0.38268157839775085, 
                    "spot": "s 300"
                }
            ], 
            "wiki_id": 546105, 
            "wiki_title": "S-300 (missile)"
        }
    ]
}