{
    "tagme": [
        {
            "annotations": [
                {
                    "begin": 4272, 
                    "end": 4277, 
                    "score": 0.08568289875984192, 
                    "spot": "sport"
                }
            ], 
            "wiki_id": 25778403, 
            "wiki_title": "Sport"
        }, 
        {
            "annotations": [
                {
                    "begin": 432, 
                    "end": 437, 
                    "score": 0.0015913659008219838, 
                    "spot": "spoke"
                }
            ], 
            "wiki_id": 170836, 
            "wiki_title": "Spoke"
        }, 
        {
            "annotations": [
                {
                    "begin": 1205, 
                    "end": 1212, 
                    "score": 0.0857323408126831, 
                    "spot": "Johnson"
                }, 
                {
                    "begin": 2630, 
                    "end": 2637, 
                    "score": 0.09348554164171219, 
                    "spot": "Johnson"
                }, 
                {
                    "begin": 2926, 
                    "end": 2933, 
                    "score": 0.10322941094636917, 
                    "spot": "Johnson"
                }, 
                {
                    "begin": 3000, 
                    "end": 3007, 
                    "score": 0.22864288091659546, 
                    "spot": "Johnson"
                }
            ], 
            "wiki_id": 48594, 
            "wiki_title": "Samuel Johnson"
        }, 
        {
            "annotations": [
                {
                    "begin": 226, 
                    "end": 233, 
                    "score": 0.19099384546279907, 
                    "spot": "Francis"
                }
            ], 
            "wiki_id": 14423593, 
            "wiki_title": "Francis, Saskatchewan"
        }, 
        {
            "annotations": [
                {
                    "begin": 94, 
                    "end": 101, 
                    "score": 0.00674307020381093, 
                    "spot": "inquiry"
                }, 
                {
                    "begin": 1562, 
                    "end": 1569, 
                    "score": 0.00674307020381093, 
                    "spot": "inquiry"
                }
            ], 
            "wiki_id": 14543141, 
            "wiki_title": "The Inquiry"
        }, 
        {
            "annotations": [
                {
                    "begin": 3808, 
                    "end": 3813, 
                    "score": 0.0637245774269104, 
                    "spot": "still"
                }
            ], 
            "wiki_id": 23604, 
            "wiki_title": "Photography"
        }, 
        {
            "annotations": [
                {
                    "begin": 1049, 
                    "end": 1058, 
                    "score": 0.04843749850988388, 
                    "spot": "foolproof"
                }
            ], 
            "wiki_id": 40165038, 
            "wiki_title": "Foolproof (film)"
        }, 
        {
            "annotations": [
                {
                    "begin": 2580, 
                    "end": 2588, 
                    "score": 0.08077818155288696, 
                    "spot": "athletes"
                }
            ], 
            "wiki_id": 43719, 
            "wiki_title": "Sport of athletics"
        }, 
        {
            "annotations": [
                {
                    "begin": 4263, 
                    "end": 4270, 
                    "score": 0.055977609008550644, 
                    "spot": "natural"
                }
            ], 
            "wiki_id": 558685, 
            "wiki_title": "Natural environment"
        }, 
        {
            "annotations": [
                {
                    "begin": 3196, 
                    "end": 3204, 
                    "score": 0.12558327615261078, 
                    "spot": "sabotage"
                }
            ], 
            "wiki_id": 29462, 
            "wiki_title": "Sabotage"
        }, 
        {
            "annotations": [
                {
                    "begin": 2162, 
                    "end": 2167, 
                    "score": 0.0008519482216797769, 
                    "spot": "costs"
                }
            ], 
            "wiki_id": 221832, 
            "wiki_title": "Costs in English law"
        }, 
        {
            "annotations": [
                {
                    "begin": 4175, 
                    "end": 4179, 
                    "score": 0.1673809438943863, 
                    "spot": "well"
                }
            ], 
            "wiki_id": 198570, 
            "wiki_title": "Oil well"
        }, 
        {
            "annotations": [
                {
                    "begin": 1761, 
                    "end": 1765, 
                    "score": 0.05024366453289986, 
                    "spot": "path"
                }
            ], 
            "wiki_id": 638889, 
            "wiki_title": "Path (graph theory)"
        }, 
        {
            "annotations": [
                {
                    "begin": 1681, 
                    "end": 1692, 
                    "score": 0.0017023346154019237, 
                    "spot": "elaboration"
                }
            ], 
            "wiki_id": 40029821, 
            "wiki_title": "Elaboration"
        }, 
        {
            "annotations": [
                {
                    "begin": 809, 
                    "end": 812, 
                    "score": 0.10803551226854324, 
                    "spot": "ran"
                }
            ], 
            "wiki_id": 387892, 
            "wiki_title": "Rush (gridiron football)"
        }, 
        {
            "annotations": [
                {
                    "begin": 1356, 
                    "end": 1368, 
                    "score": 0.07636825740337372, 
                    "spot": "endorsements"
                }
            ], 
            "wiki_id": 349003, 
            "wiki_title": "Testimonial"
        }, 
        {
            "annotations": [
                {
                    "begin": 2955, 
                    "end": 2962, 
                    "score": 0.009003099985420704, 
                    "spot": "Francis"
                }
            ], 
            "wiki_id": 6152283, 
            "wiki_title": "Simon Francis (cricketer)"
        }, 
        {
            "annotations": [
                {
                    "begin": 1493, 
                    "end": 1504, 
                    "score": 0.0014367816038429737, 
                    "spot": "embarrassed"
                }
            ], 
            "wiki_id": 234771, 
            "wiki_title": "Embarrassment"
        }, 
        {
            "annotations": [
                {
                    "begin": 280, 
                    "end": 292, 
                    "score": 0.1229948103427887, 
                    "spot": "polysyllabic"
                }
            ], 
            "wiki_id": 44911, 
            "wiki_title": "Syllable"
        }, 
        {
            "annotations": [
                {
                    "begin": 3029, 
                    "end": 3038, 
                    "score": 0.004807247780263424, 
                    "spot": "After all"
                }
            ], 
            "wiki_id": 5670521, 
            "wiki_title": "After All (Cher and Peter Cetera song)"
        }, 
        {
            "annotations": [
                {
                    "begin": 4328, 
                    "end": 4334, 
                    "score": 0.004662355408072472, 
                    "spot": "moment"
                }
            ], 
            "wiki_id": 368684, 
            "wiki_title": "Moment (mathematics)"
        }, 
        {
            "annotations": [
                {
                    "begin": 2461, 
                    "end": 2488, 
                    "score": 0.5249578952789307, 
                    "spot": "performance-enhancing drugs"
                }
            ], 
            "wiki_id": 7214191, 
            "wiki_title": "Performance-enhancing drugs"
        }, 
        {
            "annotations": [
                {
                    "begin": 477, 
                    "end": 484, 
                    "score": 0.0009448592900298536, 
                    "spot": "members"
                }
            ], 
            "wiki_id": 263678, 
            "wiki_title": "Member of the Scottish Parliament"
        }, 
        {
            "annotations": [
                {
                    "begin": 2989, 
                    "end": 2995, 
                    "score": 0.2508661150932312, 
                    "spot": "reason"
                }
            ], 
            "wiki_id": 42446, 
            "wiki_title": "Reason"
        }, 
        {
            "annotations": [
                {
                    "begin": 264, 
                    "end": 269, 
                    "score": 0.017330721020698547, 
                    "spot": "coach"
                }
            ], 
            "wiki_id": 925379, 
            "wiki_title": "Coach, Inc."
        }, 
        {
            "annotations": [
                {
                    "begin": 167, 
                    "end": 180, 
                    "score": 0.2778874635696411, 
                    "spot": "mad scientist"
                }
            ], 
            "wiki_id": 57977, 
            "wiki_title": "Mad scientist"
        }, 
        {
            "annotations": [
                {
                    "begin": 4533, 
                    "end": 4537, 
                    "score": 0.12196280062198639, 
                    "spot": "left"
                }
            ], 
            "wiki_id": 18499, 
            "wiki_title": "Left-wing politics"
        }, 
        {
            "annotations": [
                {
                    "begin": 3869, 
                    "end": 3874, 
                    "score": 0.20809726417064667, 
                    "spot": "world"
                }
            ], 
            "wiki_id": 38714, 
            "wiki_title": "World"
        }, 
        {
            "annotations": [
                {
                    "begin": 2409, 
                    "end": 2416, 
                    "score": 0.10711929947137833, 
                    "spot": "a level"
                }
            ], 
            "wiki_id": 10254514, 
            "wiki_title": "A-level"
        }, 
        {
            "annotations": [
                {
                    "begin": 1992, 
                    "end": 1997, 
                    "score": 0.37060022354125977, 
                    "spot": "Spain"
                }
            ], 
            "wiki_id": 26667, 
            "wiki_title": "Spain"
        }, 
        {
            "annotations": [
                {
                    "begin": 1132, 
                    "end": 1137, 
                    "score": 0.0668191984295845, 
                    "spot": "first"
                }
            ], 
            "wiki_id": 4764461, 
            "wiki_title": "World War I"
        }, 
        {
            "annotations": [
                {
                    "begin": 3229, 
                    "end": 3235, 
                    "score": 0.11165948212146759, 
                    "spot": "doctor"
                }
            ], 
            "wiki_id": 23315, 
            "wiki_title": "Physician"
        }, 
        {
            "annotations": [
                {
                    "begin": 112, 
                    "end": 146, 
                    "score": 0.22251097857952118, 
                    "spot": "use of performance-enhancing drugs"
                }, 
                {
                    "begin": 2454, 
                    "end": 2488, 
                    "score": 0.15373648703098297, 
                    "spot": "use of performance-enhancing drugs"
                }
            ], 
            "wiki_id": 4923981, 
            "wiki_title": "Doping in baseball"
        }, 
        {
            "annotations": [
                {
                    "begin": 365, 
                    "end": 373, 
                    "score": 0.6868294477462769, 
                    "spot": "Dianabol"
                }
            ], 
            "wiki_id": 2874758, 
            "wiki_title": "Metandienone"
        }, 
        {
            "annotations": [
                {
                    "begin": 4611, 
                    "end": 4619, 
                    "score": 0.0006434359238483012, 
                    "spot": "everyone"
                }
            ], 
            "wiki_id": 28280237, 
            "wiki_title": "Everyone (Skins series 1)"
        }, 
        {
            "annotations": [
                {
                    "begin": 788, 
                    "end": 795, 
                    "score": 0.004950494971126318, 
                    "spot": "scrawny"
                }
            ], 
            "wiki_id": 211451, 
            "wiki_title": "Human physical appearance"
        }, 
        {
            "annotations": [
                {
                    "begin": 978, 
                    "end": 982, 
                    "score": 0.09756049513816833, 
                    "spot": "star"
                }
            ], 
            "wiki_id": 5796, 
            "wiki_title": "Celebrity"
        }, 
        {
            "annotations": [
                {
                    "begin": 1138, 
                    "end": 1142, 
                    "score": 0.024669591337442398, 
                    "spot": "page"
                }
            ], 
            "wiki_id": 1738560, 
            "wiki_title": "Page (servant)"
        }, 
        {
            "annotations": [
                {
                    "begin": 3680, 
                    "end": 3684, 
                    "score": 0.12166092544794083, 
                    "spot": "feel"
                }
            ], 
            "wiki_id": 2864295, 
            "wiki_title": "Feel (Robbie Williams song)"
        }, 
        {
            "annotations": [
                {
                    "begin": 257, 
                    "end": 263, 
                    "score": 0.05654330551624298, 
                    "spot": "sprint"
                }, 
                {
                    "begin": 1857, 
                    "end": 1865, 
                    "score": 0.1661723554134369, 
                    "spot": "sprinter"
                }, 
                {
                    "begin": 4686, 
                    "end": 4692, 
                    "score": 0.05654330551624298, 
                    "spot": "sprint"
                }
            ], 
            "wiki_id": 89276, 
            "wiki_title": "Sprint (running)"
        }, 
        {
            "annotations": [
                {
                    "begin": 3411, 
                    "end": 3416, 
                    "score": 0.058689434081315994, 
                    "spot": "usage"
                }
            ], 
            "wiki_id": 313345, 
            "wiki_title": "Save (baseball)"
        }, 
        {
            "annotations": [
                {
                    "begin": 703, 
                    "end": 710, 
                    "score": 0.06370837241411209, 
                    "spot": "Francis"
                }, 
                {
                    "begin": 1007, 
                    "end": 1014, 
                    "score": 0.009003099985420704, 
                    "spot": "Francis"
                }
            ], 
            "wiki_id": 70700, 
            "wiki_title": "Francis II of France"
        }, 
        {
            "annotations": [
                {
                    "begin": 3158, 
                    "end": 3171, 
                    "score": 0.12820076942443848, 
                    "spot": "positive test"
                }
            ], 
            "wiki_id": 12439068, 
            "wiki_title": "Medical test"
        }, 
        {
            "annotations": [
                {
                    "begin": 3478, 
                    "end": 3487, 
                    "score": 0.06010929495096207, 
                    "spot": "technical"
                }
            ], 
            "wiki_id": 29816, 
            "wiki_title": "Technology"
        }, 
        {
            "annotations": [
                {
                    "begin": 2344, 
                    "end": 2351, 
                    "score": 0.08062106370925903, 
                    "spot": "subject"
                }
            ], 
            "wiki_id": 6784, 
            "wiki_title": "Citizenship"
        }, 
        {
            "annotations": [
                {
                    "begin": 1110, 
                    "end": 1117, 
                    "score": 0.08447880297899246, 
                    "spot": "Francis"
                }, 
                {
                    "begin": 1601, 
                    "end": 1608, 
                    "score": 0.009003099985420704, 
                    "spot": "Francis"
                }, 
                {
                    "begin": 1701, 
                    "end": 1708, 
                    "score": 0.07400278002023697, 
                    "spot": "Francis"
                }, 
                {
                    "begin": 3611, 
                    "end": 3618, 
                    "score": 0.14818044006824493, 
                    "spot": "Francis"
                }, 
                {
                    "begin": 3905, 
                    "end": 3912, 
                    "score": 0.0638599842786789, 
                    "spot": "Francis"
                }
            ], 
            "wiki_id": 11638, 
            "wiki_title": "Francis of Assisi"
        }, 
        {
            "annotations": [
                {
                    "begin": 775, 
                    "end": 782, 
                    "score": 0.3767903745174408, 
                    "spot": "Jamaica"
                }
            ], 
            "wiki_id": 15660, 
            "wiki_title": "Jamaica"
        }, 
        {
            "annotations": [
                {
                    "begin": 1656, 
                    "end": 1658, 
                    "score": 0.0011683235643431544, 
                    "spot": "we"
                }, 
                {
                    "begin": 2436, 
                    "end": 2438, 
                    "score": 0.0011683235643431544, 
                    "spot": "We"
                }, 
                {
                    "begin": 2737, 
                    "end": 2739, 
                    "score": 0.0011683235643431544, 
                    "spot": "We"
                }, 
                {
                    "begin": 4290, 
                    "end": 4292, 
                    "score": 0.04184780642390251, 
                    "spot": "We"
                }, 
                {
                    "begin": 4335, 
                    "end": 4337, 
                    "score": 0.0011683235643431544, 
                    "spot": "we"
                }
            ], 
            "wiki_id": 65758, 
            "wiki_title": "Western (genre)"
        }, 
        {
            "annotations": [
                {
                    "begin": 1082, 
                    "end": 1089, 
                    "score": 0.1515190154314041, 
                    "spot": "my life"
                }
            ], 
            "wiki_id": 5549799, 
            "wiki_title": "My Life (film)"
        }, 
        {
            "annotations": [
                {
                    "begin": 3824, 
                    "end": 3828, 
                    "score": 0.034392405301332474, 
                    "spot": "fast"
                }
            ], 
            "wiki_id": 888488, 
            "wiki_title": "Fast-neutron reactor"
        }, 
        {
            "annotations": [
                {
                    "begin": 883, 
                    "end": 887, 
                    "score": 0.1860794723033905, 
                    "spot": "time"
                }
            ], 
            "wiki_id": 31600, 
            "wiki_title": "Time (magazine)"
        }, 
        {
            "annotations": [
                {
                    "begin": 3619, 
                    "end": 3623, 
                    "score": 0.05846068635582924, 
                    "spot": "feel"
                }
            ], 
            "wiki_id": 163390, 
            "wiki_title": "Feeling"
        }, 
        {
            "annotations": [
                {
                    "begin": 3499, 
                    "end": 3503, 
                    "score": 0.10366439819335938, 
                    "spot": "book"
                }
            ], 
            "wiki_id": 3778, 
            "wiki_title": "Book"
        }, 
        {
            "annotations": [
                {
                    "begin": 311, 
                    "end": 326, 
                    "score": 0.047335680574178696, 
                    "spot": "characteristics"
                }
            ], 
            "wiki_id": 1006006, 
            "wiki_title": "Synapomorphy"
        }, 
        {
            "annotations": [
                {
                    "begin": 208, 
                    "end": 224, 
                    "score": 0.39394503831863403, 
                    "spot": "Dr. Frankenstein"
                }
            ], 
            "wiki_id": 1892675, 
            "wiki_title": "Victor Frankenstein"
        }, 
        {
            "annotations": [
                {
                    "begin": 866, 
                    "end": 877, 
                    "score": 0.5137439966201782, 
                    "spot": "South Korea"
                }
            ], 
            "wiki_id": 27019, 
            "wiki_title": "South Korea"
        }, 
        {
            "annotations": [
                {
                    "begin": 3858, 
                    "end": 3861, 
                    "score": 0.12234005331993103, 
                    "spot": "men"
                }
            ], 
            "wiki_id": 15822899, 
            "wiki_title": "Man"
        }, 
        {
            "annotations": [
                {
                    "begin": 4538, 
                    "end": 4540, 
                    "score": 0.07097207009792328, 
                    "spot": "me"
                }
            ], 
            "wiki_id": 19323, 
            "wiki_title": "Middle East"
        }, 
        {
            "annotations": [
                {
                    "begin": 4888, 
                    "end": 4891, 
                    "score": 0.006416204385459423, 
                    "spot": "box"
                }
            ], 
            "wiki_id": 413522, 
            "wiki_title": "Box"
        }, 
        {
            "annotations": [
                {
                    "begin": 4471, 
                    "end": 4475, 
                    "score": 0.001178865204565227, 
                    "spot": "task"
                }
            ], 
            "wiki_id": 1225101, 
            "wiki_title": "Task analysis"
        }, 
        {
            "annotations": [
                {
                    "begin": 3839, 
                    "end": 3842, 
                    "score": 0.08067246526479721, 
                    "spot": "one"
                }
            ], 
            "wiki_id": 23385833, 
            "wiki_title": "Neoplatonism"
        }, 
        {
            "annotations": [
                {
                    "begin": 1183, 
                    "end": 1192, 
                    "score": 0.04279725253582001, 
                    "spot": "nightmare"
                }
            ], 
            "wiki_id": 27274997, 
            "wiki_title": "Nightmare (song)"
        }, 
        {
            "annotations": [
                {
                    "begin": 2151, 
                    "end": 2161, 
                    "score": 0.0039560794830322266, 
                    "spot": "incredible"
                }
            ], 
            "wiki_id": 41052220, 
            "wiki_title": "Incredible (Celine Dion and Ne-Yo song)"
        }, 
        {
            "annotations": [
                {
                    "begin": 1015, 
                    "end": 1021, 
                    "score": 0.1685636043548584, 
                    "spot": "system"
                }, 
                {
                    "begin": 1032, 
                    "end": 1039, 
                    "score": 0.16779747605323792, 
                    "spot": "systems"
                }
            ], 
            "wiki_id": 8286675, 
            "wiki_title": "System"
        }, 
        {
            "annotations": [
                {
                    "begin": 3769, 
                    "end": 3777, 
                    "score": 0.13403576612472534, 
                    "spot": "coaching"
                }
            ], 
            "wiki_id": 626967, 
            "wiki_title": "Coach (sport)"
        }, 
        {
            "annotations": [
                {
                    "begin": 3141, 
                    "end": 3149, 
                    "score": 0.0894613116979599, 
                    "spot": "theories"
                }
            ], 
            "wiki_id": 198507, 
            "wiki_title": "Scientific theory"
        }, 
        {
            "annotations": [
                {
                    "begin": 3578, 
                    "end": 3587, 
                    "score": 0.0810810774564743, 
                    "spot": "stand; it"
                }
            ], 
            "wiki_id": 31990232, 
            "wiki_title": "Stand on It"
        }, 
        {
            "annotations": [
                {
                    "begin": 2841, 
                    "end": 2847, 
                    "score": 0.033852264285087585, 
                    "spot": "course"
                }
            ], 
            "wiki_id": 393585, 
            "wiki_title": "Golf course"
        }, 
        {
            "annotations": [
                {
                    "begin": 377, 
                    "end": 382, 
                    "score": 0.0026860362850129604, 
                    "spot": "as if"
                }
            ], 
            "wiki_id": 520626, 
            "wiki_title": "Our Lady Peace"
        }, 
        {
            "annotations": [
                {
                    "begin": 3354, 
                    "end": 3361, 
                    "score": 0.009003099985420704, 
                    "spot": "Francis"
                }, 
                {
                    "begin": 4379, 
                    "end": 4386, 
                    "score": 0.08879359811544418, 
                    "spot": "Francis"
                }
            ], 
            "wiki_id": 11551, 
            "wiki_title": "Francis II, Holy Roman Emperor"
        }, 
        {
            "annotations": [
                {
                    "begin": 859, 
                    "end": 864, 
                    "score": 0.6633338332176208, 
                    "spot": "Seoul"
                }, 
                {
                    "begin": 859, 
                    "end": 877, 
                    "score": 0.5133509635925293, 
                    "spot": "Seoul, South Korea"
                }
            ], 
            "wiki_id": 19159283, 
            "wiki_title": "Seoul"
        }, 
        {
            "annotations": [
                {
                    "begin": 558, 
                    "end": 569, 
                    "score": 0.10601656883955002, 
                    "spot": "combination"
                }
            ], 
            "wiki_id": 1128895, 
            "wiki_title": "British Approved Name"
        }, 
        {
            "annotations": [
                {
                    "begin": 2520, 
                    "end": 2526, 
                    "score": 0.054503560066223145, 
                    "spot": "sports"
                }
            ], 
            "wiki_id": 464897, 
            "wiki_title": "Sports film"
        }, 
        {
            "annotations": [
                {
                    "begin": 1942, 
                    "end": 1950, 
                    "score": 0.07759072631597519, 
                    "spot": "comeback"
                }
            ], 
            "wiki_id": 1522195, 
            "wiki_title": "The Comeback (American football)"
        }, 
        {
            "annotations": [
                {
                    "begin": 3760, 
                    "end": 3767, 
                    "score": 0.1295243799686432, 
                    "spot": "Francis"
                }
            ], 
            "wiki_id": 171723, 
            "wiki_title": "Trevor Francis"
        }, 
        {
            "annotations": [
                {
                    "begin": 3512, 
                    "end": 3518, 
                    "score": 0.1158289685845375, 
                    "spot": "strong"
                }
            ], 
            "wiki_id": 25570052, 
            "wiki_title": "Harriet Williams Russell Strong"
        }, 
        {
            "annotations": [
                {
                    "begin": 4346, 
                    "end": 4362, 
                    "score": 0.078125, 
                    "spot": "running barefoot"
                }
            ], 
            "wiki_id": 6727252, 
            "wiki_title": "Barefoot running"
        }, 
        {
            "annotations": [
                {
                    "begin": 502, 
                    "end": 507, 
                    "score": 0.11367309838533401, 
                    "spot": "plain"
                }
            ], 
            "wiki_id": 1921649, 
            "wiki_title": "The Plain"
        }, 
        {
            "annotations": [
                {
                    "begin": 1339, 
                    "end": 1346, 
                    "score": 0.1764824539422989, 
                    "spot": "dollars"
                }, 
                {
                    "begin": 3395, 
                    "end": 3397, 
                    "score": 0.09047766029834747, 
                    "spot": "us"
                }
            ], 
            "wiki_id": 18717338, 
            "wiki_title": "United States dollar"
        }, 
        {
            "annotations": [
                {
                    "begin": 330, 
                    "end": 338, 
                    "score": 0.366502970457077, 
                    "spot": "steroids"
                }, 
                {
                    "begin": 550, 
                    "end": 557, 
                    "score": 0.3414772152900696, 
                    "spot": "steroid"
                }
            ], 
            "wiki_id": 141922, 
            "wiki_title": "Steroid"
        }, 
        {
            "annotations": [
                {
                    "begin": 2791, 
                    "end": 2802, 
                    "score": 0.0806349366903305, 
                    "spot": "independent"
                }
            ], 
            "wiki_id": 885498, 
            "wiki_title": "Independent circuit"
        }, 
        {
            "annotations": [
                {
                    "begin": 2909, 
                    "end": 2917, 
                    "score": 0.0033693949226289988, 
                    "spot": "theories"
                }
            ], 
            "wiki_id": 5530, 
            "wiki_title": "Conspiracy theory"
        }, 
        {
            "annotations": [
                {
                    "begin": 51, 
                    "end": 61, 
                    "score": 0.0681433230638504, 
                    "spot": "testifying"
                }, 
                {
                    "begin": 1616, 
                    "end": 1623, 
                    "score": 0.18269281089305878, 
                    "spot": "testify"
                }, 
                {
                    "begin": 1645, 
                    "end": 1654, 
                    "score": 0.17874032258987427, 
                    "spot": "testimony"
                }
            ], 
            "wiki_id": 75696, 
            "wiki_title": "Testimony"
        }, 
        {
            "annotations": [
                {
                    "begin": 4600, 
                    "end": 4603, 
                    "score": 0.01773049682378769, 
                    "spot": "Isn"
                }
            ], 
            "wiki_id": 11840412, 
            "wiki_title": "Internment Serial Number"
        }, 
        {
            "annotations": [
                {
                    "begin": 212, 
                    "end": 224, 
                    "score": 0.3391014337539673, 
                    "spot": "Frankenstein"
                }
            ], 
            "wiki_id": 18580673, 
            "wiki_title": "Frankenstein"
        }, 
        {
            "annotations": [
                {
                    "begin": 34, 
                    "end": 49, 
                    "score": 0.1875, 
                    "spot": "CHARLIE Francis"
                }
            ], 
            "wiki_id": 1423501, 
            "wiki_title": "Charlie Francis"
        }, 
        {
            "annotations": [
                {
                    "begin": 650, 
                    "end": 660, 
                    "score": 0.04020565003156662, 
                    "spot": "His system"
                }
            ], 
            "wiki_id": 4067735, 
            "wiki_title": "Takhtajan system"
        }, 
        {
            "annotations": [
                {
                    "begin": 2134, 
                    "end": 2139, 
                    "score": 0.0803995281457901, 
                    "spot": "speed"
                }
            ], 
            "wiki_id": 2504, 
            "wiki_title": "Amphetamine"
        }, 
        {
            "annotations": [
                {
                    "begin": 2111, 
                    "end": 2117, 
                    "score": 0.04394974187016487, 
                    "spot": "harder"
                }
            ], 
            "wiki_id": 3588836, 
            "wiki_title": "Hardness"
        }, 
        {
            "annotations": [
                {
                    "begin": 4415, 
                    "end": 4424, 
                    "score": 0.07032517343759537, 
                    "spot": "challenge"
                }
            ], 
            "wiki_id": 946966, 
            "wiki_title": "Challenge (TV channel)"
        }, 
        {
            "annotations": [
                {
                    "begin": 1347, 
                    "end": 1352, 
                    "score": 0.07293731719255447, 
                    "spot": "worth"
                }
            ], 
            "wiki_id": 405981, 
            "wiki_title": "Net worth"
        }, 
        {
            "annotations": [
                {
                    "begin": 1415, 
                    "end": 1424, 
                    "score": 0.07641514390707016, 
                    "spot": "his world"
                }
            ], 
            "wiki_id": 2685664, 
            "wiki_title": "Sonic the Hedgehog (2006 video game)"
        }, 
        {
            "annotations": [
                {
                    "begin": 4282, 
                    "end": 4287, 
                    "score": 0.07877320796251297, 
                    "spot": "naive"
                }
            ], 
            "wiki_id": 775, 
            "wiki_title": "Algorithm"
        }, 
        {
            "annotations": [
                {
                    "begin": 4659, 
                    "end": 4671, 
                    "score": 0.014534884132444859, 
                    "spot": "things we do"
                }
            ], 
            "wiki_id": 18383509, 
            "wiki_title": "Things We Do"
        }, 
        {
            "annotations": [
                {
                    "begin": 928, 
                    "end": 938, 
                    "score": 0.14864259958267212, 
                    "spot": "gold medal"
                }, 
                {
                    "begin": 1387, 
                    "end": 1397, 
                    "score": 0.036185890436172485, 
                    "spot": "gold medal"
                }
            ], 
            "wiki_id": 526488, 
            "wiki_title": "Gold medal"
        }, 
        {
            "annotations": [
                {
                    "begin": 3167, 
                    "end": 3171, 
                    "score": 0.13318152725696564, 
                    "spot": "test"
                }
            ], 
            "wiki_id": 30284, 
            "wiki_title": "Statistical hypothesis testing"
        }, 
        {
            "annotations": [
                {
                    "begin": 4459, 
                    "end": 4467, 
                    "score": 0.0038284838665276766, 
                    "spot": "artifice"
                }
            ], 
            "wiki_id": 4191338, 
            "wiki_title": "Artifice"
        }, 
        {
            "annotations": [
                {
                    "begin": 3998, 
                    "end": 4007, 
                    "score": 0.0007466401439160109, 
                    "spot": "disagrees"
                }
            ], 
            "wiki_id": 7283, 
            "wiki_title": "Controversy"
        }, 
        {
            "annotations": [
                {
                    "begin": 973, 
                    "end": 976, 
                    "score": 0.09377487748861313, 
                    "spot": "U.S"
                }
            ], 
            "wiki_id": 3434750, 
            "wiki_title": "United States"
        }, 
        {
            "annotations": [
                {
                    "begin": 182, 
                    "end": 191, 
                    "score": 0.1316092610359192, 
                    "spot": "something"
                }
            ], 
            "wiki_id": 91420, 
            "wiki_title": "Existential quantification"
        }, 
        {
            "annotations": [
                {
                    "begin": 4021, 
                    "end": 4024, 
                    "score": 0.0017393865855410695, 
                    "spot": "end"
                }
            ], 
            "wiki_id": 492476, 
            "wiki_title": "Wide receiver"
        }, 
        {
            "annotations": [
                {
                    "begin": 3420, 
                    "end": 3427, 
                    "score": 0.010302775539457798, 
                    "spot": "rampant"
                }
            ], 
            "wiki_id": 49133, 
            "wiki_title": "Marathon Trilogy"
        }, 
        {
            "annotations": [
                {
                    "begin": 3224, 
                    "end": 3235, 
                    "score": 0.11032652109861374, 
                    "spot": "team doctor"
                }
            ], 
            "wiki_id": 25602590, 
            "wiki_title": "Team physician"
        }, 
        {
            "annotations": [
                {
                    "begin": 1263, 
                    "end": 1270, 
                    "score": 0.3841229975223541, 
                    "spot": "illegal"
                }
            ], 
            "wiki_id": 51036, 
            "wiki_title": "Prohibition of drugs"
        }, 
        {
            "annotations": [
                {
                    "begin": 2891, 
                    "end": 2896, 
                    "score": 0.00950570311397314, 
                    "spot": "s one"
                }
            ], 
            "wiki_id": 2829185, 
            "wiki_title": "Kudowa-Zdr\u00f3j"
        }, 
        {
            "annotations": [
                {
                    "begin": 515, 
                    "end": 519, 
                    "score": 0.02806100994348526, 
                    "spot": "oath"
                }
            ], 
            "wiki_id": 273418, 
            "wiki_title": "Oath"
        }, 
        {
            "annotations": [
                {
                    "begin": 4877, 
                    "end": 4885, 
                    "score": 0.015741508454084396, 
                    "spot": "worth it"
                }
            ], 
            "wiki_id": 45145928, 
            "wiki_title": "Worth It (Fifth Harmony song)"
        }, 
        {
            "annotations": [
                {
                    "begin": 1478, 
                    "end": 1487, 
                    "score": 0.022223645821213722, 
                    "spot": "Canadians"
                }
            ], 
            "wiki_id": 1880843, 
            "wiki_title": "Canada national cricket team"
        }, 
        {
            "annotations": [
                {
                    "begin": 1466, 
                    "end": 1472, 
                    "score": 0.002020202111452818, 
                    "spot": "caught"
                }
            ], 
            "wiki_id": 1459316, 
            "wiki_title": "Lobster fishing"
        }, 
        {
            "annotations": [
                {
                    "begin": 1880, 
                    "end": 1888, 
                    "score": 0.08399498462677002, 
                    "spot": "steroids"
                }
            ], 
            "wiki_id": 57996, 
            "wiki_title": "Corticosteroid"
        }, 
        {
            "annotations": [
                {
                    "begin": 2829, 
                    "end": 2836, 
                    "score": 0.18590094149112701, 
                    "spot": "illicit"
                }
            ], 
            "wiki_id": 218449, 
            "wiki_title": "Illegal drug trade"
        }, 
        {
            "annotations": [
                {
                    "begin": 1150, 
                    "end": 1162, 
                    "score": 0.058477070182561874, 
                    "spot": "confessional"
                }
            ], 
            "wiki_id": 577474, 
            "wiki_title": "Confessional"
        }, 
        {
            "annotations": [
                {
                    "begin": 2411, 
                    "end": 2430, 
                    "score": 0.02362949028611183, 
                    "spot": "level playing field"
                }
            ], 
            "wiki_id": 8446577, 
            "wiki_title": "Level playing field"
        }, 
        {
            "annotations": [
                {
                    "begin": 1906, 
                    "end": 1914, 
                    "score": 0.010145166888833046, 
                    "spot": "argument"
                }
            ], 
            "wiki_id": 13018310, 
            "wiki_title": "Argument"
        }, 
        {
            "annotations": [
                {
                    "begin": 4484, 
                    "end": 4489, 
                    "score": 0.03245127946138382, 
                    "spot": "leave"
                }
            ], 
            "wiki_id": 507071, 
            "wiki_title": "Leave of absence"
        }, 
        {
            "annotations": [
                {
                    "begin": 4641, 
                    "end": 4648, 
                    "score": 0.2632087767124176, 
                    "spot": "ask why"
                }
            ], 
            "wiki_id": 10166, 
            "wiki_title": "Enron"
        }, 
        {
            "annotations": [
                {
                    "begin": 654, 
                    "end": 660, 
                    "score": 0.053724318742752075, 
                    "spot": "system"
                }
            ], 
            "wiki_id": 7878457, 
            "wiki_title": "Computer"
        }, 
        {
            "annotations": [
                {
                    "begin": 4771, 
                    "end": 4774, 
                    "score": 0.0024755001068115234, 
                    "spot": "run"
                }
            ], 
            "wiki_id": 43939095, 
            "wiki_title": "Run (Nicole Scherzinger song)"
        }, 
        {
            "annotations": [
                {
                    "begin": 1234, 
                    "end": 1237, 
                    "score": 0.04368918389081955, 
                    "spot": "man"
                }
            ], 
            "wiki_id": 682482, 
            "wiki_title": "Human"
        }, 
        {
            "annotations": [
                {
                    "begin": 813, 
                    "end": 823, 
                    "score": 0.29063332080841064, 
                    "spot": "100 meters"
                }
            ], 
            "wiki_id": 1231316, 
            "wiki_title": "100 metres"
        }, 
        {
            "annotations": [
                {
                    "begin": 2547, 
                    "end": 2554, 
                    "score": 0.4179837703704834, 
                    "spot": "arsenic"
                }
            ], 
            "wiki_id": 897, 
            "wiki_title": "Arsenic"
        }, 
        {
            "annotations": [
                {
                    "begin": 636, 
                    "end": 644, 
                    "score": 0.04175518453121185, 
                    "spot": "analyzed"
                }
            ], 
            "wiki_id": 23585, 
            "wiki_title": "Psychoanalysis"
        }, 
        {
            "annotations": [
                {
                    "begin": 1165, 
                    "end": 1175, 
                    "score": 0.20000000298023224, 
                    "spot": "Speed Trap"
                }, 
                {
                    "begin": 1665, 
                    "end": 1675, 
                    "score": 0.20000000298023224, 
                    "spot": "Speed Trap"
                }, 
                {
                    "begin": 3341, 
                    "end": 3351, 
                    "score": 0.20000000298023224, 
                    "spot": "Speed\nTrap"
                }, 
                {
                    "begin": 4029, 
                    "end": 4039, 
                    "score": 0.20000000298023224, 
                    "spot": "Speed Trap"
                }, 
                {
                    "begin": 4521, 
                    "end": 4531, 
                    "score": 0.20000000298023224, 
                    "spot": "Speed Trap"
                }
            ], 
            "wiki_id": 27104735, 
            "wiki_title": "Speed limit enforcement"
        }, 
        {
            "annotations": [
                {
                    "begin": 3594, 
                    "end": 3601, 
                    "score": 0.12020968645811081, 
                    "spot": "passion"
                }
            ], 
            "wiki_id": 150302, 
            "wiki_title": "Passion (Christianity)"
        }, 
        {
            "annotations": [
                {
                    "begin": 2, 
                    "end": 12, 
                    "score": 0.05069056898355484, 
                    "spot": "St. Martin"
                }
            ], 
            "wiki_id": 140409, 
            "wiki_title": "Saint Martin"
        }, 
        {
            "annotations": [
                {
                    "begin": 916, 
                    "end": 923, 
                    "score": 0.2666931748390198, 
                    "spot": "Johnson"
                }, 
                {
                    "begin": 1923, 
                    "end": 1930, 
                    "score": 0.16506195068359375, 
                    "spot": "Johnson"
                }, 
                {
                    "begin": 3958, 
                    "end": 3965, 
                    "score": 0.10510529577732086, 
                    "spot": "Johnson"
                }
            ], 
            "wiki_id": 36753, 
            "wiki_title": "Magic Johnson"
        }, 
        {
            "annotations": [
                {
                    "begin": 4497, 
                    "end": 4509, 
                    "score": 0.047632575035095215, 
                    "spot": "philosophers"
                }, 
                {
                    "begin": 4588, 
                    "end": 4598, 
                    "score": 0.15476728975772858, 
                    "spot": "philosophy"
                }
            ], 
            "wiki_id": 13692155, 
            "wiki_title": "Philosophy"
        }, 
        {
            "annotations": [
                {
                    "begin": 1092, 
                    "end": 1107, 
                    "score": 0.003546099178493023, 
                    "spot": "greatest moment"
                }
            ], 
            "wiki_id": 21757262, 
            "wiki_title": "1978 American League East tie-breaker game"
        }, 
        {
            "annotations": [
                {
                    "begin": 4757, 
                    "end": 4763, 
                    "score": 0.1136525422334671, 
                    "spot": "gifted"
                }
            ], 
            "wiki_id": 47769616, 
            "wiki_title": "Gifted (film)"
        }, 
        {
            "annotations": [
                {
                    "begin": 2900, 
                    "end": 2907, 
                    "score": 0.009003099985420704, 
                    "spot": "Francis"
                }, 
                {
                    "begin": 3126, 
                    "end": 3133, 
                    "score": 0.09509501606225967, 
                    "spot": "Francis"
                }
            ], 
            "wiki_id": 636350, 
            "wiki_title": "Francis Darwin"
        }, 
        {
            "annotations": [
                {
                    "begin": 3504, 
                    "end": 3509, 
                    "score": 0.14028842747211456, 
                    "spot": "lacks"
                }, 
                {
                    "begin": 3588, 
                    "end": 3593, 
                    "score": 0.02631578966975212, 
                    "spot": "lacks"
                }
            ], 
            "wiki_id": 324812, 
            "wiki_title": "Henrietta Lacks"
        }, 
        {
            "annotations": [
                {
                    "begin": 239, 
                    "end": 256, 
                    "score": 0.21566614508628845, 
                    "spot": "Canadian national"
                }
            ], 
            "wiki_id": 260799, 
            "wiki_title": "Canadian National Railway"
        }, 
        {
            "annotations": [
                {
                    "begin": 119, 
                    "end": 146, 
                    "score": 0.685970664024353, 
                    "spot": "performance-enhancing drugs"
                }, 
                {
                    "begin": 141, 
                    "end": 156, 
                    "score": 0.20000000298023224, 
                    "spot": "drugs in sports"
                }, 
                {
                    "begin": 1243, 
                    "end": 1258, 
                    "score": 0.220684215426445, 
                    "spot": "tested positive"
                }, 
                {
                    "begin": 4086, 
                    "end": 4092, 
                    "score": 0.12024745345115662, 
                    "spot": "banned"
                }
            ], 
            "wiki_id": 860860, 
            "wiki_title": "Doping in sport"
        }, 
        {
            "annotations": [
                {
                    "begin": 624, 
                    "end": 631, 
                    "score": 0.00762238260358572, 
                    "spot": "charted"
                }
            ], 
            "wiki_id": 1795886, 
            "wiki_title": "Record chart"
        }, 
        {
            "annotations": [
                {
                    "begin": 293, 
                    "end": 298, 
                    "score": 0.07775771617889404, 
                    "spot": "names"
                }
            ], 
            "wiki_id": 144869, 
            "wiki_title": "Toponymy"
        }, 
        {
            "annotations": [
                {
                    "begin": 1320, 
                    "end": 1325, 
                    "score": 0.07056757807731628, 
                    "spot": "cheat"
                }
            ], 
            "wiki_id": 73395, 
            "wiki_title": "The Cheat (1915 film)"
        }, 
        {
            "annotations": [
                {
                    "begin": 586, 
                    "end": 597, 
                    "score": 0.08499300479888916, 
                    "spot": "experiments"
                }
            ], 
            "wiki_id": 59861, 
            "wiki_title": "Experiment"
        }, 
        {
            "annotations": [
                {
                    "begin": 3722, 
                    "end": 3734, 
                    "score": 0.5, 
                    "spot": "ban, Johnson"
                }
            ], 
            "wiki_id": 1477450, 
            "wiki_title": "Ban Johnson"
        }, 
        {
            "annotations": [
                {
                    "begin": 4775, 
                    "end": 4785, 
                    "score": 0.0036616623401641846, 
                    "spot": "as fast as"
                }
            ], 
            "wiki_id": 2092607, 
            "wiki_title": "As Fast As"
        }, 
        {
            "annotations": [
                {
                    "begin": 3293, 
                    "end": 3300, 
                    "score": 0.0010012272978201509, 
                    "spot": "answers"
                }
            ], 
            "wiki_id": 642, 
            "wiki_title": "Answer"
        }, 
        {
            "annotations": [
                {
                    "begin": 4649, 
                    "end": 4651, 
                    "score": 0.0011683235643431544, 
                    "spot": "we"
                }
            ], 
            "wiki_id": 5161598, 
            "wiki_title": "We (kana)"
        }, 
        {
            "annotations": [
                {
                    "begin": 86, 
                    "end": 93, 
                    "score": 0.08526080846786499, 
                    "spot": "federal"
                }, 
                {
                    "begin": 1554, 
                    "end": 1561, 
                    "score": 0.06743824481964111, 
                    "spot": "federal"
                }
            ], 
            "wiki_id": 616255, 
            "wiki_title": "Government of Canada"
        }, 
        {
            "annotations": [
                {
                    "begin": 894, 
                    "end": 906, 
                    "score": 0.18098312616348267, 
                    "spot": "world record"
                }, 
                {
                    "begin": 1419, 
                    "end": 1431, 
                    "score": 0.07280638068914413, 
                    "spot": "world record"
                }
            ], 
            "wiki_id": 100796, 
            "wiki_title": "Guinness World Records"
        }, 
        {
            "annotations": [
                {
                    "begin": 342, 
                    "end": 351, 
                    "score": 0.925391674041748, 
                    "spot": "furazabol"
                }
            ], 
            "wiki_id": 6170515, 
            "wiki_title": "Furazabol"
        }, 
        {
            "annotations": [
                {
                    "begin": 3255, 
                    "end": 3260, 
                    "score": 0.08940140157938004, 
                    "spot": "clear"
                }
            ], 
            "wiki_id": 346814, 
            "wiki_title": "Tetrahydrogestrinone"
        }, 
        {
            "annotations": [
                {
                    "begin": 4129, 
                    "end": 4132, 
                    "score": 0.03466702252626419, 
                    "spot": "can"
                }
            ], 
            "wiki_id": 198153, 
            "wiki_title": "Canning"
        }, 
        {
            "annotations": [
                {
                    "begin": 4246, 
                    "end": 4253, 
                    "score": 0.06245371699333191, 
                    "spot": "running"
                }
            ], 
            "wiki_id": 6141958, 
            "wiki_title": "Running (No Doubt song)"
        }, 
        {
            "annotations": [
                {
                    "begin": 4306, 
                    "end": 4313, 
                    "score": 0.07230649888515472, 
                    "spot": "natural"
                }
            ], 
            "wiki_id": 21830, 
            "wiki_title": "Nature"
        }, 
        {
            "annotations": [
                {
                    "begin": 2809, 
                    "end": 2817, 
                    "score": 0.0008278145687654614, 
                    "spot": "official"
                }
            ], 
            "wiki_id": 321702, 
            "wiki_title": "Workers' Party of Ireland"
        }, 
        {
            "annotations": [
                {
                    "begin": 748, 
                    "end": 758, 
                    "score": 0.1190168634057045, 
                    "spot": "immigrated"
                }
            ], 
            "wiki_id": 4599312, 
            "wiki_title": "Immigration"
        }, 
        {
            "annotations": [
                {
                    "begin": 1271, 
                    "end": 1278, 
                    "score": 0.39098045229911804, 
                    "spot": "steroid"
                }, 
                {
                    "begin": 2017, 
                    "end": 2025, 
                    "score": 0.144192636013031, 
                    "spot": "Steroids"
                }, 
                {
                    "begin": 2227, 
                    "end": 2235, 
                    "score": 0.1597749888896942, 
                    "spot": "steroids"
                }, 
                {
                    "begin": 2306, 
                    "end": 2314, 
                    "score": 0.1853373646736145, 
                    "spot": "steroids"
                }, 
                {
                    "begin": 2768, 
                    "end": 2776, 
                    "score": 0.2170134037733078, 
                    "spot": "steroids"
                }, 
                {
                    "begin": 3403, 
                    "end": 3410, 
                    "score": 0.2903939485549927, 
                    "spot": "steroid"
                }, 
                {
                    "begin": 3948, 
                    "end": 3956, 
                    "score": 0.12420858442783356, 
                    "spot": "steroids"
                }, 
                {
                    "begin": 4060, 
                    "end": 4068, 
                    "score": 0.3597411811351776, 
                    "spot": "steroids"
                }
            ], 
            "wiki_id": 19218324, 
            "wiki_title": "Anabolic steroid"
        }, 
        {
            "annotations": [
                {
                    "begin": 2105, 
                    "end": 2110, 
                    "score": 0.05831677094101906, 
                    "spot": "train"
                }
            ], 
            "wiki_id": 30598, 
            "wiki_title": "Train"
        }, 
        {
            "annotations": [
                {
                    "begin": 2358, 
                    "end": 2365, 
                    "score": 0.07813642174005508, 
                    "spot": "Francis"
                }
            ], 
            "wiki_id": 285525, 
            "wiki_title": "Francis, Duke of Teck"
        }, 
        {
            "annotations": [
                {
                    "begin": 3073, 
                    "end": 3079, 
                    "score": 0.0029529293533414602, 
                    "spot": "No one"
                }
            ], 
            "wiki_id": 12960591, 
            "wiki_title": "No One (Alicia Keys song)"
        }, 
        {
            "annotations": [
                {
                    "begin": 4580, 
                    "end": 4584, 
                    "score": 0.03887138143181801, 
                    "spot": "hand"
                }
            ], 
            "wiki_id": 53682, 
            "wiki_title": "Calligraphy"
        }, 
        {
            "annotations": [
                {
                    "begin": 4871, 
                    "end": 4876, 
                    "score": 0.006655573844909668, 
                    "spot": "Is it"
                }
            ], 
            "wiki_id": 35814489, 
            "wiki_title": "Is It In"
        }, 
        {
            "annotations": [
                {
                    "begin": 2123, 
                    "end": 2129, 
                    "score": 0.07989577203989029, 
                    "spot": "desire"
                }
            ], 
            "wiki_id": 232495, 
            "wiki_title": "Motivation"
        }, 
        {
            "annotations": [
                {
                    "begin": 73, 
                    "end": 80, 
                    "score": 0.29394853115081787, 
                    "spot": "Toronto"
                }, 
                {
                    "begin": 762, 
                    "end": 769, 
                    "score": 0.32627466320991516, 
                    "spot": "Toronto"
                }
            ], 
            "wiki_id": 64646, 
            "wiki_title": "Toronto"
        }, 
        {
            "annotations": [
                {
                    "begin": 2059, 
                    "end": 2066, 
                    "score": 0.009003099985420704, 
                    "spot": "Francis"
                }, 
                {
                    "begin": 2243, 
                    "end": 2250, 
                    "score": 0.07095715403556824, 
                    "spot": "Francis"
                }
            ], 
            "wiki_id": 167051, 
            "wiki_title": "Connie Francis"
        }, 
        {
            "annotations": [
                {
                    "begin": 1402, 
                    "end": 1409, 
                    "score": 0.04656793549656868, 
                    "spot": "revoked"
                }
            ], 
            "wiki_id": 296365, 
            "wiki_title": "Revocation list"
        }, 
        {
            "annotations": [
                {
                    "begin": 303, 
                    "end": 310, 
                    "score": 0.07094943523406982, 
                    "spot": "complex"
                }
            ], 
            "wiki_id": 7304, 
            "wiki_title": "Coordination complex"
        }, 
        {
            "annotations": [
                {
                    "begin": 4746, 
                    "end": 4750, 
                    "score": 0.09715311229228973, 
                    "spot": "help"
                }
            ], 
            "wiki_id": 29454281, 
            "wiki_title": "The Help (film)"
        }, 
        {
            "annotations": [
                {
                    "begin": 4371, 
                    "end": 4376, 
                    "score": 0.13247869908809662, 
                    "spot": "paths"
                }
            ], 
            "wiki_id": 66728, 
            "wiki_title": "Trail"
        }, 
        {
            "annotations": [
                {
                    "begin": 4808, 
                    "end": 4811, 
                    "score": 0.0015457812696695328, 
                    "spot": "ran"
                }
            ], 
            "wiki_id": 75984, 
            "wiki_title": "Ran (film)"
        }, 
        {
            "annotations": [
                {
                    "begin": 2040, 
                    "end": 2046, 
                    "score": 0.1367136687040329, 
                    "spot": "runner"
                }
            ], 
            "wiki_id": 5575122, 
            "wiki_title": "Runner (comics)"
        }, 
        {
            "annotations": [
                {
                    "begin": 2724, 
                    "end": 2735, 
                    "score": 0.006704410072416067, 
                    "spot": "finish line"
                }
            ], 
            "wiki_id": 3777593, 
            "wiki_title": "Finish Line, Inc."
        }, 
        {
            "annotations": [
                {
                    "begin": 2439, 
                    "end": 2444, 
                    "score": 0.000624253589194268, 
                    "spot": "learn"
                }, 
                {
                    "begin": 2619, 
                    "end": 2624, 
                    "score": 0.000624253589194268, 
                    "spot": "learn"
                }, 
                {
                    "begin": 2740, 
                    "end": 2745, 
                    "score": 0.09494443237781525, 
                    "spot": "learn"
                }
            ], 
            "wiki_id": 233488, 
            "wiki_title": "Machine learning"
        }, 
        {
            "annotations": [
                {
                    "begin": 2186, 
                    "end": 2190, 
                    "score": 0.08415252715349197, 
                    "spot": "trap"
                }
            ], 
            "wiki_id": 1301141, 
            "wiki_title": "Trap shooting"
        }, 
        {
            "annotations": [
                {
                    "begin": 4314, 
                    "end": 4322, 
                    "score": 0.12015503644943237, 
                    "spot": "ages ago"
                }
            ], 
            "wiki_id": 7009361, 
            "wiki_title": "Ages Ago"
        }, 
        {
            "annotations": [
                {
                    "begin": 2849, 
                    "end": 2856, 
                    "score": 0.055165935307741165, 
                    "spot": "program"
                }
            ], 
            "wiki_id": 5311, 
            "wiki_title": "Computer programming"
        }, 
        {
            "annotations": [
                {
                    "begin": 2981, 
                    "end": 2988, 
                    "score": 0.1290726661682129, 
                    "spot": "logical"
                }
            ], 
            "wiki_id": 46426065, 
            "wiki_title": "Logic"
        }, 
        {
            "annotations": [
                {
                    "begin": 1070, 
                    "end": 1075, 
                    "score": 0.13864098489284515, 
                    "spot": "hours"
                }
            ], 
            "wiki_id": 3326435, 
            "wiki_title": "The Hours (film)"
        }, 
        {
            "annotations": [
                {
                    "begin": 3285, 
                    "end": 3291, 
                    "score": 0.03801652789115906, 
                    "spot": "candor"
                }
            ], 
            "wiki_id": 128050, 
            "wiki_title": "Candor, North Carolina"
        }, 
        {
            "annotations": [
                {
                    "begin": 687, 
                    "end": 691, 
                    "score": 0.08383581042289734, 
                    "spot": "Sept"
                }
            ], 
            "wiki_id": 336650, 
            "wiki_title": "Sept"
        }, 
        {
            "annotations": [
                {
                    "begin": 3528, 
                    "end": 3549, 
                    "score": 0.16138248145580292, 
                    "spot": "character development"
                }
            ], 
            "wiki_id": 215107, 
            "wiki_title": "Experience point"
        }, 
        {
            "annotations": [
                {
                    "begin": 1735, 
                    "end": 1742, 
                    "score": 0.10735505819320679, 
                    "spot": "history"
                }
            ], 
            "wiki_id": 10772350, 
            "wiki_title": "History"
        }, 
        {
            "annotations": [
                {
                    "begin": 1454, 
                    "end": 1461, 
                    "score": 0.04478489235043526, 
                    "spot": "Johnson"
                }
            ], 
            "wiki_id": 9449449, 
            "wiki_title": "Johnson (electoral district)"
        }, 
        {
            "annotations": [
                {
                    "begin": 2095, 
                    "end": 2101, 
                    "score": 0.16791337728500366, 
                    "spot": "runner"
                }
            ], 
            "wiki_id": 53601, 
            "wiki_title": "Casting (metalworking)"
        }, 
        {
            "annotations": [
                {
                    "begin": 4448, 
                    "end": 4454, 
                    "score": 0.0788058340549469, 
                    "spot": "nature"
                }
            ], 
            "wiki_id": 23943353, 
            "wiki_title": "Nature (TV series)"
        }, 
        {
            "annotations": [
                {
                    "begin": 408, 
                    "end": 414, 
                    "score": 0.05057553946971893, 
                    "spot": "family"
                }, 
                {
                    "begin": 470, 
                    "end": 476, 
                    "score": 0.02909783087670803, 
                    "spot": "family"
                }
            ], 
            "wiki_id": 10401954, 
            "wiki_title": "Family"
        }, 
        {
            "annotations": [
                {
                    "begin": 983, 
                    "end": 993, 
                    "score": 0.5, 
                    "spot": "Carl\nLewis"
                }
            ], 
            "wiki_id": 67127, 
            "wiki_title": "Carl Lewis"
        }, 
        {
            "annotations": [
                {
                    "begin": 3442, 
                    "end": 3444, 
                    "score": 0.0761381983757019, 
                    "spot": "us"
                }, 
                {
                    "begin": 3924, 
                    "end": 3926, 
                    "score": 0.02844390459358692, 
                    "spot": "us"
                }
            ], 
            "wiki_id": 730350, 
            "wiki_title": "Billboard 200"
        }, 
        {
            "annotations": [
                {
                    "begin": 1284, 
                    "end": 1292, 
                    "score": 0.003093478735536337, 
                    "spot": "Suddenly"
                }
            ], 
            "wiki_id": 1969461, 
            "wiki_title": "Odessa (Bee Gees album)"
        }, 
        {
            "annotations": [
                {
                    "begin": 3488, 
                    "end": 3493, 
                    "score": 0.09733358770608902, 
                    "spot": "sense"
                }, 
                {
                    "begin": 3519, 
                    "end": 3524, 
                    "score": 0.05270279198884964, 
                    "spot": "sense"
                }
            ], 
            "wiki_id": 23416874, 
            "wiki_title": "Sense"
        }, 
        {
            "annotations": [
                {
                    "begin": 2417, 
                    "end": 2430, 
                    "score": 0.03702615201473236, 
                    "spot": "playing field"
                }
            ], 
            "wiki_id": 5921341, 
            "wiki_title": "Pitch (sports field)"
        }, 
        {
            "annotations": [
                {
                    "begin": 2871, 
                    "end": 2883, 
                    "score": 0.08641126751899719, 
                    "spot": "free-lancing"
                }, 
                {
                    "begin": 3182, 
                    "end": 3194, 
                    "score": 0.07548382878303528, 
                    "spot": "free-lancing"
                }
            ], 
            "wiki_id": 484030, 
            "wiki_title": "Freelancer"
        }, 
        {
            "annotations": [
                {
                    "begin": 2666, 
                    "end": 2671, 
                    "score": 0.06403298676013947, 
                    "spot": "times"
                }
            ], 
            "wiki_id": 39127, 
            "wiki_title": "The Times"
        }, 
        {
            "annotations": [
                {
                    "begin": 2026, 
                    "end": 2028, 
                    "score": 0.0740170031785965, 
                    "spot": "do"
                }, 
                {
                    "begin": 2285, 
                    "end": 2287, 
                    "score": 0.04957984387874603, 
                    "spot": "do"
                }
            ], 
            "wiki_id": 14335899, 
            "wiki_title": "Doctor of Osteopathic Medicine"
        }, 
        {
            "annotations": [
                {
                    "begin": 953, 
                    "end": 971, 
                    "score": 0.1038314625620842, 
                    "spot": "defending champion"
                }
            ], 
            "wiki_id": 5166586, 
            "wiki_title": "2007 Wimbledon Championships"
        }, 
        {
            "annotations": [
                {
                    "begin": 4185, 
                    "end": 4192, 
                    "score": 0.2060854136943817, 
                    "spot": "dangers"
                }
            ], 
            "wiki_id": 24462958, 
            "wiki_title": "Risk"
        }, 
        {
            "annotations": [
                {
                    "begin": 612, 
                    "end": 622, 
                    "score": 0.10211056470870972, 
                    "spot": "calibrated"
                }
            ], 
            "wiki_id": 47502, 
            "wiki_title": "Calibration"
        }, 
        {
            "annotations": [
                {
                    "begin": 4404, 
                    "end": 4414, 
                    "score": 0.08529186993837357, 
                    "spot": "formidable"
                }
            ], 
            "wiki_id": 2137297, 
            "wiki_title": "French ship Formidable (1795)"
        }, 
        {
            "annotations": [
                {
                    "begin": 1542, 
                    "end": 1551, 
                    "score": 0.05608207359910011, 
                    "spot": "conducted"
                }
            ], 
            "wiki_id": 199162, 
            "wiki_title": "Conducting"
        }, 
        {
            "annotations": [
                {
                    "begin": 192, 
                    "end": 207, 
                    "score": 0.12608702480793, 
                    "spot": "on the order of"
                }
            ], 
            "wiki_id": 22657, 
            "wiki_title": "Order of magnitude"
        }, 
        {
            "annotations": [
                {
                    "begin": 2326, 
                    "end": 2331, 
                    "score": 0.1230875626206398, 
                    "spot": "coach"
                }, 
                {
                    "begin": 4693, 
                    "end": 4698, 
                    "score": 0.20082707703113556, 
                    "spot": "coach"
                }
            ], 
            "wiki_id": 143215, 
            "wiki_title": "Coaching"
        }, 
        {
            "annotations": [
                {
                    "begin": 2938, 
                    "end": 2944, 
                    "score": 0.002020202111452818, 
                    "spot": "caught"
                }, 
                {
                    "begin": 3021, 
                    "end": 3027, 
                    "score": 0.002020202111452818, 
                    "spot": "caught"
                }, 
                {
                    "begin": 3111, 
                    "end": 3117, 
                    "score": 0.002020202111452818, 
                    "spot": "caught"
                }
            ], 
            "wiki_id": 436699, 
            "wiki_title": "Catcher"
        }, 
        {
            "annotations": [
                {
                    "begin": 1721, 
                    "end": 1728, 
                    "score": 0.12230052798986435, 
                    "spot": "inquiry"
                }
            ], 
            "wiki_id": 3657365, 
            "wiki_title": "Inquiry"
        }, 
        {
            "annotations": [
                {
                    "begin": 454, 
                    "end": 459, 
                    "score": 0.0026860362850129604, 
                    "spot": "as if"
                }
            ], 
            "wiki_id": 1887579, 
            "wiki_title": "As If (UK TV series)"
        }, 
        {
            "annotations": [
                {
                    "begin": 3261, 
                    "end": 3267, 
                    "score": 0.0040701753459870815, 
                    "spot": "answer"
                }
            ], 
            "wiki_id": 1063385, 
            "wiki_title": "Phrases from The Hitchhiker's Guide to the Galaxy"
        }, 
        {
            "annotations": [
                {
                    "begin": 239, 
                    "end": 247, 
                    "score": 0.45473599433898926, 
                    "spot": "Canadian"
                }
            ], 
            "wiki_id": 1526892, 
            "wiki_title": "Canadian (train)"
        }, 
        {
            "annotations": [
                {
                    "begin": 1867, 
                    "end": 1870, 
                    "score": 0.1193537712097168, 
                    "spot": "you"
                }
            ], 
            "wiki_id": 464907, 
            "wiki_title": "You"
        }, 
        {
            "annotations": [
                {
                    "begin": 4541, 
                    "end": 4548, 
                    "score": 0.001954055856913328, 
                    "spot": "wishing"
                }
            ], 
            "wiki_id": 5367275, 
            "wiki_title": "Wishing (If I Had a Photograph of You)"
        }, 
        {
            "annotations": [
                {
                    "begin": 3638, 
                    "end": 3643, 
                    "score": 0.07877335697412491, 
                    "spot": "rules"
                }
            ], 
            "wiki_id": 895961, 
            "wiki_title": "Baseball rules"
        }, 
        {
            "annotations": [
                {
                    "begin": 4042, 
                    "end": 4049, 
                    "score": 0.11097255349159241, 
                    "spot": "Francis"
                }
            ], 
            "wiki_id": 2834960, 
            "wiki_title": "Francis A. Nixon"
        }, 
        {
            "annotations": [
                {
                    "begin": 3789, 
                    "end": 3793, 
                    "score": 0.03700559586286545, 
                    "spot": "word"
                }
            ], 
            "wiki_id": 5423521, 
            "wiki_title": "Logos (Christianity)"
        }, 
        {
            "annotations": [
                {
                    "begin": 1327, 
                    "end": 1335, 
                    "score": 0.15730586647987366, 
                    "spot": "Millions"
                }
            ], 
            "wiki_id": 1045999, 
            "wiki_title": "Million"
        }, 
        {
            "annotations": [
                {
                    "begin": 4818, 
                    "end": 4827, 
                    "score": 0.003087478457018733, 
                    "spot": "all right"
                }
            ], 
            "wiki_id": 31736164, 
            "wiki_title": "All Right"
        }, 
        {
            "annotations": [
                {
                    "begin": 3093, 
                    "end": 3101, 
                    "score": 0.0023897599894553423, 
                    "spot": "standing"
                }
            ], 
            "wiki_id": 49307, 
            "wiki_title": "Standing (law)"
        }, 
        {
            "annotations": [
                {
                    "begin": 353, 
                    "end": 363, 
                    "score": 0.8064860105514526, 
                    "spot": "stanozolol"
                }
            ], 
            "wiki_id": 775005, 
            "wiki_title": "Stanozolol"
        }, 
        {
            "annotations": [
                {
                    "begin": 1379, 
                    "end": 1381, 
                    "score": 0.08721945434808731, 
                    "spot": "up"
                }, 
                {
                    "begin": 2352, 
                    "end": 2354, 
                    "score": 0.025265276432037354, 
                    "spot": "up"
                }
            ], 
            "wiki_id": 42317, 
            "wiki_title": "United Press International"
        }, 
        {
            "annotations": [
                {
                    "begin": 724, 
                    "end": 729, 
                    "score": 0.01334610115736723, 
                    "spot": "pupil"
                }
            ], 
            "wiki_id": 155526, 
            "wiki_title": "Student"
        }, 
        {
            "annotations": [
                {
                    "begin": 3464, 
                    "end": 3467, 
                    "score": 0.05404788628220558, 
                    "spot": "him"
                }, 
                {
                    "begin": 3656, 
                    "end": 3659, 
                    "score": 0.08036120980978012, 
                    "spot": "him"
                }
            ], 
            "wiki_id": 595284, 
            "wiki_title": "HIM (Finnish band)"
        }, 
        {
            "annotations": [
                {
                    "begin": 1871, 
                    "end": 1875, 
                    "score": 0.11812379211187363, 
                    "spot": "must"
                }
            ], 
            "wiki_id": 1178382, 
            "wiki_title": "English modal verbs"
        }, 
        {
            "annotations": [
                {
                    "begin": 1101, 
                    "end": 1107, 
                    "score": 0.015738418325781822, 
                    "spot": "moment"
                }
            ], 
            "wiki_id": 6018334, 
            "wiki_title": "Bending moment"
        }, 
        {
            "annotations": [
                {
                    "begin": 2275, 
                    "end": 2281, 
                    "score": 0.06620950251817703, 
                    "spot": "wanted"
                }
            ], 
            "wiki_id": 27876656, 
            "wiki_title": "The Wanted"
        }, 
        {
            "annotations": [
                {
                    "begin": 445, 
                    "end": 453, 
                    "score": 0.0057012541219592094, 
                    "spot": "athletes"
                }, 
                {
                    "begin": 2211, 
                    "end": 2219, 
                    "score": 0.1819140613079071, 
                    "spot": "athletes"
                }, 
                {
                    "begin": 2754, 
                    "end": 2762, 
                    "score": 0.08148126304149628, 
                    "spot": "athletes"
                }
            ], 
            "wiki_id": 154164, 
            "wiki_title": "Athlete"
        }, 
        {
            "annotations": [
                {
                    "begin": 2823, 
                    "end": 2828, 
                    "score": 0.05830604210495949, 
                    "spot": "still"
                }
            ], 
            "wiki_id": 98991, 
            "wiki_title": "Dogma (film)"
        }, 
        {
            "annotations": [
                {
                    "begin": 3927, 
                    "end": 3934, 
                    "score": 0.004414186347275972, 
                    "spot": "believe"
                }
            ], 
            "wiki_id": 27117128, 
            "wiki_title": "Shamu (SeaWorld show)"
        }, 
        {
            "annotations": [
                {
                    "begin": 4622, 
                    "end": 4636, 
                    "score": 0.08707161992788315, 
                    "spot": "responsibility"
                }
            ], 
            "wiki_id": 1159092, 
            "wiki_title": "Social responsibility"
        }, 
        {
            "annotations": [
                {
                    "begin": 4241, 
                    "end": 4245, 
                    "score": 0.0007135956548154354, 
                    "spot": "want"
                }
            ], 
            "wiki_id": 9741824, 
            "wiki_title": "Want To"
        }, 
        {
            "annotations": [
                {
                    "begin": 3305, 
                    "end": 3316, 
                    "score": 0.031501833349466324, 
                    "spot": "revelations"
                }
            ], 
            "wiki_id": 4535872, 
            "wiki_title": "Revelations (Audioslave album)"
        }, 
        {
            "annotations": [
                {
                    "begin": 2559, 
                    "end": 2566, 
                    "score": 0.666128396987915, 
                    "spot": "codeine"
                }
            ], 
            "wiki_id": 9716092, 
            "wiki_title": "Codeine"
        }, 
        {
            "annotations": [
                {
                    "begin": 2675, 
                    "end": 2682, 
                    "score": 0.0044593666680157185, 
                    "spot": "raising"
                }
            ], 
            "wiki_id": 22498, 
            "wiki_title": "Orbit"
        }, 
        {
            "annotations": [
                {
                    "begin": 1981, 
                    "end": 1990, 
                    "score": 0.6820274591445923, 
                    "spot": "Barcelona"
                }, 
                {
                    "begin": 1981, 
                    "end": 1997, 
                    "score": 0.40089869499206543, 
                    "spot": "Barcelona, Spain"
                }
            ], 
            "wiki_id": 4443, 
            "wiki_title": "Barcelona"
        }, 
        {
            "annotations": [
                {
                    "begin": 3371, 
                    "end": 3377, 
                    "score": 0.0012062956811860204, 
                    "spot": "naming"
                }
            ], 
            "wiki_id": 391896, 
            "wiki_title": "Nomenclature"
        }, 
        {
            "annotations": [
                {
                    "begin": 731, 
                    "end": 742, 
                    "score": 0.6316505074501038, 
                    "spot": "Ben Johnson"
                }
            ], 
            "wiki_id": 438651, 
            "wiki_title": "Ben Johnson (actor)"
        }, 
        {
            "annotations": [
                {
                    "begin": 744, 
                    "end": 747, 
                    "score": 0.09659487754106522, 
                    "spot": "who"
                }, 
                {
                    "begin": 4237, 
                    "end": 4240, 
                    "score": 0.002784243319183588, 
                    "spot": "who"
                }
            ], 
            "wiki_id": 36517, 
            "wiki_title": "The Who"
        }, 
        {
            "annotations": [
                {
                    "begin": 393, 
                    "end": 400, 
                    "score": 0.0009448592900298536, 
                    "spot": "members"
                }
            ], 
            "wiki_id": 1183846, 
            "wiki_title": "The Members"
        }, 
        {
            "annotations": [
                {
                    "begin": 199, 
                    "end": 204, 
                    "score": 0.061575837433338165, 
                    "spot": "order"
                }
            ], 
            "wiki_id": 61763, 
            "wiki_title": "Order (biology)"
        }, 
        {
            "annotations": [
                {
                    "begin": 1959, 
                    "end": 1977, 
                    "score": 0.33126935362815857, 
                    "spot": "1992 Olympic\nGames"
                }
            ], 
            "wiki_id": 82755, 
            "wiki_title": "1992 Summer Olympics"
        }, 
        {
            "annotations": [
                {
                    "begin": 2616, 
                    "end": 2618, 
                    "score": 0.0011683235643431544, 
                    "spot": "We"
                }
            ], 
            "wiki_id": 231184, 
            "wiki_title": "WE tv"
        }, 
        {
            "annotations": [
                {
                    "begin": 1787, 
                    "end": 1802, 
                    "score": 0.5558304786682129, 
                    "spot": "track and field"
                }, 
                {
                    "begin": 3738, 
                    "end": 3745, 
                    "score": 0.04263027012348175, 
                    "spot": "running"
                }
            ], 
            "wiki_id": 194904, 
            "wiki_title": "Track and field"
        }, 
        {
            "annotations": [
                {
                    "begin": 2140, 
                    "end": 2145, 
                    "score": 0.0008627463248558342, 
                    "spot": "comes"
                }
            ], 
            "wiki_id": 1721514, 
            "wiki_title": "Comes"
        }, 
        {
            "annotations": [
                {
                    "begin": 2751, 
                    "end": 2753, 
                    "score": 0.06396113336086273, 
                    "spot": "if"
                }
            ], 
            "wiki_id": 8882040, 
            "wiki_title": "International Forum Design"
        }, 
        {
            "annotations": [
                {
                    "begin": 847, 
                    "end": 855, 
                    "score": 0.22573992609977722, 
                    "spot": "Olympics"
                }, 
                {
                    "begin": 1218, 
                    "end": 1223, 
                    "score": 0.08646141737699509, 
                    "spot": "world"
                }, 
                {
                    "begin": 1304, 
                    "end": 1309, 
                    "score": 0.001244428800418973, 
                    "spot": "world"
                }, 
                {
                    "begin": 1964, 
                    "end": 1977, 
                    "score": 0.13198699057102203, 
                    "spot": "Olympic\nGames"
                }
            ], 
            "wiki_id": 22576, 
            "wiki_title": "Olympic Games"
        }, 
        {
            "annotations": [
                {
                    "begin": 20, 
                    "end": 22, 
                    "score": 0.0025660693645477295, 
                    "spot": "pp"
                }
            ], 
            "wiki_id": 1969007, 
            "wiki_title": "Percentage point"
        }, 
        {
            "annotations": [
                {
                    "begin": 2535, 
                    "end": 2542, 
                    "score": 0.3439185619354248, 
                    "spot": "cocaine"
                }
            ], 
            "wiki_id": 7701, 
            "wiki_title": "Cocaine"
        }, 
        {
            "annotations": [
                {
                    "begin": 4203, 
                    "end": 4214, 
                    "score": 0.09779222309589386, 
                    "spot": "exaggerated"
                }
            ], 
            "wiki_id": 11838661, 
            "wiki_title": "Exaggeration"
        }, 
        {
            "annotations": [
                {
                    "begin": 3083, 
                    "end": 3090, 
                    "score": 0.04478489235043526, 
                    "spot": "Johnson"
                }
            ], 
            "wiki_id": 2327783, 
            "wiki_title": "Johnson (composer)"
        }, 
        {
            "annotations": [
                {
                    "begin": 4230, 
                    "end": 4236, 
                    "score": 0.12352053076028824, 
                    "spot": "People"
                }, 
                {
                    "begin": 4764, 
                    "end": 4770, 
                    "score": 0.002633341820910573, 
                    "spot": "people"
                }
            ], 
            "wiki_id": 219599, 
            "wiki_title": "Person"
        }, 
        {
            "annotations": [
                {
                    "begin": 3378, 
                    "end": 3383, 
                    "score": 0.0679582953453064, 
                    "spot": "names"
                }
            ], 
            "wiki_id": 8087628, 
            "wiki_title": "Egypt"
        }, 
        {
            "annotations": [
                {
                    "begin": 2922, 
                    "end": 2925, 
                    "score": 0.0026988310273736715, 
                    "spot": "why"
                }
            ], 
            "wiki_id": 5972755, 
            "wiki_title": "Why (Frankie Avalon song)"
        }, 
        {
            "annotations": [
                {
                    "begin": 1778, 
                    "end": 1786, 
                    "score": 0.5, 
                    "spot": "world of"
                }, 
                {
                    "begin": 2511, 
                    "end": 2519, 
                    "score": 0.5, 
                    "spot": "world of"
                }
            ], 
            "wiki_id": 544984, 
            "wiki_title": "The World of Null-A"
        }, 
        {
            "annotations": [
                {
                    "begin": 2596, 
                    "end": 2614, 
                    "score": 0.46052491664886475, 
                    "spot": "1896 Olympic Games"
                }
            ], 
            "wiki_id": 48644, 
            "wiki_title": "1896 Summer Olympics"
        }, 
        {
            "annotations": [
                {
                    "begin": 832, 
                    "end": 839, 
                    "score": 0.10524638742208481, 
                    "spot": "seconds"
                }
            ], 
            "wiki_id": 26873, 
            "wiki_title": "Second"
        }, 
        {
            "annotations": [
                {
                    "begin": 3650, 
                    "end": 3655, 
                    "score": 0.07897470891475677, 
                    "spot": "drove"
                }
            ], 
            "wiki_id": 236469, 
            "wiki_title": "Run batted in"
        }, 
        {
            "annotations": [
                {
                    "begin": 3572, 
                    "end": 3577, 
                    "score": 0.011550678871572018, 
                    "spot": "moral"
                }
            ], 
            "wiki_id": 70174, 
            "wiki_title": "Moral"
        }, 
        {
            "annotations": [
                {
                    "begin": 4166, 
                    "end": 4170, 
                    "score": 0.11604539304971695, 
                    "spot": "work"
                }, 
                {
                    "begin": 4722, 
                    "end": 4725, 
                    "score": 0.1268651932477951, 
                    "spot": "job"
                }
            ], 
            "wiki_id": 314993, 
            "wiki_title": "Employment"
        }, 
        {
            "annotations": [
                {
                    "begin": 2051, 
                    "end": 2057, 
                    "score": 0.0017376195173710585, 
                    "spot": "faster"
                }
            ], 
            "wiki_id": 11439, 
            "wiki_title": "Faster-than-light"
        }, 
        {
            "annotations": [
                {
                    "begin": 4366, 
                    "end": 4370, 
                    "score": 0.15103931725025177, 
                    "spot": "dirt"
                }
            ], 
            "wiki_id": 2121307, 
            "wiki_title": "Dirt road"
        }, 
        {
            "annotations": [
                {
                    "begin": 2492, 
                    "end": 2503, 
                    "score": 0.00533617939800024, 
                    "spot": "nothing new"
                }
            ], 
            "wiki_id": 5357797, 
            "wiki_title": "Nothing New (EP)"
        }, 
        {
            "annotations": [
                {
                    "begin": 2687, 
                    "end": 2691, 
                    "score": 0.037830572575330734, 
                    "spot": "hand"
                }
            ], 
            "wiki_id": 5725629, 
            "wiki_title": "The Hand (film)"
        }, 
        {
            "annotations": [
                {
                    "begin": 687, 
                    "end": 695, 
                    "score": 0.007692307699471712, 
                    "spot": "Sept. 24"
                }
            ], 
            "wiki_id": 28202, 
            "wiki_title": null
        }, 
        {
            "annotations": [
                {
                    "begin": 4216, 
                    "end": 4223, 
                    "score": 0.08202274888753891, 
                    "spot": "Francis"
                }, 
                {
                    "begin": 4549, 
                    "end": 4556, 
                    "score": 0.047313667833805084, 
                    "spot": "Francis"
                }
            ], 
            "wiki_id": 1687680, 
            "wiki_title": "Pope Francis"
        }
    ]
}