{
    "tagme": [
        {
            "annotations": [
                {
                    "begin": 1475, 
                    "end": 1479, 
                    "score": 0.04829435423016548, 
                    "spot": "here"
                }
            ], 
            "wiki_id": 37958046, 
            "wiki_title": "1958 Syerston Avro Vulcan crash"
        }, 
        {
            "annotations": [
                {
                    "begin": 2938, 
                    "end": 2942, 
                    "score": 0.17809350788593292, 
                    "spot": "noon"
                }
            ], 
            "wiki_id": 209005, 
            "wiki_title": "Noon"
        }, 
        {
            "annotations": [
                {
                    "begin": 1974, 
                    "end": 1976, 
                    "score": 0.012069689109921455, 
                    "spot": "ll"
                }
            ], 
            "wiki_id": 58045, 
            "wiki_title": "LL parser"
        }, 
        {
            "annotations": [
                {
                    "begin": 1303, 
                    "end": 1307, 
                    "score": 0.304974228143692, 
                    "spot": "moon"
                }
            ], 
            "wiki_id": 19331, 
            "wiki_title": "Moon"
        }, 
        {
            "annotations": [
                {
                    "begin": 1728, 
                    "end": 1734, 
                    "score": 0.0021914131939411163, 
                    "spot": "flying"
                }
            ], 
            "wiki_id": 48682853, 
            "wiki_title": "Bracing (aeronautics)"
        }, 
        {
            "annotations": [
                {
                    "begin": 930, 
                    "end": 936, 
                    "score": 0.11190445721149445, 
                    "spot": "lenses"
                }
            ], 
            "wiki_id": 18320, 
            "wiki_title": "Lens (optics)"
        }, 
        {
            "annotations": [
                {
                    "begin": 633, 
                    "end": 640, 
                    "score": 0.32395559549331665, 
                    "spot": "Minolta"
                }
            ], 
            "wiki_id": 582766, 
            "wiki_title": "Minolta"
        }, 
        {
            "annotations": [
                {
                    "begin": 2357, 
                    "end": 2360, 
                    "score": 0.26612988114356995, 
                    "spot": "p.m"
                }
            ], 
            "wiki_id": 24772, 
            "wiki_title": "Phase modulation"
        }, 
        {
            "annotations": [
                {
                    "begin": 3328, 
                    "end": 3337, 
                    "score": 0.12987013161182404, 
                    "spot": "Seabright"
                }
            ], 
            "wiki_id": 9308204, 
            "wiki_title": "Seabright, Nova Scotia"
        }, 
        {
            "annotations": [
                {
                    "begin": 916, 
                    "end": 921, 
                    "score": 0.3572210371494293, 
                    "spot": "Mylar"
                }
            ], 
            "wiki_id": 172928, 
            "wiki_title": "BoPET"
        }, 
        {
            "annotations": [
                {
                    "begin": 760, 
                    "end": 767, 
                    "score": 0.004530130419880152, 
                    "spot": "Tuesday"
                }
            ], 
            "wiki_id": 43920129, 
            "wiki_title": "Tuesday (ILoveMakonnen song)"
        }, 
        {
            "annotations": [
                {
                    "begin": 3405, 
                    "end": 3411, 
                    "score": 0.11160260438919067, 
                    "spot": "Source"
                }
            ], 
            "wiki_id": 27661, 
            "wiki_title": "Source code"
        }, 
        {
            "annotations": [
                {
                    "begin": 1896, 
                    "end": 1899, 
                    "score": 0.029529046267271042, 
                    "spot": "who"
                }
            ], 
            "wiki_id": 33583, 
            "wiki_title": "World Health Organization"
        }, 
        {
            "annotations": [
                {
                    "begin": 1030, 
                    "end": 1036, 
                    "score": 0.2243945598602295, 
                    "spot": "welder"
                }
            ], 
            "wiki_id": 239071, 
            "wiki_title": "Welder"
        }, 
        {
            "annotations": [
                {
                    "begin": 1630, 
                    "end": 1637, 
                    "score": 0.0006248906720429659, 
                    "spot": "minutes"
                }
            ], 
            "wiki_id": 2431, 
            "wiki_title": "Minute and second of arc"
        }, 
        {
            "annotations": [
                {
                    "begin": 656, 
                    "end": 671, 
                    "score": 0.46666666865348816, 
                    "spot": "De Anza College"
                }
            ], 
            "wiki_id": 310490, 
            "wiki_title": "De Anza College"
        }, 
        {
            "annotations": [
                {
                    "begin": 1937, 
                    "end": 1944, 
                    "score": 0.004530130419880152, 
                    "spot": "Tuesday"
                }
            ], 
            "wiki_id": 1050340, 
            "wiki_title": "Election Day (United States)"
        }, 
        {
            "annotations": [
                {
                    "begin": 556, 
                    "end": 562, 
                    "score": 0.0547979474067688, 
                    "spot": "you be"
                }
            ], 
            "wiki_id": 3524766, 
            "wiki_title": "YouTube"
        }, 
        {
            "annotations": [
                {
                    "begin": 1988, 
                    "end": 1995, 
                    "score": 0.06069079786539078, 
                    "spot": "glasses"
                }
            ], 
            "wiki_id": 12581, 
            "wiki_title": "Glass"
        }, 
        {
            "annotations": [
                {
                    "begin": 1437, 
                    "end": 1444, 
                    "score": 0.002123909769579768, 
                    "spot": "Flights"
                }
            ], 
            "wiki_id": 402636, 
            "wiki_title": "Flight (military unit)"
        }, 
        {
            "annotations": [
                {
                    "begin": 2332, 
                    "end": 2338, 
                    "score": 0.0023871816229075193, 
                    "spot": "Avenue"
                }
            ], 
            "wiki_id": 25897, 
            "wiki_title": "Road"
        }, 
        {
            "annotations": [
                {
                    "begin": 3144, 
                    "end": 3149, 
                    "score": 0.1605243980884552, 
                    "spot": "White"
                }
            ], 
            "wiki_id": 273285, 
            "wiki_title": "Race and ethnicity in the United States Census"
        }, 
        {
            "annotations": [
                {
                    "begin": 681, 
                    "end": 684, 
                    "score": 0.14105431735515594, 
                    "spot": "lot"
                }
            ], 
            "wiki_id": 87584, 
            "wiki_title": "Lot (department)"
        }, 
        {
            "annotations": [
                {
                    "begin": 2141, 
                    "end": 2145, 
                    "score": 0.0025929224211722612, 
                    "spot": "Here"
                }
            ], 
            "wiki_id": 4743708, 
            "wiki_title": "Here TV"
        }, 
        {
            "annotations": [
                {
                    "begin": 1276, 
                    "end": 1284, 
                    "score": 0.15951627492904663, 
                    "spot": "coverage"
                }
            ], 
            "wiki_id": 48491335, 
            "wiki_title": "Pass (spaceflight)"
        }, 
        {
            "annotations": [
                {
                    "begin": 1173, 
                    "end": 1178, 
                    "score": 0.01625732332468033, 
                    "spot": "solar"
                }
            ], 
            "wiki_id": 13690575, 
            "wiki_title": "Solar power"
        }, 
        {
            "annotations": [
                {
                    "begin": 1102, 
                    "end": 1115, 
                    "score": 0.0677533820271492, 
                    "spot": "observatories"
                }
            ], 
            "wiki_id": 58968, 
            "wiki_title": "Observatory"
        }, 
        {
            "annotations": [
                {
                    "begin": 2558, 
                    "end": 2574, 
                    "score": 0.5, 
                    "spot": "Foothill College"
                }
            ], 
            "wiki_id": 1211346, 
            "wiki_title": "Foothill College"
        }, 
        {
            "annotations": [
                {
                    "begin": 3306, 
                    "end": 3310, 
                    "score": 0.04896114021539688, 
                    "spot": "17th"
                }
            ], 
            "wiki_id": 34569, 
            "wiki_title": "17th century"
        }, 
        {
            "annotations": [
                {
                    "begin": 879, 
                    "end": 886, 
                    "score": 0.14970922470092773, 
                    "spot": "Eclipse"
                }, 
                {
                    "begin": 1246, 
                    "end": 1261, 
                    "score": 0.2701793611049652, 
                    "spot": "partial eclipse"
                }, 
                {
                    "begin": 1254, 
                    "end": 1261, 
                    "score": 0.25651219487190247, 
                    "spot": "eclipse"
                }, 
                {
                    "begin": 1514, 
                    "end": 1521, 
                    "score": 0.12050104886293411, 
                    "spot": "eclipse"
                }
            ], 
            "wiki_id": 9770, 
            "wiki_title": "Eclipse"
        }, 
        {
            "annotations": [
                {
                    "begin": 317, 
                    "end": 321, 
                    "score": 0.0014563171425834298, 
                    "spot": "long"
                }
            ], 
            "wiki_id": 17617, 
            "wiki_title": "Longitude"
        }, 
        {
            "annotations": [
                {
                    "begin": 2461, 
                    "end": 2485, 
                    "score": 0.5, 
                    "spot": "Lawrence Hall of Science"
                }
            ], 
            "wiki_id": 635268, 
            "wiki_title": "Lawrence Hall of Science"
        }, 
        {
            "annotations": [
                {
                    "begin": 2440, 
                    "end": 2443, 
                    "score": 0.0588625892996788, 
                    "spot": "box"
                }
            ], 
            "wiki_id": 15472329, 
            "wiki_title": "Box (company)"
        }, 
        {
            "annotations": [
                {
                    "begin": 1862, 
                    "end": 1869, 
                    "score": 0.08984552323818207, 
                    "spot": "eclipse"
                }
            ], 
            "wiki_id": 8497022, 
            "wiki_title": "Eclipse (Meyer novel)"
        }, 
        {
            "annotations": [
                {
                    "begin": 707, 
                    "end": 714, 
                    "score": 0.22916287183761597, 
                    "spot": "volcano"
                }
            ], 
            "wiki_id": 32571, 
            "wiki_title": "Volcano"
        }, 
        {
            "annotations": [
                {
                    "begin": 922, 
                    "end": 929, 
                    "score": 0.25596657395362854, 
                    "spot": "plastic"
                }, 
                {
                    "begin": 1066, 
                    "end": 1073, 
                    "score": 0.16028259694576263, 
                    "spot": "plastic"
                }
            ], 
            "wiki_id": 26145195, 
            "wiki_title": "Plastic"
        }, 
        {
            "annotations": [
                {
                    "begin": 1619, 
                    "end": 1627, 
                    "score": 0.00951443612575531, 
                    "spot": "stand in"
                }
            ], 
            "wiki_id": 53396, 
            "wiki_title": "Stand-in"
        }, 
        {
            "annotations": [
                {
                    "begin": 2016, 
                    "end": 2019, 
                    "score": 0.0005023122066631913, 
                    "spot": "out"
                }
            ], 
            "wiki_id": 366439, 
            "wiki_title": "Out (magazine)"
        }, 
        {
            "annotations": [
                {
                    "begin": 192, 
                    "end": 197, 
                    "score": 0.01869639754295349, 
                    "spot": "flick"
                }
            ], 
            "wiki_id": 808425, 
            "wiki_title": "The Sword of Shannara"
        }, 
        {
            "annotations": [
                {
                    "begin": 1039, 
                    "end": 1046, 
                    "score": 0.18512986600399017, 
                    "spot": "glasses"
                }
            ], 
            "wiki_id": 74844, 
            "wiki_title": "Glasses"
        }, 
        {
            "annotations": [
                {
                    "begin": 1522, 
                    "end": 1525, 
                    "score": 0.07955357432365417, 
                    "spot": "can"
                }
            ], 
            "wiki_id": 250680, 
            "wiki_title": "Africa Cup of Nations"
        }, 
        {
            "annotations": [
                {
                    "begin": 2978, 
                    "end": 3005, 
                    "score": 0.3799999952316284, 
                    "spot": "Society of Physics Students"
                }
            ], 
            "wiki_id": 982895, 
            "wiki_title": "Society of Physics Students"
        }, 
        {
            "annotations": [
                {
                    "begin": 409, 
                    "end": 417, 
                    "score": 0.009437070228159428, 
                    "spot": "Thursday"
                }, 
                {
                    "begin": 2165, 
                    "end": 2173, 
                    "score": 0.009437070228159428, 
                    "spot": "Thursday"
                }
            ], 
            "wiki_id": 7634921, 
            "wiki_title": "Thursday Night Football"
        }, 
        {
            "annotations": [
                {
                    "begin": 2883, 
                    "end": 2890, 
                    "score": 0.030671104788780212, 
                    "spot": "hosting"
                }
            ], 
            "wiki_id": 1217327, 
            "wiki_title": "Master of ceremonies"
        }, 
        {
            "annotations": [
                {
                    "begin": 3291, 
                    "end": 3297, 
                    "score": 0.007024150807410479, 
                    "spot": "Center"
                }
            ], 
            "wiki_id": 652569, 
            "wiki_title": "Center (basketball)"
        }, 
        {
            "annotations": [
                {
                    "begin": 641, 
                    "end": 652, 
                    "score": 0.3063754439353943, 
                    "spot": "Planetarium"
                }
            ], 
            "wiki_id": 60548, 
            "wiki_title": "Planetarium"
        }, 
        {
            "annotations": [
                {
                    "begin": 2379, 
                    "end": 2383, 
                    "score": 0.1626369208097458, 
                    "spot": "call"
                }, 
                {
                    "begin": 2528, 
                    "end": 2532, 
                    "score": 0.07203195244073868, 
                    "spot": "call"
                }, 
                {
                    "begin": 2650, 
                    "end": 2654, 
                    "score": 0.06997102499008179, 
                    "spot": "call"
                }, 
                {
                    "begin": 2800, 
                    "end": 2804, 
                    "score": 0.07203195244073868, 
                    "spot": "Call"
                }, 
                {
                    "begin": 3132, 
                    "end": 3136, 
                    "score": 0.12127941846847534, 
                    "spot": "call"
                }, 
                {
                    "begin": 3383, 
                    "end": 3387, 
                    "score": 0.09972530603408813, 
                    "spot": "call"
                }
            ], 
            "wiki_id": 406703, 
            "wiki_title": "Telephone call"
        }, 
        {
            "annotations": [
                {
                    "begin": 2946, 
                    "end": 2951, 
                    "score": 0.0018539646407589316, 
                    "spot": "front"
                }
            ], 
            "wiki_id": 1653972, 
            "wiki_title": "Front Street (Toronto)"
        }, 
        {
            "annotations": [
                {
                    "begin": 2580, 
                    "end": 2600, 
                    "score": 0.5, 
                    "spot": "Foothill\nObservatory"
                }
            ], 
            "wiki_id": 3200043, 
            "wiki_title": "Foothill Observatory"
        }, 
        {
            "annotations": [
                {
                    "begin": 2609, 
                    "end": 2613, 
                    "score": 0.10331253707408905, 
                    "spot": "open"
                }
            ], 
            "wiki_id": 71537, 
            "wiki_title": "Coming out"
        }, 
        {
            "annotations": [
                {
                    "begin": 3153, 
                    "end": 3167, 
                    "score": 0.5, 
                    "spot": "Charlie Harper"
                }
            ], 
            "wiki_id": 18227341, 
            "wiki_title": "Charlie Harper (Two and a Half Men)"
        }, 
        {
            "annotations": [
                {
                    "begin": 2551, 
                    "end": 2554, 
                    "score": 0.059996023774147034, 
                    "spot": "box"
                }, 
                {
                    "begin": 2673, 
                    "end": 2676, 
                    "score": 0.0344698466360569, 
                    "spot": "box"
                }, 
                {
                    "begin": 2839, 
                    "end": 2842, 
                    "score": 0.059996023774147034, 
                    "spot": "box"
                }
            ], 
            "wiki_id": 413522, 
            "wiki_title": "Box"
        }, 
        {
            "annotations": [
                {
                    "begin": 3220, 
                    "end": 3230, 
                    "score": 0.32304880023002625, 
                    "spot": "Santa Cruz"
                }
            ], 
            "wiki_id": 81726, 
            "wiki_title": "Santa Cruz, California"
        }, 
        {
            "annotations": [
                {
                    "begin": 3069, 
                    "end": 3075, 
                    "score": 0.033650945872068405, 
                    "spot": "record"
                }
            ], 
            "wiki_id": 10958, 
            "wiki_title": "Fossil"
        }, 
        {
            "annotations": [
                {
                    "begin": 398, 
                    "end": 402, 
                    "score": 0.08375062048435211, 
                    "spot": "will"
                }, 
                {
                    "begin": 3064, 
                    "end": 3068, 
                    "score": 0.0018194559961557388, 
                    "spot": "will"
                }
            ], 
            "wiki_id": 154698, 
            "wiki_title": "Will Smith"
        }, 
        {
            "annotations": [
                {
                    "begin": 1292, 
                    "end": 1295, 
                    "score": 0.3551021218299866, 
                    "spot": "sun"
                }
            ], 
            "wiki_id": 26751, 
            "wiki_title": "Sun"
        }, 
        {
            "annotations": [
                {
                    "begin": 3103, 
                    "end": 3113, 
                    "score": 0.12119981646537781, 
                    "spot": "television"
                }
            ], 
            "wiki_id": 29831, 
            "wiki_title": "Television"
        }, 
        {
            "annotations": [
                {
                    "begin": 664, 
                    "end": 671, 
                    "score": 0.1345352977514267, 
                    "spot": "College"
                }
            ], 
            "wiki_id": 378413, 
            "wiki_title": "Secondary education in France"
        }, 
        {
            "annotations": [
                {
                    "begin": 309, 
                    "end": 312, 
                    "score": 0.04897371307015419, 
                    "spot": "sun"
                }
            ], 
            "wiki_id": 26146987, 
            "wiki_title": "The Sun (United Kingdom)"
        }, 
        {
            "annotations": [
                {
                    "begin": 969, 
                    "end": 976, 
                    "score": 0.0007371007231995463, 
                    "spot": "viewing"
                }
            ], 
            "wiki_id": 11385, 
            "wiki_title": "File viewer"
        }, 
        {
            "annotations": [
                {
                    "begin": 403, 
                    "end": 408, 
                    "score": 0.011050920933485031, 
                    "spot": "pause"
                }
            ], 
            "wiki_id": 27524632, 
            "wiki_title": "Pause (The Boondocks)"
        }, 
        {
            "annotations": [
                {
                    "begin": 1268, 
                    "end": 1275, 
                    "score": 0.04720524698495865, 
                    "spot": "percent"
                }
            ], 
            "wiki_id": 64493, 
            "wiki_title": "Percentage"
        }, 
        {
            "annotations": [
                {
                    "begin": 552, 
                    "end": 555, 
                    "score": 0.25430354475975037, 
                    "spot": "can"
                }
            ], 
            "wiki_id": 11649034, 
            "wiki_title": "Canadian Hot 100"
        }, 
        {
            "annotations": [
                {
                    "begin": 1569, 
                    "end": 1578, 
                    "score": 0.3055555522441864, 
                    "spot": "sunstruck"
                }
            ], 
            "wiki_id": 31473382, 
            "wiki_title": "Sunstruck"
        }, 
        {
            "annotations": [
                {
                    "begin": 2100, 
                    "end": 2108, 
                    "score": 0.015646731480956078, 
                    "spot": "next one"
                }
            ], 
            "wiki_id": 25227301, 
            "wiki_title": "On to the Next One"
        }, 
        {
            "annotations": [
                {
                    "begin": 1462, 
                    "end": 1469, 
                    "score": 0.020720161497592926, 
                    "spot": "Flights"
                }
            ], 
            "wiki_id": 436518, 
            "wiki_title": "Vega (rocket)"
        }, 
        {
            "annotations": [
                {
                    "begin": 744, 
                    "end": 752, 
                    "score": 0.04946305230259895, 
                    "spot": "Bay Area"
                }, 
                {
                    "begin": 1213, 
                    "end": 1221, 
                    "score": 0.04946305230259895, 
                    "spot": "Bay Area"
                }, 
                {
                    "begin": 1347, 
                    "end": 1355, 
                    "score": 0.04946305230259895, 
                    "spot": "Bay Area"
                }
            ], 
            "wiki_id": 19283806, 
            "wiki_title": "San Francisco Bay Area"
        }, 
        {
            "annotations": [
                {
                    "begin": 3213, 
                    "end": 3216, 
                    "score": 0.10606229305267334, 
                    "spot": "box"
                }
            ], 
            "wiki_id": 904325, 
            "wiki_title": "Box (juggling)"
        }, 
        {
            "annotations": [
                {
                    "begin": 3026, 
                    "end": 3032, 
                    "score": 0.0036179448943585157, 
                    "spot": "6-inch"
                }
            ], 
            "wiki_id": 12944948, 
            "wiki_title": "BL 6-inch Mk VII naval gun"
        }, 
        {
            "annotations": [
                {
                    "begin": 2497, 
                    "end": 2501, 
                    "score": 0.004477356560528278, 
                    "spot": "safe"
                }, 
                {
                    "begin": 2894, 
                    "end": 2898, 
                    "score": 0.004477356560528278, 
                    "spot": "Safe"
                }
            ], 
            "wiki_id": 697411, 
            "wiki_title": "Safe"
        }, 
        {
            "annotations": [
                {
                    "begin": 2618, 
                    "end": 2624, 
                    "score": 0.062462735921144485, 
                    "spot": "public"
                }
            ], 
            "wiki_id": 307834, 
            "wiki_title": "Public"
        }, 
        {
            "annotations": [
                {
                    "begin": 1608, 
                    "end": 1615, 
                    "score": 0.08595491945743561, 
                    "spot": "dollars"
                }
            ], 
            "wiki_id": 18717338, 
            "wiki_title": "United States dollar"
        }, 
        {
            "annotations": [
                {
                    "begin": 1642, 
                    "end": 1649, 
                    "score": 0.0017172294901683927, 
                    "spot": "seconds"
                }
            ], 
            "wiki_id": 841944, 
            "wiki_title": "Second (parliamentary procedure)"
        }, 
        {
            "annotations": [
                {
                    "begin": 2074, 
                    "end": 2076, 
                    "score": 0.0010810111416503787, 
                    "spot": "if"
                }
            ], 
            "wiki_id": 155571, 
            "wiki_title": "If (magazine)"
        }, 
        {
            "annotations": [
                {
                    "begin": 2223, 
                    "end": 2234, 
                    "score": 0.22058698534965515, 
                    "spot": "Association"
                }, 
                {
                    "begin": 2388, 
                    "end": 2399, 
                    "score": 0.06699691712856293, 
                    "spot": "association"
                }
            ], 
            "wiki_id": 28831284, 
            "wiki_title": "Voluntary association"
        }, 
        {
            "annotations": [
                {
                    "begin": 2210, 
                    "end": 2222, 
                    "score": 0.08800859749317169, 
                    "spot": "Astronomical"
                }
            ], 
            "wiki_id": 50650, 
            "wiki_title": "Astronomy"
        }, 
        {
            "annotations": [
                {
                    "begin": 2860, 
                    "end": 2870, 
                    "score": 0.08349793404340744, 
                    "spot": "University"
                }
            ], 
            "wiki_id": 19725260, 
            "wiki_title": "University"
        }, 
        {
            "annotations": [
                {
                    "begin": 1715, 
                    "end": 1723, 
                    "score": 0.10274481028318405, 
                    "spot": "Saratoga"
                }
            ], 
            "wiki_id": 56506, 
            "wiki_title": "Saratoga County, New York"
        }, 
        {
            "annotations": [
                {
                    "begin": 1653, 
                    "end": 1661, 
                    "score": 0.01988411322236061, 
                    "spot": "darkness"
                }
            ], 
            "wiki_id": 382068, 
            "wiki_title": "The Darkness (band)"
        }, 
        {
            "annotations": [
                {
                    "begin": 615, 
                    "end": 624, 
                    "score": 0.007103105075657368, 
                    "spot": "spokesman"
                }
            ], 
            "wiki_id": 338047, 
            "wiki_title": "Spokesperson"
        }, 
        {
            "annotations": [
                {
                    "begin": 812, 
                    "end": 820, 
                    "score": 0.004085155203938484, 
                    "spot": "24 hours"
                }
            ], 
            "wiki_id": 1708928, 
            "wiki_title": "24 Hours (newspaper)"
        }, 
        {
            "annotations": [
                {
                    "begin": 1373, 
                    "end": 1379, 
                    "score": 0.06986881047487259, 
                    "spot": "lovers"
                }
            ], 
            "wiki_id": 1056700, 
            "wiki_title": "Intimate relationship"
        }, 
        {
            "annotations": [
                {
                    "begin": 181, 
                    "end": 184, 
                    "score": 0.33708783984184265, 
                    "spot": "3-D"
                }
            ], 
            "wiki_id": 246007, 
            "wiki_title": "3D film"
        }, 
        {
            "annotations": [
                {
                    "begin": 533, 
                    "end": 551, 
                    "score": 0.02971576154232025, 
                    "spot": "natural phenomenon"
                }
            ], 
            "wiki_id": 1760214, 
            "wiki_title": "List of natural phenomena"
        }, 
        {
            "annotations": [
                {
                    "begin": 587, 
                    "end": 593, 
                    "score": 0.03637047857046127, 
                    "spot": "killed"
                }
            ], 
            "wiki_id": 286369, 
            "wiki_title": "Assassination of John F. Kennedy"
        }, 
        {
            "annotations": [
                {
                    "begin": 2872, 
                    "end": 2879, 
                    "score": 0.1107366532087326, 
                    "spot": "Hayward"
                }
            ], 
            "wiki_id": 107336, 
            "wiki_title": "Hayward, California"
        }, 
        {
            "annotations": [
                {
                    "begin": 1187, 
                    "end": 1195, 
                    "score": 0.05975300446152687, 
                    "spot": "sessions"
                }
            ], 
            "wiki_id": 13465231, 
            "wiki_title": "Studio recording"
        }, 
        {
            "annotations": [
                {
                    "begin": 2063, 
                    "end": 2066, 
                    "score": 0.010517369955778122, 
                    "spot": "don"
                }
            ], 
            "wiki_id": 294015, 
            "wiki_title": "Don (honorific)"
        }, 
        {
            "annotations": [
                {
                    "begin": 2061, 
                    "end": 2073, 
                    "score": 0.006731707137078047, 
                    "spot": "I\ndon't know"
                }
            ], 
            "wiki_id": 177851, 
            "wiki_title": "Blizzard of Ozz"
        }, 
        {
            "annotations": [
                {
                    "begin": 753, 
                    "end": 759, 
                    "score": 0.002633341820910573, 
                    "spot": "people"
                }, 
                {
                    "begin": 1148, 
                    "end": 1154, 
                    "score": 0.04797477275133133, 
                    "spot": "people"
                }
            ], 
            "wiki_id": 3488351, 
            "wiki_title": "People"
        }, 
        {
            "annotations": [
                {
                    "begin": 844, 
                    "end": 853, 
                    "score": 0.23372527956962585, 
                    "spot": "Cupertino"
                }, 
                {
                    "begin": 2680, 
                    "end": 2689, 
                    "score": 0.19744057953357697, 
                    "spot": "Cupertino"
                }
            ], 
            "wiki_id": 108151, 
            "wiki_title": "Cupertino, California"
        }, 
        {
            "annotations": [
                {
                    "begin": 2731, 
                    "end": 2736, 
                    "score": 0.3834773004055023, 
                    "spot": "1 p.m"
                }, 
                {
                    "begin": 2733, 
                    "end": 2736, 
                    "score": 0.2619245648384094, 
                    "spot": "p.m"
                }
            ], 
            "wiki_id": 87090, 
            "wiki_title": "1 picometre"
        }, 
        {
            "annotations": [
                {
                    "begin": 986, 
                    "end": 992, 
                    "score": 0.17822469770908356, 
                    "spot": "supply"
                }
            ], 
            "wiki_id": 684928, 
            "wiki_title": "Water supply"
        }, 
        {
            "annotations": [
                {
                    "begin": 1744, 
                    "end": 1751, 
                    "score": 0.01901901885867119, 
                    "spot": "buddies"
                }
            ], 
            "wiki_id": 9888730, 
            "wiki_title": "Buddies (TV series)"
        }, 
        {
            "annotations": [
                {
                    "begin": 1820, 
                    "end": 1826, 
                    "score": 0.11136981099843979, 
                    "spot": "figure"
                }, 
                {
                    "begin": 2039, 
                    "end": 2045, 
                    "score": 0.07719127833843231, 
                    "spot": "figure"
                }
            ], 
            "wiki_id": 169191, 
            "wiki_title": "Shape"
        }, 
        {
            "annotations": [
                {
                    "begin": 1683, 
                    "end": 1691, 
                    "score": 0.017896302044391632, 
                    "spot": "computer"
                }
            ], 
            "wiki_id": 7878457, 
            "wiki_title": "Computer"
        }, 
        {
            "annotations": [
                {
                    "begin": 5, 
                    "end": 9, 
                    "score": 0.0019397636642679572, 
                    "spot": "Sure"
                }
            ], 
            "wiki_id": 9892133, 
            "wiki_title": "Sure (Take That song)"
        }, 
        {
            "annotations": [
                {
                    "begin": 227, 
                    "end": 233, 
                    "score": 0.15748417377471924, 
                    "spot": "people"
                }, 
                {
                    "begin": 1579, 
                    "end": 1585, 
                    "score": 0.09647338092327118, 
                    "spot": "people"
                }
            ], 
            "wiki_id": 507970, 
            "wiki_title": "People (magazine)"
        }, 
        {
            "annotations": [
                {
                    "begin": 142, 
                    "end": 148, 
                    "score": 0.2332840859889984, 
                    "spot": "mirror"
                }
            ], 
            "wiki_id": 20545, 
            "wiki_title": "Mirror"
        }, 
        {
            "annotations": [
                {
                    "begin": 3311, 
                    "end": 3314, 
                    "score": 0.01235976442694664, 
                    "spot": "Ave"
                }, 
                {
                    "begin": 3361, 
                    "end": 3364, 
                    "score": 0.0780659168958664, 
                    "spot": "Ave"
                }
            ], 
            "wiki_id": 523382, 
            "wiki_title": "AVE"
        }, 
        {
            "annotations": [
                {
                    "begin": 2411, 
                    "end": 2418, 
                    "score": 0.13666343688964844, 
                    "spot": "message"
                }
            ], 
            "wiki_id": 41367, 
            "wiki_title": "Message"
        }, 
        {
            "annotations": [
                {
                    "begin": 2761, 
                    "end": 2767, 
                    "score": 0.007024150807410479, 
                    "spot": "Center"
                }
            ], 
            "wiki_id": 136589, 
            "wiki_title": "Center, Texas"
        }, 
        {
            "annotations": [
                {
                    "begin": 185, 
                    "end": 191, 
                    "score": 0.3271532654762268, 
                    "spot": "horror"
                }, 
                {
                    "begin": 185, 
                    "end": 197, 
                    "score": 0.1794871836900711, 
                    "spot": "horror flick"
                }
            ], 
            "wiki_id": 13451, 
            "wiki_title": "Horror film"
        }, 
        {
            "annotations": [
                {
                    "begin": 2046, 
                    "end": 2059, 
                    "score": 0.10169491171836853, 
                    "spot": "it's worth it"
                }
            ], 
            "wiki_id": 40080788, 
            "wiki_title": "It's Worth It"
        }, 
        {
            "annotations": [
                {
                    "begin": 2794, 
                    "end": 2798, 
                    "score": 0.0005132153164595366, 
                    "spot": "Blvd"
                }
            ], 
            "wiki_id": 730393, 
            "wiki_title": "Boulevard"
        }, 
        {
            "annotations": [
                {
                    "begin": 733, 
                    "end": 736, 
                    "score": 0.07993008941411972, 
                    "spot": "hot"
                }
            ], 
            "wiki_id": 20647050, 
            "wiki_title": "Temperature"
        }, 
        {
            "annotations": [
                {
                    "begin": 2006, 
                    "end": 2015, 
                    "score": 0.04545454680919647, 
                    "spot": "our heads"
                }
            ], 
            "wiki_id": 35232373, 
            "wiki_title": "In Our Heads"
        }, 
        {
            "annotations": [
                {
                    "begin": 2134, 
                    "end": 2139, 
                    "score": 0.006678693927824497, 
                    "spot": "WATCH"
                }
            ], 
            "wiki_id": 60883, 
            "wiki_title": "Watch"
        }, 
        {
            "annotations": [
                {
                    "begin": 1827, 
                    "end": 1836, 
                    "score": 0.26923078298568726, 
                    "spot": "we'll get"
                }
            ], 
            "wiki_id": 17120818, 
            "wiki_title": "We'll Get By"
        }, 
        {
            "annotations": [
                {
                    "begin": 2201, 
                    "end": 2209, 
                    "score": 0.3039623200893402, 
                    "spot": "San Jose"
                }
            ], 
            "wiki_id": 53446, 
            "wiki_title": "San Jose, California"
        }, 
        {
            "annotations": [
                {
                    "begin": 685, 
                    "end": 690, 
                    "score": 0.08915475010871887, 
                    "spot": "safer"
                }, 
                {
                    "begin": 952, 
                    "end": 956, 
                    "score": 0.004477356560528278, 
                    "spot": "safe"
                }
            ], 
            "wiki_id": 252712, 
            "wiki_title": "Safety"
        }, 
        {
            "annotations": [
                {
                    "begin": 606, 
                    "end": 613, 
                    "score": 0.03558168187737465, 
                    "spot": "Beecher"
                }
            ], 
            "wiki_id": 112047, 
            "wiki_title": "Beecher, Illinois"
        }, 
        {
            "annotations": [
                {
                    "begin": 2240, 
                    "end": 2246, 
                    "score": 0.14338059723377228, 
                    "spot": "set up"
                }, 
                {
                    "begin": 3011, 
                    "end": 3017, 
                    "score": 0.14338059723377228, 
                    "spot": "set up"
                }, 
                {
                    "begin": 3252, 
                    "end": 3258, 
                    "score": 0.08846285194158554, 
                    "spot": "set up"
                }
            ], 
            "wiki_id": 726337, 
            "wiki_title": "Frameup"
        }, 
        {
            "annotations": [
                {
                    "begin": 70, 
                    "end": 77, 
                    "score": 0.0010121457744389772, 
                    "spot": "only he"
                }
            ], 
            "wiki_id": 18552999, 
            "wiki_title": "Only You (Pearl and Rusty)"
        }, 
        {
            "annotations": [
                {
                    "begin": 1414, 
                    "end": 1421, 
                    "score": 0.07184737175703049, 
                    "spot": "details"
                }
            ], 
            "wiki_id": 2271880, 
            "wiki_title": "Details (magazine)"
        }, 
        {
            "annotations": [
                {
                    "begin": 1888, 
                    "end": 1894, 
                    "score": 0.04000924527645111, 
                    "spot": "Wiener"
                }
            ], 
            "wiki_id": 192368, 
            "wiki_title": "Hot dog"
        }, 
        {
            "annotations": [
                {
                    "begin": 86, 
                    "end": 94, 
                    "score": 0.0025398668367415667, 
                    "spot": "hundreds"
                }
            ], 
            "wiki_id": 357346, 
            "wiki_title": "Hundred (county division)"
        }, 
        {
            "annotations": [
                {
                    "begin": 2618, 
                    "end": 2632, 
                    "score": 0.1012319028377533, 
                    "spot": "public viewing"
                }
            ], 
            "wiki_id": 2145566, 
            "wiki_title": "Lying in repose"
        }, 
        {
            "annotations": [
                {
                    "begin": 2247, 
                    "end": 2254, 
                    "score": 0.07174869626760483, 
                    "spot": "special"
                }
            ], 
            "wiki_id": 26962, 
            "wiki_title": "Special relativity"
        }, 
        {
            "annotations": [
                {
                    "begin": 1755, 
                    "end": 1759, 
                    "score": 0.029517091810703278, 
                    "spot": "Baja"
                }
            ], 
            "wiki_id": 199793, 
            "wiki_title": "Baja California"
        }, 
        {
            "annotations": [
                {
                    "begin": 601, 
                    "end": 605, 
                    "score": 0.01041953545063734, 
                    "spot": "Bert"
                }
            ], 
            "wiki_id": 1341829, 
            "wiki_title": "Paul Bert"
        }, 
        {
            "annotations": [
                {
                    "begin": 1833, 
                    "end": 1842, 
                    "score": 0.004350051283836365, 
                    "spot": "get there"
                }
            ], 
            "wiki_id": 40939560, 
            "wiki_title": "Get There (Minor Alps album)"
        }, 
        {
            "annotations": [
                {
                    "begin": 241, 
                    "end": 253, 
                    "score": 0.39907318353652954, 
                    "spot": "Golden State"
                }, 
                {
                    "begin": 385, 
                    "end": 397, 
                    "score": 0.10874560475349426, 
                    "spot": "Californians"
                }
            ], 
            "wiki_id": 5407, 
            "wiki_title": "California"
        }, 
        {
            "annotations": [
                {
                    "begin": 2160, 
                    "end": 2164, 
                    "score": 0.004347857553511858, 
                    "spot": "view"
                }
            ], 
            "wiki_id": 5744211, 
            "wiki_title": "The View (band)"
        }, 
        {
            "annotations": [
                {
                    "begin": 32, 
                    "end": 40, 
                    "score": 0.009437070228159428, 
                    "spot": "Thursday"
                }
            ], 
            "wiki_id": 266139, 
            "wiki_title": "Thursday (band)"
        }, 
        {
            "annotations": [
                {
                    "begin": 2193, 
                    "end": 2196, 
                    "score": 0.10251405835151672, 
                    "spot": "box"
                }
            ], 
            "wiki_id": 1954715, 
            "wiki_title": "The Box (U.S. TV channel)"
        }, 
        {
            "annotations": [
                {
                    "begin": 3051, 
                    "end": 3063, 
                    "score": 0.32102397084236145, 
                    "spot": "video camera"
                }
            ], 
            "wiki_id": 472645, 
            "wiki_title": "Video camera"
        }, 
        {
            "annotations": [
                {
                    "begin": 2269, 
                    "end": 2276, 
                    "score": 0.03867403417825699, 
                    "spot": "Branham"
                }, 
                {
                    "begin": 2313, 
                    "end": 2320, 
                    "score": 0.03867403417825699, 
                    "spot": "Branham"
                }
            ], 
            "wiki_id": 4620755, 
            "wiki_title": "Branham (VTA)"
        }, 
        {
            "annotations": [
                {
                    "begin": 67, 
                    "end": 74, 
                    "score": 0.008355533704161644, 
                    "spot": "if only"
                }
            ], 
            "wiki_id": 1443465, 
            "wiki_title": "If Only (film)"
        }, 
        {
            "annotations": [
                {
                    "begin": 454, 
                    "end": 460, 
                    "score": 0.10859403014183044, 
                    "spot": "ritual"
                }
            ], 
            "wiki_id": 102920, 
            "wiki_title": "Ritual"
        }, 
        {
            "annotations": [
                {
                    "begin": 2240, 
                    "end": 2243, 
                    "score": 0.1524946391582489, 
                    "spot": "set"
                }, 
                {
                    "begin": 3011, 
                    "end": 3014, 
                    "score": 0.2277229130268097, 
                    "spot": "set"
                }, 
                {
                    "begin": 3252, 
                    "end": 3255, 
                    "score": 0.0898442193865776, 
                    "spot": "set"
                }
            ], 
            "wiki_id": 3564116, 
            "wiki_title": "Setting (narrative)"
        }, 
        {
            "annotations": [
                {
                    "begin": 365, 
                    "end": 371, 
                    "score": 0.05727338418364525, 
                    "spot": "shadow"
                }, 
                {
                    "begin": 1387, 
                    "end": 1393, 
                    "score": 0.14889231324195862, 
                    "spot": "shadow"
                }
            ], 
            "wiki_id": 113352, 
            "wiki_title": "The Shadow"
        }, 
        {
            "annotations": [
                {
                    "begin": 1230, 
                    "end": 1235, 
                    "score": 0.05941000208258629, 
                    "spot": "privy"
                }
            ], 
            "wiki_id": 652501, 
            "wiki_title": "Outhouse"
        }, 
        {
            "annotations": [
                {
                    "begin": 1079, 
                    "end": 1084, 
                    "score": 0.06316342949867249, 
                    "spot": "Local"
                }
            ], 
            "wiki_id": 17739, 
            "wiki_title": "Local area network"
        }, 
        {
            "annotations": [
                {
                    "begin": 825, 
                    "end": 830, 
                    "score": 0.26239529252052307, 
                    "spot": "Orion"
                }, 
                {
                    "begin": 2745, 
                    "end": 2750, 
                    "score": 0.21634376049041748, 
                    "spot": "Orion"
                }, 
                {
                    "begin": 3275, 
                    "end": 3280, 
                    "score": 0.21634376049041748, 
                    "spot": "Orion"
                }
            ], 
            "wiki_id": 153797, 
            "wiki_title": "Orion (constellation)"
        }, 
        {
            "annotations": [
                {
                    "begin": 429, 
                    "end": 436, 
                    "score": 0.001186239649541676, 
                    "spot": "join in"
                }
            ], 
            "wiki_id": 7680799, 
            "wiki_title": "Join In!"
        }, 
        {
            "annotations": [
                {
                    "begin": 1906, 
                    "end": 1913, 
                    "score": 0.1675904542207718, 
                    "spot": "in line"
                }, 
                {
                    "begin": 1909, 
                    "end": 1913, 
                    "score": 0.16894878447055817, 
                    "spot": "line"
                }
            ], 
            "wiki_id": 197982, 
            "wiki_title": "Straight engine"
        }, 
        {
            "annotations": [
                {
                    "begin": 2000, 
                    "end": 2005, 
                    "score": 0.04669659584760666, 
                    "spot": "stick"
                }
            ], 
            "wiki_id": 16229, 
            "wiki_title": "Joystick"
        }, 
        {
            "annotations": [
                {
                    "begin": 993, 
                    "end": 999, 
                    "score": 0.06394688785076141, 
                    "spot": "stores"
                }
            ], 
            "wiki_id": 183515, 
            "wiki_title": "Retail"
        }, 
        {
            "annotations": [
                {
                    "begin": 1843, 
                    "end": 1850, 
                    "score": 0.06858222186565399, 
                    "spot": "in time"
                }
            ], 
            "wiki_id": 31591, 
            "wiki_title": "Time travel"
        }, 
        {
            "annotations": [
                {
                    "begin": 978, 
                    "end": 985, 
                    "score": 0.1669541299343109, 
                    "spot": "Welding"
                }
            ], 
            "wiki_id": 44883, 
            "wiki_title": "Welding"
        }, 
        {
            "annotations": [
                {
                    "begin": 2297, 
                    "end": 2309, 
                    "score": 0.021893059834837914, 
                    "spot": "intersection"
                }
            ], 
            "wiki_id": 157009, 
            "wiki_title": "Intersection (road)"
        }, 
        {
            "annotations": [
                {
                    "begin": 2277, 
                    "end": 2286, 
                    "score": 0.03846153989434242, 
                    "spot": "Lane Park"
                }
            ], 
            "wiki_id": 4542023, 
            "wiki_title": "Lane Park"
        }, 
        {
            "annotations": [
                {
                    "begin": 831, 
                    "end": 840, 
                    "score": 0.18752342462539673, 
                    "spot": "Telescope"
                }, 
                {
                    "begin": 1921, 
                    "end": 1930, 
                    "score": 0.13531102240085602, 
                    "spot": "telescope"
                }, 
                {
                    "begin": 2255, 
                    "end": 2265, 
                    "score": 0.11219573020935059, 
                    "spot": "telescopes"
                }, 
                {
                    "begin": 2751, 
                    "end": 2760, 
                    "score": 0.18752342462539673, 
                    "spot": "Telescope"
                }, 
                {
                    "begin": 3033, 
                    "end": 3043, 
                    "score": 0.104974664747715, 
                    "spot": "telescopes"
                }, 
                {
                    "begin": 3234, 
                    "end": 3243, 
                    "score": 0.2384399175643921, 
                    "spot": "telescope"
                }, 
                {
                    "begin": 3281, 
                    "end": 3290, 
                    "score": 0.18752342462539673, 
                    "spot": "Telescope"
                }
            ], 
            "wiki_id": 7070301, 
            "wiki_title": "Telescope"
        }, 
        {
            "annotations": [
                {
                    "begin": 1971, 
                    "end": 1973, 
                    "score": 0.0011683235643431544, 
                    "spot": "We"
                }
            ], 
            "wiki_id": 26273758, 
            "wiki_title": "We (Cyrillic)"
        }, 
        {
            "annotations": [
                {
                    "begin": 2723, 
                    "end": 2726, 
                    "score": 0.21485885977745056, 
                    "spot": "a.m"
                }, 
                {
                    "begin": 2930, 
                    "end": 2933, 
                    "score": 0.19686244428157806, 
                    "spot": "a.m"
                }
            ], 
            "wiki_id": 241267, 
            "wiki_title": "12-hour clock"
        }, 
        {
            "annotations": [
                {
                    "begin": 857, 
                    "end": 861, 
                    "score": 0.07708454132080078, 
                    "spot": "sell"
                }
            ], 
            "wiki_id": 155698, 
            "wiki_title": "Sales"
        }, 
        {
            "annotations": [
                {
                    "begin": 1700, 
                    "end": 1709, 
                    "score": 0.0048507084138691425, 
                    "spot": "executive"
                }
            ], 
            "wiki_id": 436111, 
            "wiki_title": "Executive officer"
        }, 
        {
            "annotations": [
                {
                    "begin": 1155, 
                    "end": 1162, 
                    "score": 0.0007937907939776778, 
                    "spot": "wanting"
                }
            ], 
            "wiki_id": 22671464, 
            "wiki_title": "Wanting (novel)"
        }, 
        {
            "annotations": [
                {
                    "begin": 338, 
                    "end": 348, 
                    "score": 0.006832797545939684, 
                    "spot": "can't wait"
                }
            ], 
            "wiki_id": 8087282, 
            "wiki_title": "Can't Wait"
        }, 
        {
            "annotations": [
                {
                    "begin": 3262, 
                    "end": 3267, 
                    "score": 0.04541487991809845, 
                    "spot": "front"
                }
            ], 
            "wiki_id": 21556126, 
            "wiki_title": "Hollywood blacklist"
        }, 
        {
            "annotations": [
                {
                    "begin": 3244, 
                    "end": 3248, 
                    "score": 0.06184197962284088, 
                    "spot": "will"
                }
            ], 
            "wiki_id": 275574, 
            "wiki_title": "Will Durant"
        }, 
        {
            "annotations": [
                {
                    "begin": 1319, 
                    "end": 1322, 
                    "score": 0.07434253394603729, 
                    "spot": "a.m"
                }
            ], 
            "wiki_id": 1140, 
            "wiki_title": "Amplitude modulation"
        }, 
        {
            "annotations": [
                {
                    "begin": 440, 
                    "end": 453, 
                    "score": 0.04704364761710167, 
                    "spot": "international"
                }
            ], 
            "wiki_id": 8195726, 
            "wiki_title": "International law"
        }, 
        {
            "annotations": [
                {
                    "begin": 2366, 
                    "end": 2377, 
                    "score": 0.23610958456993103, 
                    "spot": "information"
                }, 
                {
                    "begin": 2515, 
                    "end": 2526, 
                    "score": 0.17029674351215363, 
                    "spot": "information"
                }, 
                {
                    "begin": 2824, 
                    "end": 2835, 
                    "score": 0.17539139091968536, 
                    "spot": "information"
                }, 
                {
                    "begin": 3119, 
                    "end": 3130, 
                    "score": 0.2246120274066925, 
                    "spot": "information"
                }
            ], 
            "wiki_id": 18985062, 
            "wiki_title": "Information"
        }, 
        {
            "annotations": [
                {
                    "begin": 43, 
                    "end": 56, 
                    "score": 0.6591638326644897, 
                    "spot": "solar eclipse"
                }, 
                {
                    "begin": 491, 
                    "end": 504, 
                    "score": 0.7079871892929077, 
                    "spot": "solar eclipse"
                }, 
                {
                    "begin": 1357, 
                    "end": 1368, 
                    "score": 0.5, 
                    "spot": "umbraphiles"
                }, 
                {
                    "begin": 2176, 
                    "end": 2189, 
                    "score": 0.5, 
                    "spot": "solar eclipse"
                }, 
                {
                    "begin": 2899, 
                    "end": 2912, 
                    "score": 0.5, 
                    "spot": "Solar Eclipse"
                }, 
                {
                    "begin": 3080, 
                    "end": 3087, 
                    "score": 0.13760408759117126, 
                    "spot": "eclipse"
                }
            ], 
            "wiki_id": 5024887, 
            "wiki_title": "Solar eclipse"
        }, 
        {
            "annotations": [
                {
                    "begin": 14, 
                    "end": 16, 
                    "score": 0.012069689109921455, 
                    "spot": "ll"
                }
            ], 
            "wiki_id": 370192, 
            "wiki_title": "Ll"
        }, 
        {
            "annotations": [
                {
                    "begin": 2959, 
                    "end": 2972, 
                    "score": 0.057210031896829605, 
                    "spot": "Student Union"
                }
            ], 
            "wiki_id": 519901, 
            "wiki_title": "Students' union"
        }, 
        {
            "annotations": [
                {
                    "begin": 1005, 
                    "end": 1014, 
                    "score": 0.05543523654341698, 
                    "spot": "inundated"
                }
            ], 
            "wiki_id": 50482, 
            "wiki_title": "Flood"
        }, 
        {
            "annotations": [
                {
                    "begin": 2024, 
                    "end": 2030, 
                    "score": 0.12204381823539734, 
                    "spot": "window"
                }
            ], 
            "wiki_id": 49400, 
            "wiki_title": "Window"
        }, 
        {
            "annotations": [
                {
                    "begin": 1953, 
                    "end": 1960, 
                    "score": 0.08984552323818207, 
                    "spot": "Eclipse"
                }
            ], 
            "wiki_id": 1216853, 
            "wiki_title": "Eclipse Comics"
        }, 
        {
            "annotations": [
                {
                    "begin": 2235, 
                    "end": 2239, 
                    "score": 0.23015186190605164, 
                    "spot": "will"
                }, 
                {
                    "begin": 2486, 
                    "end": 2490, 
                    "score": 0.0018194559961557388, 
                    "spot": "will"
                }, 
                {
                    "begin": 2601, 
                    "end": 2605, 
                    "score": 0.0579470619559288, 
                    "spot": "will"
                }, 
                {
                    "begin": 3006, 
                    "end": 3010, 
                    "score": 0.17817169427871704, 
                    "spot": "will"
                }
            ], 
            "wiki_id": 47921, 
            "wiki_title": "Free will"
        }, 
        {
            "annotations": [
                {
                    "begin": 2402, 
                    "end": 2418, 
                    "score": 0.13538849353790283, 
                    "spot": "recorded message"
                }
            ], 
            "wiki_id": 254857, 
            "wiki_title": "Answering machine"
        }, 
        {
            "annotations": [
                {
                    "begin": 1782, 
                    "end": 1787, 
                    "score": 0.13344216346740723, 
                    "spot": "toast"
                }
            ], 
            "wiki_id": 1329938, 
            "wiki_title": "Toast (honor)"
        }, 
        {
            "annotations": [
                {
                    "begin": 1537, 
                    "end": 1542, 
                    "score": 0.0009600822231732309, 
                    "spot": "total"
                }
            ], 
            "wiki_id": 804161, 
            "wiki_title": "Total S.A."
        }, 
        {
            "annotations": [
                {
                    "begin": 1667, 
                    "end": 1679, 
                    "score": 0.5, 
                    "spot": "Scott\nWiener"
                }
            ], 
            "wiki_id": 30305257, 
            "wiki_title": "Scott Wiener"
        }, 
        {
            "annotations": [
                {
                    "begin": 1977, 
                    "end": 1983, 
                    "score": 0.0005572295631282032, 
                    "spot": "put on"
                }
            ], 
            "wiki_id": 17239747, 
            "wiki_title": "Put On"
        }, 
        {
            "annotations": [
                {
                    "begin": 3338, 
                    "end": 3345, 
                    "score": 0.07291287183761597, 
                    "spot": "Brewery"
                }
            ], 
            "wiki_id": 19555342, 
            "wiki_title": "Brewery"
        }, 
        {
            "annotations": [
                {
                    "begin": 866, 
                    "end": 871, 
                    "score": 0.09047820419073105, 
                    "spot": "stock"
                }
            ], 
            "wiki_id": 19372783, 
            "wiki_title": "Stock"
        }, 
        {
            "annotations": [
                {
                    "begin": 2325, 
                    "end": 2331, 
                    "score": 0.1891734004020691, 
                    "spot": "Camden"
                }
            ], 
            "wiki_id": 135081, 
            "wiki_title": "Camden, Tennessee"
        }, 
        {
            "annotations": [
                {
                    "begin": 462, 
                    "end": 470, 
                    "score": 0.0008103727595880628, 
                    "spot": "watching"
                }
            ], 
            "wiki_id": 1492414, 
            "wiki_title": "Watching"
        }, 
        {
            "annotations": [
                {
                    "begin": 961, 
                    "end": 968, 
                    "score": 0.08984552323818207, 
                    "spot": "eclipse"
                }
            ], 
            "wiki_id": 3654231, 
            "wiki_title": "L'Eclisse"
        }, 
        {
            "annotations": [
                {
                    "begin": 3413, 
                    "end": 3420, 
                    "score": 0.1412673443555832, 
                    "spot": "Mercury"
                }
            ], 
            "wiki_id": 325909, 
            "wiki_title": "Mercury Records"
        }, 
        {
            "annotations": [
                {
                    "begin": 373, 
                    "end": 381, 
                    "score": 0.014638597145676613, 
                    "spot": "Millions"
                }
            ], 
            "wiki_id": 1045999, 
            "wiki_title": "Million"
        }, 
        {
            "annotations": [
                {
                    "begin": 418, 
                    "end": 425, 
                    "score": 0.0012010628124698997, 
                    "spot": "morning"
                }
            ], 
            "wiki_id": 33169788, 
            "wiki_title": "In the Morning (J. Cole song)"
        }, 
        {
            "annotations": [
                {
                    "begin": 3137, 
                    "end": 3143, 
                    "score": 0.1672891527414322, 
                    "spot": "Kenton"
                }
            ], 
            "wiki_id": 95581, 
            "wiki_title": "Kenton County, Kentucky"
        }, 
        {
            "annotations": [
                {
                    "begin": 2244, 
                    "end": 2246, 
                    "score": 0.013871152885258198, 
                    "spot": "up"
                }, 
                {
                    "begin": 3256, 
                    "end": 3258, 
                    "score": 0.05874093621969223, 
                    "spot": "up"
                }
            ], 
            "wiki_id": 42317, 
            "wiki_title": "United Press International"
        }, 
        {
            "annotations": [
                {
                    "begin": 1846, 
                    "end": 1850, 
                    "score": 0.07244318723678589, 
                    "spot": "time"
                }
            ], 
            "wiki_id": 29446866, 
            "wiki_title": "In Time"
        }, 
        {
            "annotations": [
                {
                    "begin": 773, 
                    "end": 784, 
                    "score": 0.0012761205434799194, 
                    "spot": "desperately"
                }
            ], 
            "wiki_id": 16339348, 
            "wiki_title": "Desperately (Bruce Robison song)"
        }, 
        {
            "annotations": [
                {
                    "begin": 737, 
                    "end": 741, 
                    "score": 0.0022479768376797438, 
                    "spot": "item"
                }
            ], 
            "wiki_id": 13975629, 
            "wiki_title": "Item (gaming)"
        }, 
        {
            "annotations": [
                {
                    "begin": 1453, 
                    "end": 1459, 
                    "score": 0.007616608403623104, 
                    "spot": "booked"
                }, 
                {
                    "begin": 1559, 
                    "end": 1565, 
                    "score": 0.025633394718170166, 
                    "spot": "booked"
                }
            ], 
            "wiki_id": 5278652, 
            "wiki_title": "Penalty card"
        }, 
        {
            "annotations": [
                {
                    "begin": 150, 
                    "end": 157, 
                    "score": 0.2000626176595688, 
                    "spot": "looking"
                }
            ], 
            "wiki_id": 21280496, 
            "wiki_title": "Visual perception"
        }, 
        {
            "annotations": [
                {
                    "begin": 2447, 
                    "end": 2455, 
                    "score": 0.17701458930969238, 
                    "spot": "Berkeley"
                }
            ], 
            "wiki_id": 4860, 
            "wiki_title": "Berkeley, California"
        }, 
        {
            "annotations": [
                {
                    "begin": 2638, 
                    "end": 2649, 
                    "score": 0.10679150372743607, 
                    "spot": "information"
                }, 
                {
                    "begin": 3370, 
                    "end": 3381, 
                    "score": 0.13615328073501587, 
                    "spot": "information"
                }
            ], 
            "wiki_id": 36674345, 
            "wiki_title": "Information technology"
        }, 
        {
            "annotations": [
                {
                    "begin": 104, 
                    "end": 113, 
                    "score": 0.0012148991227149963, 
                    "spot": "customers"
                }
            ], 
            "wiki_id": 234206, 
            "wiki_title": "Customer"
        }, 
        {
            "annotations": [
                {
                    "begin": 1425, 
                    "end": 1431, 
                    "score": 0.0025840154848992825, 
                    "spot": "chance"
                }
            ], 
            "wiki_id": 19196523, 
            "wiki_title": "Randomness"
        }, 
        {
            "annotations": [
                {
                    "begin": 1333, 
                    "end": 1336, 
                    "score": 0.0770849660038948, 
                    "spot": "p.m"
                }
            ], 
            "wiki_id": 30876688, 
            "wiki_title": "Particulates"
        }, 
        {
            "annotations": [
                {
                    "begin": 1020, 
                    "end": 1025, 
                    "score": 0.04465542361140251, 
                    "spot": "calls"
                }
            ], 
            "wiki_id": 32177451, 
            "wiki_title": "Subroutine"
        }, 
        {
            "annotations": [
                {
                    "begin": 63, 
                    "end": 65, 
                    "score": 0.008185088634490967, 
                    "spot": "oh"
                }
            ], 
            "wiki_id": 22303, 
            "wiki_title": "Oxygen"
        }, 
        {
            "annotations": [
                {
                    "begin": 1222, 
                    "end": 1226, 
                    "score": 0.04820690304040909, 
                    "spot": "will"
                }, 
                {
                    "begin": 1777, 
                    "end": 1781, 
                    "score": 0.10463225096464157, 
                    "spot": "will"
                }, 
                {
                    "begin": 2699, 
                    "end": 2703, 
                    "score": 0.10806258767843246, 
                    "spot": "will"
                }
            ], 
            "wiki_id": 77697, 
            "wiki_title": "Will and testament"
        }, 
        {
            "annotations": [
                {
                    "begin": 2789, 
                    "end": 2793, 
                    "score": 0.06908344477415085, 
                    "spot": "Anza"
                }
            ], 
            "wiki_id": 3304634, 
            "wiki_title": "Anza, California"
        }, 
        {
            "annotations": [
                {
                    "begin": 3015, 
                    "end": 3017, 
                    "score": 0.0006597136962227523, 
                    "spot": "up"
                }
            ], 
            "wiki_id": 312240, 
            "wiki_title": "UP (complexity)"
        }, 
        {
            "annotations": [
                {
                    "begin": 1494, 
                    "end": 1500, 
                    "score": 0.3354044556617737, 
                    "spot": "Hawaii"
                }
            ], 
            "wiki_id": 13270, 
            "wiki_title": "Hawaii"
        }, 
        {
            "annotations": [
                {
                    "begin": 1877, 
                    "end": 1880, 
                    "score": 0.021597133949398994, 
                    "spot": "cab"
                }
            ], 
            "wiki_id": 17239853, 
            "wiki_title": "The Cab"
        }, 
        {
            "annotations": [
                {
                    "begin": 166, 
                    "end": 174, 
                    "score": 0.1921643614768982, 
                    "spot": "audience"
                }
            ], 
            "wiki_id": 696946, 
            "wiki_title": "Audience"
        }, 
        {
            "annotations": [
                {
                    "begin": 1804, 
                    "end": 1811, 
                    "score": 0.38011443614959717, 
                    "spot": "Coronas"
                }
            ], 
            "wiki_id": 7839, 
            "wiki_title": "Corona"
        }, 
        {
            "annotations": [
                {
                    "begin": 2843, 
                    "end": 2879, 
                    "score": 0.4117647111415863, 
                    "spot": "California State University, Hayward"
                }
            ], 
            "wiki_id": 510993, 
            "wiki_title": "California State University, East Bay"
        }, 
        {
            "annotations": [
                {
                    "begin": 3175, 
                    "end": 3182, 
                    "score": 0.10984925925731659, 
                    "spot": "physics"
                }
            ], 
            "wiki_id": 22939, 
            "wiki_title": "Physics"
        }, 
        {
            "annotations": [
                {
                    "begin": 1683, 
                    "end": 1699, 
                    "score": 0.006188118830323219, 
                    "spot": "computer company"
                }
            ], 
            "wiki_id": 46457088, 
            "wiki_title": "The Computer Company"
        }, 
        {
            "annotations": [
                {
                    "begin": 1483, 
                    "end": 1489, 
                    "score": 0.2616507411003113, 
                    "spot": "Mexico"
                }
            ], 
            "wiki_id": 3966054, 
            "wiki_title": "Mexico"
        }, 
        {
            "annotations": [
                {
                    "begin": 2691, 
                    "end": 2698, 
                    "score": 0.07156585901975632, 
                    "spot": "viewing"
                }, 
                {
                    "begin": 2914, 
                    "end": 2921, 
                    "score": 0.0007371007231995463, 
                    "spot": "viewing"
                }
            ], 
            "wiki_id": 2798319, 
            "wiki_title": "Viewing (funeral)"
        }, 
        {
            "annotations": [
                {
                    "begin": 264, 
                    "end": 270, 
                    "score": 0.004895021673291922, 
                    "spot": "acting"
                }
            ], 
            "wiki_id": 101146, 
            "wiki_title": "Mayor"
        }, 
        {
            "annotations": [
                {
                    "begin": 1931, 
                    "end": 1936, 
                    "score": 0.04085502028465271, 
                    "spot": "store"
                }, 
                {
                    "begin": 2768, 
                    "end": 2773, 
                    "score": 0.060800354927778244, 
                    "spot": "store"
                }
            ], 
            "wiki_id": 28174, 
            "wiki_title": "Data storage device"
        }, 
        {
            "annotations": [
                {
                    "begin": 1179, 
                    "end": 1186, 
                    "score": 0.03944523259997368, 
                    "spot": "viewing"
                }, 
                {
                    "begin": 2502, 
                    "end": 2509, 
                    "score": 0.09852579236030579, 
                    "spot": "viewing"
                }, 
                {
                    "begin": 3092, 
                    "end": 3099, 
                    "score": 0.03361033275723457, 
                    "spot": "viewing"
                }
            ], 
            "wiki_id": 992525, 
            "wiki_title": "Infographic"
        }, 
        {
            "annotations": [
                {
                    "begin": 223, 
                    "end": 226, 
                    "score": 0.07254970818758011, 
                    "spot": "way"
                }
            ], 
            "wiki_id": 38906878, 
            "wiki_title": "The Way (Ariana Grande song)"
        }, 
        {
            "annotations": [
                {
                    "begin": 2077, 
                    "end": 2091, 
                    "score": 0.317241370677948, 
                    "spot": "I'll be around"
                }
            ], 
            "wiki_id": 12331264, 
            "wiki_title": "I'll Be Around (1942 song)"
        }, 
        {
            "annotations": [
                {
                    "begin": 271, 
                    "end": 281, 
                    "score": 0.14817148447036743, 
                    "spot": "these days"
                }
            ], 
            "wiki_id": 44072981, 
            "wiki_title": "These Days (Take That song)"
        }
    ]
}