{
    "tagme": [
        {
            "annotations": [
                {
                    "begin": 735, 
                    "end": 742, 
                    "score": 0.07531306147575378, 
                    "spot": "Johnson"
                }, 
                {
                    "begin": 1075, 
                    "end": 1082, 
                    "score": 0.09536189585924149, 
                    "spot": "Johnson"
                }, 
                {
                    "begin": 1598, 
                    "end": 1605, 
                    "score": 0.10505858063697815, 
                    "spot": "Johnson"
                }
            ], 
            "wiki_id": 48594, 
            "wiki_title": "Samuel Johnson"
        }, 
        {
            "annotations": [
                {
                    "begin": 580, 
                    "end": 588, 
                    "score": 0.07412528246641159, 
                    "spot": "vilified"
                }
            ], 
            "wiki_id": 28661, 
            "wiki_title": "Defamation"
        }, 
        {
            "annotations": [
                {
                    "begin": 104, 
                    "end": 111, 
                    "score": 0.09004416316747665, 
                    "spot": "officer"
                }
            ], 
            "wiki_id": 310240, 
            "wiki_title": "Police officer"
        }, 
        {
            "annotations": [
                {
                    "begin": 22, 
                    "end": 29, 
                    "score": 0.06340054422616959, 
                    "spot": "seconds"
                }
            ], 
            "wiki_id": 3733842, 
            "wiki_title": "Seconds (film)"
        }, 
        {
            "annotations": [
                {
                    "begin": 2349, 
                    "end": 2354, 
                    "score": 0.033794861286878586, 
                    "spot": "arena"
                }
            ], 
            "wiki_id": 646373, 
            "wiki_title": "Arena (band)"
        }, 
        {
            "annotations": [
                {
                    "begin": 2280, 
                    "end": 2284, 
                    "score": 0.1032232940196991, 
                    "spot": "loud"
                }
            ], 
            "wiki_id": 493399, 
            "wiki_title": "Loudness"
        }, 
        {
            "annotations": [
                {
                    "begin": 228, 
                    "end": 234, 
                    "score": 0.060428790748119354, 
                    "spot": "record"
                }
            ], 
            "wiki_id": 147101, 
            "wiki_title": "Record label"
        }, 
        {
            "annotations": [
                {
                    "begin": 2100, 
                    "end": 2112, 
                    "score": 0.013041880913078785, 
                    "spot": "run . . . it"
                }
            ], 
            "wiki_id": 2788842, 
            "wiki_title": "Run It!"
        }, 
        {
            "annotations": [
                {
                    "begin": 2367, 
                    "end": 2370, 
                    "score": 0.0601462796330452, 
                    "spot": "Ben"
                }
            ], 
            "wiki_id": 159599, 
            "wiki_title": "Ben Affleck"
        }, 
        {
            "annotations": [
                {
                    "begin": 1711, 
                    "end": 1721, 
                    "score": 0.003552971640601754, 
                    "spot": "upper body"
                }
            ], 
            "wiki_id": 674207, 
            "wiki_title": "Torso"
        }, 
        {
            "annotations": [
                {
                    "begin": 2460, 
                    "end": 2471, 
                    "score": 0.0416666679084301, 
                    "spot": "Burn Rubber"
                }
            ], 
            "wiki_id": 6965937, 
            "wiki_title": "Burn Rubber on Me (Why You Wanna Hurt Me)"
        }, 
        {
            "annotations": [
                {
                    "begin": 1280, 
                    "end": 1284, 
                    "score": 0.08973582088947296, 
                    "spot": "loss"
                }
            ], 
            "wiki_id": 234798, 
            "wiki_title": "Grief"
        }, 
        {
            "annotations": [
                {
                    "begin": 2408, 
                    "end": 2411, 
                    "score": 0.004758147057145834, 
                    "spot": "Ben"
                }, 
                {
                    "begin": 2473, 
                    "end": 2476, 
                    "score": 0.12250632047653198, 
                    "spot": "Ben"
                }
            ], 
            "wiki_id": 90095, 
            "wiki_title": "Ben Stiller"
        }, 
        {
            "annotations": [
                {
                    "begin": 1456, 
                    "end": 1459, 
                    "score": 0.0011050833854824305, 
                    "spot": "I'm"
                }, 
                {
                    "begin": 2016, 
                    "end": 2019, 
                    "score": 0.03596726432442665, 
                    "spot": "I'm"
                }
            ], 
            "wiki_id": 19011063, 
            "wiki_title": "Windows Live Messenger"
        }, 
        {
            "annotations": [
                {
                    "begin": 367, 
                    "end": 373, 
                    "score": 0.040495943278074265, 
                    "spot": "return"
                }
            ], 
            "wiki_id": 35226203, 
            "wiki_title": "The Return (Shinhwa album)"
        }, 
        {
            "annotations": [
                {
                    "begin": 562, 
                    "end": 565, 
                    "score": 0.0005181347369216383, 
                    "spot": "him"
                }
            ], 
            "wiki_id": 462387, 
            "wiki_title": "Adam Warlock"
        }, 
        {
            "annotations": [
                {
                    "begin": 1153, 
                    "end": 1157, 
                    "score": 0.000545203045476228, 
                    "spot": "back"
                }
            ], 
            "wiki_id": 3524381, 
            "wiki_title": "Human back"
        }, 
        {
            "annotations": [
                {
                    "begin": 1872, 
                    "end": 1886, 
                    "score": 0.3448425531387329, 
                    "spot": "bench-pressing"
                }
            ], 
            "wiki_id": 641570, 
            "wiki_title": "Bench press"
        }, 
        {
            "annotations": [
                {
                    "begin": 455, 
                    "end": 459, 
                    "score": 0.1128750741481781, 
                    "spot": "fame"
                }
            ], 
            "wiki_id": 5796, 
            "wiki_title": "Celebrity"
        }, 
        {
            "annotations": [
                {
                    "begin": 435, 
                    "end": 438, 
                    "score": 0.08563108742237091, 
                    "spot": "him"
                }
            ], 
            "wiki_id": 595284, 
            "wiki_title": "HIM (Finnish band)"
        }, 
        {
            "annotations": [
                {
                    "begin": 999, 
                    "end": 1006, 
                    "score": 0.157653346657753, 
                    "spot": "Johnson"
                }, 
                {
                    "begin": 1762, 
                    "end": 1769, 
                    "score": 0.11169937252998352, 
                    "spot": "Johnson"
                }
            ], 
            "wiki_id": 26010, 
            "wiki_title": "Robert Johnson"
        }, 
        {
            "annotations": [
                {
                    "begin": 1661, 
                    "end": 1669, 
                    "score": 0.0942201167345047, 
                    "spot": "Olympics"
                }
            ], 
            "wiki_id": 2176142, 
            "wiki_title": "2012 Summer Olympics"
        }, 
        {
            "annotations": [
                {
                    "begin": 129, 
                    "end": 145, 
                    "score": 0.04390018433332443, 
                    "spot": "crime prevention"
                }
            ], 
            "wiki_id": 5556196, 
            "wiki_title": "Crime prevention"
        }, 
        {
            "annotations": [
                {
                    "begin": 512, 
                    "end": 525, 
                    "score": 0.12820076942443848, 
                    "spot": "positive test"
                }, 
                {
                    "begin": 1947, 
                    "end": 1955, 
                    "score": 0.0015392379136756063, 
                    "spot": "positive"
                }
            ], 
            "wiki_id": 12439068, 
            "wiki_title": "Medical test"
        }, 
        {
            "annotations": [
                {
                    "begin": 1170, 
                    "end": 1189, 
                    "score": 0.17391304671764374, 
                    "spot": "hard to concentrate"
                }
            ], 
            "wiki_id": 3215067, 
            "wiki_title": "Stadium Arcadium"
        }, 
        {
            "annotations": [
                {
                    "begin": 1646, 
                    "end": 1653, 
                    "score": 0.06230350211262703, 
                    "spot": "victory"
                }
            ], 
            "wiki_id": 2496227, 
            "wiki_title": "Victory (The Jacksons album)"
        }, 
        {
            "annotations": [
                {
                    "begin": 1517, 
                    "end": 1529, 
                    "score": 0.20411695539951324, 
                    "spot": "drug testing"
                }
            ], 
            "wiki_id": 986871, 
            "wiki_title": "Drug test"
        }, 
        {
            "annotations": [
                {
                    "begin": 1356, 
                    "end": 1359, 
                    "score": 0.06683796644210815, 
                    "spot": "ran"
                }
            ], 
            "wiki_id": 426479, 
            "wiki_title": "Showrunner"
        }, 
        {
            "annotations": [
                {
                    "begin": 9, 
                    "end": 13, 
                    "score": 0.06675692647695541, 
                    "spot": "time"
                }, 
                {
                    "begin": 62, 
                    "end": 66, 
                    "score": 0.00507361302152276, 
                    "spot": "time"
                }, 
                {
                    "begin": 1326, 
                    "end": 1330, 
                    "score": 0.0927029401063919, 
                    "spot": "time"
                }
            ], 
            "wiki_id": 31600, 
            "wiki_title": "Time (magazine)"
        }, 
        {
            "annotations": [
                {
                    "begin": 255, 
                    "end": 259, 
                    "score": 0.003619518829509616, 
                    "spot": "drew"
                }
            ], 
            "wiki_id": 31983971, 
            "wiki_title": "Harmon Caldwell Drew"
        }, 
        {
            "annotations": [
                {
                    "begin": 2261, 
                    "end": 2264, 
                    "score": 0.0008345537935383618, 
                    "spot": "won"
                }
            ], 
            "wiki_id": 3170309, 
            "wiki_title": "2003\u201304 UEFA Champions League"
        }, 
        {
            "annotations": [
                {
                    "begin": 723, 
                    "end": 729, 
                    "score": 0.04565002769231796, 
                    "spot": "Friday"
                }
            ], 
            "wiki_id": 38252, 
            "wiki_title": "Radiohead"
        }, 
        {
            "annotations": [
                {
                    "begin": 675, 
                    "end": 680, 
                    "score": 0.055216558277606964, 
                    "spot": "sport"
                }
            ], 
            "wiki_id": 25778403, 
            "wiki_title": "Sport"
        }, 
        {
            "annotations": [
                {
                    "begin": 1615, 
                    "end": 1618, 
                    "score": 0.06955890357494354, 
                    "spot": "one"
                }, 
                {
                    "begin": 2356, 
                    "end": 2359, 
                    "score": 0.05263105407357216, 
                    "spot": "One"
                }
            ], 
            "wiki_id": 2233309, 
            "wiki_title": "One (U2 song)"
        }, 
        {
            "annotations": [
                {
                    "begin": 2429, 
                    "end": 2431, 
                    "score": 0.004958091303706169, 
                    "spot": "Go"
                }
            ], 
            "wiki_id": 6937816, 
            "wiki_title": "Go! (Common song)"
        }, 
        {
            "annotations": [
                {
                    "begin": 778, 
                    "end": 788, 
                    "score": 0.007305669132620096, 
                    "spot": "slow start"
                }
            ], 
            "wiki_id": 1723471, 
            "wiki_title": "TCP congestion control"
        }, 
        {
            "annotations": [
                {
                    "begin": 1440, 
                    "end": 1450, 
                    "score": 0.2517921030521393, 
                    "spot": "good shape"
                }, 
                {
                    "begin": 1445, 
                    "end": 1450, 
                    "score": 0.25352200865745544, 
                    "spot": "shape"
                }
            ], 
            "wiki_id": 9863036, 
            "wiki_title": "Shape (Go)"
        }, 
        {
            "annotations": [
                {
                    "begin": 862, 
                    "end": 868, 
                    "score": 0.12879705429077148, 
                    "spot": "blocks"
                }
            ], 
            "wiki_id": 1829132, 
            "wiki_title": "Block (basketball)"
        }, 
        {
            "annotations": [
                {
                    "begin": 1723, 
                    "end": 1726, 
                    "score": 0.0011177517008036375, 
                    "spot": "nor"
                }
            ], 
            "wiki_id": 8262087, 
            "wiki_title": "VG-lista"
        }, 
        {
            "annotations": [
                {
                    "begin": 925, 
                    "end": 930, 
                    "score": 0.0008483080891892314, 
                    "spot": "eight"
                }
            ], 
            "wiki_id": 854619, 
            "wiki_title": "Eight-string guitar"
        }, 
        {
            "annotations": [
                {
                    "begin": 1835, 
                    "end": 1842, 
                    "score": 0.16937094926834106, 
                    "spot": "lifting"
                }
            ], 
            "wiki_id": 20431, 
            "wiki_title": "Momentum"
        }, 
        {
            "annotations": [
                {
                    "begin": 848, 
                    "end": 854, 
                    "score": 0.016519062221050262, 
                    "spot": "caught"
                }
            ], 
            "wiki_id": 2719351, 
            "wiki_title": "Reception (gridiron football)"
        }, 
        {
            "annotations": [
                {
                    "begin": 589, 
                    "end": 597, 
                    "score": 0.05690932273864746, 
                    "spot": "champion"
                }
            ], 
            "wiki_id": 945661, 
            "wiki_title": "Champion"
        }, 
        {
            "annotations": [
                {
                    "begin": 1548, 
                    "end": 1565, 
                    "score": 0.12386230379343033, 
                    "spot": "randomly selected"
                }
            ], 
            "wiki_id": 160361, 
            "wiki_title": "Sampling (statistics)"
        }, 
        {
            "annotations": [
                {
                    "begin": 1627, 
                    "end": 1633, 
                    "score": 0.006404958665370941, 
                    "spot": "bolted"
                }
            ], 
            "wiki_id": 922087, 
            "wiki_title": "Bolted joint"
        }, 
        {
            "annotations": [
                {
                    "begin": 1065, 
                    "end": 1072, 
                    "score": 0.0007761160377413034, 
                    "spot": "success"
                }
            ], 
            "wiki_id": 613055, 
            "wiki_title": "1954 Guatemalan coup d'\u00e9tat"
        }, 
        {
            "annotations": [
                {
                    "begin": 635, 
                    "end": 638, 
                    "score": 0.17979520559310913, 
                    "spot": "led"
                }
            ], 
            "wiki_id": 418780, 
            "wiki_title": "Headlamp"
        }, 
        {
            "annotations": [
                {
                    "begin": 1050, 
                    "end": 1055, 
                    "score": 0.0019739822018891573, 
                    "spot": "think"
                }
            ], 
            "wiki_id": 27748226, 
            "wiki_title": "Jeopardy!"
        }, 
        {
            "annotations": [
                {
                    "begin": 1984, 
                    "end": 1991, 
                    "score": 0.38363611698150635, 
                    "spot": "steroid"
                }
            ], 
            "wiki_id": 141922, 
            "wiki_title": "Steroid"
        }, 
        {
            "annotations": [
                {
                    "begin": 507, 
                    "end": 509, 
                    "score": 0.0010810111416503787, 
                    "spot": "if"
                }
            ], 
            "wiki_id": 155571, 
            "wiki_title": "If (magazine)"
        }, 
        {
            "annotations": [
                {
                    "begin": 1382, 
                    "end": 1388, 
                    "score": 0.004786921199411154, 
                    "spot": "listed"
                }
            ], 
            "wiki_id": 202009, 
            "wiki_title": "Listed building"
        }, 
        {
            "annotations": [
                {
                    "begin": 931, 
                    "end": 938, 
                    "score": 0.0006248906720429659, 
                    "spot": "minutes"
                }
            ], 
            "wiki_id": 19372, 
            "wiki_title": "Minute"
        }, 
        {
            "annotations": [
                {
                    "begin": 2115, 
                    "end": 2120, 
                    "score": 0.09340379387140274, 
                    "spot": "speed"
                }
            ], 
            "wiki_id": 165198, 
            "wiki_title": "Wind speed"
        }, 
        {
            "annotations": [
                {
                    "begin": 493, 
                    "end": 497, 
                    "score": 0.32225775718688965, 
                    "spot": "gold"
                }, 
                {
                    "begin": 493, 
                    "end": 506, 
                    "score": 0.2611968517303467, 
                    "spot": "gold medalist"
                }
            ], 
            "wiki_id": 526488, 
            "wiki_title": "Gold medal"
        }, 
        {
            "annotations": [
                {
                    "begin": 521, 
                    "end": 525, 
                    "score": 0.13318152725696564, 
                    "spot": "test"
                }
            ], 
            "wiki_id": 30284, 
            "wiki_title": "Statistical hypothesis testing"
        }, 
        {
            "annotations": [
                {
                    "begin": 170, 
                    "end": 173, 
                    "score": 0.06031746044754982, 
                    "spot": "Fla"
                }
            ], 
            "wiki_id": 18933066, 
            "wiki_title": "Florida"
        }, 
        {
            "annotations": [
                {
                    "begin": 533, 
                    "end": 546, 
                    "score": 0.2358490526676178, 
                    "spot": "1988 Olympics"
                }
            ], 
            "wiki_id": 3196682, 
            "wiki_title": "Football at the 1988 Summer Olympics"
        }, 
        {
            "annotations": [
                {
                    "begin": 2465, 
                    "end": 2471, 
                    "score": 0.16988760232925415, 
                    "spot": "Rubber"
                }
            ], 
            "wiki_id": 28084941, 
            "wiki_title": "Rubber (2010 film)"
        }, 
        {
            "annotations": [
                {
                    "begin": 1817, 
                    "end": 1823, 
                    "score": 0.11656223237514496, 
                    "spot": "pounds"
                }, 
                {
                    "begin": 1891, 
                    "end": 1897, 
                    "score": 0.25318455696105957, 
                    "spot": "pounds"
                }
            ], 
            "wiki_id": 23316, 
            "wiki_title": "Pound (mass)"
        }, 
        {
            "annotations": [
                {
                    "begin": 304, 
                    "end": 317, 
                    "score": 0.5122523307800293, 
                    "spot": "North America"
                }
            ], 
            "wiki_id": 21139, 
            "wiki_title": "North America"
        }, 
        {
            "annotations": [
                {
                    "begin": 825, 
                    "end": 835, 
                    "score": 0.5, 
                    "spot": "to\nCouncil"
                }
            ], 
            "wiki_id": 4240572, 
            "wiki_title": "Circle Ten Council"
        }, 
        {
            "annotations": [
                {
                    "begin": 946, 
                    "end": 951, 
                    "score": 0.0011210473021492362, 
                    "spot": "false"
                }
            ], 
            "wiki_id": 229823, 
            "wiki_title": "False (logic)"
        }, 
        {
            "annotations": [
                {
                    "begin": 1267, 
                    "end": 1272, 
                    "score": 0.08677259087562561, 
                    "spot": "first"
                }
            ], 
            "wiki_id": 27547393, 
            "wiki_title": "For Inspiration and Recognition of Science and Technology"
        }, 
        {
            "annotations": [
                {
                    "begin": 2043, 
                    "end": 2058, 
                    "score": 0.0019815058913081884, 
                    "spot": "before the race"
                }, 
                {
                    "begin": 2150, 
                    "end": 2165, 
                    "score": 0.0019815058913081884, 
                    "spot": "before the race"
                }
            ], 
            "wiki_id": 37420553, 
            "wiki_title": "Before the Race"
        }, 
        {
            "annotations": [
                {
                    "begin": 154, 
                    "end": 168, 
                    "score": 0.5663976669311523, 
                    "spot": "Alachua County"
                }
            ], 
            "wiki_id": 72000, 
            "wiki_title": "Alachua County, Florida"
        }, 
        {
            "annotations": [
                {
                    "begin": 1148, 
                    "end": 1152, 
                    "score": 0.10564872622489929, 
                    "spot": "race"
                }
            ], 
            "wiki_id": 1022, 
            "wiki_title": "Auto racing"
        }, 
        {
            "annotations": [
                {
                    "begin": 965, 
                    "end": 972, 
                    "score": 0.002126880455762148, 
                    "spot": "problem"
                }
            ], 
            "wiki_id": 39357588, 
            "wiki_title": "Problem (rapper)"
        }, 
        {
            "annotations": [
                {
                    "begin": 1862, 
                    "end": 1868, 
                    "score": 0.2815854251384735, 
                    "spot": "weight"
                }
            ], 
            "wiki_id": 33931, 
            "wiki_title": "Weight"
        }, 
        {
            "annotations": [
                {
                    "begin": 982, 
                    "end": 993, 
                    "score": 0.2705882489681244, 
                    "spot": "board track"
                }
            ], 
            "wiki_id": 5359012, 
            "wiki_title": "Board track racing"
        }, 
        {
            "annotations": [
                {
                    "begin": 1998, 
                    "end": 2004, 
                    "score": 0.06810422241687775, 
                    "spot": "People"
                }
            ], 
            "wiki_id": 507970, 
            "wiki_title": "People (magazine)"
        }, 
        {
            "annotations": [
                {
                    "begin": 2447, 
                    "end": 2452, 
                    "score": 0.20035311579704285, 
                    "spot": "third"
                }
            ], 
            "wiki_id": 565176, 
            "wiki_title": "Narration"
        }, 
        {
            "annotations": [
                {
                    "begin": 871, 
                    "end": 878, 
                    "score": 0.1557840257883072, 
                    "spot": "Johnson"
                }, 
                {
                    "begin": 1680, 
                    "end": 1687, 
                    "score": 0.09400662779808044, 
                    "spot": "Johnson"
                }
            ], 
            "wiki_id": 36753, 
            "wiki_title": "Magic Johnson"
        }, 
        {
            "annotations": [
                {
                    "begin": 1121, 
                    "end": 1123, 
                    "score": 0.07308439910411835, 
                    "spot": "me"
                }
            ], 
            "wiki_id": 19528, 
            "wiki_title": "Mechanical engineering"
        }, 
        {
            "annotations": [
                {
                    "begin": 1241, 
                    "end": 1243, 
                    "score": 0.0039350115694105625, 
                    "spot": "me"
                }
            ], 
            "wiki_id": 50711, 
            "wiki_title": "Middle English"
        }, 
        {
            "annotations": [
                {
                    "begin": 330, 
                    "end": 334, 
                    "score": 0.2459573894739151, 
                    "spot": "Asia"
                }
            ], 
            "wiki_id": 689, 
            "wiki_title": "Asia"
        }, 
        {
            "annotations": [
                {
                    "begin": 2396, 
                    "end": 2406, 
                    "score": 0.13100507855415344, 
                    "spot": "Just Do It"
                }
            ], 
            "wiki_id": 1022352, 
            "wiki_title": "Melissa McCarthy"
        }, 
        {
            "annotations": [
                {
                    "begin": 2299, 
                    "end": 2306, 
                    "score": 0.012249442748725414, 
                    "spot": "Banners"
                }
            ], 
            "wiki_id": 851240, 
            "wiki_title": "Banners of Inner Mongolia"
        }, 
        {
            "annotations": [
                {
                    "begin": 818, 
                    "end": 824, 
                    "score": 0.12832798063755035, 
                    "spot": "inches"
                }
            ], 
            "wiki_id": 14775, 
            "wiki_title": "Inch"
        }, 
        {
            "annotations": [
                {
                    "begin": 1297, 
                    "end": 1303, 
                    "score": 0.14912830293178558, 
                    "spot": "dating"
                }
            ], 
            "wiki_id": 9919443, 
            "wiki_title": "Dating"
        }, 
        {
            "annotations": [
                {
                    "begin": 902, 
                    "end": 907, 
                    "score": 0.09144607931375504, 
                    "spot": "start"
                }, 
                {
                    "begin": 952, 
                    "end": 958, 
                    "score": 0.0029895587358623743, 
                    "spot": "starts"
                }
            ], 
            "wiki_id": 474275, 
            "wiki_title": "Starting pitcher"
        }, 
        {
            "annotations": [
                {
                    "begin": 319, 
                    "end": 325, 
                    "score": 0.4170644283294678, 
                    "spot": "Europe"
                }
            ], 
            "wiki_id": 9239, 
            "wiki_title": "Europe"
        }, 
        {
            "annotations": [
                {
                    "begin": 1962, 
                    "end": 1983, 
                    "score": 0.10026028752326965, 
                    "spot": "performance-enhancing"
                }
            ], 
            "wiki_id": 7214191, 
            "wiki_title": "Performance-enhancing drugs"
        }, 
        {
            "annotations": [
                {
                    "begin": 206, 
                    "end": 211, 
                    "score": 0.05678199604153633, 
                    "spot": "brief"
                }
            ], 
            "wiki_id": 7613845, 
            "wiki_title": "Design brief"
        }, 
        {
            "annotations": [
                {
                    "begin": 1412, 
                    "end": 1421, 
                    "score": 0.056768450886011124, 
                    "spot": "50 meters"
                }
            ], 
            "wiki_id": 18811246, 
            "wiki_title": "50 metres"
        }, 
        {
            "annotations": [
                {
                    "begin": 217, 
                    "end": 225, 
                    "score": 0.07787468284368515, 
                    "spot": "produced"
                }
            ], 
            "wiki_id": 2417230, 
            "wiki_title": "Sound recording and reproduction"
        }, 
        {
            "annotations": [
                {
                    "begin": 2269, 
                    "end": 2274, 
                    "score": 0.00076867057941854, 
                    "spot": "broke"
                }
            ], 
            "wiki_id": 839943, 
            "wiki_title": "Bone fracture"
        }, 
        {
            "annotations": [
                {
                    "begin": 1467, 
                    "end": 1473, 
                    "score": 0.010788621380925179, 
                    "spot": "racing"
                }
            ], 
            "wiki_id": 293861, 
            "wiki_title": "Motorsport"
        }, 
        {
            "annotations": [
                {
                    "begin": 1939, 
                    "end": 1946, 
                    "score": 0.11266497522592545, 
                    "spot": "testing"
                }
            ], 
            "wiki_id": 254769, 
            "wiki_title": "Research and development"
        }, 
        {
            "annotations": [
                {
                    "begin": 441, 
                    "end": 451, 
                    "score": 0.12616828083992004, 
                    "spot": "millennium"
                }
            ], 
            "wiki_id": 2208575, 
            "wiki_title": "Millennium (Backstreet Boys album)"
        }, 
        {
            "annotations": [
                {
                    "begin": 2061, 
                    "end": 2065, 
                    "score": 0.14756610989570618, 
                    "spot": "Size"
                }
            ], 
            "wiki_id": 31880, 
            "wiki_title": "Universe"
        }, 
        {
            "annotations": [
                {
                    "begin": 1474, 
                    "end": 1479, 
                    "score": 0.11048489063978195, 
                    "spot": "shape"
                }
            ], 
            "wiki_id": 326307, 
            "wiki_title": "Supreme Headquarters Allied Powers Europe"
        }, 
        {
            "annotations": [
                {
                    "begin": 1735, 
                    "end": 1739, 
                    "score": 0.06175670772790909, 
                    "spot": "face"
                }
            ], 
            "wiki_id": 53234, 
            "wiki_title": "Face"
        }, 
        {
            "annotations": [
                {
                    "begin": 2074, 
                    "end": 2080, 
                    "score": 0.17569807171821594, 
                    "spot": "matter"
                }
            ], 
            "wiki_id": 6982432, 
            "wiki_title": "Matter (philosophy)"
        }, 
        {
            "annotations": [
                {
                    "begin": 2285, 
                    "end": 2293, 
                    "score": 0.1007269024848938, 
                    "spot": "cheering"
                }
            ], 
            "wiki_id": 1462983, 
            "wiki_title": "Cheering"
        }, 
        {
            "annotations": [
                {
                    "begin": 94, 
                    "end": 103, 
                    "score": 0.24319082498550415, 
                    "spot": "narcotics"
                }
            ], 
            "wiki_id": 218449, 
            "wiki_title": "Illegal drug trade"
        }, 
        {
            "annotations": [
                {
                    "begin": 407, 
                    "end": 411, 
                    "score": 0.010895456187427044, 
                    "spot": "Sept"
                }
            ], 
            "wiki_id": 336650, 
            "wiki_title": "Sept"
        }, 
        {
            "annotations": [
                {
                    "begin": 1102, 
                    "end": 1105, 
                    "score": 0.00719649950042367, 
                    "spot": "lot"
                }
            ], 
            "wiki_id": 6841967, 
            "wiki_title": "Land lot"
        }, 
        {
            "annotations": [
                {
                    "begin": 392, 
                    "end": 405, 
                    "score": 0.0882352963089943, 
                    "spot": "day of infamy"
                }
            ], 
            "wiki_id": 3111654, 
            "wiki_title": "Infamy Speech"
        }, 
        {
            "annotations": [
                {
                    "begin": 377, 
                    "end": 384, 
                    "score": 0.1570320874452591, 
                    "spot": "Johnson"
                }, 
                {
                    "begin": 708, 
                    "end": 715, 
                    "score": 0.1535613089799881, 
                    "spot": "Johnson"
                }, 
                {
                    "begin": 1257, 
                    "end": 1264, 
                    "score": 0.04872210696339607, 
                    "spot": "Johnson"
                }, 
                {
                    "begin": 1482, 
                    "end": 1489, 
                    "score": 0.17501984536647797, 
                    "spot": "Johnson"
                }, 
                {
                    "begin": 2030, 
                    "end": 2037, 
                    "score": 0.08263964205980301, 
                    "spot": "Johnson"
                }, 
                {
                    "begin": 2167, 
                    "end": 2174, 
                    "score": 0.07928166538476944, 
                    "spot": "Johnson"
                }
            ], 
            "wiki_id": 54533, 
            "wiki_title": "Lyndon B. Johnson"
        }, 
        {
            "annotations": [
                {
                    "begin": 1743, 
                    "end": 1748, 
                    "score": 0.21465373039245605, 
                    "spot": "puffy"
                }
            ], 
            "wiki_id": 152447, 
            "wiki_title": "Sean Combs"
        }, 
        {
            "annotations": [
                {
                    "begin": 120, 
                    "end": 125, 
                    "score": 0.0008145628380589187, 
                    "spot": "works"
                }
            ], 
            "wiki_id": 47962, 
            "wiki_title": "Musical composition"
        }, 
        {
            "annotations": [
                {
                    "begin": 694, 
                    "end": 698, 
                    "score": 0.08122804760932922, 
                    "spot": "epic"
                }
            ], 
            "wiki_id": 573199, 
            "wiki_title": "Epic Games"
        }, 
        {
            "annotations": [
                {
                    "begin": 235, 
                    "end": 240, 
                    "score": 0.0033790424931794405, 
                    "spot": "crowd"
                }
            ], 
            "wiki_id": 928595, 
            "wiki_title": "Crowd"
        }, 
        {
            "annotations": [
                {
                    "begin": 2161, 
                    "end": 2165, 
                    "score": 0.06810065358877182, 
                    "spot": "race"
                }
            ], 
            "wiki_id": 2046950, 
            "wiki_title": "Race (biology)"
        }, 
        {
            "annotations": [
                {
                    "begin": 2317, 
                    "end": 2320, 
                    "score": 0.0005181347369216383, 
                    "spot": "him"
                }
            ], 
            "wiki_id": 4384459, 
            "wiki_title": "Imperial Majesty (style)"
        }, 
        {
            "annotations": [
                {
                    "begin": 34, 
                    "end": 42, 
                    "score": 0.0049985297955572605, 
                    "spot": "eclipsed"
                }
            ], 
            "wiki_id": 1627862, 
            "wiki_title": "Eclipsed conformation"
        }, 
        {
            "annotations": [
                {
                    "begin": 70, 
                    "end": 83, 
                    "score": 0.5, 
                    "spot": "Daron\nCouncil"
                }
            ], 
            "wiki_id": 35914395, 
            "wiki_title": "Daron Council"
        }, 
        {
            "annotations": [
                {
                    "begin": 2198, 
                    "end": 2214, 
                    "score": 0.1575556993484497, 
                    "spot": "standing ovation"
                }
            ], 
            "wiki_id": 759046, 
            "wiki_title": "Standing ovation"
        }, 
        {
            "annotations": [
                {
                    "begin": 1109, 
                    "end": 1117, 
                    "score": 0.060693491250276566, 
                    "spot": "pressure"
                }
            ], 
            "wiki_id": 47484, 
            "wiki_title": "Atmospheric pressure"
        }, 
        {
            "annotations": [
                {
                    "begin": 2096, 
                    "end": 2103, 
                    "score": 0.00712589081376791, 
                    "spot": "you run"
                }
            ], 
            "wiki_id": 1912196, 
            "wiki_title": "In Due Time"
        }, 
        {
            "annotations": [
                {
                    "begin": 212, 
                    "end": 216, 
                    "score": 0.024394657462835312, 
                    "spot": "race"
                }, 
                {
                    "begin": 718, 
                    "end": 722, 
                    "score": 0.14437136054039001, 
                    "spot": "race"
                }, 
                {
                    "begin": 1197, 
                    "end": 1201, 
                    "score": 0.007268781773746014, 
                    "spot": "race"
                }, 
                {
                    "begin": 2225, 
                    "end": 2229, 
                    "score": 0.1418740451335907, 
                    "spot": "race"
                }
            ], 
            "wiki_id": 25613, 
            "wiki_title": "Racism"
        }, 
        {
            "annotations": [
                {
                    "begin": 1688, 
                    "end": 1692, 
                    "score": 0.14000000059604645, 
                    "spot": "wasn"
                }
            ], 
            "wiki_id": 18468646, 
            "wiki_title": "WASN"
        }, 
        {
            "annotations": [
                {
                    "begin": 605, 
                    "end": 612, 
                    "score": 0.07146929949522018, 
                    "spot": "history"
                }
            ], 
            "wiki_id": 748853, 
            "wiki_title": "History (TV channel)"
        }, 
        {
            "annotations": [
                {
                    "begin": 699, 
                    "end": 704, 
                    "score": 0.001964704366400838, 
                    "spot": "event"
                }
            ], 
            "wiki_id": 2770842, 
            "wiki_title": "Event (philosophy)"
        }, 
        {
            "annotations": [
                {
                    "begin": 917, 
                    "end": 924, 
                    "score": 0.09044981002807617, 
                    "spot": "delayed"
                }
            ], 
            "wiki_id": 5619028, 
            "wiki_title": "Rainout (sports)"
        }, 
        {
            "annotations": [
                {
                    "begin": 291, 
                    "end": 300, 
                    "score": 0.1300162822008133, 
                    "spot": "countries"
                }
            ], 
            "wiki_id": 21754, 
            "wiki_title": "Nation"
        }, 
        {
            "annotations": [
                {
                    "begin": 1428, 
                    "end": 1434, 
                    "score": 0.0029812606517225504, 
                    "spot": "I'm in"
                }
            ], 
            "wiki_id": 26896036, 
            "wiki_title": "I'm In"
        }, 
        {
            "annotations": [
                {
                    "begin": 2054, 
                    "end": 2058, 
                    "score": 0.10743867605924606, 
                    "spot": "race"
                }
            ], 
            "wiki_id": 25614, 
            "wiki_title": "Race (human categorization)"
        }, 
        {
            "annotations": [
                {
                    "begin": 793, 
                    "end": 801, 
                    "score": 0.0012518493458628654, 
                    "spot": "finished"
                }
            ], 
            "wiki_id": 7556696, 
            "wiki_title": "Examen artium"
        }, 
        {
            "annotations": [
                {
                    "begin": 2453, 
                    "end": 2457, 
                    "score": 0.10211692005395889, 
                    "spot": "read"
                }
            ], 
            "wiki_id": 18581264, 
            "wiki_title": "Reading (process)"
        }, 
        {
            "annotations": [
                {
                    "begin": 1376, 
                    "end": 1381, 
                    "score": 0.0005392648163251579, 
                    "spot": "still"
                }
            ], 
            "wiki_id": 98991, 
            "wiki_title": "Dogma (film)"
        }, 
        {
            "annotations": [
                {
                    "begin": 555, 
                    "end": 561, 
                    "score": 0.03914757817983627, 
                    "spot": "turned"
                }
            ], 
            "wiki_id": 35334391, 
            "wiki_title": "Sexual arousal"
        }, 
        {
            "annotations": [
                {
                    "begin": 1229, 
                    "end": 1236, 
                    "score": 0.007751937955617905, 
                    "spot": "yelling"
                }
            ], 
            "wiki_id": 2738907, 
            "wiki_title": "Yelling"
        }, 
        {
            "annotations": [
                {
                    "begin": 2321, 
                    "end": 2325, 
                    "score": 0.000545203045476228, 
                    "spot": "back"
                }
            ], 
            "wiki_id": 1033826, 
            "wiki_title": "Professional wrestling attacks"
        }, 
        {
            "annotations": [
                {
                    "begin": 1211, 
                    "end": 1214, 
                    "score": 0.0007386371144093573, 
                    "spot": "way"
                }
            ], 
            "wiki_id": 166587, 
            "wiki_title": "Tariqa"
        }, 
        {
            "annotations": [
                {
                    "begin": 1415, 
                    "end": 1421, 
                    "score": 0.05774063616991043, 
                    "spot": "meters"
                }
            ], 
            "wiki_id": 18947, 
            "wiki_title": "Metre"
        }, 
        {
            "annotations": [
                {
                    "begin": 2246, 
                    "end": 2253, 
                    "score": 0.05157550051808357, 
                    "spot": "thought"
                }
            ], 
            "wiki_id": 37080, 
            "wiki_title": "Thought"
        }, 
        {
            "annotations": [
                {
                    "begin": 112, 
                    "end": 115, 
                    "score": 0.11069049686193466, 
                    "spot": "who"
                }, 
                {
                    "begin": 1619, 
                    "end": 1622, 
                    "score": 0.09799620509147644, 
                    "spot": "who"
                }
            ], 
            "wiki_id": 36517, 
            "wiki_title": "The Who"
        }, 
        {
            "annotations": [
                {
                    "begin": 2139, 
                    "end": 2149, 
                    "score": 0.060835979878902435, 
                    "spot": "introduced"
                }
            ], 
            "wiki_id": 67554, 
            "wiki_title": "Invasive species"
        }, 
        {
            "annotations": [
                {
                    "begin": 620, 
                    "end": 625, 
                    "score": 0.07036009430885315, 
                    "spot": "Games"
                }
            ], 
            "wiki_id": 5363, 
            "wiki_title": "Video game"
        }, 
        {
            "annotations": [
                {
                    "begin": 1273, 
                    "end": 1279, 
                    "score": 0.07776887714862823, 
                    "spot": "indoor"
                }, 
                {
                    "begin": 2377, 
                    "end": 2392, 
                    "score": 0.23238828778266907, 
                    "spot": "Track and Field"
                }
            ], 
            "wiki_id": 194904, 
            "wiki_title": "Track and field"
        }, 
        {
            "annotations": [
                {
                    "begin": 1335, 
                    "end": 1338, 
                    "score": 0.029118169099092484, 
                    "spot": "far"
                }
            ], 
            "wiki_id": 11672, 
            "wiki_title": "Far East"
        }, 
        {
            "annotations": [
                {
                    "begin": 1039, 
                    "end": 1045, 
                    "score": 0.099932000041008, 
                    "spot": "stride"
                }
            ], 
            "wiki_id": 212643, 
            "wiki_title": "Stride (music)"
        }, 
        {
            "annotations": [
                {
                    "begin": 2091, 
                    "end": 2095, 
                    "score": 0.07858246564865112, 
                    "spot": "fast"
                }
            ], 
            "wiki_id": 6300866, 
            "wiki_title": "Fast Auroral Snapshot Explorer"
        }, 
        {
            "annotations": [
                {
                    "begin": 655, 
                    "end": 665, 
                    "score": 0.1458268165588379, 
                    "spot": "suspension"
                }, 
                {
                    "begin": 1924, 
                    "end": 1934, 
                    "score": 0.16617025434970856, 
                    "spot": "suspension"
                }
            ], 
            "wiki_id": 426955, 
            "wiki_title": "Suspension (vehicle)"
        }, 
        {
            "annotations": [
                {
                    "begin": 271, 
                    "end": 282, 
                    "score": 0.06460873782634735, 
                    "spot": "journalists"
                }
            ], 
            "wiki_id": 558219, 
            "wiki_title": "Sports journalism"
        }, 
        {
            "annotations": [
                {
                    "begin": 1142, 
                    "end": 1152, 
                    "score": 0.15076516568660736, 
                    "spot": "first race"
                }
            ], 
            "wiki_id": 24168355, 
            "wiki_title": "2010 Bahrain Grand Prix"
        }, 
        {
            "annotations": [
                {
                    "begin": 176, 
                    "end": 183, 
                    "score": 0.06684897840023041, 
                    "spot": "sheriff"
                }
            ], 
            "wiki_id": 830714, 
            "wiki_title": "FC Sheriff Tiraspol"
        }, 
        {
            "annotations": [
                {
                    "begin": 1219, 
                    "end": 1223, 
                    "score": 0.003349256468936801, 
                    "spot": "fans"
                }
            ], 
            "wiki_id": 11504, 
            "wiki_title": "Fandom"
        }, 
        {
            "annotations": [
                {
                    "begin": 2241, 
                    "end": 2245, 
                    "score": 0.07035230100154877, 
                    "spot": "fans"
                }
            ], 
            "wiki_id": 28925, 
            "wiki_title": "Science fiction fandom"
        }, 
        {
            "annotations": [
                {
                    "begin": 802, 
                    "end": 808, 
                    "score": 0.08627616614103317, 
                    "spot": "second"
                }
            ], 
            "wiki_id": 26873, 
            "wiki_title": "Second"
        }, 
        {
            "annotations": [
                {
                    "begin": 407, 
                    "end": 415, 
                    "score": 0.007692307699471712, 
                    "spot": "Sept. 24"
                }
            ], 
            "wiki_id": 28202, 
            "wiki_title": null
        }, 
        {
            "annotations": [
                {
                    "begin": 116, 
                    "end": 119, 
                    "score": 0.05286025628447533, 
                    "spot": "now"
                }
            ], 
            "wiki_id": 782290, 
            "wiki_title": "Now That's What I Call Music!"
        }
    ]
}