{
    "tagme": [
        {
            "annotations": [
                {
                    "begin": 247, 
                    "end": 259, 
                    "score": 0.11372318118810654, 
                    "spot": "Organization"
                }
            ], 
            "wiki_id": 22625, 
            "wiki_title": "Organized crime"
        }, 
        {
            "annotations": [
                {
                    "begin": 2139, 
                    "end": 2153, 
                    "score": 0.21098540723323822, 
                    "spot": "interest rates"
                }
            ], 
            "wiki_id": 5666, 
            "wiki_title": "Central bank"
        }, 
        {
            "annotations": [
                {
                    "begin": 2918, 
                    "end": 2925, 
                    "score": 0.13866105675697327, 
                    "spot": "dealers"
                }
            ], 
            "wiki_id": 2562877, 
            "wiki_title": "Car dealership"
        }, 
        {
            "annotations": [
                {
                    "begin": 37, 
                    "end": 68, 
                    "score": 0.5, 
                    "spot": "De Beers Consolidated Mines Ltd"
                }, 
                {
                    "begin": 668, 
                    "end": 676, 
                    "score": 0.637523889541626, 
                    "spot": "De Beers"
                }, 
                {
                    "begin": 1419, 
                    "end": 1427, 
                    "score": 0.5179402828216553, 
                    "spot": "De Beers"
                }, 
                {
                    "begin": 2592, 
                    "end": 2600, 
                    "score": 0.5632323026657104, 
                    "spot": "De Beers"
                }, 
                {
                    "begin": 2809, 
                    "end": 2817, 
                    "score": 0.5434591174125671, 
                    "spot": "De Beers"
                }, 
                {
                    "begin": 3090, 
                    "end": 3098, 
                    "score": 0.7497795820236206, 
                    "spot": "De Beers"
                }, 
                {
                    "begin": 3149, 
                    "end": 3157, 
                    "score": 0.4579918086528778, 
                    "spot": "De Beers"
                }, 
                {
                    "begin": 3594, 
                    "end": 3602, 
                    "score": 0.6509565114974976, 
                    "spot": "De Beers"
                }
            ], 
            "wiki_id": 53713, 
            "wiki_title": "De Beers"
        }, 
        {
            "annotations": [
                {
                    "begin": 2118, 
                    "end": 2128, 
                    "score": 0.1425524801015854, 
                    "spot": "currencies"
                }
            ], 
            "wiki_id": 5665, 
            "wiki_title": "Currency"
        }, 
        {
            "annotations": [
                {
                    "begin": 3080, 
                    "end": 3084, 
                    "score": 0.35619446635246277, 
                    "spot": "gems"
                }
            ], 
            "wiki_id": 12806, 
            "wiki_title": "Gemstone"
        }, 
        {
            "annotations": [
                {
                    "begin": 2563, 
                    "end": 2566, 
                    "score": 0.039794597774744034, 
                    "spot": "who"
                }
            ], 
            "wiki_id": 33583, 
            "wiki_title": "World Health Organization"
        }, 
        {
            "annotations": [
                {
                    "begin": 1034, 
                    "end": 1044, 
                    "score": 0.06607264280319214, 
                    "spot": "Securities"
                }
            ], 
            "wiki_id": 42162, 
            "wiki_title": "Security (finance)"
        }, 
        {
            "annotations": [
                {
                    "begin": 3357, 
                    "end": 3361, 
                    "score": 0.08410542458295822, 
                    "spot": "rose"
                }
            ], 
            "wiki_id": 2227135, 
            "wiki_title": "The Rose (song)"
        }, 
        {
            "annotations": [
                {
                    "begin": 798, 
                    "end": 805, 
                    "score": 0.002865437651053071, 
                    "spot": "clients"
                }
            ], 
            "wiki_id": 55951, 
            "wiki_title": "Instant messaging"
        }, 
        {
            "annotations": [
                {
                    "begin": 2095, 
                    "end": 2101, 
                    "score": 0.03872889652848244, 
                    "spot": "Lamont"
                }
            ], 
            "wiki_id": 3521513, 
            "wiki_title": "Lamont, Alberta"
        }, 
        {
            "annotations": [
                {
                    "begin": 1571, 
                    "end": 1578, 
                    "score": 0.08232700079679489, 
                    "spot": "company"
                }
            ], 
            "wiki_id": 4918223, 
            "wiki_title": "Company"
        }, 
        {
            "annotations": [
                {
                    "begin": 2010, 
                    "end": 2015, 
                    "score": 0.013545848429203033, 
                    "spot": "sharp"
                }
            ], 
            "wiki_id": 150643, 
            "wiki_title": "Glossary of chess"
        }, 
        {
            "annotations": [
                {
                    "begin": 3189, 
                    "end": 3194, 
                    "score": 0.14482536911964417, 
                    "spot": "trade"
                }
            ], 
            "wiki_id": 261177, 
            "wiki_title": "Craft"
        }, 
        {
            "annotations": [
                {
                    "begin": 2189, 
                    "end": 2198, 
                    "score": 0.10009389370679855, 
                    "spot": "countries"
                }
            ], 
            "wiki_id": 21754, 
            "wiki_title": "Nation"
        }, 
        {
            "annotations": [
                {
                    "begin": 185, 
                    "end": 190, 
                    "score": 0.14885829389095306, 
                    "spot": "world"
                }, 
                {
                    "begin": 2940, 
                    "end": 2945, 
                    "score": 0.07518532872200012, 
                    "spot": "world"
                }, 
                {
                    "begin": 3426, 
                    "end": 3436, 
                    "score": 0.17420373857021332, 
                    "spot": "world-wide"
                }
            ], 
            "wiki_id": 38714, 
            "wiki_title": "World"
        }, 
        {
            "annotations": [
                {
                    "begin": 1007, 
                    "end": 1014, 
                    "score": 0.15857668220996857, 
                    "spot": "analyst"
                }
            ], 
            "wiki_id": 782266, 
            "wiki_title": "Financial analyst"
        }, 
        {
            "annotations": [
                {
                    "begin": 1970, 
                    "end": 1973, 
                    "score": 0.0009024579776450992, 
                    "spot": "now"
                }
            ], 
            "wiki_id": 873021, 
            "wiki_title": "Present"
        }, 
        {
            "annotations": [
                {
                    "begin": 1439, 
                    "end": 1444, 
                    "score": 0.13380880653858185, 
                    "spot": "raise"
                }
            ], 
            "wiki_id": 610452, 
            "wiki_title": "Salary"
        }, 
        {
            "annotations": [
                {
                    "begin": 984, 
                    "end": 996, 
                    "score": 0.1428571492433548, 
                    "spot": "Peter Miller"
                }
            ], 
            "wiki_id": 15320195, 
            "wiki_title": "Peter Miller (actor)"
        }, 
        {
            "annotations": [
                {
                    "begin": 2353, 
                    "end": 2358, 
                    "score": 0.4220879077911377, 
                    "spot": "Korea"
                }
            ], 
            "wiki_id": 27019, 
            "wiki_title": "South Korea"
        }, 
        {
            "annotations": [
                {
                    "begin": 473, 
                    "end": 486, 
                    "score": 0.25, 
                    "spot": "diamond price"
                }, 
                {
                    "begin": 809, 
                    "end": 821, 
                    "score": 0.09090909361839294, 
                    "spot": "buy diamonds"
                }
            ], 
            "wiki_id": 4954087, 
            "wiki_title": "Diamonds as an investment"
        }, 
        {
            "annotations": [
                {
                    "begin": 693, 
                    "end": 699, 
                    "score": 0.20977292954921722, 
                    "spot": "market"
                }, 
                {
                    "begin": 3881, 
                    "end": 3887, 
                    "score": 0.08361005783081055, 
                    "spot": "market"
                }
            ], 
            "wiki_id": 3736784, 
            "wiki_title": "Market (economics)"
        }, 
        {
            "annotations": [
                {
                    "begin": 1402, 
                    "end": 1412, 
                    "score": 0.14428602159023285, 
                    "spot": "milligrams"
                }
            ], 
            "wiki_id": 16619, 
            "wiki_title": "Kilogram"
        }, 
        {
            "annotations": [
                {
                    "begin": 2180, 
                    "end": 2188, 
                    "score": 0.33391720056533813, 
                    "spot": "European"
                }, 
                {
                    "begin": 2180, 
                    "end": 2198, 
                    "score": 0.32467734813690186, 
                    "spot": "European countries"
                }
            ], 
            "wiki_id": 9239, 
            "wiki_title": "Europe"
        }, 
        {
            "annotations": [
                {
                    "begin": 3280, 
                    "end": 3289, 
                    "score": 0.1283341944217682, 
                    "spot": "intensive"
                }
            ], 
            "wiki_id": 152772, 
            "wiki_title": "Intensive farming"
        }, 
        {
            "annotations": [
                {
                    "begin": 1093, 
                    "end": 1104, 
                    "score": 0.07830920815467834, 
                    "spot": "consolidate"
                }
            ], 
            "wiki_id": 2007225, 
            "wiki_title": "Consolidation (business)"
        }, 
        {
            "annotations": [
                {
                    "begin": 2290, 
                    "end": 2298, 
                    "score": 0.14397163689136505, 
                    "spot": "polished"
                }
            ], 
            "wiki_id": 220464, 
            "wiki_title": "Polishing"
        }, 
        {
            "annotations": [
                {
                    "begin": 3680, 
                    "end": 3692, 
                    "score": 0.16953560709953308, 
                    "spot": "Organization"
                }
            ], 
            "wiki_id": 105070, 
            "wiki_title": "Organization"
        }, 
        {
            "annotations": [
                {
                    "begin": 844, 
                    "end": 846, 
                    "score": 0.0339629165828228, 
                    "spot": "Mr"
                }
            ], 
            "wiki_id": 19446, 
            "wiki_title": "Magnetic resonance imaging"
        }, 
        {
            "annotations": [
                {
                    "begin": 16, 
                    "end": 23, 
                    "score": 0.014999356120824814, 
                    "spot": "muscles"
                }
            ], 
            "wiki_id": 19723734, 
            "wiki_title": "Muscle"
        }, 
        {
            "annotations": [
                {
                    "begin": 1883, 
                    "end": 1891, 
                    "score": 0.0008300276240333915, 
                    "spot": "Only one"
                }
            ], 
            "wiki_id": 31762948, 
            "wiki_title": "The Only One (Scooter song)"
        }, 
        {
            "annotations": [
                {
                    "begin": 524, 
                    "end": 530, 
                    "score": 0.05882352963089943, 
                    "spot": "Zucker"
                }
            ], 
            "wiki_id": 3819720, 
            "wiki_title": "Z\u00fccker"
        }, 
        {
            "annotations": [
                {
                    "begin": 884, 
                    "end": 890, 
                    "score": 0.048298753798007965, 
                    "spot": "higher"
                }
            ], 
            "wiki_id": 14423, 
            "wiki_title": "Higher education"
        }, 
        {
            "annotations": [
                {
                    "begin": 768, 
                    "end": 781, 
                    "score": 0.04702383652329445, 
                    "spot": "two years ago"
                }
            ], 
            "wiki_id": 47839271, 
            "wiki_title": "Delirium (Ellie Goulding album)"
        }, 
        {
            "annotations": [
                {
                    "begin": 3334, 
                    "end": 3343, 
                    "score": 0.2861768305301666, 
                    "spot": "promotion"
                }
            ], 
            "wiki_id": 1752402, 
            "wiki_title": "Promotion (marketing)"
        }, 
        {
            "annotations": [
                {
                    "begin": 2443, 
                    "end": 2450, 
                    "score": 0.0010849441168829799, 
                    "spot": "centers"
                }
            ], 
            "wiki_id": 652569, 
            "wiki_title": "Center (basketball)"
        }, 
        {
            "annotations": [
                {
                    "begin": 218, 
                    "end": 230, 
                    "score": 0.07133165746927261, 
                    "spot": "London-based"
                }, 
                {
                    "begin": 1048, 
                    "end": 1054, 
                    "score": 0.19885918498039246, 
                    "spot": "London"
                }
            ], 
            "wiki_id": 17867, 
            "wiki_title": "London"
        }, 
        {
            "annotations": [
                {
                    "begin": 2656, 
                    "end": 2661, 
                    "score": 0.2202591896057129, 
                    "spot": "first"
                }
            ], 
            "wiki_id": 46400142, 
            "wiki_title": "First class (aviation)"
        }, 
        {
            "annotations": [
                {
                    "begin": 316, 
                    "end": 320, 
                    "score": 0.12640166282653809, 
                    "spot": "size"
                }
            ], 
            "wiki_id": 19022, 
            "wiki_title": "Measurement"
        }, 
        {
            "annotations": [
                {
                    "begin": 1194, 
                    "end": 1199, 
                    "score": 0.14079229533672333, 
                    "spot": "carat"
                }
            ], 
            "wiki_id": 1356272, 
            "wiki_title": "Fineness"
        }, 
        {
            "annotations": [
                {
                    "begin": 1612, 
                    "end": 1619, 
                    "score": 0.18981431424617767, 
                    "spot": "buoyant"
                }
            ], 
            "wiki_id": 245982, 
            "wiki_title": "Buoyancy"
        }, 
        {
            "annotations": [
                {
                    "begin": 1294, 
                    "end": 1299, 
                    "score": 0.011114797554910183, 
                    "spot": "slump"
                }
            ], 
            "wiki_id": 257916, 
            "wiki_title": "Slump (geology)"
        }, 
        {
            "annotations": [
                {
                    "begin": 165, 
                    "end": 173, 
                    "score": 0.06076357513666153, 
                    "spot": "controls"
                }
            ], 
            "wiki_id": 104339, 
            "wiki_title": "Game controller"
        }, 
        {
            "annotations": [
                {
                    "begin": 150, 
                    "end": 157, 
                    "score": 0.09480709582567215, 
                    "spot": "concern"
                }, 
                {
                    "begin": 2926, 
                    "end": 2931, 
                    "score": 0.0657854750752449, 
                    "spot": "worry"
                }
            ], 
            "wiki_id": 4080078, 
            "wiki_title": "Worry"
        }, 
        {
            "annotations": [
                {
                    "begin": 2204, 
                    "end": 2211, 
                    "score": 0.006083579733967781, 
                    "spot": "boosted"
                }
            ], 
            "wiki_id": 1421832, 
            "wiki_title": "Boosted fission weapon"
        }, 
        {
            "annotations": [
                {
                    "begin": 1060, 
                    "end": 1064, 
                    "score": 0.13799786567687988, 
                    "spot": "will"
                }
            ], 
            "wiki_id": 154698, 
            "wiki_title": "Will Smith"
        }, 
        {
            "annotations": [
                {
                    "begin": 3934, 
                    "end": 3940, 
                    "score": 0.1886303722858429, 
                    "spot": "Africa"
                }
            ], 
            "wiki_id": 5334607, 
            "wiki_title": "Africa"
        }, 
        {
            "annotations": [
                {
                    "begin": 1289, 
                    "end": 1293, 
                    "score": 0.003680693916976452, 
                    "spot": "deep"
                }
            ], 
            "wiki_id": 213676, 
            "wiki_title": "Ten (Pearl Jam album)"
        }, 
        {
            "annotations": [
                {
                    "begin": 1303, 
                    "end": 1314, 
                    "score": 0.003681885078549385, 
                    "spot": "top quality"
                }
            ], 
            "wiki_id": 28218669, 
            "wiki_title": "Top Quality"
        }, 
        {
            "annotations": [
                {
                    "begin": 404, 
                    "end": 408, 
                    "score": 0.08698759973049164, 
                    "spot": "rise"
                }
            ], 
            "wiki_id": 22977546, 
            "wiki_title": "Disney's Friends for Change"
        }, 
        {
            "annotations": [
                {
                    "begin": 825, 
                    "end": 834, 
                    "score": 0.25689494609832764, 
                    "spot": "depressed"
                }
            ], 
            "wiki_id": 840273, 
            "wiki_title": "Depression (mood)"
        }, 
        {
            "annotations": [
                {
                    "begin": 516, 
                    "end": 523, 
                    "score": 0.003862607991322875, 
                    "spot": "Jacques"
                }
            ], 
            "wiki_id": 4375355, 
            "wiki_title": "Raymond St. Jacques"
        }, 
        {
            "annotations": [
                {
                    "begin": 765, 
                    "end": 771, 
                    "score": 0.014492753893136978, 
                    "spot": "us two"
                }
            ], 
            "wiki_id": 22947692, 
            "wiki_title": "Us Two (film)"
        }, 
        {
            "annotations": [
                {
                    "begin": 2342, 
                    "end": 2351, 
                    "score": 0.6345661878585815, 
                    "spot": "Singapore"
                }
            ], 
            "wiki_id": 27318, 
            "wiki_title": "Singapore"
        }, 
        {
            "annotations": [
                {
                    "begin": 2492, 
                    "end": 2500, 
                    "score": 0.17131423950195312, 
                    "spot": "New York"
                }
            ], 
            "wiki_id": 645042, 
            "wiki_title": "New York City"
        }, 
        {
            "annotations": [
                {
                    "begin": 1693, 
                    "end": 1701, 
                    "score": 0.2338484823703766, 
                    "spot": "polished"
                }
            ], 
            "wiki_id": 5757742, 
            "wiki_title": "Polishing (metalworking)"
        }, 
        {
            "annotations": [
                {
                    "begin": 2091, 
                    "end": 2093, 
                    "score": 0.02183360792696476, 
                    "spot": "Mr"
                }
            ], 
            "wiki_id": 280679, 
            "wiki_title": "McCune\u2013Reischauer"
        }, 
        {
            "annotations": [
                {
                    "begin": 1798, 
                    "end": 1801, 
                    "score": 0.1932353675365448, 
                    "spot": "U.S"
                }, 
                {
                    "begin": 2260, 
                    "end": 2272, 
                    "score": 0.2116643786430359, 
                    "spot": "U.S. dollars"
                }, 
                {
                    "begin": 2315, 
                    "end": 2318, 
                    "score": 0.15102291107177734, 
                    "spot": "U.S"
                }
            ], 
            "wiki_id": 18717338, 
            "wiki_title": "United States dollar"
        }, 
        {
            "annotations": [
                {
                    "begin": 2713, 
                    "end": 2719, 
                    "score": 0.08251336961984634, 
                    "spot": "period"
                }
            ], 
            "wiki_id": 38203, 
            "wiki_title": "Menstruation"
        }, 
        {
            "annotations": [
                {
                    "begin": 835, 
                    "end": 841, 
                    "score": 0.10872922092676163, 
                    "spot": "values"
                }
            ], 
            "wiki_id": 4095924, 
            "wiki_title": "Value (ethics)"
        }, 
        {
            "annotations": [
                {
                    "begin": 3181, 
                    "end": 3188, 
                    "score": 0.0006236228509806097, 
                    "spot": "revived"
                }
            ], 
            "wiki_id": 66392, 
            "wiki_title": "Cardiopulmonary resuscitation"
        }, 
        {
            "annotations": [
                {
                    "begin": 2133, 
                    "end": 2138, 
                    "score": 0.16673573851585388, 
                    "spot": "lower"
                }
            ], 
            "wiki_id": 550187, 
            "wiki_title": "Lower house"
        }, 
        {
            "annotations": [
                {
                    "begin": 3099, 
                    "end": 3103, 
                    "score": 0.06289747357368469, 
                    "spot": "must"
                }
            ], 
            "wiki_id": 466664, 
            "wiki_title": "Must"
        }, 
        {
            "annotations": [
                {
                    "begin": 1074, 
                    "end": 1081, 
                    "score": 0.16779585182666779, 
                    "spot": "diamond"
                }, 
                {
                    "begin": 2946, 
                    "end": 2953, 
                    "score": 0.051570478826761246, 
                    "spot": "diamond"
                }
            ], 
            "wiki_id": 308242, 
            "wiki_title": "Music recording sales certification"
        }, 
        {
            "annotations": [
                {
                    "begin": 1591, 
                    "end": 1597, 
                    "score": 0.06722746044397354, 
                    "spot": "Demand"
                }
            ], 
            "wiki_id": 9058630, 
            "wiki_title": "World energy consumption"
        }, 
        {
            "annotations": [
                {
                    "begin": 4, 
                    "end": 11, 
                    "score": 0.008221225813031197, 
                    "spot": "Flexing"
                }
            ], 
            "wiki_id": 29547906, 
            "wiki_title": "Flexing (dance)"
        }, 
        {
            "annotations": [
                {
                    "begin": 1579, 
                    "end": 1588, 
                    "score": 0.04291101172566414, 
                    "spot": "spokesman"
                }
            ], 
            "wiki_id": 338047, 
            "wiki_title": "Spokesperson"
        }, 
        {
            "annotations": [
                {
                    "begin": 3838, 
                    "end": 3846, 
                    "score": 0.12437310814857483, 
                    "spot": "controls"
                }
            ], 
            "wiki_id": 1640288, 
            "wiki_title": "Scientific control"
        }, 
        {
            "annotations": [
                {
                    "begin": 3344, 
                    "end": 3350, 
                    "score": 0.14328932762145996, 
                    "spot": "budget"
                }
            ], 
            "wiki_id": 377116, 
            "wiki_title": "Budget"
        }, 
        {
            "annotations": [
                {
                    "begin": 944, 
                    "end": 957, 
                    "score": 0.07074767351150513, 
                    "spot": "psychological"
                }
            ], 
            "wiki_id": 144615, 
            "wiki_title": "Psychological warfare"
        }, 
        {
            "annotations": [
                {
                    "begin": 73, 
                    "end": 80, 
                    "score": 0.09835602343082428, 
                    "spot": "raising"
                }
            ], 
            "wiki_id": 22498, 
            "wiki_title": "Orbit"
        }, 
        {
            "annotations": [
                {
                    "begin": 3944, 
                    "end": 3953, 
                    "score": 0.31830254197120667, 
                    "spot": "Australia"
                }
            ], 
            "wiki_id": 4689264, 
            "wiki_title": "Australia"
        }, 
        {
            "annotations": [
                {
                    "begin": 452, 
                    "end": 461, 
                    "score": 0.004724409431219101, 
                    "spot": "last year"
                }, 
                {
                    "begin": 2995, 
                    "end": 3004, 
                    "score": 0.004724409431219101, 
                    "spot": "last year"
                }
            ], 
            "wiki_id": 7353934, 
            "wiki_title": "Last Year (song)"
        }, 
        {
            "annotations": [
                {
                    "begin": 2641, 
                    "end": 2648, 
                    "score": 0.11571669578552246, 
                    "spot": "billion"
                }, 
                {
                    "begin": 2749, 
                    "end": 2756, 
                    "score": 0.14957746863365173, 
                    "spot": "billion"
                }, 
                {
                    "begin": 2841, 
                    "end": 2848, 
                    "score": 0.12177474796772003, 
                    "spot": "billion"
                }, 
                {
                    "begin": 2887, 
                    "end": 2894, 
                    "score": 0.11601933091878891, 
                    "spot": "billion"
                }, 
                {
                    "begin": 3508, 
                    "end": 3515, 
                    "score": 0.07388313114643097, 
                    "spot": "billion"
                }, 
                {
                    "begin": 3575, 
                    "end": 3582, 
                    "score": 0.10258960723876953, 
                    "spot": "billion"
                }
            ], 
            "wiki_id": 1136363, 
            "wiki_title": "1,000,000,000"
        }, 
        {
            "annotations": [
                {
                    "begin": 136, 
                    "end": 149, 
                    "score": 0.03744309023022652, 
                    "spot": "South African"
                }
            ], 
            "wiki_id": 376115, 
            "wiki_title": "South Africa national rugby union team"
        }, 
        {
            "annotations": [
                {
                    "begin": 1739, 
                    "end": 1745, 
                    "score": 0.1513935774564743, 
                    "spot": "period"
                }
            ], 
            "wiki_id": 86350, 
            "wiki_title": "Period (periodic table)"
        }, 
        {
            "annotations": [
                {
                    "begin": 720, 
                    "end": 725, 
                    "score": 0.04444535821676254, 
                    "spot": "raise"
                }, 
                {
                    "begin": 3420, 
                    "end": 3425, 
                    "score": 0.14846445620059967, 
                    "spot": "raise"
                }
            ], 
            "wiki_id": 917917, 
            "wiki_title": "Fundraising"
        }, 
        {
            "annotations": [
                {
                    "begin": 2818, 
                    "end": 2826, 
                    "score": 0.22164928913116455, 
                    "spot": "turnover"
                }
            ], 
            "wiki_id": 247120, 
            "wiki_title": "Revenue"
        }, 
        {
            "annotations": [
                {
                    "begin": 1315, 
                    "end": 1320, 
                    "score": 0.18899743258953094, 
                    "spot": "stone"
                }
            ], 
            "wiki_id": 199661, 
            "wiki_title": "Rock (geology)"
        }, 
        {
            "annotations": [
                {
                    "begin": 3859, 
                    "end": 3864, 
                    "score": 0.12911976873874664, 
                    "spot": "world"
                }
            ], 
            "wiki_id": 593160, 
            "wiki_title": "New York World"
        }, 
        {
            "annotations": [
                {
                    "begin": 1488, 
                    "end": 1495, 
                    "score": 0.14525406062602997, 
                    "spot": "trading"
                }, 
                {
                    "begin": 1995, 
                    "end": 1998, 
                    "score": 0.0006350859184749424, 
                    "spot": "buy"
                }
            ], 
            "wiki_id": 29678, 
            "wiki_title": "Trade"
        }, 
        {
            "annotations": [
                {
                    "begin": 283, 
                    "end": 291, 
                    "score": 0.038373708724975586, 
                    "spot": "diamonds"
                }
            ], 
            "wiki_id": 301472, 
            "wiki_title": "Lozenge"
        }, 
        {
            "annotations": [
                {
                    "begin": 3712, 
                    "end": 3719, 
                    "score": 0.10078833997249603, 
                    "spot": "members"
                }
            ], 
            "wiki_id": 223225, 
            "wiki_title": "Member of Congress"
        }, 
        {
            "annotations": [
                {
                    "begin": 1243, 
                    "end": 1250, 
                    "score": 0.004418090917170048, 
                    "spot": "dealers"
                }
            ], 
            "wiki_id": 15899017, 
            "wiki_title": "Dealers (film)"
        }, 
        {
            "annotations": [
                {
                    "begin": 1804, 
                    "end": 1809, 
                    "score": 0.34692806005477905, 
                    "spot": "Japan"
                }, 
                {
                    "begin": 1902, 
                    "end": 1910, 
                    "score": 0.08892334252595901, 
                    "spot": "Japanese"
                }, 
                {
                    "begin": 2073, 
                    "end": 2081, 
                    "score": 0.09294469654560089, 
                    "spot": "Japanese"
                }
            ], 
            "wiki_id": 15573, 
            "wiki_title": "Japan"
        }, 
        {
            "annotations": [
                {
                    "begin": 1926, 
                    "end": 1942, 
                    "score": 0.0396825410425663, 
                    "spot": "engagement rings"
                }
            ], 
            "wiki_id": 39376, 
            "wiki_title": "Engagement ring"
        }, 
        {
            "annotations": [
                {
                    "begin": 3734, 
                    "end": 3739, 
                    "score": 0.09195233136415482, 
                    "spot": "state"
                }
            ], 
            "wiki_id": 18618239, 
            "wiki_title": "U.S. state"
        }, 
        {
            "annotations": [
                {
                    "begin": 65, 
                    "end": 68, 
                    "score": 0.07030600309371948, 
                    "spot": "Ltd"
                }
            ], 
            "wiki_id": 538325, 
            "wiki_title": "Limited company"
        }, 
        {
            "annotations": [
                {
                    "begin": 389, 
                    "end": 397, 
                    "score": 0.12250084429979324, 
                    "spot": "diamonds"
                }
            ], 
            "wiki_id": 37088480, 
            "wiki_title": "Diamonds (Rihanna song)"
        }, 
        {
            "annotations": [
                {
                    "begin": 199, 
                    "end": 205, 
                    "score": 0.11029474437236786, 
                    "spot": "market"
                }, 
                {
                    "begin": 970, 
                    "end": 976, 
                    "score": 0.0912131667137146, 
                    "spot": "market"
                }
            ], 
            "wiki_id": 9801859, 
            "wiki_title": "Market (place)"
        }, 
        {
            "annotations": [
                {
                    "begin": 1645, 
                    "end": 1650, 
                    "score": 0.001040340051986277, 
                    "spot": "first"
                }, 
                {
                    "begin": 3217, 
                    "end": 3222, 
                    "score": 0.048906344920396805, 
                    "spot": "first"
                }
            ], 
            "wiki_id": 143829, 
            "wiki_title": "First Opium War"
        }, 
        {
            "annotations": [
                {
                    "begin": 1848, 
                    "end": 1854, 
                    "score": 0.09986808896064758, 
                    "spot": "market"
                }
            ], 
            "wiki_id": 48852, 
            "wiki_title": "Market economy"
        }, 
        {
            "annotations": [
                {
                    "begin": 115, 
                    "end": 119, 
                    "score": 0.0698310062289238, 
                    "spot": "next"
                }
            ], 
            "wiki_id": 21694, 
            "wiki_title": "NeXT"
        }, 
        {
            "annotations": [
                {
                    "begin": 3467, 
                    "end": 3473, 
                    "score": 0.08053797483444214, 
                    "spot": "record"
                }
            ], 
            "wiki_id": 10958, 
            "wiki_title": "Fossil"
        }, 
        {
            "annotations": [
                {
                    "begin": 3664, 
                    "end": 3671, 
                    "score": 0.1250067949295044, 
                    "spot": "Central"
                }
            ], 
            "wiki_id": 6742, 
            "wiki_title": "Central Asia"
        }, 
        {
            "annotations": [
                {
                    "begin": 1746, 
                    "end": 1755, 
                    "score": 0.011910747736692429, 
                    "spot": "last year"
                }, 
                {
                    "begin": 2757, 
                    "end": 2766, 
                    "score": 0.07250027358531952, 
                    "spot": "last year"
                }, 
                {
                    "begin": 3516, 
                    "end": 3525, 
                    "score": 0.07250027358531952, 
                    "spot": "last year"
                }
            ], 
            "wiki_id": 657196, 
            "wiki_title": "Eurovision Song Contest 2005"
        }, 
        {
            "annotations": [
                {
                    "begin": 2082, 
                    "end": 2088, 
                    "score": 0.07125574350357056, 
                    "spot": "buyers"
                }
            ], 
            "wiki_id": 29664, 
            "wiki_title": "Supply and demand"
        }, 
        {
            "annotations": [
                {
                    "begin": 3720, 
                    "end": 3725, 
                    "score": 0.28168684244155884, 
                    "spot": "black"
                }, 
                {
                    "begin": 3720, 
                    "end": 3733, 
                    "score": 0.3384215831756592, 
                    "spot": "black African"
                }
            ], 
            "wiki_id": 4745, 
            "wiki_title": "Black people"
        }, 
        {
            "annotations": [
                {
                    "begin": 916, 
                    "end": 920, 
                    "score": 0.0028604615945369005, 
                    "spot": "rise"
                }
            ], 
            "wiki_id": 12087254, 
            "wiki_title": "Boston Dynamics"
        }, 
        {
            "annotations": [
                {
                    "begin": 85, 
                    "end": 92, 
                    "score": 0.17110088467597961, 
                    "spot": "diamond"
                }, 
                {
                    "begin": 191, 
                    "end": 198, 
                    "score": 0.15135332942008972, 
                    "spot": "diamond"
                }, 
                {
                    "begin": 553, 
                    "end": 560, 
                    "score": 0.21092340350151062, 
                    "spot": "diamond"
                }, 
                {
                    "begin": 614, 
                    "end": 622, 
                    "score": 0.14152377843856812, 
                    "spot": "diamonds"
                }, 
                {
                    "begin": 1155, 
                    "end": 1163, 
                    "score": 0.20906519889831543, 
                    "spot": "diamonds"
                }, 
                {
                    "begin": 1702, 
                    "end": 1710, 
                    "score": 0.255692720413208, 
                    "spot": "diamonds"
                }, 
                {
                    "begin": 1832, 
                    "end": 1839, 
                    "score": 0.2780744433403015, 
                    "spot": "diamond"
                }, 
                {
                    "begin": 2060, 
                    "end": 2068, 
                    "score": 0.10817024856805801, 
                    "spot": "diamonds"
                }, 
                {
                    "begin": 2212, 
                    "end": 2219, 
                    "score": 0.1288142204284668, 
                    "spot": "diamond"
                }, 
                {
                    "begin": 2237, 
                    "end": 2245, 
                    "score": 0.29294553399086, 
                    "spot": "Diamonds"
                }, 
                {
                    "begin": 2299, 
                    "end": 2307, 
                    "score": 0.24055399000644684, 
                    "spot": "diamonds"
                }, 
                {
                    "begin": 2535, 
                    "end": 2542, 
                    "score": 0.22561213374137878, 
                    "spot": "diamond"
                }, 
                {
                    "begin": 3067, 
                    "end": 3075, 
                    "score": 0.29601621627807617, 
                    "spot": "diamonds"
                }, 
                {
                    "begin": 3446, 
                    "end": 3453, 
                    "score": 0.25128841400146484, 
                    "spot": "diamond"
                }, 
                {
                    "begin": 3806, 
                    "end": 3813, 
                    "score": 0.25862371921539307, 
                    "spot": "diamond"
                }, 
                {
                    "begin": 3957, 
                    "end": 3964, 
                    "score": 0.1676943302154541, 
                    "spot": "diamond"
                }
            ], 
            "wiki_id": 8082, 
            "wiki_title": "Diamond"
        }, 
        {
            "annotations": [
                {
                    "begin": 3895, 
                    "end": 3903, 
                    "score": 0.22631555795669556, 
                    "spot": "pipeline"
                }
            ], 
            "wiki_id": 51111, 
            "wiki_title": "Pipeline transport"
        }, 
        {
            "annotations": [
                {
                    "begin": 2851, 
                    "end": 2859, 
                    "score": 0.07689255475997925, 
                    "spot": "Analysts"
                }
            ], 
            "wiki_id": 48396, 
            "wiki_title": "Mathematical analysis"
        }, 
        {
            "annotations": [
                {
                    "begin": 581, 
                    "end": 588, 
                    "score": 0.3743550777435303, 
                    "spot": "Belgium"
                }
            ], 
            "wiki_id": 3343, 
            "wiki_title": "Belgium"
        }, 
        {
            "annotations": [
                {
                    "begin": 2332, 
                    "end": 2340, 
                    "score": 0.6854987144470215, 
                    "spot": "Thailand"
                }
            ], 
            "wiki_id": 30128, 
            "wiki_title": "Thailand"
        }, 
        {
            "annotations": [
                {
                    "begin": 2321, 
                    "end": 2330, 
                    "score": 0.4491789638996124, 
                    "spot": "Hong Kong"
                }
            ], 
            "wiki_id": 13404, 
            "wiki_title": "Hong Kong"
        }, 
        {
            "annotations": [
                {
                    "begin": 3477, 
                    "end": 3491, 
                    "score": 0.033864542841911316, 
                    "spot": "million pieces"
                }, 
                {
                    "begin": 3546, 
                    "end": 3560, 
                    "score": 0.033864542841911316, 
                    "spot": "million pieces"
                }
            ], 
            "wiki_id": 21364224, 
            "wiki_title": "In a Million Pieces"
        }, 
        {
            "annotations": [
                {
                    "begin": 1522, 
                    "end": 1528, 
                    "score": 0.000986749422736466, 
                    "spot": "quotes"
                }
            ], 
            "wiki_id": 25199, 
            "wiki_title": "Quotation"
        }, 
        {
            "annotations": [
                {
                    "begin": 1341, 
                    "end": 1345, 
                    "score": 0.002051425399258733, 
                    "spot": "down"
                }
            ], 
            "wiki_id": 128263, 
            "wiki_title": "County Down"
        }, 
        {
            "annotations": [
                {
                    "begin": 2578, 
                    "end": 2590, 
                    "score": 0.2590448558330536, 
                    "spot": "retail trade"
                }
            ], 
            "wiki_id": 183515, 
            "wiki_title": "Retail"
        }, 
        {
            "annotations": [
                {
                    "begin": 848, 
                    "end": 854, 
                    "score": 0.14029711484909058, 
                    "spot": "Zucker"
                }
            ], 
            "wiki_id": 727424, 
            "wiki_title": "David Zucker (filmmaker)"
        }, 
        {
            "annotations": [
                {
                    "begin": 2368, 
                    "end": 2379, 
                    "score": 0.6105310320854187, 
                    "spot": "Philippines"
                }
            ], 
            "wiki_id": 23440, 
            "wiki_title": "Philippines"
        }, 
        {
            "annotations": [
                {
                    "begin": 3204, 
                    "end": 3209, 
                    "score": 0.11565989255905151, 
                    "spot": "slump"
                }
            ], 
            "wiki_id": 25382, 
            "wiki_title": "Recession"
        }, 
        {
            "annotations": [
                {
                    "begin": 2040, 
                    "end": 2047, 
                    "score": 0.12041579186916351, 
                    "spot": "reduced"
                }
            ], 
            "wiki_id": 507285, 
            "wiki_title": "Layoff"
        }, 
        {
            "annotations": [
                {
                    "begin": 1682, 
                    "end": 1689, 
                    "score": 0.06019843369722366, 
                    "spot": "imports"
                }
            ], 
            "wiki_id": 14567, 
            "wiki_title": "International trade"
        }, 
        {
            "annotations": [
                {
                    "begin": 1082, 
                    "end": 1091, 
                    "score": 0.08177578449249268, 
                    "spot": "producers"
                }, 
                {
                    "begin": 3740, 
                    "end": 3749, 
                    "score": 0.015401339158415794, 
                    "spot": "producers"
                }
            ], 
            "wiki_id": 3555227, 
            "wiki_title": "Hip hop production"
        }, 
        {
            "annotations": [
                {
                    "begin": 2471, 
                    "end": 2479, 
                    "score": 0.5246878862380981, 
                    "spot": "Tel Aviv"
                }
            ], 
            "wiki_id": 31453, 
            "wiki_title": "Tel Aviv"
        }, 
        {
            "annotations": [
                {
                    "begin": 369, 
                    "end": 374, 
                    "score": 0.005338078364729881, 
                    "spot": "as 20"
                }
            ], 
            "wiki_id": 12171746, 
            "wiki_title": "AS-20"
        }, 
        {
            "annotations": [
                {
                    "begin": 46, 
                    "end": 64, 
                    "score": 0.06172839552164078, 
                    "spot": "Consolidated Mines"
                }
            ], 
            "wiki_id": 23928455, 
            "wiki_title": "Consolidated Mines"
        }, 
        {
            "annotations": [
                {
                    "begin": 3245, 
                    "end": 3256, 
                    "score": 0.08471111208200455, 
                    "spot": "withholding"
                }
            ], 
            "wiki_id": 2196805, 
            "wiki_title": "Withholding tax"
        }, 
        {
            "annotations": [
                {
                    "begin": 2567, 
                    "end": 2573, 
                    "score": 0.11888189613819122, 
                    "spot": "supply"
                }
            ], 
            "wiki_id": 77547, 
            "wiki_title": "Logistics"
        }, 
        {
            "annotations": [
                {
                    "begin": 1334, 
                    "end": 1339, 
                    "score": 0.21832172572612762, 
                    "spot": "carat"
                }, 
                {
                    "begin": 1385, 
                    "end": 1390, 
                    "score": 0.2110033631324768, 
                    "spot": "carat"
                }, 
                {
                    "begin": 2988, 
                    "end": 2994, 
                    "score": 0.10000000149011612, 
                    "spot": "carats"
                }, 
                {
                    "begin": 3021, 
                    "end": 3027, 
                    "score": 0.2297435700893402, 
                    "spot": "carats"
                }
            ], 
            "wiki_id": 7158, 
            "wiki_title": "Carat (mass)"
        }, 
        {
            "annotations": [
                {
                    "begin": 1840, 
                    "end": 1847, 
                    "score": 0.20870348811149597, 
                    "spot": "jewelry"
                }, 
                {
                    "begin": 3454, 
                    "end": 3461, 
                    "score": 0.24394983053207397, 
                    "spot": "jewelry"
                }
            ], 
            "wiki_id": 15739, 
            "wiki_title": "Jewellery"
        }, 
        {
            "annotations": [
                {
                    "begin": 3634, 
                    "end": 3641, 
                    "score": 0.11847037076950073, 
                    "spot": "century"
                }
            ], 
            "wiki_id": 5881, 
            "wiki_title": "Century"
        }, 
        {
            "annotations": [
                {
                    "begin": 2036, 
                    "end": 2039, 
                    "score": 0.2032485455274582, 
                    "spot": "yen"
                }
            ], 
            "wiki_id": 34392, 
            "wiki_title": "Japanese yen"
        }, 
        {
            "annotations": [
                {
                    "begin": 906, 
                    "end": 915, 
                    "score": 0.5, 
                    "spot": "The price"
                }
            ], 
            "wiki_id": 3528209, 
            "wiki_title": "The Price (Angel)"
        }, 
        {
            "annotations": [
                {
                    "begin": 1957, 
                    "end": 1964, 
                    "score": 0.0006181743228808045, 
                    "spot": "decades"
                }
            ], 
            "wiki_id": 44177021, 
            "wiki_title": "Decades (TV network)"
        }, 
        {
            "annotations": [
                {
                    "begin": 261, 
                    "end": 266, 
                    "score": 0.05882144719362259, 
                    "spot": "sells"
                }, 
                {
                    "begin": 631, 
                    "end": 636, 
                    "score": 0.16469036042690277, 
                    "spot": "sells"
                }, 
                {
                    "begin": 2220, 
                    "end": 2225, 
                    "score": 0.08872762322425842, 
                    "spot": "sales"
                }, 
                {
                    "begin": 2601, 
                    "end": 2606, 
                    "score": 0.07908136397600174, 
                    "spot": "sales"
                }, 
                {
                    "begin": 2734, 
                    "end": 2739, 
                    "score": 0.15187320113182068, 
                    "spot": "Sales"
                }, 
                {
                    "begin": 2875, 
                    "end": 2880, 
                    "score": 0.05563253536820412, 
                    "spot": "sales"
                }, 
                {
                    "begin": 3437, 
                    "end": 3442, 
                    "score": 0.17771506309509277, 
                    "spot": "sales"
                }
            ], 
            "wiki_id": 155698, 
            "wiki_title": "Sales"
        }, 
        {
            "annotations": [
                {
                    "begin": 765, 
                    "end": 767, 
                    "score": 0.06752035021781921, 
                    "spot": "us"
                }
            ], 
            "wiki_id": 730350, 
            "wiki_title": "Billboard 200"
        }, 
        {
            "annotations": [
                {
                    "begin": 1888, 
                    "end": 1895, 
                    "score": 0.0008547008619643748, 
                    "spot": "one out"
                }
            ], 
            "wiki_id": 34235493, 
            "wiki_title": "One-off"
        }, 
        {
            "annotations": [
                {
                    "begin": 1065, 
                    "end": 1069, 
                    "score": 0.12398963421583176, 
                    "spot": "help"
                }
            ], 
            "wiki_id": 3869329, 
            "wiki_title": "Help! (film)"
        }, 
        {
            "annotations": [
                {
                    "begin": 3867, 
                    "end": 3880, 
                    "score": 0.10563380271196365, 
                    "spot": "rough diamond"
                }
            ], 
            "wiki_id": 9317696, 
            "wiki_title": "Rough Diamond (TV series)"
        }, 
        {
            "annotations": [
                {
                    "begin": 2016, 
                    "end": 2028, 
                    "score": 0.15368327498435974, 
                    "spot": "appreciation"
                }
            ], 
            "wiki_id": 5258706, 
            "wiki_title": "Currency appreciation and depreciation"
        }, 
        {
            "annotations": [
                {
                    "begin": 274, 
                    "end": 279, 
                    "score": 0.08503974974155426, 
                    "spot": "array"
                }
            ], 
            "wiki_id": 255954, 
            "wiki_title": "DNA microarray"
        }, 
        {
            "annotations": [
                {
                    "begin": 1501, 
                    "end": 1508, 
                    "score": 0.15402603149414062, 
                    "spot": "premium"
                }
            ], 
            "wiki_id": 15176, 
            "wiki_title": "Insurance"
        }, 
        {
            "annotations": [
                {
                    "begin": 3235, 
                    "end": 3241, 
                    "score": 0.10675609856843948, 
                    "spot": "decade"
                }
            ], 
            "wiki_id": 695530, 
            "wiki_title": "Decade"
        }, 
        {
            "annotations": [
                {
                    "begin": 1554, 
                    "end": 1560, 
                    "score": 0.1475324183702469, 
                    "spot": "Andrew"
                }
            ], 
            "wiki_id": 1624, 
            "wiki_title": "Andrew Johnson"
        }, 
        {
            "annotations": [
                {
                    "begin": 782, 
                    "end": 789, 
                    "score": 0.5, 
                    "spot": "when we"
                }
            ], 
            "wiki_id": 34866762, 
            "wiki_title": "When We On"
        }, 
        {
            "annotations": [
                {
                    "begin": 726, 
                    "end": 732, 
                    "score": 0.000986749422736466, 
                    "spot": "quotes"
                }
            ], 
            "wiki_id": 2507317, 
            "wiki_title": "Financial quote"
        }, 
        {
            "annotations": [
                {
                    "begin": 2481, 
                    "end": 2487, 
                    "score": 0.3066174387931824, 
                    "spot": "Bombay"
                }
            ], 
            "wiki_id": 19189, 
            "wiki_title": "Mumbai"
        }, 
        {
            "annotations": [
                {
                    "begin": 1274, 
                    "end": 1283, 
                    "score": 0.00730519462376833, 
                    "spot": "low point"
                }
            ], 
            "wiki_id": 48037496, 
            "wiki_title": "Subdivision 1G, Newfoundland and Labrador"
        }, 
        {
            "annotations": [
                {
                    "begin": 572, 
                    "end": 579, 
                    "score": 0.591972827911377, 
                    "spot": "Antwerp"
                }, 
                {
                    "begin": 2462, 
                    "end": 2469, 
                    "score": 0.4902023673057556, 
                    "spot": "Antwerp"
                }
            ], 
            "wiki_id": 32149462, 
            "wiki_title": "Antwerp"
        }, 
        {
            "annotations": [
                {
                    "begin": 958, 
                    "end": 962, 
                    "score": 0.07464952766895294, 
                    "spot": "lift"
                }
            ], 
            "wiki_id": 19373997, 
            "wiki_title": "Elevator"
        }, 
        {
            "annotations": [
                {
                    "begin": 330, 
                    "end": 333, 
                    "score": 0.05198509618639946, 
                    "spot": "say"
                }, 
                {
                    "begin": 3139, 
                    "end": 3142, 
                    "score": 0.032319940626621246, 
                    "spot": "say"
                }
            ], 
            "wiki_id": 46789, 
            "wiki_title": "Jean-Baptiste Say"
        }, 
        {
            "annotations": [
                {
                    "begin": 1536, 
                    "end": 1547, 
                    "score": 0.22432956099510193, 
                    "spot": "open market"
                }
            ], 
            "wiki_id": 11826, 
            "wiki_title": "Free market"
        }, 
        {
            "annotations": [
                {
                    "begin": 231, 
                    "end": 238, 
                    "score": 0.11057138442993164, 
                    "spot": "Central"
                }
            ], 
            "wiki_id": 5188, 
            "wiki_title": "Central Europe"
        }, 
        {
            "annotations": [
                {
                    "begin": 3257, 
                    "end": 3263, 
                    "score": 0.2015082836151123, 
                    "spot": "stocks"
                }
            ], 
            "wiki_id": 19372783, 
            "wiki_title": "Stock"
        }, 
        {
            "annotations": [
                {
                    "begin": 322, 
                    "end": 329, 
                    "score": 0.09229089319705963, 
                    "spot": "dealers"
                }, 
                {
                    "begin": 561, 
                    "end": 568, 
                    "score": 0.17353017628192902, 
                    "spot": "dealers"
                }, 
                {
                    "begin": 640, 
                    "end": 647, 
                    "score": 0.2013312429189682, 
                    "spot": "dealers"
                }, 
                {
                    "begin": 2543, 
                    "end": 2550, 
                    "score": 0.095976822078228, 
                    "spot": "dealers"
                }, 
                {
                    "begin": 3965, 
                    "end": 3972, 
                    "score": 0.07035055011510849, 
                    "spot": "dealers"
                }
            ], 
            "wiki_id": 20810, 
            "wiki_title": "Merchant"
        }, 
        {
            "annotations": [
                {
                    "begin": 1000, 
                    "end": 1006, 
                    "score": 0.03750412538647652, 
                    "spot": "mining"
                }, 
                {
                    "begin": 3925, 
                    "end": 3930, 
                    "score": 0.19269277155399323, 
                    "spot": "mines"
                }
            ], 
            "wiki_id": 20381, 
            "wiki_title": "Mining"
        }, 
        {
            "annotations": [
                {
                    "begin": 3168, 
                    "end": 3176, 
                    "score": 0.04131355881690979, 
                    "spot": "skeptics"
                }
            ], 
            "wiki_id": 204511, 
            "wiki_title": "Scientific skepticism"
        }, 
        {
            "annotations": [
                {
                    "begin": 120, 
                    "end": 125, 
                    "score": 0.10333220660686493, 
                    "spot": "month"
                }
            ], 
            "wiki_id": 349504, 
            "wiki_title": "Environment variable"
        }, 
        {
            "annotations": [
                {
                    "begin": 3125, 
                    "end": 3132, 
                    "score": 0.0662156268954277, 
                    "spot": "markets"
                }, 
                {
                    "begin": 3290, 
                    "end": 3299, 
                    "score": 0.30573567748069763, 
                    "spot": "marketing"
                }, 
                {
                    "begin": 3290, 
                    "end": 3308, 
                    "score": 0.34915685653686523, 
                    "spot": "marketing campaign"
                }
            ], 
            "wiki_id": 59252, 
            "wiki_title": "Marketing"
        }, 
        {
            "annotations": [
                {
                    "begin": 93, 
                    "end": 99, 
                    "score": 0.14217166602611542, 
                    "spot": "prices"
                }, 
                {
                    "begin": 428, 
                    "end": 433, 
                    "score": 0.14897583425045013, 
                    "spot": "price"
                }, 
                {
                    "begin": 891, 
                    "end": 897, 
                    "score": 0.07182007282972336, 
                    "spot": "prices"
                }, 
                {
                    "begin": 1124, 
                    "end": 1130, 
                    "score": 0.1280619502067566, 
                    "spot": "Prices"
                }, 
                {
                    "begin": 1445, 
                    "end": 1451, 
                    "score": 0.13376127183437347, 
                    "spot": "prices"
                }, 
                {
                    "begin": 3814, 
                    "end": 3820, 
                    "score": 0.14012718200683594, 
                    "spot": "prices"
                }
            ], 
            "wiki_id": 211295, 
            "wiki_title": "Price"
        }, 
        {
            "annotations": [
                {
                    "begin": 1764, 
                    "end": 1771, 
                    "score": 0.10648534446954727, 
                    "spot": "million"
                }, 
                {
                    "begin": 2980, 
                    "end": 2987, 
                    "score": 0.06646935641765594, 
                    "spot": "million"
                }, 
                {
                    "begin": 3370, 
                    "end": 3377, 
                    "score": 0.0974503830075264, 
                    "spot": "million"
                }
            ], 
            "wiki_id": 1045999, 
            "wiki_title": "Million"
        }, 
        {
            "annotations": [
                {
                    "begin": 2799, 
                    "end": 2803, 
                    "score": 0.10106279700994492, 
                    "spot": "boom"
                }
            ], 
            "wiki_id": 168918, 
            "wiki_title": "Business cycle"
        }, 
        {
            "annotations": [
                {
                    "begin": 1561, 
                    "end": 1567, 
                    "score": 0.13387355208396912, 
                    "spot": "Lamont"
                }
            ], 
            "wiki_id": 887039, 
            "wiki_title": "Daniel S. Lamont"
        }, 
        {
            "annotations": [
                {
                    "begin": 2052, 
                    "end": 2056, 
                    "score": 0.19008825719356537, 
                    "spot": "cost"
                }
            ], 
            "wiki_id": 166789, 
            "wiki_title": "Cost"
        }, 
        {
            "annotations": [
                {
                    "begin": 1868, 
                    "end": 1880, 
                    "score": 0.4943200647830963, 
                    "spot": "West Germany"
                }, 
                {
                    "begin": 2157, 
                    "end": 2169, 
                    "score": 0.35577836632728577, 
                    "spot": "West Germany"
                }
            ], 
            "wiki_id": 11867, 
            "wiki_title": "Germany"
        }, 
        {
            "annotations": [
                {
                    "begin": 2279, 
                    "end": 2285, 
                    "score": 0.062346018850803375, 
                    "spot": "Demand"
                }
            ], 
            "wiki_id": 4780974, 
            "wiki_title": "Demand"
        }, 
        {
            "annotations": [
                {
                    "begin": 872, 
                    "end": 876, 
                    "score": 0.0005572407389990985, 
                    "spot": "must"
                }
            ], 
            "wiki_id": 1178382, 
            "wiki_title": "English modal verbs"
        }, 
        {
            "annotations": [
                {
                    "begin": 2415, 
                    "end": 2430, 
                    "score": 0.15887850522994995, 
                    "spot": "diamond cutting"
                }, 
                {
                    "begin": 3798, 
                    "end": 3805, 
                    "score": 0.10923217982053757, 
                    "spot": "cutting"
                }
            ], 
            "wiki_id": 60877, 
            "wiki_title": "Diamond cutting"
        }, 
        {
            "annotations": [
                {
                    "begin": 2954, 
                    "end": 2964, 
                    "score": 0.14619490504264832, 
                    "spot": "production"
                }
            ], 
            "wiki_id": 13228814, 
            "wiki_title": "Production (economics)"
        }, 
        {
            "annotations": [
                {
                    "begin": 607, 
                    "end": 610, 
                    "score": 0.01659383438527584, 
                    "spot": "mix"
                }
            ], 
            "wiki_id": 156547, 
            "wiki_title": "Remix"
        }, 
        {
            "annotations": [
                {
                    "begin": 1651, 
                    "end": 1656, 
                    "score": 0.05836052447557449, 
                    "spot": "seven"
                }
            ], 
            "wiki_id": 208159, 
            "wiki_title": "7 (number)"
        }, 
        {
            "annotations": [
                {
                    "begin": 3013, 
                    "end": 3020, 
                    "score": 0.0008983399020507932, 
                    "spot": "million"
                }
            ], 
            "wiki_id": 38834493, 
            "wiki_title": "O mie"
        }, 
        {
            "annotations": [
                {
                    "begin": 3771, 
                    "end": 3780, 
                    "score": 0.13949322700500488, 
                    "spot": "commodity"
                }
            ], 
            "wiki_id": 48218, 
            "wiki_title": "Commodity"
        }, 
        {
            "annotations": [
                {
                    "begin": 1673, 
                    "end": 1681, 
                    "score": 0.11127142608165741, 
                    "spot": "Japanese"
                }
            ], 
            "wiki_id": 425527, 
            "wiki_title": "Japanese mythology"
        }, 
        {
            "annotations": [
                {
                    "begin": 103, 
                    "end": 110, 
                    "score": 0.10090123862028122, 
                    "spot": "average"
                }, 
                {
                    "begin": 420, 
                    "end": 427, 
                    "score": 0.10090123862028122, 
                    "spot": "average"
                }, 
                {
                    "begin": 1354, 
                    "end": 1361, 
                    "score": 0.010647493414580822, 
                    "spot": "average"
                }
            ], 
            "wiki_id": 60167, 
            "wiki_title": "Average"
        }, 
        {
            "annotations": [
                {
                    "begin": 2109, 
                    "end": 2117, 
                    "score": 0.009331833571195602, 
                    "spot": "Stronger"
                }
            ], 
            "wiki_id": 277641, 
            "wiki_title": "Strength of materials"
        }, 
        {
            "annotations": [
                {
                    "begin": 1220, 
                    "end": 1229, 
                    "score": 0.0010877648601308465, 
                    "spot": "beginning"
                }
            ], 
            "wiki_id": 29219286, 
            "wiki_title": "Dexter (season 5)"
        }, 
        {
            "annotations": [
                {
                    "begin": 863, 
                    "end": 866, 
                    "score": 0.08237604796886444, 
                    "spot": "Now"
                }
            ], 
            "wiki_id": 8536948, 
            "wiki_title": "National Organization for Women"
        }, 
        {
            "annotations": [
                {
                    "begin": 3318, 
                    "end": 3329, 
                    "score": 0.38788750767707825, 
                    "spot": "advertising"
                }
            ], 
            "wiki_id": 2861, 
            "wiki_title": "Advertising"
        }, 
        {
            "annotations": [
                {
                    "begin": 3649, 
                    "end": 3658, 
                    "score": 0.16145801544189453, 
                    "spot": "existence"
                }
            ], 
            "wiki_id": 9302, 
            "wiki_title": "Existence"
        }, 
        {
            "annotations": [
                {
                    "begin": 2523, 
                    "end": 2529, 
                    "score": 0.09865188598632812, 
                    "spot": "orders"
                }
            ], 
            "wiki_id": 1098136, 
            "wiki_title": "Order (honour)"
        }, 
        {
            "annotations": [
                {
                    "begin": 269, 
                    "end": 273, 
                    "score": 0.001120922388508916, 
                    "spot": "vast"
                }
            ], 
            "wiki_id": 192573, 
            "wiki_title": "VAST"
        }, 
        {
            "annotations": [
                {
                    "begin": 1391, 
                    "end": 1397, 
                    "score": 0.0469067320227623, 
                    "spot": "equals"
                }
            ], 
            "wiki_id": 501828, 
            "wiki_title": "Equals sign"
        }, 
        {
            "annotations": [
                {
                    "begin": 1627, 
                    "end": 1635, 
                    "score": 0.3038831949234009, 
                    "spot": "Far East"
                }
            ], 
            "wiki_id": 11672, 
            "wiki_title": "Far East"
        }, 
        {
            "annotations": [
                {
                    "begin": 29, 
                    "end": 35, 
                    "score": 0.23653098940849304, 
                    "spot": "cartel"
                }, 
                {
                    "begin": 3781, 
                    "end": 3788, 
                    "score": 0.11438792198896408, 
                    "spot": "cartels"
                }, 
                {
                    "begin": 3831, 
                    "end": 3837, 
                    "score": 0.26190224289894104, 
                    "spot": "cartel"
                }
            ], 
            "wiki_id": 36526, 
            "wiki_title": "Cartel"
        }, 
        {
            "annotations": [
                {
                    "begin": 3134, 
                    "end": 3142, 
                    "score": 0.0006883891765028238, 
                    "spot": "they say"
                }
            ], 
            "wiki_id": 18277613, 
            "wiki_title": "They Say"
        }, 
        {
            "annotations": [
                {
                    "begin": 2864, 
                    "end": 2874, 
                    "score": 0.07660701870918274, 
                    "spot": "predicting"
                }
            ], 
            "wiki_id": 246066, 
            "wiki_title": "Prediction"
        }, 
        {
            "annotations": [
                {
                    "begin": 1169, 
                    "end": 1174, 
                    "score": 0.003874181304126978, 
                    "spot": "risen"
                }
            ], 
            "wiki_id": 26414, 
            "wiki_title": "Resurrection of Jesus"
        }, 
        {
            "annotations": [
                {
                    "begin": 1817, 
                    "end": 1823, 
                    "score": 0.12520842254161835, 
                    "spot": "second"
                }
            ], 
            "wiki_id": 26873, 
            "wiki_title": "Second"
        }, 
        {
            "annotations": [
                {
                    "begin": 304, 
                    "end": 311, 
                    "score": 0.13284949958324432, 
                    "spot": "quality"
                }
            ], 
            "wiki_id": 41613, 
            "wiki_title": "Quality control"
        }, 
        {
            "annotations": [
                {
                    "begin": 2392, 
                    "end": 2399, 
                    "score": 0.08000393211841583, 
                    "spot": "exports"
                }
            ], 
            "wiki_id": 307592, 
            "wiki_title": "Export"
        }, 
        {
            "annotations": [
                {
                    "begin": 1460, 
                    "end": 1474, 
                    "score": 0.13235294818878174, 
                    "spot": "rough diamonds"
                }, 
                {
                    "begin": 2610, 
                    "end": 2624, 
                    "score": 0.13235294818878174, 
                    "spot": "rough diamonds"
                }
            ], 
            "wiki_id": 1833214, 
            "wiki_title": "Rough Diamonds (album)"
        }, 
        {
            "annotations": [
                {
                    "begin": 2555, 
                    "end": 2562, 
                    "score": 0.13031482696533203, 
                    "spot": "cutters"
                }, 
                {
                    "begin": 3977, 
                    "end": 3984, 
                    "score": 0.13031482696533203, 
                    "spot": "cutters"
                }
            ], 
            "wiki_id": 2389550, 
            "wiki_title": "Milling cutter"
        }, 
        {
            "annotations": [
                {
                    "begin": 877, 
                    "end": 883, 
                    "score": 0.0037660873495042324, 
                    "spot": "accept"
                }
            ], 
            "wiki_id": 609351, 
            "wiki_title": "Accept (band)"
        }, 
        {
            "annotations": [
                {
                    "begin": 1018, 
                    "end": 1033, 
                    "score": 0.40954965353012085, 
                    "spot": "Shearson Lehman"
                }
            ], 
            "wiki_id": 20017678, 
            "wiki_title": "Shearson"
        }
    ]
}