{
    "tagme": [
        {
            "annotations": [
                {
                    "begin": 3756, 
                    "end": 3761, 
                    "score": 0.12565359473228455, 
                    "spot": "goals"
                }
            ], 
            "wiki_id": 14850094, 
            "wiki_title": "Goal"
        }, 
        {
            "annotations": [
                {
                    "begin": 3164, 
                    "end": 3171, 
                    "score": 0.13526064157485962, 
                    "spot": "dubious"
                }
            ], 
            "wiki_id": 306291, 
            "wiki_title": "Doubt"
        }, 
        {
            "annotations": [
                {
                    "begin": 1682, 
                    "end": 1691, 
                    "score": 0.2517623007297516, 
                    "spot": "mandatory"
                }
            ], 
            "wiki_id": 5735, 
            "wiki_title": "Conscription"
        }, 
        {
            "annotations": [
                {
                    "begin": 208, 
                    "end": 218, 
                    "score": 0.02015027403831482, 
                    "spot": "Reform Act"
                }, 
                {
                    "begin": 1834, 
                    "end": 1844, 
                    "score": 0.02015027403831482, 
                    "spot": "Reform Act"
                }
            ], 
            "wiki_id": 45777, 
            "wiki_title": "Reform Act 1832"
        }, 
        {
            "annotations": [
                {
                    "begin": 2116, 
                    "end": 2122, 
                    "score": 0.14903990924358368, 
                    "spot": "return"
                }
            ], 
            "wiki_id": 3440956, 
            "wiki_title": "Rate of return"
        }, 
        {
            "annotations": [
                {
                    "begin": 3347, 
                    "end": 3356, 
                    "score": 0.08682689815759659, 
                    "spot": "expansion"
                }
            ], 
            "wiki_id": 17046267, 
            "wiki_title": "Enlargement of NATO"
        }, 
        {
            "annotations": [
                {
                    "begin": 2639, 
                    "end": 2650, 
                    "score": 0.1708860695362091, 
                    "spot": "food stamps"
                }
            ], 
            "wiki_id": 659087, 
            "wiki_title": "Supplemental Nutrition Assistance Program"
        }, 
        {
            "annotations": [
                {
                    "begin": 2671, 
                    "end": 2679, 
                    "score": 0.1181241050362587, 
                    "spot": "children"
                }
            ], 
            "wiki_id": 5792809, 
            "wiki_title": "Angelina Jolie"
        }, 
        {
            "annotations": [
                {
                    "begin": 3837, 
                    "end": 3856, 
                    "score": 0.025423727929592133, 
                    "spot": "perverse incentives"
                }
            ], 
            "wiki_id": 97234, 
            "wiki_title": "Perverse incentive"
        }, 
        {
            "annotations": [
                {
                    "begin": 725, 
                    "end": 728, 
                    "score": 0.001720538828521967, 
                    "spot": "who"
                }, 
                {
                    "begin": 2024, 
                    "end": 2027, 
                    "score": 0.11865018308162689, 
                    "spot": "who"
                }, 
                {
                    "begin": 2680, 
                    "end": 2683, 
                    "score": 0.11072451621294022, 
                    "spot": "who"
                }
            ], 
            "wiki_id": 33583, 
            "wiki_title": "World Health Organization"
        }, 
        {
            "annotations": [
                {
                    "begin": 4282, 
                    "end": 4298, 
                    "score": 0.2965241074562073, 
                    "spot": "work-for-welfare"
                }
            ], 
            "wiki_id": 2006272, 
            "wiki_title": "Workfare"
        }, 
        {
            "annotations": [
                {
                    "begin": 4072, 
                    "end": 4077, 
                    "score": 0.0015168387908488512, 
                    "spot": "layer"
                }
            ], 
            "wiki_id": 35248, 
            "wiki_title": "2D computer graphics"
        }, 
        {
            "annotations": [
                {
                    "begin": 1203, 
                    "end": 1211, 
                    "score": 0.07020622491836548, 
                    "spot": "Children"
                }
            ], 
            "wiki_id": 101942, 
            "wiki_title": "Child labour"
        }, 
        {
            "annotations": [
                {
                    "begin": 281, 
                    "end": 285, 
                    "score": 0.09032293409109116, 
                    "spot": "five"
                }
            ], 
            "wiki_id": 6412297, 
            "wiki_title": "5 (number)"
        }, 
        {
            "annotations": [
                {
                    "begin": 1920, 
                    "end": 1929, 
                    "score": 0.30276790261268616, 
                    "spot": "Democrats"
                }, 
                {
                    "begin": 3034, 
                    "end": 3043, 
                    "score": 0.25392425060272217, 
                    "spot": "Democrats"
                }, 
                {
                    "begin": 4486, 
                    "end": 4495, 
                    "score": 0.30512481927871704, 
                    "spot": "Democrats"
                }
            ], 
            "wiki_id": 5043544, 
            "wiki_title": "Democratic Party (United States)"
        }, 
        {
            "annotations": [
                {
                    "begin": 2389, 
                    "end": 2395, 
                    "score": 0.14390376210212708, 
                    "spot": "reform"
                }
            ], 
            "wiki_id": 26036, 
            "wiki_title": "Reform Judaism"
        }, 
        {
            "annotations": [
                {
                    "begin": 4174, 
                    "end": 4179, 
                    "score": 0.003104290459305048, 
                    "spot": "level"
                }
            ], 
            "wiki_id": 215107, 
            "wiki_title": "Experience point"
        }, 
        {
            "annotations": [
                {
                    "begin": 1886, 
                    "end": 1896, 
                    "score": 0.2469123750925064, 
                    "spot": "status quo"
                }
            ], 
            "wiki_id": 212292, 
            "wiki_title": "Status Quo (band)"
        }, 
        {
            "annotations": [
                {
                    "begin": 432, 
                    "end": 444, 
                    "score": 0.41842105984687805, 
                    "spot": "Trojan horse"
                }
            ], 
            "wiki_id": 59955, 
            "wiki_title": "Trojan Horse"
        }, 
        {
            "annotations": [
                {
                    "begin": 200, 
                    "end": 214, 
                    "score": 0.6516634225845337, 
                    "spot": "Welfare Reform"
                }, 
                {
                    "begin": 200, 
                    "end": 218, 
                    "score": 0.5642856955528259, 
                    "spot": "Welfare Reform Act"
                }, 
                {
                    "begin": 1350, 
                    "end": 1365, 
                    "score": 0.14287444949150085, 
                    "spot": "welfare-to-work"
                }, 
                {
                    "begin": 1826, 
                    "end": 1840, 
                    "score": 0.6516634225845337, 
                    "spot": "Welfare Reform"
                }, 
                {
                    "begin": 1826, 
                    "end": 1844, 
                    "score": 0.5642856955528259, 
                    "spot": "Welfare Reform Act"
                }, 
                {
                    "begin": 3609, 
                    "end": 3623, 
                    "score": 0.4016634225845337, 
                    "spot": "Welfare Reform"
                }, 
                {
                    "begin": 3609, 
                    "end": 3627, 
                    "score": 0.5642856955528259, 
                    "spot": "Welfare Reform Act"
                }
            ], 
            "wiki_id": 2430477, 
            "wiki_title": "Personal Responsibility and Work Opportunity Act"
        }, 
        {
            "annotations": [
                {
                    "begin": 1016, 
                    "end": 1024, 
                    "score": 0.25845688581466675, 
                    "spot": "training"
                }
            ], 
            "wiki_id": 156423, 
            "wiki_title": "Training"
        }, 
        {
            "annotations": [
                {
                    "begin": 725, 
                    "end": 733, 
                    "score": 0.0007346458733081818, 
                    "spot": "who said"
                }
            ], 
            "wiki_id": 4642199, 
            "wiki_title": "Who Said"
        }, 
        {
            "annotations": [
                {
                    "begin": 3178, 
                    "end": 3186, 
                    "score": 0.16824816167354584, 
                    "spot": "Measured"
                }
            ], 
            "wiki_id": 19022, 
            "wiki_title": "Measurement"
        }, 
        {
            "annotations": [
                {
                    "begin": 3886, 
                    "end": 3895, 
                    "score": 0.2986578047275543, 
                    "spot": "make work"
                }
            ], 
            "wiki_id": 9211747, 
            "wiki_title": "Make-work job"
        }, 
        {
            "annotations": [
                {
                    "begin": 2616, 
                    "end": 2630, 
                    "score": 0.001424287911504507, 
                    "spot": "three-quarters"
                }
            ], 
            "wiki_id": 771803, 
            "wiki_title": "Rugby union positions"
        }, 
        {
            "annotations": [
                {
                    "begin": 919, 
                    "end": 922, 
                    "score": 0.0026834148447960615, 
                    "spot": "led"
                }
            ], 
            "wiki_id": 18290, 
            "wiki_title": "Light-emitting diode"
        }, 
        {
            "annotations": [
                {
                    "begin": 2017, 
                    "end": 2023, 
                    "score": 0.049182336777448654, 
                    "spot": "voters"
                }
            ], 
            "wiki_id": 99860, 
            "wiki_title": "Voting"
        }, 
        {
            "annotations": [
                {
                    "begin": 1452, 
                    "end": 1461, 
                    "score": 0.11730515956878662, 
                    "spot": "consensus"
                }
            ], 
            "wiki_id": 165760, 
            "wiki_title": "Consensus decision-making"
        }, 
        {
            "annotations": [
                {
                    "begin": 4560, 
                    "end": 4571, 
                    "score": 0.10526590049266815, 
                    "spot": "opportunity"
                }
            ], 
            "wiki_id": 355849, 
            "wiki_title": "Equal opportunity"
        }, 
        {
            "annotations": [
                {
                    "begin": 762, 
                    "end": 776, 
                    "score": 0.1516634076833725, 
                    "spot": "welfare reform"
                }, 
                {
                    "begin": 3723, 
                    "end": 3737, 
                    "score": 0.1516634076833725, 
                    "spot": "welfare reform"
                }
            ], 
            "wiki_id": 401875, 
            "wiki_title": "Welfare reform"
        }, 
        {
            "annotations": [
                {
                    "begin": 1339, 
                    "end": 1344, 
                    "score": 0.03935258090496063, 
                    "spot": "agree"
                }
            ], 
            "wiki_id": 68651, 
            "wiki_title": "Ambassador"
        }, 
        {
            "annotations": [
                {
                    "begin": 1647, 
                    "end": 1653, 
                    "score": 0.16635014116764069, 
                    "spot": "higher"
                }
            ], 
            "wiki_id": 14423, 
            "wiki_title": "Higher education"
        }, 
        {
            "annotations": [
                {
                    "begin": 1599, 
                    "end": 1606, 
                    "score": 0.0005561591242440045, 
                    "spot": "purpose"
                }
            ], 
            "wiki_id": 44525775, 
            "wiki_title": "Intention"
        }, 
        {
            "annotations": [
                {
                    "begin": 2732, 
                    "end": 2750, 
                    "score": 0.021212121471762657, 
                    "spot": "housing assistance"
                }
            ], 
            "wiki_id": 26432004, 
            "wiki_title": "Shelter allowance"
        }, 
        {
            "annotations": [
                {
                    "begin": 75, 
                    "end": 89, 
                    "score": 0.016393441706895828, 
                    "spot": "welfare system"
                }, 
                {
                    "begin": 2080, 
                    "end": 2094, 
                    "score": 0.2591686248779297, 
                    "spot": "welfare system"
                }, 
                {
                    "begin": 2353, 
                    "end": 2360, 
                    "score": 0.19160014390945435, 
                    "spot": "welfare"
                }, 
                {
                    "begin": 3364, 
                    "end": 3377, 
                    "score": 0.5414154529571533, 
                    "spot": "welfare state"
                }, 
                {
                    "begin": 4100, 
                    "end": 4114, 
                    "score": 0.016393441706895828, 
                    "spot": "welfare system"
                }
            ], 
            "wiki_id": 222839, 
            "wiki_title": "Welfare state"
        }, 
        {
            "annotations": [
                {
                    "begin": 180, 
                    "end": 185, 
                    "score": 0.1256013810634613, 
                    "spot": "votes"
                }
            ], 
            "wiki_id": 994892, 
            "wiki_title": "Voter registration"
        }, 
        {
            "annotations": [
                {
                    "begin": 53, 
                    "end": 62, 
                    "score": 0.1527126282453537, 
                    "spot": "taxpayers"
                }
            ], 
            "wiki_id": 30297, 
            "wiki_title": "Tax"
        }, 
        {
            "annotations": [
                {
                    "begin": 2790, 
                    "end": 2795, 
                    "score": 0.06744233518838882, 
                    "spot": "major"
                }
            ], 
            "wiki_id": 526101, 
            "wiki_title": "Major (academic)"
        }, 
        {
            "annotations": [
                {
                    "begin": 2248, 
                    "end": 2255, 
                    "score": 0.002126880455762148, 
                    "spot": "problem"
                }, 
                {
                    "begin": 3663, 
                    "end": 3670, 
                    "score": 0.06978242099285126, 
                    "spot": "problem"
                }
            ], 
            "wiki_id": 1467948, 
            "wiki_title": "Problem solving"
        }, 
        {
            "annotations": [
                {
                    "begin": 1034, 
                    "end": 1042, 
                    "score": 0.07751338183879852, 
                    "spot": "programs"
                }
            ], 
            "wiki_id": 5783, 
            "wiki_title": "Computer program"
        }, 
        {
            "annotations": [
                {
                    "begin": 931, 
                    "end": 944, 
                    "score": 0.33870968222618103, 
                    "spot": "Thomas Downey"
                }
            ], 
            "wiki_id": 4783852, 
            "wiki_title": "Thomas Downey"
        }, 
        {
            "annotations": [
                {
                    "begin": 1333, 
                    "end": 1338, 
                    "score": 0.1442481428384781, 
                    "spot": "aisle"
                }
            ], 
            "wiki_id": 297058, 
            "wiki_title": "Aisle"
        }, 
        {
            "annotations": [
                {
                    "begin": 3460, 
                    "end": 3470, 
                    "score": 0.12155093252658844, 
                    "spot": "entrenched"
                }
            ], 
            "wiki_id": 204118, 
            "wiki_title": "Fortification"
        }, 
        {
            "annotations": [
                {
                    "begin": 4555, 
                    "end": 4559, 
                    "score": 0.009655185043811798, 
                    "spot": "rare"
                }
            ], 
            "wiki_id": 2665468, 
            "wiki_title": "Rare species"
        }, 
        {
            "annotations": [
                {
                    "begin": 104, 
                    "end": 112, 
                    "score": 0.003053921740502119, 
                    "spot": "question"
                }
            ], 
            "wiki_id": 502038, 
            "wiki_title": "Question"
        }, 
        {
            "annotations": [
                {
                    "begin": 2181, 
                    "end": 2187, 
                    "score": 0.12844489514827728, 
                    "spot": "system"
                }, 
                {
                    "begin": 3913, 
                    "end": 3919, 
                    "score": 0.1862090826034546, 
                    "spot": "system"
                }
            ], 
            "wiki_id": 8286675, 
            "wiki_title": "System"
        }, 
        {
            "annotations": [
                {
                    "begin": 3261, 
                    "end": 3270, 
                    "score": 0.08612775802612305, 
                    "spot": "liberated"
                }
            ], 
            "wiki_id": 936385, 
            "wiki_title": "Liberty"
        }, 
        {
            "annotations": [
                {
                    "begin": 409, 
                    "end": 413, 
                    "score": 0.0834479033946991, 
                    "spot": "here"
                }
            ], 
            "wiki_id": 19692, 
            "wiki_title": "Monopoly (game)"
        }, 
        {
            "annotations": [
                {
                    "begin": 680, 
                    "end": 686, 
                    "score": 0.1666666716337204, 
                    "spot": "nicely"
                }
            ], 
            "wiki_id": 7258941, 
            "wiki_title": "Nick Nicely"
        }, 
        {
            "annotations": [
                {
                    "begin": 396, 
                    "end": 408, 
                    "score": 0.0017241379246115685, 
                    "spot": "what we have"
                }
            ], 
            "wiki_id": 47598811, 
            "wiki_title": "What We Have"
        }, 
        {
            "annotations": [
                {
                    "begin": 2971, 
                    "end": 2987, 
                    "score": 0.19117647409439087, 
                    "spot": "constant dollars"
                }
            ], 
            "wiki_id": 12229474, 
            "wiki_title": "Inflation accounting"
        }, 
        {
            "annotations": [
                {
                    "begin": 1480, 
                    "end": 1487, 
                    "score": 0.08386831730604172, 
                    "spot": "produce"
                }
            ], 
            "wiki_id": 13228814, 
            "wiki_title": "Production (economics)"
        }, 
        {
            "annotations": [
                {
                    "begin": 166, 
                    "end": 171, 
                    "score": 0.06843650341033936, 
                    "spot": "today"
                }
            ], 
            "wiki_id": 226675, 
            "wiki_title": "Today (U.S. TV program)"
        }, 
        {
            "annotations": [
                {
                    "begin": 1126, 
                    "end": 1134, 
                    "score": 0.0006883891765028238, 
                    "spot": "they say"
                }
            ], 
            "wiki_id": 18277613, 
            "wiki_title": "They Say"
        }, 
        {
            "annotations": [
                {
                    "begin": 1808, 
                    "end": 1813, 
                    "score": 0.05005046725273132, 
                    "spot": "short"
                }
            ], 
            "wiki_id": 113519, 
            "wiki_title": "Short (finance)"
        }, 
        {
            "annotations": [
                {
                    "begin": 3644, 
                    "end": 3652, 
                    "score": 0.0013708873884752393, 
                    "spot": "anything"
                }
            ], 
            "wiki_id": 1645524, 
            "wiki_title": "Anything (The Damned album)"
        }, 
        {
            "annotations": [
                {
                    "begin": 3212, 
                    "end": 3217, 
                    "score": 0.083414725959301, 
                    "spot": "count"
                }
            ], 
            "wiki_id": 239794, 
            "wiki_title": "Count von Count"
        }, 
        {
            "annotations": [
                {
                    "begin": 1566, 
                    "end": 1573, 
                    "score": 0.08407159894704819, 
                    "spot": "billion"
                }, 
                {
                    "begin": 3014, 
                    "end": 3021, 
                    "score": 0.09419253468513489, 
                    "spot": "billion"
                }, 
                {
                    "begin": 3551, 
                    "end": 3558, 
                    "score": 0.05922432616353035, 
                    "spot": "billion"
                }
            ], 
            "wiki_id": 1136363, 
            "wiki_title": "1,000,000,000"
        }, 
        {
            "annotations": [
                {
                    "begin": 2045, 
                    "end": 2048, 
                    "score": 0.10245846956968307, 
                    "spot": "tax"
                }
            ], 
            "wiki_id": 30552, 
            "wiki_title": "Taxation in the United States"
        }, 
        {
            "annotations": [
                {
                    "begin": 4463, 
                    "end": 4469, 
                    "score": 0.07986100018024445, 
                    "spot": "emerge"
                }
            ], 
            "wiki_id": 783925, 
            "wiki_title": "Emergentism"
        }, 
        {
            "annotations": [
                {
                    "begin": 1222, 
                    "end": 1226, 
                    "score": 0.0005572407389990985, 
                    "spot": "must"
                }
            ], 
            "wiki_id": 466664, 
            "wiki_title": "Must"
        }, 
        {
            "annotations": [
                {
                    "begin": 3293, 
                    "end": 3302, 
                    "score": 0.07587964087724686, 
                    "spot": "situation"
                }
            ], 
            "wiki_id": 27506829, 
            "wiki_title": "Situation (Sartre)"
        }, 
        {
            "annotations": [
                {
                    "begin": 2260, 
                    "end": 2268, 
                    "score": 0.0013708873884752393, 
                    "spot": "anything"
                }
            ], 
            "wiki_id": 31221547, 
            "wiki_title": "A for Anything"
        }, 
        {
            "annotations": [
                {
                    "begin": 450, 
                    "end": 455, 
                    "score": 0.0006908081704750657, 
                    "spot": "piece"
                }
            ], 
            "wiki_id": 47618, 
            "wiki_title": "Chess piece"
        }, 
        {
            "annotations": [
                {
                    "begin": 3140, 
                    "end": 3148, 
                    "score": 0.1679319441318512, 
                    "spot": "benefits"
                }, 
                {
                    "begin": 3577, 
                    "end": 3585, 
                    "score": 0.12893861532211304, 
                    "spot": "benefits"
                }
            ], 
            "wiki_id": 9223, 
            "wiki_title": "Economics"
        }, 
        {
            "annotations": [
                {
                    "begin": 238, 
                    "end": 246, 
                    "score": 0.013877206481993198, 
                    "spot": "proposes"
                }
            ], 
            "wiki_id": 19728, 
            "wiki_title": "Marriage"
        }, 
        {
            "annotations": [
                {
                    "begin": 1427, 
                    "end": 1432, 
                    "score": 0.06795097142457962, 
                    "spot": "basis"
                }
            ], 
            "wiki_id": 18420, 
            "wiki_title": "Basis (linear algebra)"
        }, 
        {
            "annotations": [
                {
                    "begin": 2462, 
                    "end": 2472, 
                    "score": 0.28159472346305847, 
                    "spot": "real terms"
                }
            ], 
            "wiki_id": 717591, 
            "wiki_title": "Real versus nominal value (economics)"
        }, 
        {
            "annotations": [
                {
                    "begin": 4264, 
                    "end": 4272, 
                    "score": 0.06238912418484688, 
                    "spot": "diluting"
                }
            ], 
            "wiki_id": 7512, 
            "wiki_title": "Concentration"
        }, 
        {
            "annotations": [
                {
                    "begin": 3118, 
                    "end": 3123, 
                    "score": 0.0773879662156105, 
                    "spot": "terms"
                }, 
                {
                    "begin": 3194, 
                    "end": 3199, 
                    "score": 0.04775012284517288, 
                    "spot": "terms"
                }
            ], 
            "wiki_id": 545577, 
            "wiki_title": "Academic term"
        }, 
        {
            "annotations": [
                {
                    "begin": 2872, 
                    "end": 2879, 
                    "score": 0.27784740924835205, 
                    "spot": "program"
                }, 
                {
                    "begin": 2917, 
                    "end": 2924, 
                    "score": 0.09428751468658447, 
                    "spot": "program"
                }
            ], 
            "wiki_id": 9252, 
            "wiki_title": "Education"
        }, 
        {
            "annotations": [
                {
                    "begin": 979, 
                    "end": 984, 
                    "score": 0.12257204204797745, 
                    "spot": "money"
                }
            ], 
            "wiki_id": 8983183, 
            "wiki_title": "Money"
        }, 
        {
            "annotations": [
                {
                    "begin": 2899, 
                    "end": 2905, 
                    "score": 0.19775980710983276, 
                    "spot": "Energy"
                }
            ], 
            "wiki_id": 9649, 
            "wiki_title": "Energy"
        }, 
        {
            "annotations": [
                {
                    "begin": 2232, 
                    "end": 2238, 
                    "score": 0.005178560968488455, 
                    "spot": "public"
                }
            ], 
            "wiki_id": 178808, 
            "wiki_title": "Public broadcasting"
        }, 
        {
            "annotations": [
                {
                    "begin": 44, 
                    "end": 52, 
                    "score": 0.1316373646259308, 
                    "spot": "American"
                }
            ], 
            "wiki_id": 19792942, 
            "wiki_title": "Americans"
        }, 
        {
            "annotations": [
                {
                    "begin": 324, 
                    "end": 332, 
                    "score": 0.24605503678321838, 
                    "spot": "benefits"
                }, 
                {
                    "begin": 539, 
                    "end": 546, 
                    "score": 0.3802967965602875, 
                    "spot": "welfare"
                }, 
                {
                    "begin": 539, 
                    "end": 555, 
                    "score": 0.25561797618865967, 
                    "spot": "welfare programs"
                }, 
                {
                    "begin": 621, 
                    "end": 628, 
                    "score": 0.15052568912506104, 
                    "spot": "welfare"
                }, 
                {
                    "begin": 856, 
                    "end": 863, 
                    "score": 0.30018365383148193, 
                    "spot": "welfare"
                }, 
                {
                    "begin": 1153, 
                    "end": 1161, 
                    "score": 0.2836964428424835, 
                    "spot": "benefits"
                }, 
                {
                    "begin": 1692, 
                    "end": 1700, 
                    "score": 0.23229365050792694, 
                    "spot": "benefits"
                }, 
                {
                    "begin": 1751, 
                    "end": 1759, 
                    "score": 0.3279203772544861, 
                    "spot": "benefits"
                }, 
                {
                    "begin": 1764, 
                    "end": 1771, 
                    "score": 0.36612728238105774, 
                    "spot": "welfare"
                }, 
                {
                    "begin": 2436, 
                    "end": 2444, 
                    "score": 0.22191523015499115, 
                    "spot": "benefits"
                }, 
                {
                    "begin": 2796, 
                    "end": 2803, 
                    "score": 0.22075258195400238, 
                    "spot": "welfare"
                }, 
                {
                    "begin": 2796, 
                    "end": 2812, 
                    "score": 0.3129994869232178, 
                    "spot": "welfare programs"
                }, 
                {
                    "begin": 3797, 
                    "end": 3811, 
                    "score": 0.22434835135936737, 
                    "spot": "welfare system"
                }, 
                {
                    "begin": 3870, 
                    "end": 3877, 
                    "score": 0.25422489643096924, 
                    "spot": "welfare"
                }, 
                {
                    "begin": 3977, 
                    "end": 3984, 
                    "score": 0.2393541783094406, 
                    "spot": "welfare"
                }, 
                {
                    "begin": 3977, 
                    "end": 3993, 
                    "score": 0.25561797618865967, 
                    "spot": "welfare programs"
                }, 
                {
                    "begin": 4183, 
                    "end": 4191, 
                    "score": 0.2215002179145813, 
                    "spot": "benefits"
                }, 
                {
                    "begin": 4226, 
                    "end": 4233, 
                    "score": 0.21961241960525513, 
                    "spot": "welfare"
                }
            ], 
            "wiki_id": 247817, 
            "wiki_title": "Welfare"
        }, 
        {
            "annotations": [
                {
                    "begin": 163, 
                    "end": 165, 
                    "score": 0.06107419356703758, 
                    "spot": "up"
                }
            ], 
            "wiki_id": 32117, 
            "wiki_title": "Upper Peninsula of Michigan"
        }, 
        {
            "annotations": [
                {
                    "begin": 1613, 
                    "end": 1617, 
                    "score": 0.002164596924558282, 
                    "spot": "bulk"
                }
            ], 
            "wiki_id": 495614, 
            "wiki_title": "Brane cosmology"
        }, 
        {
            "annotations": [
                {
                    "begin": 1029, 
                    "end": 1033, 
                    "score": 0.17404969036579132, 
                    "spot": "work"
                }
            ], 
            "wiki_id": 314993, 
            "wiki_title": "Employment"
        }, 
        {
            "annotations": [
                {
                    "begin": 25, 
                    "end": 35, 
                    "score": 0.12576933205127716, 
                    "spot": "investment"
                }, 
                {
                    "begin": 887, 
                    "end": 897, 
                    "score": 0.19961708784103394, 
                    "spot": "investment"
                }, 
                {
                    "begin": 1868, 
                    "end": 1878, 
                    "score": 0.011412323452532291, 
                    "spot": "investment"
                }, 
                {
                    "begin": 2132, 
                    "end": 2142, 
                    "score": 0.1734328418970108, 
                    "spot": "investment"
                }
            ], 
            "wiki_id": 63121, 
            "wiki_title": "Investment"
        }, 
        {
            "annotations": [
                {
                    "begin": 1728, 
                    "end": 1739, 
                    "score": 0.25454413890838623, 
                    "spot": "maintenance"
                }
            ], 
            "wiki_id": 98205, 
            "wiki_title": "Alimony"
        }, 
        {
            "annotations": [
                {
                    "begin": 1255, 
                    "end": 1263, 
                    "score": 0.0006112469709478319, 
                    "spot": "declines"
                }
            ], 
            "wiki_id": 1871471, 
            "wiki_title": "Decline"
        }, 
        {
            "annotations": [
                {
                    "begin": 3949, 
                    "end": 3951, 
                    "score": 0.0007055374444462359, 
                    "spot": "do"
                }
            ], 
            "wiki_id": 30808, 
            "wiki_title": "Tao"
        }, 
        {
            "annotations": [
                {
                    "begin": 958, 
                    "end": 961, 
                    "score": 0.0005023122066631913, 
                    "spot": "out"
                }
            ], 
            "wiki_id": 18912922, 
            "wiki_title": "Closeted"
        }, 
        {
            "annotations": [
                {
                    "begin": 495, 
                    "end": 501, 
                    "score": 0.20860879123210907, 
                    "spot": "reform"
                }
            ], 
            "wiki_id": 350685, 
            "wiki_title": "Reform"
        }, 
        {
            "annotations": [
                {
                    "begin": 1304, 
                    "end": 1311, 
                    "score": 0.02082379162311554, 
                    "spot": "members"
                }
            ], 
            "wiki_id": 258909, 
            "wiki_title": "Member of the European Parliament"
        }, 
        {
            "annotations": [
                {
                    "begin": 459, 
                    "end": 470, 
                    "score": 0.15242810547351837, 
                    "spot": "legislation"
                }, 
                {
                    "begin": 4451, 
                    "end": 4462, 
                    "score": 0.11352278292179108, 
                    "spot": "legislation"
                }
            ], 
            "wiki_id": 51913, 
            "wiki_title": "Legislation"
        }, 
        {
            "annotations": [
                {
                    "begin": 233, 
                    "end": 237, 
                    "score": 0.035092391073703766, 
                    "spot": "bill"
                }
            ], 
            "wiki_id": 377411, 
            "wiki_title": "Bill (law)"
        }, 
        {
            "annotations": [
                {
                    "begin": 1625, 
                    "end": 1634, 
                    "score": 0.03184713423252106, 
                    "spot": "new money"
                }
            ], 
            "wiki_id": 666068, 
            "wiki_title": "Nouveau riche"
        }, 
        {
            "annotations": [
                {
                    "begin": 4500, 
                    "end": 4511, 
                    "score": 0.34969615936279297, 
                    "spot": "Republicans"
                }
            ], 
            "wiki_id": 32070, 
            "wiki_title": "Republican Party (United States)"
        }, 
        {
            "annotations": [
                {
                    "begin": 1047, 
                    "end": 1062, 
                    "score": 0.0517241396009922, 
                    "spot": "welfare mothers"
                }
            ], 
            "wiki_id": 1444832, 
            "wiki_title": "Rust Never Sleeps"
        }, 
        {
            "annotations": [
                {
                    "begin": 4386, 
                    "end": 4393, 
                    "score": 0.004108463414013386, 
                    "spot": "hopeful"
                }
            ], 
            "wiki_id": 43058235, 
            "wiki_title": "Hopeful (Bars and Melody song)"
        }, 
        {
            "annotations": [
                {
                    "begin": 2757, 
                    "end": 2765, 
                    "score": 0.0007516181794926524, 
                    "spot": "Together"
                }
            ], 
            "wiki_id": 26711782, 
            "wiki_title": "Together (John Farnham album)"
        }, 
        {
            "annotations": [
                {
                    "begin": 1298, 
                    "end": 1303, 
                    "score": 0.07080622762441635, 
                    "spot": "House"
                }, 
                {
                    "begin": 2296, 
                    "end": 2301, 
                    "score": 0.044927410781383514, 
                    "spot": "House"
                }
            ], 
            "wiki_id": 13930, 
            "wiki_title": "House music"
        }, 
        {
            "annotations": [
                {
                    "begin": 748, 
                    "end": 756, 
                    "score": 0.009028642438352108, 
                    "spot": "truth is"
                }
            ], 
            "wiki_id": 32206203, 
            "wiki_title": "The Truth Is... (Theory of a Deadman album)"
        }, 
        {
            "annotations": [
                {
                    "begin": 1397, 
                    "end": 1407, 
                    "score": 0.06705111265182495, 
                    "spot": "conclusion"
                }
            ], 
            "wiki_id": 37531624, 
            "wiki_title": "Logical consequence"
        }, 
        {
            "annotations": [
                {
                    "begin": 1320, 
                    "end": 1325, 
                    "score": 0.0007696254760958254, 
                    "spot": "sides"
                }
            ], 
            "wiki_id": 156541, 
            "wiki_title": "A-side and B-side"
        }, 
        {
            "annotations": [
                {
                    "begin": 2573, 
                    "end": 2581, 
                    "score": 0.5108605623245239, 
                    "spot": "Medicaid"
                }
            ], 
            "wiki_id": 55794, 
            "wiki_title": "Medicaid"
        }, 
        {
            "annotations": [
                {
                    "begin": 4394, 
                    "end": 4399, 
                    "score": 0.005303726065903902, 
                    "spot": "signs"
                }
            ], 
            "wiki_id": 29301, 
            "wiki_title": "Semiotics"
        }, 
        {
            "annotations": [
                {
                    "begin": 641, 
                    "end": 659, 
                    "score": 0.2777777910232544, 
                    "spot": "welfare dependency"
                }, 
                {
                    "begin": 3684, 
                    "end": 3702, 
                    "score": 0.2777777910232544, 
                    "spot": "welfare dependency"
                }
            ], 
            "wiki_id": 33224794, 
            "wiki_title": "Welfare dependency"
        }, 
        {
            "annotations": [
                {
                    "begin": 748, 
                    "end": 753, 
                    "score": 0.013997028581798077, 
                    "spot": "truth"
                }
            ], 
            "wiki_id": 1345236, 
            "wiki_title": "Truth (Jeff Beck album)"
        }, 
        {
            "annotations": [
                {
                    "begin": 2835, 
                    "end": 2839, 
                    "score": 0.0016104233218356967, 
                    "spot": "plus"
                }
            ], 
            "wiki_id": 1303155, 
            "wiki_title": "Plus (interbank network)"
        }, 
        {
            "annotations": [
                {
                    "begin": 1994, 
                    "end": 2001, 
                    "score": 0.03885459899902344, 
                    "spot": "produce"
                }
            ], 
            "wiki_id": 845728, 
            "wiki_title": "Television producer"
        }, 
        {
            "annotations": [
                {
                    "begin": 2596, 
                    "end": 2604, 
                    "score": 0.034925054758787155, 
                    "spot": "instance"
                }
            ], 
            "wiki_id": 8377, 
            "wiki_title": "Database"
        }, 
        {
            "annotations": [
                {
                    "begin": 1513, 
                    "end": 1517, 
                    "score": 0.10889814794063568, 
                    "spot": "bill"
                }, 
                {
                    "begin": 1956, 
                    "end": 1960, 
                    "score": 0.08508267998695374, 
                    "spot": "bill"
                }, 
                {
                    "begin": 3936, 
                    "end": 3940, 
                    "score": 0.030515052378177643, 
                    "spot": "bill"
                }, 
                {
                    "begin": 4054, 
                    "end": 4058, 
                    "score": 0.030515052378177643, 
                    "spot": "bill"
                }
            ], 
            "wiki_id": 3356, 
            "wiki_title": "Bill Clinton"
        }, 
        {
            "annotations": [
                {
                    "begin": 990, 
                    "end": 992, 
                    "score": 0.08516310155391693, 
                    "spot": "go"
                }, 
                {
                    "begin": 1641, 
                    "end": 1643, 
                    "score": 0.004958091303706169, 
                    "spot": "go"
                }
            ], 
            "wiki_id": 64971, 
            "wiki_title": "Go (game)"
        }, 
        {
            "annotations": [
                {
                    "begin": 3471, 
                    "end": 3476, 
                    "score": 0.1892705112695694, 
                    "spot": "class"
                }
            ], 
            "wiki_id": 29174, 
            "wiki_title": "Social class"
        }, 
        {
            "annotations": [
                {
                    "begin": 2692, 
                    "end": 2709, 
                    "score": 0.07303370535373688, 
                    "spot": "free school meals"
                }
            ], 
            "wiki_id": 1997732, 
            "wiki_title": "School meal"
        }, 
        {
            "annotations": [
                {
                    "begin": 4299, 
                    "end": 4311, 
                    "score": 0.13082456588745117, 
                    "spot": "requirements"
                }
            ], 
            "wiki_id": 1745670, 
            "wiki_title": "Social choice theory"
        }, 
        {
            "annotations": [
                {
                    "begin": 1796, 
                    "end": 1802, 
                    "score": 0.2458070069551468, 
                    "spot": "income"
                }
            ], 
            "wiki_id": 50845, 
            "wiki_title": "Income tax"
        }, 
        {
            "annotations": [
                {
                    "begin": 2406, 
                    "end": 2410, 
                    "score": 0.06134721636772156, 
                    "spot": "fact"
                }
            ], 
            "wiki_id": 58617, 
            "wiki_title": "Fact"
        }, 
        {
            "annotations": [
                {
                    "begin": 2422, 
                    "end": 2427, 
                    "score": 0.02488483116030693, 
                    "spot": "level"
                }, 
                {
                    "begin": 2495, 
                    "end": 2500, 
                    "score": 0.10341726988554001, 
                    "spot": "level"
                }, 
                {
                    "begin": 3131, 
                    "end": 3136, 
                    "score": 0.10190628468990326, 
                    "spot": "level"
                }
            ], 
            "wiki_id": 10254514, 
            "wiki_title": "A-level"
        }, 
        {
            "annotations": [
                {
                    "begin": 4, 
                    "end": 17, 
                    "score": 0.007418397814035416, 
                    "spot": "How much more"
                }
            ], 
            "wiki_id": 12113579, 
            "wiki_title": "How Much More"
        }, 
        {
            "annotations": [
                {
                    "begin": 2844, 
                    "end": 2871, 
                    "score": 0.06923077255487442, 
                    "spot": "Women, Infants and Children"
                }
            ], 
            "wiki_id": 2998847, 
            "wiki_title": "WIC"
        }, 
        {
            "annotations": [
                {
                    "begin": 3418, 
                    "end": 3428, 
                    "score": 0.17663399875164032, 
                    "spot": "phenomenon"
                }
            ], 
            "wiki_id": 60931, 
            "wiki_title": "Phenomenon"
        }, 
        {
            "annotations": [
                {
                    "begin": 193, 
                    "end": 199, 
                    "score": 0.058085307478904724, 
                    "spot": "Family"
                }, 
                {
                    "begin": 1715, 
                    "end": 1723, 
                    "score": 0.29846784472465515, 
                    "spot": "families"
                }, 
                {
                    "begin": 1819, 
                    "end": 1825, 
                    "score": 0.02909783087670803, 
                    "spot": "Family"
                }, 
                {
                    "begin": 2551, 
                    "end": 2559, 
                    "score": 0.15710237622261047, 
                    "spot": "families"
                }, 
                {
                    "begin": 3602, 
                    "end": 3608, 
                    "score": 0.07824862748384476, 
                    "spot": "Family"
                }
            ], 
            "wiki_id": 10401954, 
            "wiki_title": "Family"
        }, 
        {
            "annotations": [
                {
                    "begin": 2101, 
                    "end": 2107, 
                    "score": 0.12270216643810272, 
                    "spot": "little"
                }
            ], 
            "wiki_id": 7588970, 
            "wiki_title": "Andrew Little (New Zealand politician)"
        }, 
        {
            "annotations": [
                {
                    "begin": 3930, 
                    "end": 3935, 
                    "score": 0.16116268932819366, 
                    "spot": "House"
                }, 
                {
                    "begin": 4048, 
                    "end": 4053, 
                    "score": 0.2222365289926529, 
                    "spot": "House"
                }
            ], 
            "wiki_id": 13590, 
            "wiki_title": "House"
        }, 
        {
            "annotations": [
                {
                    "begin": 3232, 
                    "end": 3238, 
                    "score": 0.12710975110530853, 
                    "spot": "number"
                }
            ], 
            "wiki_id": 21690, 
            "wiki_title": "Number"
        }, 
        {
            "annotations": [
                {
                    "begin": 2002, 
                    "end": 2011, 
                    "score": 0.004704301245510578, 
                    "spot": "reprisals"
                }
            ], 
            "wiki_id": 146798, 
            "wiki_title": "Reprisal"
        }, 
        {
            "annotations": [
                {
                    "begin": 634, 
                    "end": 640, 
                    "score": 0.1374310404062271, 
                    "spot": "reduce"
                }, 
                {
                    "begin": 4161, 
                    "end": 4169, 
                    "score": 0.10088541358709335, 
                    "spot": "reducing"
                }
            ], 
            "wiki_id": 49198, 
            "wiki_title": "Reductionism"
        }, 
        {
            "annotations": [
                {
                    "begin": 706, 
                    "end": 723, 
                    "score": 0.4166666567325592, 
                    "spot": "Anthony Beilenson"
                }
            ], 
            "wiki_id": 3565970, 
            "wiki_title": "Anthony C. Beilenson"
        }, 
        {
            "annotations": [
                {
                    "begin": 1546, 
                    "end": 1553, 
                    "score": 0.20336395502090454, 
                    "spot": "quarter"
                }
            ], 
            "wiki_id": 5752099, 
            "wiki_title": "Fiscal year"
        }, 
        {
            "annotations": [
                {
                    "begin": 562, 
                    "end": 566, 
                    "score": 0.164661705493927, 
                    "spot": "bill"
                }
            ], 
            "wiki_id": 842201, 
            "wiki_title": "Invoice"
        }, 
        {
            "annotations": [
                {
                    "begin": 1087, 
                    "end": 1092, 
                    "score": 0.0037106447853147984, 
                    "spot": "rolls"
                }, 
                {
                    "begin": 3280, 
                    "end": 3285, 
                    "score": 0.0037106447853147984, 
                    "spot": "rolls"
                }
            ], 
            "wiki_id": 5476413, 
            "wiki_title": "List of Rolls-Royce motor cars"
        }, 
        {
            "annotations": [
                {
                    "begin": 2995, 
                    "end": 3001, 
                    "score": 0.002481855684891343, 
                    "spot": "annual"
                }
            ], 
            "wiki_id": 777, 
            "wiki_title": "Annual plant"
        }, 
        {
            "annotations": [
                {
                    "begin": 629, 
                    "end": 633, 
                    "score": 0.13825060427188873, 
                    "spot": "will"
                }
            ], 
            "wiki_id": 275574, 
            "wiki_title": "Will Durant"
        }, 
        {
            "annotations": [
                {
                    "begin": 1250, 
                    "end": 1254, 
                    "score": 0.035070378333330154, 
                    "spot": "real"
                }
            ], 
            "wiki_id": 20646438, 
            "wiki_title": "Real number"
        }, 
        {
            "annotations": [
                {
                    "begin": 2582, 
                    "end": 2590, 
                    "score": 0.15831252932548523, 
                    "spot": "coverage"
                }, 
                {
                    "begin": 3045, 
                    "end": 3050, 
                    "score": 0.15778137743473053, 
                    "spot": "claim"
                }
            ], 
            "wiki_id": 15176, 
            "wiki_title": "Insurance"
        }, 
        {
            "annotations": [
                {
                    "begin": 3633, 
                    "end": 3635, 
                    "score": 0.058861102908849716, 
                    "spot": "do"
                }
            ], 
            "wiki_id": 14335899, 
            "wiki_title": "Doctor of Osteopathic Medicine"
        }, 
        {
            "annotations": [
                {
                    "begin": 4475, 
                    "end": 4483, 
                    "score": 0.20852947235107422, 
                    "spot": "Congress"
                }
            ], 
            "wiki_id": 31756, 
            "wiki_title": "United States Congress"
        }, 
        {
            "annotations": [
                {
                    "begin": 1366, 
                    "end": 1374, 
                    "score": 0.042068857699632645, 
                    "spot": "programs"
                }
            ], 
            "wiki_id": 47293, 
            "wiki_title": "Master of Business Administration"
        }, 
        {
            "annotations": [
                {
                    "begin": 2190, 
                    "end": 2199, 
                    "score": 0.031018085777759552, 
                    "spot": "defenders"
                }
            ], 
            "wiki_id": 649702, 
            "wiki_title": "Defender (association football)"
        }, 
        {
            "annotations": [
                {
                    "begin": 2257, 
                    "end": 2259, 
                    "score": 0.0010810111416503787, 
                    "spot": "if"
                }
            ], 
            "wiki_id": 2520164, 
            "wiki_title": "If (Bread song)"
        }, 
        {
            "annotations": [
                {
                    "begin": 4092, 
                    "end": 4099, 
                    "score": 0.008430328220129013, 
                    "spot": "complex"
                }
            ], 
            "wiki_id": 2528728, 
            "wiki_title": "Species complex"
        }, 
        {
            "annotations": [
                {
                    "begin": 2508, 
                    "end": 2524, 
                    "score": 0.23711244761943817, 
                    "spot": "welfare benefits"
                }
            ], 
            "wiki_id": 217715, 
            "wiki_title": "Welfare state in the United Kingdom"
        }, 
        {
            "annotations": [
                {
                    "begin": 3571, 
                    "end": 3576, 
                    "score": 0.07862614840269089, 
                    "spot": "basic"
                }
            ], 
            "wiki_id": 4015, 
            "wiki_title": "BASIC"
        }, 
        {
            "annotations": [
                {
                    "begin": 1102, 
                    "end": 1106, 
                    "score": 0.0018456451361998916, 
                    "spot": "jobs"
                }
            ], 
            "wiki_id": 7412236, 
            "wiki_title": "Steve Jobs"
        }, 
        {
            "annotations": [
                {
                    "begin": 2312, 
                    "end": 2320, 
                    "score": 0.1596537083387375, 
                    "spot": "majority"
                }
            ], 
            "wiki_id": 465640, 
            "wiki_title": "Majority government"
        }, 
        {
            "annotations": [
                {
                    "begin": 899, 
                    "end": 902, 
                    "score": 0.07327290624380112, 
                    "spot": "say"
                }, 
                {
                    "begin": 1131, 
                    "end": 1134, 
                    "score": 0.09524762630462646, 
                    "spot": "say"
                }
            ], 
            "wiki_id": 46789, 
            "wiki_title": "Jean-Baptiste Say"
        }, 
        {
            "annotations": [
                {
                    "begin": 310, 
                    "end": 314, 
                    "score": 0.11864636838436127, 
                    "spot": "will"
                }, 
                {
                    "begin": 985, 
                    "end": 989, 
                    "score": 0.17448531091213226, 
                    "spot": "will"
                }, 
                {
                    "begin": 3628, 
                    "end": 3632, 
                    "score": 0.11813058704137802, 
                    "spot": "will"
                }
            ], 
            "wiki_id": 47921, 
            "wiki_title": "Free will"
        }, 
        {
            "annotations": [
                {
                    "begin": 2489, 
                    "end": 2494, 
                    "score": 0.10152857005596161, 
                    "spot": "total"
                }, 
                {
                    "begin": 3002, 
                    "end": 3007, 
                    "score": 0.12223711609840393, 
                    "spot": "total"
                }
            ], 
            "wiki_id": 804161, 
            "wiki_title": "Total S.A."
        }, 
        {
            "annotations": [
                {
                    "begin": 2049, 
                    "end": 2056, 
                    "score": 0.1114831268787384, 
                    "spot": "dollars"
                }
            ], 
            "wiki_id": 81215, 
            "wiki_title": "Australian dollar"
        }, 
        {
            "annotations": [
                {
                    "begin": 2028, 
                    "end": 2030, 
                    "score": 0.12124282121658325, 
                    "spot": "ve"
                }
            ], 
            "wiki_id": 32374, 
            "wiki_title": "Venezuela"
        }, 
        {
            "annotations": [
                {
                    "begin": 1172, 
                    "end": 1211, 
                    "score": 0.48051947355270386, 
                    "spot": "Aid to Families With Dependent Children"
                }, 
                {
                    "begin": 1213, 
                    "end": 1217, 
                    "score": 0.20789021253585815, 
                    "spot": "AFDC"
                }, 
                {
                    "begin": 1654, 
                    "end": 1658, 
                    "score": 0.23753146827220917, 
                    "spot": "AFDC"
                }, 
                {
                    "begin": 2431, 
                    "end": 2435, 
                    "score": 0.23428109288215637, 
                    "spot": "AFDC"
                }, 
                {
                    "begin": 2546, 
                    "end": 2550, 
                    "score": 0.21227577328681946, 
                    "spot": "AFDC"
                }
            ], 
            "wiki_id": 1282402, 
            "wiki_title": "Aid to Families with Dependent Children"
        }, 
        {
            "annotations": [
                {
                    "begin": 1243, 
                    "end": 1249, 
                    "score": 0.038668736815452576, 
                    "spot": "offset"
                }
            ], 
            "wiki_id": 33555, 
            "wiki_title": "Wheel"
        }, 
        {
            "annotations": [
                {
                    "begin": 2381, 
                    "end": 2384, 
                    "score": 0.07130172848701477, 
                    "spot": "bow"
                }
            ], 
            "wiki_id": 219810, 
            "wiki_title": "Bow and arrow"
        }, 
        {
            "annotations": [
                {
                    "begin": 3242, 
                    "end": 3249, 
                    "score": 0.09699414670467377, 
                    "spot": "welfare"
                }, 
                {
                    "begin": 3490, 
                    "end": 3497, 
                    "score": 0.21365414559841156, 
                    "spot": "welfare"
                }
            ], 
            "wiki_id": 27691, 
            "wiki_title": "Social security"
        }, 
        {
            "annotations": [
                {
                    "begin": 1906, 
                    "end": 1912, 
                    "score": 0.057533733546733856, 
                    "spot": "course"
                }
            ], 
            "wiki_id": 393585, 
            "wiki_title": "Golf course"
        }, 
        {
            "annotations": [
                {
                    "begin": 3766, 
                    "end": 3772, 
                    "score": 0.2383323311805725, 
                    "spot": "shrink"
                }
            ], 
            "wiki_id": 6134342, 
            "wiki_title": "Mental health professional"
        }, 
        {
            "annotations": [
                {
                    "begin": 3900, 
                    "end": 3905, 
                    "score": 0.10654212534427643, 
                    "spot": "focus"
                }
            ], 
            "wiki_id": 68753, 
            "wiki_title": "Attention"
        }, 
        {
            "annotations": [
                {
                    "begin": 3442, 
                    "end": 3453, 
                    "score": 0.16608475148677826, 
                    "spot": "development"
                }
            ], 
            "wiki_id": 46212943, 
            "wiki_title": "Urban planning"
        }, 
        {
            "annotations": [
                {
                    "begin": 2223, 
                    "end": 2227, 
                    "score": 0.0033116925042122602, 
                    "spot": "tell"
                }
            ], 
            "wiki_id": 211183, 
            "wiki_title": "Tell"
        }, 
        {
            "annotations": [
                {
                    "begin": 605, 
                    "end": 617, 
                    "score": 0.08305925875902176, 
                    "spot": "expenditures"
                }, 
                {
                    "begin": 1574, 
                    "end": 1580, 
                    "score": 0.004464285913854837, 
                    "spot": "outlay"
                }
            ], 
            "wiki_id": 166789, 
            "wiki_title": "Cost"
        }, 
        {
            "annotations": [
                {
                    "begin": 2888, 
                    "end": 2898, 
                    "score": 0.2892440855503082, 
                    "spot": "Low Income"
                }
            ], 
            "wiki_id": 64959, 
            "wiki_title": "Poverty"
        }, 
        {
            "annotations": [
                {
                    "begin": 117, 
                    "end": 141, 
                    "score": 0.18539761006832123, 
                    "spot": "House of Representatives"
                }, 
                {
                    "begin": 1914, 
                    "end": 1919, 
                    "score": 0.16921402513980865, 
                    "spot": "House"
                }, 
                {
                    "begin": 3028, 
                    "end": 3033, 
                    "score": 0.15167036652565002, 
                    "spot": "House"
                }
            ], 
            "wiki_id": 19468510, 
            "wiki_title": "United States House of Representatives"
        }, 
        {
            "annotations": [
                {
                    "begin": 582, 
                    "end": 589, 
                    "score": 0.006191569846123457, 
                    "spot": "premise"
                }
            ], 
            "wiki_id": 87639, 
            "wiki_title": "Gilligan's Island"
        }, 
        {
            "annotations": [
                {
                    "begin": 1067, 
                    "end": 1073, 
                    "score": 0.002609802642837167, 
                    "spot": "induce"
                }
            ], 
            "wiki_id": 996844, 
            "wiki_title": "Labor induction"
        }, 
        {
            "annotations": [
                {
                    "begin": 997, 
                    "end": 1014, 
                    "score": 0.16365304589271545, 
                    "spot": "special education"
                }
            ], 
            "wiki_id": 436831, 
            "wiki_title": "Special education"
        }, 
        {
            "annotations": [
                {
                    "begin": 2784, 
                    "end": 2789, 
                    "score": 0.0016137325437739491, 
                    "spot": "seven"
                }
            ], 
            "wiki_id": 208159, 
            "wiki_title": "7 (number)"
        }, 
        {
            "annotations": [
                {
                    "begin": 252, 
                    "end": 259, 
                    "score": 0.0952419713139534, 
                    "spot": "billion"
                }
            ], 
            "wiki_id": 260914, 
            "wiki_title": "Orders of magnitude (numbers)"
        }, 
        {
            "annotations": [
                {
                    "begin": 3674, 
                    "end": 3683, 
                    "score": 0.0626184418797493, 
                    "spot": "hard-core"
                }
            ], 
            "wiki_id": 215896, 
            "wiki_title": "Hardcore hip hop"
        }, 
        {
            "annotations": [
                {
                    "begin": 417, 
                    "end": 426, 
                    "score": 0.1572149693965912, 
                    "spot": "something"
                }
            ], 
            "wiki_id": 286369, 
            "wiki_title": "Assassination of John F. Kennedy"
        }, 
        {
            "annotations": [
                {
                    "begin": 1441, 
                    "end": 1451, 
                    "score": 0.13407781720161438, 
                    "spot": "bipartisan"
                }
            ], 
            "wiki_id": 842911, 
            "wiki_title": "Bipartisanship"
        }, 
        {
            "annotations": [
                {
                    "begin": 4541, 
                    "end": 4547, 
                    "score": 0.01875782012939453, 
                    "spot": "change"
                }
            ], 
            "wiki_id": 329948, 
            "wiki_title": "Social change"
        }, 
        {
            "annotations": [
                {
                    "begin": 667, 
                    "end": 675, 
                    "score": 0.0012513109249994159, 
                    "spot": "thinking"
                }
            ], 
            "wiki_id": 37080, 
            "wiki_title": "Thought"
        }, 
        {
            "annotations": [
                {
                    "begin": 1669, 
                    "end": 1678, 
                    "score": 0.1925661563873291, 
                    "spot": "extension"
                }
            ], 
            "wiki_id": 693567, 
            "wiki_title": "Continuing education"
        }, 
        {
            "annotations": [
                {
                    "begin": 701, 
                    "end": 704, 
                    "score": 0.16170869767665863, 
                    "spot": "Rep"
                }, 
                {
                    "begin": 926, 
                    "end": 929, 
                    "score": 0.1547049731016159, 
                    "spot": "Rep"
                }
            ], 
            "wiki_id": 223225, 
            "wiki_title": "Member of Congress"
        }, 
        {
            "annotations": [
                {
                    "begin": 1587, 
                    "end": 1589, 
                    "score": 0.004958091303706169, 
                    "spot": "go"
                }
            ], 
            "wiki_id": 1645870, 
            "wiki_title": "G\u014d (unit)"
        }, 
        {
            "annotations": [
                {
                    "begin": 3530, 
                    "end": 3536, 
                    "score": 0.0037660873495042324, 
                    "spot": "accept"
                }
            ], 
            "wiki_id": 609351, 
            "wiki_title": "Accept (band)"
        }, 
        {
            "annotations": [
                {
                    "begin": 4418, 
                    "end": 4426, 
                    "score": 0.01236781943589449, 
                    "spot": "sweeping"
                }
            ], 
            "wiki_id": 6644, 
            "wiki_title": "Curling"
        }, 
        {
            "annotations": [
                {
                    "begin": 1193, 
                    "end": 1202, 
                    "score": 0.0016392971156165004, 
                    "spot": "Dependent"
                }, 
                {
                    "begin": 3250, 
                    "end": 3260, 
                    "score": 0.08885014802217484, 
                    "spot": "dependents"
                }, 
                {
                    "begin": 3498, 
                    "end": 3508, 
                    "score": 0.08885014802217484, 
                    "spot": "dependents"
                }
            ], 
            "wiki_id": 16784920, 
            "wiki_title": "Dependant"
        }, 
        {
            "annotations": [
                {
                    "begin": 355, 
                    "end": 362, 
                    "score": 0.2699058949947357, 
                    "spot": "welfare"
                }, 
                {
                    "begin": 355, 
                    "end": 373, 
                    "score": 0.2540322542190552, 
                    "spot": "welfare recipients"
                }, 
                {
                    "begin": 1764, 
                    "end": 1782, 
                    "score": 0.19404356181621552, 
                    "spot": "welfare recipients"
                }, 
                {
                    "begin": 3056, 
                    "end": 3063, 
                    "score": 0.32856276631355286, 
                    "spot": "welfare"
                }, 
                {
                    "begin": 3056, 
                    "end": 3074, 
                    "score": 0.23578405380249023, 
                    "spot": "welfare recipients"
                }
            ], 
            "wiki_id": 21109533, 
            "wiki_title": "Social programs in the United States"
        }, 
        {
            "annotations": [
                {
                    "begin": 1121, 
                    "end": 1125, 
                    "score": 0.00507361302152276, 
                    "spot": "time"
                }
            ], 
            "wiki_id": 29446866, 
            "wiki_title": "In Time"
        }, 
        {
            "annotations": [
                {
                    "begin": 1943, 
                    "end": 1950, 
                    "score": 0.07507859915494919, 
                    "spot": "promote"
                }
            ], 
            "wiki_id": 59252, 
            "wiki_title": "Marketing"
        }, 
        {
            "annotations": [
                {
                    "begin": 1274, 
                    "end": 1278, 
                    "score": 0.003099186113104224, 
                    "spot": "base"
                }
            ], 
            "wiki_id": 1169763, 
            "wiki_title": "Base (politics)"
        }, 
        {
            "annotations": [
                {
                    "begin": 947, 
                    "end": 957, 
                    "score": 0.001422475092113018, 
                    "spot": "They point"
                }
            ], 
            "wiki_id": 35058475, 
            "wiki_title": "The Block Brochure: Welcome to the Soil 1"
        }, 
        {
            "annotations": [
                {
                    "begin": 2304, 
                    "end": 2311, 
                    "score": 0.225335031747818, 
                    "spot": "liberal"
                }
            ], 
            "wiki_id": 19280734, 
            "wiki_title": "Liberalism"
        }
    ]
}