{
    "tagme": [
        {
            "annotations": [
                {
                    "begin": 58, 
                    "end": 69, 
                    "score": 0.006269592326134443, 
                    "spot": "this\nsummer"
                }
            ], 
            "wiki_id": 6808839, 
            "wiki_title": "This Summer"
        }, 
        {
            "annotations": [
                {
                    "begin": 1430, 
                    "end": 1434, 
                    "score": 0.022940145805478096, 
                    "spot": "Hugo"
                }
            ], 
            "wiki_id": 42146, 
            "wiki_title": "Victor Hugo"
        }, 
        {
            "annotations": [
                {
                    "begin": 134, 
                    "end": 140, 
                    "score": 0.0008905743015930057, 
                    "spot": "so far"
                }
            ], 
            "wiki_id": 1077851, 
            "wiki_title": "So Far (interactive fiction)"
        }, 
        {
            "annotations": [
                {
                    "begin": 569, 
                    "end": 578, 
                    "score": 0.32754337787628174, 
                    "spot": "Caribbean"
                }
            ], 
            "wiki_id": 7822, 
            "wiki_title": "Caribbean Sea"
        }, 
        {
            "annotations": [
                {
                    "begin": 431, 
                    "end": 442, 
                    "score": 0.14952416718006134, 
                    "spot": "researchers"
                }, 
                {
                    "begin": 1315, 
                    "end": 1323, 
                    "score": 0.18839161098003387, 
                    "spot": "research"
                }, 
                {
                    "begin": 2617, 
                    "end": 2625, 
                    "score": 0.12220931798219681, 
                    "spot": "research"
                }
            ], 
            "wiki_id": 25524, 
            "wiki_title": "Research"
        }, 
        {
            "annotations": [
                {
                    "begin": 2110, 
                    "end": 2116, 
                    "score": 0.7236619591712952, 
                    "spot": "Gambia"
                }
            ], 
            "wiki_id": 65656, 
            "wiki_title": "The Gambia"
        }, 
        {
            "annotations": [
                {
                    "begin": 812, 
                    "end": 816, 
                    "score": 0.0011882357066497207, 
                    "spot": "five"
                }
            ], 
            "wiki_id": 3843573, 
            "wiki_title": "Administrative divisions of the Jewish Autonomous Oblast"
        }, 
        {
            "annotations": [
                {
                    "begin": 1325, 
                    "end": 1334, 
                    "score": 0.1359734982252121, 
                    "spot": "published"
                }
            ], 
            "wiki_id": 324570, 
            "wiki_title": "Academic publishing"
        }, 
        {
            "annotations": [
                {
                    "begin": 976, 
                    "end": 979, 
                    "score": 0.2669065594673157, 
                    "spot": "air"
                }
            ], 
            "wiki_id": 202898, 
            "wiki_title": "Atmosphere of Earth"
        }, 
        {
            "annotations": [
                {
                    "begin": 31, 
                    "end": 33, 
                    "score": 0.09323125332593918, 
                    "spot": "Mr"
                }, 
                {
                    "begin": 751, 
                    "end": 753, 
                    "score": 0.10110628604888916, 
                    "spot": "Mr"
                }, 
                {
                    "begin": 1141, 
                    "end": 1143, 
                    "score": 0.030148377642035484, 
                    "spot": "Mr"
                }, 
                {
                    "begin": 1297, 
                    "end": 1299, 
                    "score": 0.12355020642280579, 
                    "spot": "Mr"
                }, 
                {
                    "begin": 2365, 
                    "end": 2367, 
                    "score": 0.04319493845105171, 
                    "spot": "Mr"
                }, 
                {
                    "begin": 2599, 
                    "end": 2601, 
                    "score": 0.05916591361165047, 
                    "spot": "Mr"
                }
            ], 
            "wiki_id": 19446, 
            "wiki_title": "Magnetic resonance imaging"
        }, 
        {
            "annotations": [
                {
                    "begin": 337, 
                    "end": 341, 
                    "score": 0.1320120096206665, 
                    "spot": "nine"
                }
            ], 
            "wiki_id": 176014, 
            "wiki_title": "Nine Network"
        }, 
        {
            "annotations": [
                {
                    "begin": 2399, 
                    "end": 2416, 
                    "score": 0.07692307978868484, 
                    "spot": "historical cycles"
                }
            ], 
            "wiki_id": 2279663, 
            "wiki_title": "Social cycle theory"
        }, 
        {
            "annotations": [
                {
                    "begin": 653, 
                    "end": 661, 
                    "score": 0.17949102818965912, 
                    "spot": "business"
                }
            ], 
            "wiki_id": 39206, 
            "wiki_title": "Business"
        }, 
        {
            "annotations": [
                {
                    "begin": 1119, 
                    "end": 1123, 
                    "score": 0.001419507316313684, 
                    "spot": "turn"
                }
            ], 
            "wiki_id": 5139050, 
            "wiki_title": "Turn (biochemistry)"
        }, 
        {
            "annotations": [
                {
                    "begin": 1518, 
                    "end": 1526, 
                    "score": 0.11102809011936188, 
                    "spot": "rainfall"
                }, 
                {
                    "begin": 1672, 
                    "end": 1680, 
                    "score": 0.11023163795471191, 
                    "spot": "rainfall"
                }, 
                {
                    "begin": 2568, 
                    "end": 2576, 
                    "score": 0.3194209039211273, 
                    "spot": "rainfall"
                }
            ], 
            "wiki_id": 19009110, 
            "wiki_title": "Rain"
        }, 
        {
            "annotations": [
                {
                    "begin": 2022, 
                    "end": 2029, 
                    "score": 0.07284796237945557, 
                    "spot": "history"
                }
            ], 
            "wiki_id": 10772350, 
            "wiki_title": "History"
        }, 
        {
            "annotations": [
                {
                    "begin": 423, 
                    "end": 430, 
                    "score": 0.1546853482723236, 
                    "spot": "Weather"
                }, 
                {
                    "begin": 2533, 
                    "end": 2541, 
                    "score": 0.31868696212768555, 
                    "spot": "forecast"
                }
            ], 
            "wiki_id": 73231, 
            "wiki_title": "Weather forecasting"
        }, 
        {
            "annotations": [
                {
                    "begin": 1081, 
                    "end": 1092, 
                    "score": 0.3125, 
                    "spot": "air bearing"
                }
            ], 
            "wiki_id": 40400006, 
            "wiki_title": "Air bearing"
        }, 
        {
            "annotations": [
                {
                    "begin": 894, 
                    "end": 898, 
                    "score": 0.06515677273273468, 
                    "spot": "form"
                }
            ], 
            "wiki_id": 1099348, 
            "wiki_title": "Morphology (biology)"
        }, 
        {
            "annotations": [
                {
                    "begin": 915, 
                    "end": 921, 
                    "score": 0.125821053981781, 
                    "spot": "strong"
                }, 
                {
                    "begin": 1259, 
                    "end": 1267, 
                    "score": 0.14012406766414642, 
                    "spot": "strength"
                }
            ], 
            "wiki_id": 237207, 
            "wiki_title": "Ultimate tensile strength"
        }, 
        {
            "annotations": [
                {
                    "begin": 2131, 
                    "end": 2135, 
                    "score": 0.120996855199337, 
                    "spot": "long"
                }
            ], 
            "wiki_id": 17617, 
            "wiki_title": "Longitude"
        }, 
        {
            "annotations": [
                {
                    "begin": 2159, 
                    "end": 2162, 
                    "score": 0.15472131967544556, 
                    "spot": "dry"
                }, 
                {
                    "begin": 2357, 
                    "end": 2360, 
                    "score": 0.18644221127033234, 
                    "spot": "dry"
                }
            ], 
            "wiki_id": 1228141, 
            "wiki_title": "Dry season"
        }, 
        {
            "annotations": [
                {
                    "begin": 582, 
                    "end": 587, 
                    "score": 0.05845465138554573, 
                    "spot": "sharp"
                }
            ], 
            "wiki_id": 97430, 
            "wiki_title": "Sharp County, Arkansas"
        }, 
        {
            "annotations": [
                {
                    "begin": 1043, 
                    "end": 1052, 
                    "score": 0.5, 
                    "spot": "ocean air"
                }
            ], 
            "wiki_id": 17342309, 
            "wiki_title": "An Ocean in the Air"
        }, 
        {
            "annotations": [
                {
                    "begin": 1221, 
                    "end": 1230, 
                    "score": 0.12631899118423462, 
                    "spot": "dissipate"
                }
            ], 
            "wiki_id": 164572, 
            "wiki_title": "Dissipation"
        }, 
        {
            "annotations": [
                {
                    "begin": 960, 
                    "end": 965, 
                    "score": 0.30019503831863403, 
                    "spot": "winds"
                }, 
                {
                    "begin": 1019, 
                    "end": 1023, 
                    "score": 0.15179643034934998, 
                    "spot": "Wind"
                }
            ], 
            "wiki_id": 15440316, 
            "wiki_title": "Wind"
        }, 
        {
            "annotations": [
                {
                    "begin": 2687, 
                    "end": 2701, 
                    "score": 0.324908971786499, 
                    "spot": "global warming"
                }
            ], 
            "wiki_id": 5042951, 
            "wiki_title": "Global warming"
        }, 
        {
            "annotations": [
                {
                    "begin": 874, 
                    "end": 882, 
                    "score": 0.22364689409732819, 
                    "spot": "Atlantic"
                }, 
                {
                    "begin": 1579, 
                    "end": 1587, 
                    "score": 0.26131489872932434, 
                    "spot": "Atlantic"
                }, 
                {
                    "begin": 1799, 
                    "end": 1813, 
                    "score": 0.5905130505561829, 
                    "spot": "Atlantic Ocean"
                }
            ], 
            "wiki_id": 698, 
            "wiki_title": "Atlantic Ocean"
        }, 
        {
            "annotations": [
                {
                    "begin": 395, 
                    "end": 401, 
                    "score": 0.01870019920170307, 
                    "spot": "higher"
                }
            ], 
            "wiki_id": 14423, 
            "wiki_title": "Higher education"
        }, 
        {
            "annotations": [
                {
                    "begin": 93, 
                    "end": 105, 
                    "score": 0.016233766451478004, 
                    "spot": "storm season"
                }
            ], 
            "wiki_id": 15577373, 
            "wiki_title": "Storm Season"
        }, 
        {
            "annotations": [
                {
                    "begin": 513, 
                    "end": 526, 
                    "score": 0.09144807606935501, 
                    "spot": "early warning"
                }
            ], 
            "wiki_id": 236466, 
            "wiki_title": "Airborne early warning and control"
        }, 
        {
            "annotations": [
                {
                    "begin": 769, 
                    "end": 781, 
                    "score": 0.34539178013801575, 
                    "spot": "West African"
                }
            ], 
            "wiki_id": 67393, 
            "wiki_title": "West Africa"
        }, 
        {
            "annotations": [
                {
                    "begin": 666, 
                    "end": 689, 
                    "score": 0.014524207450449467, 
                    "spot": "residential development"
                }
            ], 
            "wiki_id": 543770, 
            "wiki_title": "Residential area"
        }, 
        {
            "annotations": [
                {
                    "begin": 1863, 
                    "end": 1871, 
                    "score": 0.05189221352338791, 
                    "spot": "terrible"
                }
            ], 
            "wiki_id": 70718, 
            "wiki_title": "Ivan the Terrible"
        }, 
        {
            "annotations": [
                {
                    "begin": 2369, 
                    "end": 2373, 
                    "score": 0.030599800869822502, 
                    "spot": "Gray"
                }
            ], 
            "wiki_id": 91576, 
            "wiki_title": "Gray County, Texas"
        }, 
        {
            "annotations": [
                {
                    "begin": 1391, 
                    "end": 1400, 
                    "score": 0.2671393156051636, 
                    "spot": "Caribbean"
                }
            ], 
            "wiki_id": 18956035, 
            "wiki_title": "Caribbean"
        }, 
        {
            "annotations": [
                {
                    "begin": 1980, 
                    "end": 1984, 
                    "score": 0.08321107923984528, 
                    "spot": "area"
                }
            ], 
            "wiki_id": 1209, 
            "wiki_title": "Area"
        }, 
        {
            "annotations": [
                {
                    "begin": 1600, 
                    "end": 1602, 
                    "score": 0.038934122771024704, 
                    "spot": "Mr"
                }, 
                {
                    "begin": 1989, 
                    "end": 1991, 
                    "score": 0.28513938188552856, 
                    "spot": "Mr"
                }
            ], 
            "wiki_id": 23783987, 
            "wiki_title": "Roentgen (unit)"
        }, 
        {
            "annotations": [
                {
                    "begin": 1359, 
                    "end": 1366, 
                    "score": 0.14684736728668213, 
                    "spot": "Science"
                }
            ], 
            "wiki_id": 193513, 
            "wiki_title": "Science (journal)"
        }, 
        {
            "annotations": [
                {
                    "begin": 1923, 
                    "end": 1931, 
                    "score": 0.0008300276240333915, 
                    "spot": "only one"
                }
            ], 
            "wiki_id": 7428859, 
            "wiki_title": "Only One (Yellowcard song)"
        }, 
        {
            "annotations": [
                {
                    "begin": 1452, 
                    "end": 1455, 
                    "score": 0.12823383510112762, 
                    "spot": "may"
                }
            ], 
            "wiki_id": 574391, 
            "wiki_title": "Elaine May"
        }, 
        {
            "annotations": [
                {
                    "begin": 2167, 
                    "end": 2170, 
                    "score": 0.26231515407562256, 
                    "spot": "wet"
                }, 
                {
                    "begin": 2219, 
                    "end": 2222, 
                    "score": 0.3071591556072235, 
                    "spot": "wet"
                }, 
                {
                    "begin": 2442, 
                    "end": 2445, 
                    "score": 0.15066145360469818, 
                    "spot": "wet"
                }
            ], 
            "wiki_id": 1228152, 
            "wiki_title": "Wet season"
        }, 
        {
            "annotations": [
                {
                    "begin": 156, 
                    "end": 161, 
                    "score": 0.17118684947490692, 
                    "spot": "right"
                }
            ], 
            "wiki_id": 28426193, 
            "wiki_title": "Port and starboard"
        }, 
        {
            "annotations": [
                {
                    "begin": 2030, 
                    "end": 2039, 
                    "score": 0.0006626591784879565, 
                    "spot": "and found"
                }
            ], 
            "wiki_id": 4366495, 
            "wiki_title": "...And Found"
        }, 
        {
            "annotations": [
                {
                    "begin": 1024, 
                    "end": 1030, 
                    "score": 0.08990602195262909, 
                    "spot": "moving"
                }
            ], 
            "wiki_id": 20580, 
            "wiki_title": "Motion (physics)"
        }, 
        {
            "annotations": [
                {
                    "begin": 1421, 
                    "end": 1425, 
                    "score": 0.00722214300185442, 
                    "spot": "Joan"
                }
            ], 
            "wiki_id": 217724, 
            "wiki_title": "Joan Cusack"
        }, 
        {
            "annotations": [
                {
                    "begin": 1179, 
                    "end": 1186, 
                    "score": 0.0011701701441779733, 
                    "spot": "absence"
                }
            ], 
            "wiki_id": 4064429, 
            "wiki_title": "The Absence"
        }, 
        {
            "annotations": [
                {
                    "begin": 1350, 
                    "end": 1355, 
                    "score": 0.10765480995178223, 
                    "spot": "issue"
                }
            ], 
            "wiki_id": 15752595, 
            "wiki_title": "Periodical literature"
        }, 
        {
            "annotations": [
                {
                    "begin": 311, 
                    "end": 320, 
                    "score": 0.09415260702371597, 
                    "spot": "yesterday"
                }
            ], 
            "wiki_id": 721696, 
            "wiki_title": "Yesterday (TV channel)"
        }, 
        {
            "annotations": [
                {
                    "begin": 980, 
                    "end": 992, 
                    "score": 0.10749276727437973, 
                    "spot": "disturbances"
                }
            ], 
            "wiki_id": 3968480, 
            "wiki_title": "Disturbance (ecology)"
        }, 
        {
            "annotations": [
                {
                    "begin": 556, 
                    "end": 559, 
                    "score": 0.12927310168743134, 
                    "spot": "U.S"
                }
            ], 
            "wiki_id": 18717338, 
            "wiki_title": "United States dollar"
        }, 
        {
            "annotations": [
                {
                    "begin": 1617, 
                    "end": 1625, 
                    "score": 0.0036917575635015965, 
                    "spot": "striking"
                }
            ], 
            "wiki_id": 41138909, 
            "wiki_title": "General strike"
        }, 
        {
            "annotations": [
                {
                    "begin": 115, 
                    "end": 120, 
                    "score": 0.0005953370127826929, 
                    "spot": "above"
                }, 
                {
                    "begin": 2007, 
                    "end": 2011, 
                    "score": 0.05629710480570793, 
                    "spot": "back"
                }
            ], 
            "wiki_id": 168041, 
            "wiki_title": "Anatomical terms of location"
        }, 
        {
            "annotations": [
                {
                    "begin": 610, 
                    "end": 618, 
                    "score": 0.18365709483623505, 
                    "spot": "activity"
                }, 
                {
                    "begin": 738, 
                    "end": 746, 
                    "score": 0.1350831836462021, 
                    "spot": "activity"
                }, 
                {
                    "begin": 864, 
                    "end": 872, 
                    "score": 0.12411412596702576, 
                    "spot": "activity"
                }, 
                {
                    "begin": 1895, 
                    "end": 1903, 
                    "score": 0.17165157198905945, 
                    "spot": "activity"
                }, 
                {
                    "begin": 2274, 
                    "end": 2282, 
                    "score": 0.14741142094135284, 
                    "spot": "activity"
                }
            ], 
            "wiki_id": 197767, 
            "wiki_title": "Radioactive decay"
        }, 
        {
            "annotations": [
                {
                    "begin": 998, 
                    "end": 1003, 
                    "score": 0.06688469648361206, 
                    "spot": "sweep"
                }
            ], 
            "wiki_id": 246851, 
            "wiki_title": "Swept wing"
        }, 
        {
            "annotations": [
                {
                    "begin": 2101, 
                    "end": 2105, 
                    "score": 0.7689526081085205, 
                    "spot": "Mali"
                }
            ], 
            "wiki_id": 19127, 
            "wiki_title": "Mali"
        }, 
        {
            "annotations": [
                {
                    "begin": 1918, 
                    "end": 1921, 
                    "score": 0.17991089820861816, 
                    "spot": "low"
                }
            ], 
            "wiki_id": 475199, 
            "wiki_title": "Low-pressure area"
        }, 
        {
            "annotations": [
                {
                    "begin": 2727, 
                    "end": 2750, 
                    "score": 0.06690140813589096, 
                    "spot": "environmental pollution"
                }
            ], 
            "wiki_id": 24872, 
            "wiki_title": "Pollution"
        }, 
        {
            "annotations": [
                {
                    "begin": 2669, 
                    "end": 2672, 
                    "score": 0.010517369955778122, 
                    "spot": "don"
                }
            ], 
            "wiki_id": 294015, 
            "wiki_title": "Don (honorific)"
        }, 
        {
            "annotations": [
                {
                    "begin": 402, 
                    "end": 406, 
                    "score": 0.15531708300113678, 
                    "spot": "rate"
                }
            ], 
            "wiki_id": 332372, 
            "wiki_title": "Rate (mathematics)"
        }, 
        {
            "annotations": [
                {
                    "begin": 1284, 
                    "end": 1292, 
                    "score": 0.16388198733329773, 
                    "spot": "moisture"
                }
            ], 
            "wiki_id": 37738, 
            "wiki_title": "Soil"
        }, 
        {
            "annotations": [
                {
                    "begin": 1412, 
                    "end": 1419, 
                    "score": 0.20876984298229218, 
                    "spot": "Gilbert"
                }
            ], 
            "wiki_id": 598523, 
            "wiki_title": "Hurricane Gilbert"
        }, 
        {
            "annotations": [
                {
                    "begin": 628, 
                    "end": 632, 
                    "score": 0.2512879967689514, 
                    "spot": "past"
                }
            ], 
            "wiki_id": 758833, 
            "wiki_title": "Past"
        }, 
        {
            "annotations": [
                {
                    "begin": 2080, 
                    "end": 2087, 
                    "score": 0.6614739894866943, 
                    "spot": "Senegal"
                }
            ], 
            "wiki_id": 27278, 
            "wiki_title": "Senegal"
        }, 
        {
            "annotations": [
                {
                    "begin": 288, 
                    "end": 294, 
                    "score": 0.007024150807410479, 
                    "spot": "Center"
                }
            ], 
            "wiki_id": 136589, 
            "wiki_title": "Center, Texas"
        }, 
        {
            "annotations": [
                {
                    "begin": 1556, 
                    "end": 1562, 
                    "score": 0.16347436606884003, 
                    "spot": "number"
                }
            ], 
            "wiki_id": 19630739, 
            "wiki_title": "Continent"
        }, 
        {
            "annotations": [
                {
                    "begin": 1252, 
                    "end": 1258, 
                    "score": 0.0008664653287269175, 
                    "spot": "gather"
                }
            ], 
            "wiki_id": 10834989, 
            "wiki_title": "Gather (sewing)"
        }, 
        {
            "annotations": [
                {
                    "begin": 1206, 
                    "end": 1212, 
                    "score": 0.286438912153244, 
                    "spot": "storms"
                }, 
                {
                    "begin": 1245, 
                    "end": 1251, 
                    "score": 0.0863366574048996, 
                    "spot": "storms"
                }, 
                {
                    "begin": 2527, 
                    "end": 2532, 
                    "score": 0.350981742143631, 
                    "spot": "storm"
                }
            ], 
            "wiki_id": 130312, 
            "wiki_title": "Storm"
        }, 
        {
            "annotations": [
                {
                    "begin": 412, 
                    "end": 418, 
                    "score": 0.12413877248764038, 
                    "spot": "normal"
                }
            ], 
            "wiki_id": 173224, 
            "wiki_title": "Normal (geometry)"
        }, 
        {
            "annotations": [
                {
                    "begin": 1463, 
                    "end": 1474, 
                    "score": 0.015325670130550861, 
                    "spot": "forerunners"
                }
            ], 
            "wiki_id": 16598957, 
            "wiki_title": "Factions of Halo"
        }, 
        {
            "annotations": [
                {
                    "begin": 2760, 
                    "end": 2767, 
                    "score": 0.30362021923065186, 
                    "spot": "natural"
                }
            ], 
            "wiki_id": 21830, 
            "wiki_title": "Nature"
        }, 
        {
            "annotations": [
                {
                    "begin": 2292, 
                    "end": 2298, 
                    "score": 0.15024802088737488, 
                    "spot": "higher"
                }
            ], 
            "wiki_id": 66966, 
            "wiki_title": "Vascular plant"
        }, 
        {
            "annotations": [
                {
                    "begin": 755, 
                    "end": 759, 
                    "score": 0.1532115489244461, 
                    "spot": "Gray"
                }
            ], 
            "wiki_id": 387837, 
            "wiki_title": "John Edward Gray"
        }, 
        {
            "annotations": [
                {
                    "begin": 1053, 
                    "end": 1059, 
                    "score": 0.0009039106662385166, 
                    "spot": "causes"
                }
            ], 
            "wiki_id": 25859891, 
            "wiki_title": "Causes (company)"
        }, 
        {
            "annotations": [
                {
                    "begin": 1998, 
                    "end": 2006, 
                    "score": 0.0005769674316979945, 
                    "spot": "searched"
                }
            ], 
            "wiki_id": 572687, 
            "wiki_title": "Search and seizure"
        }, 
        {
            "annotations": [
                {
                    "begin": 2776, 
                    "end": 2782, 
                    "score": 0.2705434262752533, 
                    "spot": "cycles"
                }
            ], 
            "wiki_id": 398638, 
            "wiki_title": "Biogeochemical cycle"
        }, 
        {
            "annotations": [
                {
                    "begin": 1662, 
                    "end": 1670, 
                    "score": 0.06212625280022621, 
                    "spot": "instance"
                }
            ], 
            "wiki_id": 8377, 
            "wiki_title": "Database"
        }, 
        {
            "annotations": [
                {
                    "begin": 2648, 
                    "end": 2655, 
                    "score": 0.001576030976139009, 
                    "spot": "changes"
                }
            ], 
            "wiki_id": 159280, 
            "wiki_title": "Change ringing"
        }, 
        {
            "annotations": [
                {
                    "begin": 1743, 
                    "end": 1747, 
                    "score": 0.1457805335521698, 
                    "spot": "time"
                }, 
                {
                    "begin": 2328, 
                    "end": 2337, 
                    "score": 0.17577555775642395, 
                    "spot": "intervals"
                }
            ], 
            "wiki_id": 30012, 
            "wiki_title": "Time"
        }, 
        {
            "annotations": [
                {
                    "begin": 2015, 
                    "end": 2029, 
                    "score": 0.06728336215019226, 
                    "spot": "recent history"
                }
            ], 
            "wiki_id": 10689543, 
            "wiki_title": "Contemporary history"
        }, 
        {
            "annotations": [
                {
                    "begin": 1527, 
                    "end": 1533, 
                    "score": 0.03963810205459595, 
                    "spot": "levels"
                }
            ], 
            "wiki_id": 10254514, 
            "wiki_title": "A-level"
        }, 
        {
            "annotations": [
                {
                    "begin": 782, 
                    "end": 787, 
                    "score": 0.780616044998169, 
                    "spot": "Sahel"
                }, 
                {
                    "begin": 782, 
                    "end": 794, 
                    "score": 0.3411949574947357, 
                    "spot": "Sahel region"
                }, 
                {
                    "begin": 1541, 
                    "end": 1546, 
                    "score": 0.44494494795799255, 
                    "spot": "Sahel"
                }, 
                {
                    "begin": 1696, 
                    "end": 1701, 
                    "score": 0.42313945293426514, 
                    "spot": "Sahel"
                }, 
                {
                    "begin": 1838, 
                    "end": 1843, 
                    "score": 0.3750569224357605, 
                    "spot": "Sahel"
                }, 
                {
                    "begin": 2049, 
                    "end": 2054, 
                    "score": 0.3991643488407135, 
                    "spot": "Sahel"
                }, 
                {
                    "begin": 2198, 
                    "end": 2203, 
                    "score": 0.5445351600646973, 
                    "spot": "Sahel"
                }, 
                {
                    "begin": 2347, 
                    "end": 2352, 
                    "score": 0.37575647234916687, 
                    "spot": "Sahel"
                }, 
                {
                    "begin": 2422, 
                    "end": 2427, 
                    "score": 0.43049347400665283, 
                    "spot": "Sahel"
                }, 
                {
                    "begin": 2584, 
                    "end": 2589, 
                    "score": 0.43443095684051514, 
                    "spot": "Sahel"
                }, 
                {
                    "begin": 2663, 
                    "end": 2668, 
                    "score": 0.3626590073108673, 
                    "spot": "Sahel"
                }
            ], 
            "wiki_id": 82595, 
            "wiki_title": "Sahel"
        }, 
        {
            "annotations": [
                {
                    "begin": 2147, 
                    "end": 2158, 
                    "score": 0.08979909867048264, 
                    "spot": "alternating"
                }
            ], 
            "wiki_id": 42986, 
            "wiki_title": "Alternating current"
        }, 
        {
            "annotations": [
                {
                    "begin": 1011, 
                    "end": 1017, 
                    "score": 0.134565532207489, 
                    "spot": "Africa"
                }
            ], 
            "wiki_id": 5334607, 
            "wiki_title": "Africa"
        }, 
        {
            "annotations": [
                {
                    "begin": 1342, 
                    "end": 1349, 
                    "score": 0.09974335879087448, 
                    "spot": "current"
                }
            ], 
            "wiki_id": 6207, 
            "wiki_title": "Electric current"
        }, 
        {
            "annotations": [
                {
                    "begin": 1993, 
                    "end": 1997, 
                    "score": 0.23197278380393982, 
                    "spot": "Gray"
                }
            ], 
            "wiki_id": 287152, 
            "wiki_title": "Gray (unit)"
        }, 
        {
            "annotations": [
                {
                    "begin": 2136, 
                    "end": 2143, 
                    "score": 0.08170448988676071, 
                    "spot": "periods"
                }
            ], 
            "wiki_id": 10779, 
            "wiki_title": "Frequency"
        }, 
        {
            "annotations": [
                {
                    "begin": 482, 
                    "end": 490, 
                    "score": 0.06023009493947029, 
                    "spot": "patterns"
                }
            ], 
            "wiki_id": 35659147, 
            "wiki_title": "Patterns in nature"
        }, 
        {
            "annotations": [
                {
                    "begin": 539, 
                    "end": 548, 
                    "score": 0.019502947106957436, 
                    "spot": "residents"
                }
            ], 
            "wiki_id": 2404274, 
            "wiki_title": "Residency (domicile)"
        }, 
        {
            "annotations": [
                {
                    "begin": 637, 
                    "end": 644, 
                    "score": 0.20117202401161194, 
                    "spot": "decades"
                }
            ], 
            "wiki_id": 695530, 
            "wiki_title": "Decade"
        }, 
        {
            "annotations": [
                {
                    "begin": 1939, 
                    "end": 1956, 
                    "score": 0.5, 
                    "spot": "hurricane, Gloria"
                }
            ], 
            "wiki_id": 980998, 
            "wiki_title": "Hurricane Gloria"
        }, 
        {
            "annotations": [
                {
                    "begin": 2311, 
                    "end": 2315, 
                    "score": 0.17200368642807007, 
                    "spot": "time"
                }
            ], 
            "wiki_id": 30282, 
            "wiki_title": "Time signature"
        }, 
        {
            "annotations": [
                {
                    "begin": 84, 
                    "end": 98, 
                    "score": 0.0990547463297844, 
                    "spot": "tropical storm"
                }, 
                {
                    "begin": 197, 
                    "end": 203, 
                    "score": 0.36253130435943604, 
                    "spot": "storms"
                }, 
                {
                    "begin": 253, 
                    "end": 263, 
                    "score": 0.5095064043998718, 
                    "spot": "hurricanes"
                }, 
                {
                    "begin": 342, 
                    "end": 354, 
                    "score": 0.3167057931423187, 
                    "spot": "named storms"
                }, 
                {
                    "begin": 381, 
                    "end": 391, 
                    "score": 0.08599856495857239, 
                    "spot": "hurricanes"
                }, 
                {
                    "begin": 472, 
                    "end": 481, 
                    "score": 0.18954917788505554, 
                    "spot": "hurricane"
                }, 
                {
                    "begin": 600, 
                    "end": 609, 
                    "score": 0.16907788813114166, 
                    "spot": "hurricane"
                }, 
                {
                    "begin": 728, 
                    "end": 737, 
                    "score": 0.1445571631193161, 
                    "spot": "hurricane"
                }, 
                {
                    "begin": 854, 
                    "end": 863, 
                    "score": 0.27836376428604126, 
                    "spot": "hurricane"
                }, 
                {
                    "begin": 883, 
                    "end": 893, 
                    "score": 0.20862196385860443, 
                    "spot": "hurricanes"
                }, 
                {
                    "begin": 922, 
                    "end": 930, 
                    "score": 0.3601072132587433, 
                    "spot": "tropical"
                }, 
                {
                    "begin": 922, 
                    "end": 937, 
                    "score": 0.4544717073440552, 
                    "spot": "tropical storms"
                }, 
                {
                    "begin": 1401, 
                    "end": 1411, 
                    "score": 0.309032678604126, 
                    "spot": "hurricanes"
                }, 
                {
                    "begin": 1588, 
                    "end": 1598, 
                    "score": 0.19600974023342133, 
                    "spot": "hurricanes"
                }, 
                {
                    "begin": 1769, 
                    "end": 1779, 
                    "score": 0.2574233412742615, 
                    "spot": "hurricanes"
                }, 
                {
                    "begin": 1885, 
                    "end": 1894, 
                    "score": 0.24593937397003174, 
                    "spot": "hurricane"
                }, 
                {
                    "begin": 2264, 
                    "end": 2273, 
                    "score": 0.28241854906082153, 
                    "spot": "Hurricane"
                }
            ], 
            "wiki_id": 8282374, 
            "wiki_title": "Tropical cyclone"
        }, 
        {
            "annotations": [
                {
                    "begin": 1069, 
                    "end": 1077, 
                    "score": 0.033898305147886276, 
                    "spot": "updrafts"
                }
            ], 
            "wiki_id": 2240066, 
            "wiki_title": "Vertical draft"
        }, 
        {
            "annotations": [
                {
                    "begin": 1093, 
                    "end": 1102, 
                    "score": 0.03956834599375725, 
                    "spot": "sea\nwater"
                }
            ], 
            "wiki_id": 255244, 
            "wiki_title": "Seawater"
        }, 
        {
            "annotations": [
                {
                    "begin": 1872, 
                    "end": 1879, 
                    "score": 0.31115373969078064, 
                    "spot": "drought"
                }, 
                {
                    "begin": 2466, 
                    "end": 2473, 
                    "score": 0.2502530515193939, 
                    "spot": "drought"
                }
            ], 
            "wiki_id": 37335, 
            "wiki_title": "Drought"
        }, 
        {
            "annotations": [
                {
                    "begin": 2089, 
                    "end": 2099, 
                    "score": 0.8477479219436646, 
                    "spot": "Mauritania"
                }
            ], 
            "wiki_id": 18778516, 
            "wiki_title": "Mauritania"
        }, 
        {
            "annotations": [
                {
                    "begin": 2640, 
                    "end": 2647, 
                    "score": 0.12286952883005142, 
                    "spot": "climate"
                }
            ], 
            "wiki_id": 5999, 
            "wiki_title": "Climate"
        }, 
        {
            "annotations": [
                {
                    "begin": 1190, 
                    "end": 1198, 
                    "score": 0.19986766576766968, 
                    "spot": "moisture"
                }
            ], 
            "wiki_id": 89547, 
            "wiki_title": "Water vapor"
        }, 
        {
            "annotations": [
                {
                    "begin": 269, 
                    "end": 294, 
                    "score": 0.5, 
                    "spot": "National Hurricane Center"
                }
            ], 
            "wiki_id": 255317, 
            "wiki_title": "National Hurricane Center"
        }, 
        {
            "annotations": [
                {
                    "begin": 2446, 
                    "end": 2452, 
                    "score": 0.032835446298122406, 
                    "spot": "period"
                }
            ], 
            "wiki_id": 1376711, 
            "wiki_title": "Historical period drama"
        }, 
        {
            "annotations": [
                {
                    "begin": 121, 
                    "end": 128, 
                    "score": 0.010647493414580822, 
                    "spot": "average"
                }
            ], 
            "wiki_id": 60167, 
            "wiki_title": "Average"
        }, 
        {
            "annotations": [
                {
                    "begin": 704, 
                    "end": 714, 
                    "score": 0.03040444292128086, 
                    "spot": "vulnerable"
                }
            ], 
            "wiki_id": 36648147, 
            "wiki_title": "Vulnerability"
        }, 
        {
            "annotations": [
                {
                    "begin": 1717, 
                    "end": 1725, 
                    "score": 0.0009328357991762459, 
                    "spot": "abundant"
                }
            ], 
            "wiki_id": 392828, 
            "wiki_title": "Abundance of the chemical elements"
        }, 
        {
            "annotations": [
                {
                    "begin": 35, 
                    "end": 39, 
                    "score": 0.05941672995686531, 
                    "spot": "Gray"
                }, 
                {
                    "begin": 1145, 
                    "end": 1149, 
                    "score": 0.05941672995686531, 
                    "spot": "Gray"
                }, 
                {
                    "begin": 1301, 
                    "end": 1305, 
                    "score": 0.0927535891532898, 
                    "spot": "Gray"
                }, 
                {
                    "begin": 1604, 
                    "end": 1608, 
                    "score": 0.030599800869822502, 
                    "spot": "Gray"
                }
            ], 
            "wiki_id": 731893, 
            "wiki_title": "Grey"
        }, 
        {
            "annotations": [
                {
                    "begin": 1483, 
                    "end": 1489, 
                    "score": 0.06007195636630058, 
                    "spot": "change"
                }
            ], 
            "wiki_id": 329948, 
            "wiki_title": "Social change"
        }, 
        {
            "annotations": [
                {
                    "begin": 1038, 
                    "end": 1042, 
                    "score": 0.0013279445702210069, 
                    "spot": "warm"
                }
            ], 
            "wiki_id": 1555014, 
            "wiki_title": "Eugenius Warming"
        }, 
        {
            "annotations": [
                {
                    "begin": 1688, 
                    "end": 1695, 
                    "score": 0.16599948704242706, 
                    "spot": "western"
                }
            ], 
            "wiki_id": 21208262, 
            "wiki_title": "Western culture"
        }, 
        {
            "annotations": [
                {
                    "begin": 531, 
                    "end": 538, 
                    "score": 0.12962539494037628, 
                    "spot": "coastal"
                }
            ], 
            "wiki_id": 11969, 
            "wiki_title": "Gulf Coast of the United States"
        }, 
        {
            "annotations": [
                {
                    "begin": 2603, 
                    "end": 2607, 
                    "score": 0.14727915823459625, 
                    "spot": "Gray"
                }
            ], 
            "wiki_id": 896399, 
            "wiki_title": "Gray fox"
        }, 
        {
            "annotations": [
                {
                    "begin": 2118, 
                    "end": 2122, 
                    "score": 0.06573986262083054, 
                    "spot": "goes"
                }
            ], 
            "wiki_id": 341246, 
            "wiki_title": "Dami\u00e3o de G\u00f3is"
        }, 
        {
            "annotations": [
                {
                    "begin": 40, 
                    "end": 49, 
                    "score": 0.0005301959463395178, 
                    "spot": "predicted"
                }, 
                {
                    "begin": 464, 
                    "end": 471, 
                    "score": 0.12830747663974762, 
                    "spot": "predict"
                }, 
                {
                    "begin": 839, 
                    "end": 846, 
                    "score": 0.1983528733253479, 
                    "spot": "predict"
                }, 
                {
                    "begin": 2374, 
                    "end": 2383, 
                    "score": 0.06361307203769684, 
                    "spot": "predicted"
                }
            ], 
            "wiki_id": 246066, 
            "wiki_title": "Prediction"
        }, 
        {
            "annotations": [
                {
                    "begin": 1626, 
                    "end": 1637, 
                    "score": 0.10109613090753555, 
                    "spot": "correlation"
                }
            ], 
            "wiki_id": 157057, 
            "wiki_title": "Correlation and dependence"
        }, 
        {
            "annotations": [
                {
                    "begin": 2171, 
                    "end": 2178, 
                    "score": 0.30726945400238037, 
                    "spot": "weather"
                }, 
                {
                    "begin": 2768, 
                    "end": 2775, 
                    "score": 0.31474268436431885, 
                    "spot": "weather"
                }
            ], 
            "wiki_id": 33978, 
            "wiki_title": "Weather"
        }, 
        {
            "annotations": [
                {
                    "begin": 847, 
                    "end": 853, 
                    "score": 0.20345768332481384, 
                    "spot": "global"
                }
            ], 
            "wiki_id": 9228, 
            "wiki_title": "Earth"
        }, 
        {
            "annotations": [
                {
                    "begin": 817, 
                    "end": 827, 
                    "score": 0.09083126485347748, 
                    "spot": "indicators"
                }
            ], 
            "wiki_id": 72529, 
            "wiki_title": "Economic indicator"
        }
    ]
}