{
    "tagme": [
        {
            "annotations": [
                {
                    "begin": 1343, 
                    "end": 1347, 
                    "score": 0.22667405009269714, 
                    "spot": "Star"
                }
            ], 
            "wiki_id": 1949986, 
            "wiki_title": "Star (magazine)"
        }, 
        {
            "annotations": [
                {
                    "begin": 135, 
                    "end": 139, 
                    "score": 0.12003917992115021, 
                    "spot": "Miss"
                }, 
                {
                    "begin": 326, 
                    "end": 330, 
                    "score": 0.15285274386405945, 
                    "spot": "Miss"
                }, 
                {
                    "begin": 781, 
                    "end": 785, 
                    "score": 0.0020556426607072353, 
                    "spot": "Miss"
                }, 
                {
                    "begin": 966, 
                    "end": 970, 
                    "score": 0.031140966340899467, 
                    "spot": "Miss"
                }
            ], 
            "wiki_id": 16949861, 
            "wiki_title": "Mississippi"
        }, 
        {
            "annotations": [
                {
                    "begin": 619, 
                    "end": 623, 
                    "score": 0.0020974830258637667, 
                    "spot": "Iain"
                }
            ], 
            "wiki_id": 4074175, 
            "wiki_title": "Ian"
        }, 
        {
            "annotations": [
                {
                    "begin": 83, 
                    "end": 92, 
                    "score": 0.1933962106704712, 
                    "spot": "published"
                }, 
                {
                    "begin": 506, 
                    "end": 515, 
                    "score": 0.15082243084907532, 
                    "spot": "published"
                }
            ], 
            "wiki_id": 68761, 
            "wiki_title": "Publishing"
        }, 
        {
            "annotations": [
                {
                    "begin": 1313, 
                    "end": 1322, 
                    "score": 0.12847334146499634, 
                    "spot": "publisher"
                }
            ], 
            "wiki_id": 182948, 
            "wiki_title": "Media proprietor"
        }, 
        {
            "annotations": [
                {
                    "begin": 74, 
                    "end": 82, 
                    "score": 0.08460946381092072, 
                    "spot": "articles"
                }, 
                {
                    "begin": 492, 
                    "end": 497, 
                    "score": 0.16810773313045502, 
                    "spot": "paper"
                }
            ], 
            "wiki_id": 324570, 
            "wiki_title": "Academic publishing"
        }, 
        {
            "annotations": [
                {
                    "begin": 752, 
                    "end": 756, 
                    "score": 0.0007643807912245393, 
                    "spot": "come"
                }
            ], 
            "wiki_id": 1595230, 
            "wiki_title": "Come (American band)"
        }, 
        {
            "annotations": [
                {
                    "begin": 408, 
                    "end": 415, 
                    "score": 0.08338814973831177, 
                    "spot": "actress"
                }
            ], 
            "wiki_id": 21504235, 
            "wiki_title": "Actor"
        }, 
        {
            "annotations": [
                {
                    "begin": 331, 
                    "end": 337, 
                    "score": 0.14999818801879883, 
                    "spot": "Taylor"
                }
            ], 
            "wiki_id": 19729624, 
            "wiki_title": "Zachary Taylor"
        }, 
        {
            "annotations": [
                {
                    "begin": 852, 
                    "end": 861, 
                    "score": 0.06251450628042221, 
                    "spot": "newspaper"
                }
            ], 
            "wiki_id": 22112840, 
            "wiki_title": "Newspaper"
        }, 
        {
            "annotations": [
                {
                    "begin": 1348, 
                    "end": 1356, 
                    "score": 0.24070391058921814, 
                    "spot": "tabloids"
                }
            ], 
            "wiki_id": 30985, 
            "wiki_title": "Tabloid (newspaper format)"
        }, 
        {
            "annotations": [
                {
                    "begin": 864, 
                    "end": 874, 
                    "score": 0.09303201735019684, 
                    "spot": "management"
                }
            ], 
            "wiki_id": 19881, 
            "wiki_title": "Management"
        }, 
        {
            "annotations": [
                {
                    "begin": 1307, 
                    "end": 1310, 
                    "score": 0.1744478940963745, 
                    "spot": "Fla"
                }
            ], 
            "wiki_id": 18933066, 
            "wiki_title": "Florida"
        }, 
        {
            "annotations": [
                {
                    "begin": 140, 
                    "end": 146, 
                    "score": 0.17549045383930206, 
                    "spot": "Taylor"
                }
            ], 
            "wiki_id": 96698, 
            "wiki_title": "Taylor County, Georgia"
        }, 
        {
            "annotations": [
                {
                    "begin": 44, 
                    "end": 55, 
                    "score": 0.13955466449260712, 
                    "spot": "nine months"
                }
            ], 
            "wiki_id": 699336, 
            "wiki_title": "Nine Months"
        }, 
        {
            "annotations": [
                {
                    "begin": 309, 
                    "end": 315, 
                    "score": 0.078370101749897, 
                    "spot": "access"
                }
            ], 
            "wiki_id": 14539, 
            "wiki_title": "Internet"
        }, 
        {
            "annotations": [
                {
                    "begin": 820, 
                    "end": 830, 
                    "score": 0.005424954928457737, 
                    "spot": "vindicated"
                }
            ], 
            "wiki_id": 1170391, 
            "wiki_title": "Vindicated (song)"
        }, 
        {
            "annotations": [
                {
                    "begin": 798, 
                    "end": 801, 
                    "score": 0.0006853084196336567, 
                    "spot": "she"
                }
            ], 
            "wiki_id": 706580, 
            "wiki_title": "S.H.E"
        }, 
        {
            "annotations": [
                {
                    "begin": 1236, 
                    "end": 1238, 
                    "score": 0.004958091303706169, 
                    "spot": "go"
                }
            ], 
            "wiki_id": 64971, 
            "wiki_title": "Go (game)"
        }, 
        {
            "annotations": [
                {
                    "begin": 543, 
                    "end": 551, 
                    "score": 0.32888105511665344, 
                    "spot": "reliance"
                }
            ], 
            "wiki_id": 609696, 
            "wiki_title": "Reliance Communications"
        }, 
        {
            "annotations": [
                {
                    "begin": 763, 
                    "end": 771, 
                    "score": 0.00167037860956043, 
                    "spot": "amicable"
                }
            ], 
            "wiki_id": 3259, 
            "wiki_title": "Amicable numbers"
        }, 
        {
            "annotations": [
                {
                    "begin": 444, 
                    "end": 450, 
                    "score": 0.0011830201838165522, 
                    "spot": "report"
                }
            ], 
            "wiki_id": 18993857, 
            "wiki_title": "Explosion"
        }, 
        {
            "annotations": [
                {
                    "begin": 1298, 
                    "end": 1305, 
                    "score": 0.3739323318004608, 
                    "spot": "Lantana"
                }
            ], 
            "wiki_id": 109609, 
            "wiki_title": "Lantana, Florida"
        }, 
        {
            "annotations": [
                {
                    "begin": 242, 
                    "end": 246, 
                    "score": 0.0010033606085926294, 
                    "spot": "last"
                }
            ], 
            "wiki_id": 39078347, 
            "wiki_title": "Peter R. Last"
        }, 
        {
            "annotations": [
                {
                    "begin": 1288, 
                    "end": 1291, 
                    "score": 0.05067180469632149, 
                    "spot": "Inc"
                }
            ], 
            "wiki_id": 364022, 
            "wiki_title": "Incumbent"
        }, 
        {
            "annotations": [
                {
                    "begin": 532, 
                    "end": 542, 
                    "score": 0.061867017298936844, 
                    "spot": "good faith"
                }, 
                {
                    "begin": 950, 
                    "end": 960, 
                    "score": 0.061867017298936844, 
                    "spot": "good\nfaith"
                }
            ], 
            "wiki_id": 77492, 
            "wiki_title": "Good faith"
        }, 
        {
            "annotations": [
                {
                    "begin": 382, 
                    "end": 390, 
                    "score": 0.09640444815158844, 
                    "spot": "articles"
                }, 
                {
                    "begin": 890, 
                    "end": 898, 
                    "score": 0.11964057385921478, 
                    "spot": "articles"
                }
            ], 
            "wiki_id": 2633667, 
            "wiki_title": "Article (publishing)"
        }, 
        {
            "annotations": [
                {
                    "begin": 1010, 
                    "end": 1017, 
                    "score": 0.05148625373840332, 
                    "spot": "million"
                }, 
                {
                    "begin": 1378, 
                    "end": 1385, 
                    "score": 0.09549187123775482, 
                    "spot": "million"
                }
            ], 
            "wiki_id": 1045999, 
            "wiki_title": "Million"
        }, 
        {
            "annotations": [
                {
                    "begin": 198, 
                    "end": 210, 
                    "score": 0.6275635957717896, 
                    "spot": "Santa Monica"
                }, 
                {
                    "begin": 198, 
                    "end": 217, 
                    "score": 0.5540540814399719, 
                    "spot": "Santa Monica, Calif"
                }
            ], 
            "wiki_id": 28208, 
            "wiki_title": "Santa Monica, California"
        }, 
        {
            "annotations": [
                {
                    "begin": 1021, 
                    "end": 1047, 
                    "score": 0.29900187253952026, 
                    "spot": "Los\nAngeles Superior Court"
                }
            ], 
            "wiki_id": 22044999, 
            "wiki_title": "Los Angeles County Superior Court"
        }, 
        {
            "annotations": [
                {
                    "begin": 464, 
                    "end": 472, 
                    "score": 0.0038094911724328995, 
                    "spot": "drinking"
                }
            ], 
            "wiki_id": 198725, 
            "wiki_title": "Drinking water"
        }, 
        {
            "annotations": [
                {
                    "begin": 1367, 
                    "end": 1372, 
                    "score": 0.06861145794391632, 
                    "spot": "raise"
                }
            ], 
            "wiki_id": 917917, 
            "wiki_title": "Fundraising"
        }, 
        {
            "annotations": [
                {
                    "begin": 971, 
                    "end": 977, 
                    "score": 0.03719422221183777, 
                    "spot": "Taylor"
                }
            ], 
            "wiki_id": 856219, 
            "wiki_title": "John Taylor &amp; Co"
        }, 
        {
            "annotations": [
                {
                    "begin": 212, 
                    "end": 217, 
                    "score": 0.05163046717643738, 
                    "spot": "Calif"
                }
            ], 
            "wiki_id": 5407, 
            "wiki_title": "California"
        }, 
        {
            "annotations": [
                {
                    "begin": 659, 
                    "end": 668, 
                    "score": 0.09047552198171616, 
                    "spot": "statement"
                }
            ], 
            "wiki_id": 304097, 
            "wiki_title": "Press release"
        }, 
        {
            "annotations": [
                {
                    "begin": 722, 
                    "end": 729, 
                    "score": 0.19117647409439087, 
                    "spot": "pleased"
                }
            ], 
            "wiki_id": 20124563, 
            "wiki_title": "The Pleased"
        }, 
        {
            "annotations": [
                {
                    "begin": 1277, 
                    "end": 1280, 
                    "score": 0.06640061736106873, 
                    "spot": "G.P"
                }
            ], 
            "wiki_id": 197817, 
            "wiki_title": "General practitioner"
        }, 
        {
            "annotations": [
                {
                    "begin": 641, 
                    "end": 647, 
                    "score": 0.1656525731086731, 
                    "spot": "editor"
                }
            ], 
            "wiki_id": 167897, 
            "wiki_title": "Editing"
        }, 
        {
            "annotations": [
                {
                    "begin": 226, 
                    "end": 229, 
                    "score": 0.029578212648630142, 
                    "spot": "she"
                }
            ], 
            "wiki_id": 31979659, 
            "wiki_title": "She (Tyler, the Creator song)"
        }, 
        {
            "annotations": [
                {
                    "begin": 555, 
                    "end": 566, 
                    "score": 0.1613527238368988, 
                    "spot": "information"
                }
            ], 
            "wiki_id": 36674345, 
            "wiki_title": "Information technology"
        }, 
        {
            "annotations": [
                {
                    "begin": 456, 
                    "end": 459, 
                    "score": 0.0006853084196336567, 
                    "spot": "she"
                }
            ], 
            "wiki_id": 578150, 
            "wiki_title": "Standard hydrogen electrode"
        }, 
        {
            "annotations": [
                {
                    "begin": 1282, 
                    "end": 1287, 
                    "score": 0.07050710916519165, 
                    "spot": "Group"
                }
            ], 
            "wiki_id": 1142023, 
            "wiki_title": "Political groups of the European Parliament"
        }, 
        {
            "annotations": [
                {
                    "begin": 1021, 
                    "end": 1032, 
                    "score": 0.31286877393722534, 
                    "spot": "Los\nAngeles"
                }
            ], 
            "wiki_id": 79734, 
            "wiki_title": "Los Angeles County, California"
        }, 
        {
            "annotations": [
                {
                    "begin": 786, 
                    "end": 792, 
                    "score": 0.03719422221183777, 
                    "spot": "Taylor"
                }
            ], 
            "wiki_id": 8914658, 
            "wiki_title": "Hugh Taylor (American football)"
        }, 
        {
            "annotations": [
                {
                    "begin": 1099, 
                    "end": 1101, 
                    "score": 0.26137620210647583, 
                    "spot": "Mr"
                }
            ], 
            "wiki_id": 464522, 
            "wiki_title": "Master of Laws"
        }, 
        {
            "annotations": [
                {
                    "begin": 1144, 
                    "end": 1154, 
                    "score": 0.09235284477472305, 
                    "spot": "settlement"
                }
            ], 
            "wiki_id": 556323, 
            "wiki_title": "Settlement (litigation)"
        }, 
        {
            "annotations": [
                {
                    "begin": 122, 
                    "end": 131, 
                    "score": 0.07027614861726761, 
                    "spot": "reporting"
                }, 
                {
                    "begin": 391, 
                    "end": 400, 
                    "score": 0.11950217187404633, 
                    "spot": "reporting"
                }
            ], 
            "wiki_id": 15928, 
            "wiki_title": "Journalism"
        }, 
        {
            "annotations": [
                {
                    "begin": 149, 
                    "end": 158, 
                    "score": 0.05252206325531006, 
                    "spot": "condition"
                }, 
                {
                    "begin": 418, 
                    "end": 435, 
                    "score": 0.1832742542028427, 
                    "spot": "medical condition"
                }
            ], 
            "wiki_id": 8072, 
            "wiki_title": "Disease"
        }, 
        {
            "annotations": [
                {
                    "begin": 772, 
                    "end": 775, 
                    "score": 0.0017393865855410695, 
                    "spot": "end"
                }
            ], 
            "wiki_id": 20892116, 
            "wiki_title": "The E.N.D"
        }, 
        {
            "annotations": [
                {
                    "begin": 258, 
                    "end": 267, 
                    "score": 0.3264285922050476, 
                    "spot": "pneumonia"
                }
            ], 
            "wiki_id": 52135, 
            "wiki_title": "Pneumonia"
        }, 
        {
            "annotations": [
                {
                    "begin": 520, 
                    "end": 528, 
                    "score": 0.18055137991905212, 
                    "spot": "articles"
                }
            ], 
            "wiki_id": 9253, 
            "wiki_title": "Encyclopedia"
        }, 
        {
            "annotations": [
                {
                    "begin": 1389, 
                    "end": 1397, 
                    "score": 0.21564041078090668, 
                    "spot": "offering"
                }
            ], 
            "wiki_id": 147619, 
            "wiki_title": "Tithe"
        }, 
        {
            "annotations": [
                {
                    "begin": 907, 
                    "end": 912, 
                    "score": 0.06302537024021149, 
                    "spot": "error"
                }
            ], 
            "wiki_id": 41118, 
            "wiki_title": "Error"
        }, 
        {
            "annotations": [
                {
                    "begin": 177, 
                    "end": 196, 
                    "score": 0.12206573039293289, 
                    "spot": "St.\nJohn's Hospital"
                }
            ], 
            "wiki_id": 6894177, 
            "wiki_title": "St. John's Hospital (Springfield, Illinois)"
        }, 
        {
            "annotations": [
                {
                    "begin": 1062, 
                    "end": 1074, 
                    "score": 0.5, 
                    "spot": "Neil Papiano"
                }, 
                {
                    "begin": 1103, 
                    "end": 1110, 
                    "score": 0.1666666716337204, 
                    "spot": "Papiano"
                }
            ], 
            "wiki_id": 3306102, 
            "wiki_title": "Neil Papiano"
        }, 
        {
            "annotations": [
                {
                    "begin": 705, 
                    "end": 713, 
                    "score": 0.04369416832923889, 
                    "spot": "articles"
                }
            ], 
            "wiki_id": 25524, 
            "wiki_title": "Research"
        }, 
        {
            "annotations": [
                {
                    "begin": 481, 
                    "end": 486, 
                    "score": 0.011403082869946957, 
                    "spot": "error"
                }
            ], 
            "wiki_id": 37085, 
            "wiki_title": "Software bug"
        }, 
        {
            "annotations": [
                {
                    "begin": 1409, 
                    "end": 1413, 
                    "score": 0.16476298868656158, 
                    "spot": "firm"
                }
            ], 
            "wiki_id": 39206, 
            "wiki_title": "Business"
        }, 
        {
            "annotations": [
                {
                    "begin": 63, 
                    "end": 66, 
                    "score": 0.09145116806030273, 
                    "spot": "out"
                }
            ], 
            "wiki_id": 845825, 
            "wiki_title": "Out (baseball)"
        }, 
        {
            "annotations": [
                {
                    "begin": 188, 
                    "end": 196, 
                    "score": 0.18954844772815704, 
                    "spot": "Hospital"
                }
            ], 
            "wiki_id": 74381, 
            "wiki_title": "The Hospital"
        }, 
        {
            "annotations": [
                {
                    "begin": 1033, 
                    "end": 1047, 
                    "score": 0.058504097163677216, 
                    "spot": "Superior Court"
                }
            ], 
            "wiki_id": 307028, 
            "wiki_title": "Superior court"
        }, 
        {
            "annotations": [
                {
                    "begin": 671, 
                    "end": 673, 
                    "score": 0.062108319252729416, 
                    "spot": "we"
                }, 
                {
                    "begin": 1165, 
                    "end": 1167, 
                    "score": 0.03419191762804985, 
                    "spot": "we"
                }
            ], 
            "wiki_id": 65758, 
            "wiki_title": "Western (genre)"
        }, 
        {
            "annotations": [
                {
                    "begin": 674, 
                    "end": 680, 
                    "score": 0.05280214920639992, 
                    "spot": "regret"
                }
            ], 
            "wiki_id": 3929834, 
            "wiki_title": "Regret"
        }, 
        {
            "annotations": [
                {
                    "begin": 247, 
                    "end": 253, 
                    "score": 0.03462601825594902, 
                    "spot": "spring"
                }
            ], 
            "wiki_id": 316532, 
            "wiki_title": "Spring (season)"
        }, 
        {
            "annotations": [
                {
                    "begin": 1242, 
                    "end": 1247, 
                    "score": 0.07923948764801025, 
                    "spot": "trial"
                }
            ], 
            "wiki_id": 3276812, 
            "wiki_title": "Trial"
        }, 
        {
            "annotations": [
                {
                    "begin": 363, 
                    "end": 372, 
                    "score": 0.003095363499596715, 
                    "spot": "satisfied"
                }
            ], 
            "wiki_id": 4703854, 
            "wiki_title": "Satisfied (Squeeze song)"
        }, 
        {
            "annotations": [
                {
                    "begin": 8, 
                    "end": 15, 
                    "score": 0.03482968360185623, 
                    "spot": "lawsuit"
                }
            ], 
            "wiki_id": 113258, 
            "wiki_title": "Lawsuit"
        }, 
        {
            "annotations": [
                {
                    "begin": 276, 
                    "end": 284, 
                    "score": 0.10632278025150299, 
                    "spot": "Enquirer"
                }, 
                {
                    "begin": 632, 
                    "end": 640, 
                    "score": 0.05842667818069458, 
                    "spot": "Enquirer"
                }, 
                {
                    "begin": 1330, 
                    "end": 1338, 
                    "score": 0.2562220096588135, 
                    "spot": "Enquirer"
                }
            ], 
            "wiki_id": 371187, 
            "wiki_title": "National Enquirer"
        }, 
        {
            "annotations": [
                {
                    "begin": 100, 
                    "end": 108, 
                    "score": 0.13027261197566986, 
                    "spot": "Enquirer"
                }, 
                {
                    "begin": 918, 
                    "end": 926, 
                    "score": 0.007179487030953169, 
                    "spot": "Enquirer"
                }
            ], 
            "wiki_id": 947371, 
            "wiki_title": "The Cincinnati Enquirer"
        }, 
        {
            "annotations": [
                {
                    "begin": 1420, 
                    "end": 1443, 
                    "score": 0.5243685841560364, 
                    "spot": "initial\npublic offering"
                }
            ], 
            "wiki_id": 63879, 
            "wiki_title": "Initial public offering"
        }, 
        {
            "annotations": [
                {
                    "begin": 1080, 
                    "end": 1088, 
                    "score": 0.15216901898384094, 
                    "spot": "attorney"
                }
            ], 
            "wiki_id": 17541, 
            "wiki_title": "Lawyer"
        }, 
        {
            "annotations": [
                {
                    "begin": 740, 
                    "end": 747, 
                    "score": 0.0015252572484314442, 
                    "spot": "dispute"
                }
            ], 
            "wiki_id": 8619057, 
            "wiki_title": "Macedonia naming dispute"
        }, 
        {
            "annotations": [
                {
                    "begin": 340, 
                    "end": 355, 
                    "score": 0.01584506966173649, 
                    "spot": "medical records"
                }
            ], 
            "wiki_id": 1107036, 
            "wiki_title": "Medical record"
        }, 
        {
            "annotations": [
                {
                    "begin": 1132, 
                    "end": 1136, 
                    "score": 0.07776117324829102, 
                    "spot": "size"
                }
            ], 
            "wiki_id": 10401954, 
            "wiki_title": "Family"
        }, 
        {
            "annotations": [
                {
                    "begin": 624, 
                    "end": 630, 
                    "score": 0.02702113799750805, 
                    "spot": "Calder"
                }
            ], 
            "wiki_id": 35734007, 
            "wiki_title": "William Calder (footballer)"
        }, 
        {
            "annotations": [
                {
                    "begin": 995, 
                    "end": 1002, 
                    "score": 0.10520249605178833, 
                    "spot": "damages"
                }
            ], 
            "wiki_id": 8134, 
            "wiki_title": "Damages"
        }
    ]
}