{
    "tagme": [
        {
            "annotations": [
                {
                    "begin": 1863, 
                    "end": 1868, 
                    "score": 0.05088765546679497, 
                    "spot": "swung"
                }
            ], 
            "wiki_id": 164887, 
            "wiki_title": "Swing music"
        }, 
        {
            "annotations": [
                {
                    "begin": 948, 
                    "end": 955, 
                    "score": 0.10916474461555481, 
                    "spot": "denying"
                }, 
                {
                    "begin": 3020, 
                    "end": 3024, 
                    "score": 0.14027373492717743, 
                    "spot": "deny"
                }
            ], 
            "wiki_id": 1631852, 
            "wiki_title": "Denial"
        }, 
        {
            "annotations": [
                {
                    "begin": 2409, 
                    "end": 2421, 
                    "score": 0.5300324559211731, 
                    "spot": "black slaves"
                }, 
                {
                    "begin": 2415, 
                    "end": 2421, 
                    "score": 0.4935482144355774, 
                    "spot": "slaves"
                }
            ], 
            "wiki_id": 253264, 
            "wiki_title": "Slavery in the United States"
        }, 
        {
            "annotations": [
                {
                    "begin": 2555, 
                    "end": 2570, 
                    "score": 0.008139383047819138, 
                    "spot": "North and South"
                }
            ], 
            "wiki_id": 977607, 
            "wiki_title": "Cut the Crap"
        }, 
        {
            "annotations": [
                {
                    "begin": 1517, 
                    "end": 1532, 
                    "score": 0.12221559137105942, 
                    "spot": "insubordination"
                }
            ], 
            "wiki_id": 986842, 
            "wiki_title": "Insubordination"
        }, 
        {
            "annotations": [
                {
                    "begin": 197, 
                    "end": 210, 
                    "score": 0.1995091438293457, 
                    "spot": "Supreme Court"
                }, 
                {
                    "begin": 3168, 
                    "end": 3181, 
                    "score": 0.23667064309120178, 
                    "spot": "Supreme Court"
                }
            ], 
            "wiki_id": 31737, 
            "wiki_title": "Supreme Court of the United States"
        }, 
        {
            "annotations": [
                {
                    "begin": 2256, 
                    "end": 2262, 
                    "score": 0.07859982550144196, 
                    "spot": "sacred"
                }
            ], 
            "wiki_id": 12178732, 
            "wiki_title": "Sacred"
        }, 
        {
            "annotations": [
                {
                    "begin": 720, 
                    "end": 736, 
                    "score": 0.10671179741621017, 
                    "spot": "attorney general"
                }
            ], 
            "wiki_id": 2586359, 
            "wiki_title": "Attorney General of Mexico"
        }, 
        {
            "annotations": [
                {
                    "begin": 1261, 
                    "end": 1271, 
                    "score": 0.2123270034790039, 
                    "spot": "recognized"
                }
            ], 
            "wiki_id": 524626, 
            "wiki_title": "Diplomatic recognition"
        }, 
        {
            "annotations": [
                {
                    "begin": 172, 
                    "end": 180, 
                    "score": 0.31732168793678284, 
                    "spot": "reversed"
                }, 
                {
                    "begin": 218, 
                    "end": 226, 
                    "score": 0.2612687051296234, 
                    "spot": "appealed"
                }
            ], 
            "wiki_id": 35925403, 
            "wiki_title": "Appeal"
        }, 
        {
            "annotations": [
                {
                    "begin": 3800, 
                    "end": 3808, 
                    "score": 0.06356726586818695, 
                    "spot": "licenses"
                }
            ], 
            "wiki_id": 245719, 
            "wiki_title": "Creative Commons license"
        }, 
        {
            "annotations": [
                {
                    "begin": 4430, 
                    "end": 4438, 
                    "score": 0.04089948907494545, 
                    "spot": "chairman"
                }
            ], 
            "wiki_id": 364458, 
            "wiki_title": "Chairman of the Joint Chiefs of Staff"
        }, 
        {
            "annotations": [
                {
                    "begin": 660, 
                    "end": 664, 
                    "score": 0.050768181681632996, 
                    "spot": "Well"
                }
            ], 
            "wiki_id": 198570, 
            "wiki_title": "Oil well"
        }, 
        {
            "annotations": [
                {
                    "begin": 1760, 
                    "end": 1770, 
                    "score": 0.1185145229101181, 
                    "spot": "subliminal"
                }
            ], 
            "wiki_id": 33702525, 
            "wiki_title": "Subliminal stimuli"
        }, 
        {
            "annotations": [
                {
                    "begin": 1252, 
                    "end": 1255, 
                    "score": 0.13812115788459778, 
                    "spot": "who"
                }, 
                {
                    "begin": 3849, 
                    "end": 3852, 
                    "score": 0.06633691489696503, 
                    "spot": "who"
                }
            ], 
            "wiki_id": 33583, 
            "wiki_title": "World Health Organization"
        }, 
        {
            "annotations": [
                {
                    "begin": 3663, 
                    "end": 3682, 
                    "score": 0.2933436632156372, 
                    "spot": "history of New York"
                }, 
                {
                    "begin": 3663, 
                    "end": 3688, 
                    "score": 0.3561386168003082, 
                    "spot": "history of New York state"
                }
            ], 
            "wiki_id": 331847, 
            "wiki_title": "History of New York"
        }, 
        {
            "annotations": [
                {
                    "begin": 57, 
                    "end": 75, 
                    "score": 0.5, 
                    "spot": "courts of Missouri"
                }
            ], 
            "wiki_id": 20789853, 
            "wiki_title": "Courts of Missouri"
        }, 
        {
            "annotations": [
                {
                    "begin": 3424, 
                    "end": 3429, 
                    "score": 0.20580583810806274, 
                    "spot": "Irish"
                }
            ], 
            "wiki_id": 19872429, 
            "wiki_title": "Irish language"
        }, 
        {
            "annotations": [
                {
                    "begin": 4461, 
                    "end": 4488, 
                    "score": 0.6258804798126221, 
                    "spot": "Congress of Racial Equality"
                }
            ], 
            "wiki_id": 203908, 
            "wiki_title": "Congress of Racial Equality"
        }, 
        {
            "annotations": [
                {
                    "begin": 1817, 
                    "end": 1836, 
                    "score": 0.06976744532585144, 
                    "spot": "post-Reconstruction"
                }
            ], 
            "wiki_id": 1412346, 
            "wiki_title": "Redeemers"
        }, 
        {
            "annotations": [
                {
                    "begin": 1002, 
                    "end": 1016, 
                    "score": 0.15352579951286316, 
                    "spot": "constitutional"
                }, 
                {
                    "begin": 2851, 
                    "end": 2863, 
                    "score": 0.43623751401901245, 
                    "spot": "Constitution"
                }
            ], 
            "wiki_id": 31644, 
            "wiki_title": "United States Constitution"
        }, 
        {
            "annotations": [
                {
                    "begin": 3141, 
                    "end": 3147, 
                    "score": 0.12702877819538116, 
                    "spot": "masses"
                }
            ], 
            "wiki_id": 4361658, 
            "wiki_title": "The Masses"
        }, 
        {
            "annotations": [
                {
                    "begin": 1907, 
                    "end": 1917, 
                    "score": 0.06938084214925766, 
                    "spot": "philosophy"
                }
            ], 
            "wiki_id": 13692155, 
            "wiki_title": "Philosophy"
        }, 
        {
            "annotations": [
                {
                    "begin": 1240, 
                    "end": 1245, 
                    "score": 0.3649662733078003, 
                    "spot": "negro"
                }, 
                {
                    "begin": 1240, 
                    "end": 1250, 
                    "score": 0.2619999945163727, 
                    "spot": "negro race"
                }
            ], 
            "wiki_id": 18855505, 
            "wiki_title": "Negro"
        }, 
        {
            "annotations": [
                {
                    "begin": 1660, 
                    "end": 1669, 
                    "score": 0.18563947081565857, 
                    "spot": "reasoning"
                }
            ], 
            "wiki_id": 42446, 
            "wiki_title": "Reason"
        }, 
        {
            "annotations": [
                {
                    "begin": 3632, 
                    "end": 3642, 
                    "score": 0.011560693383216858, 
                    "spot": "privileged"
                }
            ], 
            "wiki_id": 14439975, 
            "wiki_title": "Privilege (evidence)"
        }, 
        {
            "annotations": [
                {
                    "begin": 4421, 
                    "end": 4429, 
                    "score": 0.13937920331954956, 
                    "spot": "national"
                }
            ], 
            "wiki_id": 21754, 
            "wiki_title": "Nation"
        }, 
        {
            "annotations": [
                {
                    "begin": 4188, 
                    "end": 4195, 
                    "score": 0.05705627053976059, 
                    "spot": "origins"
                }
            ], 
            "wiki_id": 169660, 
            "wiki_title": "Ultimate Fighting Championship"
        }, 
        {
            "annotations": [
                {
                    "begin": 2308, 
                    "end": 2313, 
                    "score": 0.3955478370189667, 
                    "spot": "serfs"
                }, 
                {
                    "begin": 2502, 
                    "end": 2509, 
                    "score": 0.31621885299682617, 
                    "spot": "freeman"
                }
            ], 
            "wiki_id": 134258, 
            "wiki_title": "Serfdom"
        }, 
        {
            "annotations": [
                {
                    "begin": 457, 
                    "end": 469, 
                    "score": 0.19290536642074585, 
                    "spot": "black people"
                }, 
                {
                    "begin": 1135, 
                    "end": 1141, 
                    "score": 0.08188673853874207, 
                    "spot": "blacks"
                }, 
                {
                    "begin": 1983, 
                    "end": 1992, 
                    "score": 0.17180998623371124, 
                    "spot": "black men"
                }, 
                {
                    "begin": 2705, 
                    "end": 2714, 
                    "score": 0.21604496240615845, 
                    "spot": "black man"
                }, 
                {
                    "begin": 3025, 
                    "end": 3037, 
                    "score": 0.1361883580684662, 
                    "spot": "black people"
                }, 
                {
                    "begin": 3377, 
                    "end": 3383, 
                    "score": 0.026700032874941826, 
                    "spot": "blacks"
                }
            ], 
            "wiki_id": 2154, 
            "wiki_title": "African Americans"
        }, 
        {
            "annotations": [
                {
                    "begin": 155, 
                    "end": 159, 
                    "score": 0.18313848972320557, 
                    "spot": "case"
                }
            ], 
            "wiki_id": 1704112, 
            "wiki_title": "Legal case"
        }, 
        {
            "annotations": [
                {
                    "begin": 993, 
                    "end": 1001, 
                    "score": 0.0005780390347354114, 
                    "spot": "specific"
                }
            ], 
            "wiki_id": 5599330, 
            "wiki_title": "Sensitivity and specificity"
        }, 
        {
            "annotations": [
                {
                    "begin": 13, 
                    "end": 18, 
                    "score": 0.13391025364398956, 
                    "spot": "owner"
                }
            ], 
            "wiki_id": 213897, 
            "wiki_title": "Ownership"
        }, 
        {
            "annotations": [
                {
                    "begin": 861, 
                    "end": 866, 
                    "score": 0.3000034689903259, 
                    "spot": "white"
                }, 
                {
                    "begin": 1040, 
                    "end": 1046, 
                    "score": 0.2165672779083252, 
                    "spot": "whites"
                }
            ], 
            "wiki_id": 166202, 
            "wiki_title": "White people"
        }, 
        {
            "annotations": [
                {
                    "begin": 3195, 
                    "end": 3206, 
                    "score": 0.16649219393730164, 
                    "spot": "legislation"
                }
            ], 
            "wiki_id": 51913, 
            "wiki_title": "Legislation"
        }, 
        {
            "annotations": [
                {
                    "begin": 4307, 
                    "end": 4322, 
                    "score": 0.5, 
                    "spot": "gun prohibition"
                }
            ], 
            "wiki_id": 44276, 
            "wiki_title": "Gun control"
        }, 
        {
            "annotations": [
                {
                    "begin": 1334, 
                    "end": 1338, 
                    "score": 0.004822245333343744, 
                    "spot": "keep"
                }
            ], 
            "wiki_id": 957422, 
            "wiki_title": "Keep"
        }, 
        {
            "annotations": [
                {
                    "begin": 2155, 
                    "end": 2166, 
                    "score": 0.34405285120010376, 
                    "spot": "natural law"
                }
            ], 
            "wiki_id": 32012, 
            "wiki_title": "Natural Law Party (United States)"
        }, 
        {
            "annotations": [
                {
                    "begin": 1805, 
                    "end": 1808, 
                    "score": 0.010813451372087002, 
                    "spot": "era"
                }
            ], 
            "wiki_id": 9758, 
            "wiki_title": "Era"
        }, 
        {
            "annotations": [
                {
                    "begin": 1771, 
                    "end": 1778, 
                    "score": 0.12323138117790222, 
                    "spot": "effects"
                }
            ], 
            "wiki_id": 53017, 
            "wiki_title": "Special effect"
        }, 
        {
            "annotations": [
                {
                    "begin": 1179, 
                    "end": 1189, 
                    "score": 0.2042936384677887, 
                    "spot": "immunities"
                }
            ], 
            "wiki_id": 29081, 
            "wiki_title": "Sovereign immunity"
        }, 
        {
            "annotations": [
                {
                    "begin": 4267, 
                    "end": 4279, 
                    "score": 0.1511673480272293, 
                    "spot": "organization"
                }
            ], 
            "wiki_id": 105070, 
            "wiki_title": "Organization"
        }, 
        {
            "annotations": [
                {
                    "begin": 2050, 
                    "end": 2062, 
                    "score": 0.15253356099128723, 
                    "spot": "infringement"
                }
            ], 
            "wiki_id": 18948365, 
            "wiki_title": "Copyright infringement"
        }, 
        {
            "annotations": [
                {
                    "begin": 758, 
                    "end": 766, 
                    "score": 0.11818775534629822, 
                    "spot": "Treasury"
                }
            ], 
            "wiki_id": 53667, 
            "wiki_title": "United States Department of the Treasury"
        }, 
        {
            "annotations": [
                {
                    "begin": 2023, 
                    "end": 2029, 
                    "score": 0.010642796754837036, 
                    "spot": "potent"
                }
            ], 
            "wiki_id": 12732624, 
            "wiki_title": "Potency (pharmacology)"
        }, 
        {
            "annotations": [
                {
                    "begin": 503, 
                    "end": 511, 
                    "score": 0.1368478387594223, 
                    "spot": "citizens"
                }, 
                {
                    "begin": 1193, 
                    "end": 1201, 
                    "score": 0.18464775383472443, 
                    "spot": "citizens"
                }
            ], 
            "wiki_id": 6784, 
            "wiki_title": "Citizenship"
        }, 
        {
            "annotations": [
                {
                    "begin": 1854, 
                    "end": 1862, 
                    "score": 0.2768024504184723, 
                    "spot": "pendulum"
                }
            ], 
            "wiki_id": 42709, 
            "wiki_title": "Pendulum"
        }, 
        {
            "annotations": [
                {
                    "begin": 1110, 
                    "end": 1118, 
                    "score": 0.12376506626605988, 
                    "spot": "majority"
                }
            ], 
            "wiki_id": 437868, 
            "wiki_title": "Minority group"
        }, 
        {
            "annotations": [
                {
                    "begin": 1132, 
                    "end": 1134, 
                    "score": 0.0010810111416503787, 
                    "spot": "if"
                }
            ], 
            "wiki_id": 612840, 
            "wiki_title": "If...."
        }, 
        {
            "annotations": [
                {
                    "begin": 428, 
                    "end": 436, 
                    "score": 0.05046648159623146, 
                    "spot": "infamous"
                }
            ], 
            "wiki_id": 3023143, 
            "wiki_title": "The Infamous"
        }, 
        {
            "annotations": [
                {
                    "begin": 3720, 
                    "end": 3725, 
                    "score": 0.0016792872920632362, 
                    "spot": "start"
                }
            ], 
            "wiki_id": 2126984, 
            "wiki_title": "Small Tight Aspect Ratio Tokamak"
        }, 
        {
            "annotations": [
                {
                    "begin": 2620, 
                    "end": 2624, 
                    "score": 0.10505928844213486, 
                    "spot": "long"
                }
            ], 
            "wiki_id": 102446, 
            "wiki_title": "Huey Long"
        }, 
        {
            "annotations": [
                {
                    "begin": 147, 
                    "end": 150, 
                    "score": 0.0008345537935383618, 
                    "spot": "won"
                }
            ], 
            "wiki_id": 38593504, 
            "wiki_title": "Chung Hong-won"
        }, 
        {
            "annotations": [
                {
                    "begin": 3281, 
                    "end": 3287, 
                    "score": 0.005768140312284231, 
                    "spot": "levels"
                }
            ], 
            "wiki_id": 2533908, 
            "wiki_title": "Levels, West Virginia"
        }, 
        {
            "annotations": [
                {
                    "begin": 2749, 
                    "end": 2753, 
                    "score": 0.039195649325847626, 
                    "spot": "arms"
                }
            ], 
            "wiki_id": 55284, 
            "wiki_title": "Coat of arms"
        }, 
        {
            "annotations": [
                {
                    "begin": 3356, 
                    "end": 3367, 
                    "score": 0.10979074239730835, 
                    "spot": "invidiously"
                }
            ], 
            "wiki_id": 18855029, 
            "wiki_title": "Envy"
        }, 
        {
            "annotations": [
                {
                    "begin": 386, 
                    "end": 393, 
                    "score": 0.002649563131853938, 
                    "spot": "setting"
                }
            ], 
            "wiki_id": 1355448, 
            "wiki_title": "Grand Theft Auto (series)"
        }, 
        {
            "annotations": [
                {
                    "begin": 3615, 
                    "end": 3621, 
                    "score": 0.0034408150240778923, 
                    "spot": "affect"
                }
            ], 
            "wiki_id": 3471186, 
            "wiki_title": "Affect (psychology)"
        }, 
        {
            "annotations": [
                {
                    "begin": 2782, 
                    "end": 2787, 
                    "score": 0.11069846898317337, 
                    "spot": "heirs"
                }
            ], 
            "wiki_id": 15430, 
            "wiki_title": "Inheritance"
        }, 
        {
            "annotations": [
                {
                    "begin": 2279, 
                    "end": 2289, 
                    "score": 0.09303443878889084, 
                    "spot": "restricted"
                }
            ], 
            "wiki_id": 78809, 
            "wiki_title": "Speed limit"
        }, 
        {
            "annotations": [
                {
                    "begin": 1968, 
                    "end": 1976, 
                    "score": 0.25136661529541016, 
                    "spot": "paranoia"
                }
            ], 
            "wiki_id": 24515, 
            "wiki_title": "Paranoia"
        }, 
        {
            "annotations": [
                {
                    "begin": 590, 
                    "end": 597, 
                    "score": 0.13974715769290924, 
                    "spot": "freedom"
                }
            ], 
            "wiki_id": 936385, 
            "wiki_title": "Liberty"
        }, 
        {
            "annotations": [
                {
                    "begin": 3785, 
                    "end": 3796, 
                    "score": 0.002420005388557911, 
                    "spot": "easy access"
                }
            ], 
            "wiki_id": 302109, 
            "wiki_title": "Accessibility"
        }, 
        {
            "annotations": [
                {
                    "begin": 2806, 
                    "end": 2810, 
                    "score": 0.020242994651198387, 
                    "spot": "bear"
                }
            ], 
            "wiki_id": 5800622, 
            "wiki_title": "The Bear (1988 film)"
        }, 
        {
            "annotations": [
                {
                    "begin": 2741, 
                    "end": 2748, 
                    "score": 0.03557232767343521, 
                    "spot": "bearing"
                }
            ], 
            "wiki_id": 198101, 
            "wiki_title": "Ball bearing"
        }, 
        {
            "annotations": [
                {
                    "begin": 1295, 
                    "end": 1313, 
                    "score": 0.4234360456466675, 
                    "spot": "state of the union"
                }
            ], 
            "wiki_id": 37081, 
            "wiki_title": "State of the Union"
        }, 
        {
            "annotations": [
                {
                    "begin": 3275, 
                    "end": 3280, 
                    "score": 0.12777836620807648, 
                    "spot": "local"
                }
            ], 
            "wiki_id": 52786, 
            "wiki_title": "Local government"
        }, 
        {
            "annotations": [
                {
                    "begin": 128, 
                    "end": 142, 
                    "score": 0.15447154641151428, 
                    "spot": "free territory"
                }
            ], 
            "wiki_id": 4967825, 
            "wiki_title": "Free Territory"
        }, 
        {
            "annotations": [
                {
                    "begin": 769, 
                    "end": 782, 
                    "score": 0.15476205945014954, 
                    "spot": "pre-civil war"
                }, 
                {
                    "begin": 1724, 
                    "end": 1733, 
                    "score": 0.42461106181144714, 
                    "spot": "Civil War"
                }, 
                {
                    "begin": 2394, 
                    "end": 2403, 
                    "score": 0.21527013182640076, 
                    "spot": "Civil War"
                }, 
                {
                    "begin": 4387, 
                    "end": 4396, 
                    "score": 0.26772409677505493, 
                    "spot": "Civil War"
                }
            ], 
            "wiki_id": 863, 
            "wiki_title": "American Civil War"
        }, 
        {
            "annotations": [
                {
                    "begin": 1291, 
                    "end": 1294, 
                    "score": 0.07061200588941574, 
                    "spot": "one"
                }
            ], 
            "wiki_id": 102459, 
            "wiki_title": "One-party state"
        }, 
        {
            "annotations": [
                {
                    "begin": 358, 
                    "end": 366, 
                    "score": 0.13823243975639343, 
                    "spot": "New\nYork"
                }, 
                {
                    "begin": 4040, 
                    "end": 4053, 
                    "score": 0.3535293936729431, 
                    "spot": "New York City"
                }, 
                {
                    "begin": 4446, 
                    "end": 4460, 
                    "score": 0.08266005665063858, 
                    "spot": "New York-based"
                }
            ], 
            "wiki_id": 645042, 
            "wiki_title": "New York City"
        }, 
        {
            "annotations": [
                {
                    "begin": 2213, 
                    "end": 2223, 
                    "score": 0.11300700157880783, 
                    "spot": "implements"
                }
            ], 
            "wiki_id": 30677, 
            "wiki_title": "Tool"
        }, 
        {
            "annotations": [
                {
                    "begin": 2759, 
                    "end": 2767, 
                    "score": 0.0030921080615371466, 
                    "spot": "too much"
                }
            ], 
            "wiki_id": 1356329, 
            "wiki_title": "Too Much (Spice Girls song)"
        }, 
        {
            "annotations": [
                {
                    "begin": 519, 
                    "end": 522, 
                    "score": 0.12716200947761536, 
                    "spot": "U.S"
                }
            ], 
            "wiki_id": 18717338, 
            "wiki_title": "United States dollar"
        }, 
        {
            "annotations": [
                {
                    "begin": 3431, 
                    "end": 3438, 
                    "score": 0.24852339923381805, 
                    "spot": "Italian"
                }
            ], 
            "wiki_id": 385155, 
            "wiki_title": "Italians"
        }, 
        {
            "annotations": [
                {
                    "begin": 1949, 
                    "end": 1955, 
                    "score": 0.06344608962535858, 
                    "spot": "period"
                }
            ], 
            "wiki_id": 1376711, 
            "wiki_title": "Historical period drama"
        }, 
        {
            "annotations": [
                {
                    "begin": 1378, 
                    "end": 1389, 
                    "score": 0.003737541614100337, 
                    "spot": "all of this"
                }
            ], 
            "wiki_id": 1417507, 
            "wiki_title": "For All of This"
        }, 
        {
            "annotations": [
                {
                    "begin": 39, 
                    "end": 43, 
                    "score": 0.14631329476833344, 
                    "spot": "sued"
                }, 
                {
                    "begin": 283, 
                    "end": 288, 
                    "score": 0.10799913108348846, 
                    "spot": "suing"
                }
            ], 
            "wiki_id": 113258, 
            "wiki_title": "Lawsuit"
        }, 
        {
            "annotations": [
                {
                    "begin": 545, 
                    "end": 556, 
                    "score": 0.13295044004917145, 
                    "spot": "no standing"
                }
            ], 
            "wiki_id": 5086621, 
            "wiki_title": "Parking violation"
        }, 
        {
            "annotations": [
                {
                    "begin": 4203, 
                    "end": 4229, 
                    "score": 0.6256089210510254, 
                    "spot": "National Rifle Association"
                }
            ], 
            "wiki_id": 70101, 
            "wiki_title": "National Rifle Association"
        }, 
        {
            "annotations": [
                {
                    "begin": 2180, 
                    "end": 2185, 
                    "score": 0.23129133880138397, 
                    "spot": "right"
                }, 
                {
                    "begin": 2269, 
                    "end": 2274, 
                    "score": 0.1350511759519577, 
                    "spot": "right"
                }
            ], 
            "wiki_id": 51490, 
            "wiki_title": "Rights"
        }, 
        {
            "annotations": [
                {
                    "begin": 3315, 
                    "end": 3325, 
                    "score": 0.07812128961086273, 
                    "spot": "conception"
                }
            ], 
            "wiki_id": 6978, 
            "wiki_title": "Concept"
        }, 
        {
            "annotations": [
                {
                    "begin": 3872, 
                    "end": 3881, 
                    "score": 0.02004987560212612, 
                    "spot": "privilege"
                }
            ], 
            "wiki_id": 12979849, 
            "wiki_title": "Privilege (film)"
        }, 
        {
            "annotations": [
                {
                    "begin": 3578, 
                    "end": 3588, 
                    "score": 0.23981702327728271, 
                    "spot": "oppressive"
                }
            ], 
            "wiki_id": 648470, 
            "wiki_title": "Oppression"
        }, 
        {
            "annotations": [
                {
                    "begin": 821, 
                    "end": 829, 
                    "score": 0.1675625592470169, 
                    "spot": "inferior"
                }
            ], 
            "wiki_id": 168041, 
            "wiki_title": "Anatomical terms of location"
        }, 
        {
            "annotations": [
                {
                    "begin": 399, 
                    "end": 418, 
                    "score": 0.13793103396892548, 
                    "spot": "Chief Justice Taney"
                }, 
                {
                    "begin": 413, 
                    "end": 418, 
                    "score": 0.048051949590444565, 
                    "spot": "Taney"
                }, 
                {
                    "begin": 1065, 
                    "end": 1084, 
                    "score": 0.13793103396892548, 
                    "spot": "Chief Justice Taney"
                }, 
                {
                    "begin": 1079, 
                    "end": 1084, 
                    "score": 0.12709838151931763, 
                    "spot": "Taney"
                }, 
                {
                    "begin": 1631, 
                    "end": 1636, 
                    "score": 0.17576824128627777, 
                    "spot": "Taney"
                }, 
                {
                    "begin": 1899, 
                    "end": 1904, 
                    "score": 0.08835697174072266, 
                    "spot": "Taney"
                }, 
                {
                    "begin": 2791, 
                    "end": 2802, 
                    "score": 0.6536892652511597, 
                    "spot": "Roger Taney"
                }
            ], 
            "wiki_id": 21833588, 
            "wiki_title": "Roger B. Taney"
        }, 
        {
            "annotations": [
                {
                    "begin": 1549, 
                    "end": 1560, 
                    "score": 0.0009548058733344078, 
                    "spot": "endangering"
                }
            ], 
            "wiki_id": 3722991, 
            "wiki_title": "Endangerment"
        }, 
        {
            "annotations": [
                {
                    "begin": 1054, 
                    "end": 1064, 
                    "score": 0.6112351417541504, 
                    "spot": "Dred Scott"
                }
            ], 
            "wiki_id": 105817, 
            "wiki_title": "Dred Scott"
        }, 
        {
            "annotations": [
                {
                    "begin": 308, 
                    "end": 316, 
                    "score": 0.23576264083385468, 
                    "spot": "executor"
                }
            ], 
            "wiki_id": 603624, 
            "wiki_title": "Executor"
        }, 
        {
            "annotations": [
                {
                    "begin": 2244, 
                    "end": 2250, 
                    "score": 0.001482748775742948, 
                    "spot": "always"
                }
            ], 
            "wiki_id": 3824661, 
            "wiki_title": "High availability"
        }, 
        {
            "annotations": [
                {
                    "begin": 3334, 
                    "end": 3343, 
                    "score": 0.10185368359088898, 
                    "spot": "operation"
                }
            ], 
            "wiki_id": 45599, 
            "wiki_title": "Surgery"
        }, 
        {
            "annotations": [
                {
                    "begin": 188, 
                    "end": 210, 
                    "score": 0.2969924807548523, 
                    "spot": "Missouri Supreme Court"
                }
            ], 
            "wiki_id": 1771393, 
            "wiki_title": "Supreme Court of Missouri"
        }, 
        {
            "annotations": [
                {
                    "begin": 845, 
                    "end": 850, 
                    "score": 0.10933131724596024, 
                    "spot": "right"
                }, 
                {
                    "begin": 1319, 
                    "end": 1324, 
                    "score": 0.001456906902603805, 
                    "spot": "right"
                }
            ], 
            "wiki_id": 2298740, 
            "wiki_title": "Conservatism in the United States"
        }, 
        {
            "annotations": [
                {
                    "begin": 3923, 
                    "end": 3935, 
                    "score": 0.5, 
                    "spot": "Donald Trump"
                }
            ], 
            "wiki_id": 4848272, 
            "wiki_title": "Donald Trump"
        }, 
        {
            "annotations": [
                {
                    "begin": 2819, 
                    "end": 2823, 
                    "score": 0.2209136188030243, 
                    "spot": "14th"
                }
            ], 
            "wiki_id": 31666, 
            "wiki_title": "Fourteenth Amendment to the United States Constitution"
        }, 
        {
            "annotations": [
                {
                    "begin": 3443, 
                    "end": 3449, 
                    "score": 0.22409209609031677, 
                    "spot": "Jewish"
                }
            ], 
            "wiki_id": 25955086, 
            "wiki_title": "Jews"
        }, 
        {
            "annotations": [
                {
                    "begin": 3812, 
                    "end": 3817, 
                    "score": 0.0035589057952165604, 
                    "spot": "carry"
                }
            ], 
            "wiki_id": 5503176, 
            "wiki_title": "Carry flag"
        }, 
        {
            "annotations": [
                {
                    "begin": 290, 
                    "end": 302, 
                    "score": 0.4099999964237213, 
                    "spot": "John Sanford"
                }
            ], 
            "wiki_id": 9931692, 
            "wiki_title": "John Sanford (governor)"
        }, 
        {
            "annotations": [
                {
                    "begin": 1837, 
                    "end": 1843, 
                    "score": 0.10915711522102356, 
                    "spot": "period"
                }
            ], 
            "wiki_id": 76848, 
            "wiki_title": "Periodic function"
        }, 
        {
            "annotations": [
                {
                    "begin": 3488, 
                    "end": 3491, 
                    "score": 0.12723605334758759, 
                    "spot": "now"
                }
            ], 
            "wiki_id": 8536948, 
            "wiki_title": "National Organization for Women"
        }, 
        {
            "annotations": [
                {
                    "begin": 1448, 
                    "end": 1453, 
                    "score": 0.06531720608472824, 
                    "spot": "color"
                }
            ], 
            "wiki_id": 5871200, 
            "wiki_title": "Color motion picture film"
        }, 
        {
            "annotations": [
                {
                    "begin": 2040, 
                    "end": 2045, 
                    "score": 0.13652604818344116, 
                    "spot": "cause"
                }, 
                {
                    "begin": 2361, 
                    "end": 2366, 
                    "score": 0.4619775414466858, 
                    "spot": "issue"
                }
            ], 
            "wiki_id": 2345894, 
            "wiki_title": "Social issue"
        }, 
        {
            "annotations": [
                {
                    "begin": 884, 
                    "end": 891, 
                    "score": 0.14603786170482635, 
                    "spot": "respect"
                }
            ], 
            "wiki_id": 364338, 
            "wiki_title": "Respect"
        }, 
        {
            "annotations": [
                {
                    "begin": 3984, 
                    "end": 3996, 
                    "score": 0.3405172526836395, 
                    "spot": "Howard Stern"
                }
            ], 
            "wiki_id": 113348, 
            "wiki_title": "Howard Stern"
        }, 
        {
            "annotations": [
                {
                    "begin": 1738, 
                    "end": 1752, 
                    "score": 0.04008566960692406, 
                    "spot": "Reconstruction"
                }, 
                {
                    "begin": 2888, 
                    "end": 2902, 
                    "score": 0.3713712692260742, 
                    "spot": "Reconstruction"
                }, 
                {
                    "begin": 3066, 
                    "end": 3087, 
                    "score": 0.5099999904632568, 
                    "spot": "end of Reconstruction"
                }, 
                {
                    "begin": 3073, 
                    "end": 3087, 
                    "score": 0.3560965657234192, 
                    "spot": "Reconstruction"
                }
            ], 
            "wiki_id": 55040, 
            "wiki_title": "Reconstruction Era"
        }, 
        {
            "annotations": [
                {
                    "begin": 2932, 
                    "end": 2935, 
                    "score": 0.12672771513462067, 
                    "spot": "gun"
                }
            ], 
            "wiki_id": 11966, 
            "wiki_title": "Firearm"
        }, 
        {
            "annotations": [
                {
                    "begin": 3368, 
                    "end": 3376, 
                    "score": 0.0006378536927513778, 
                    "spot": "targeted"
                }, 
                {
                    "begin": 3497, 
                    "end": 3505, 
                    "score": 0.0006378536927513778, 
                    "spot": "targeted"
                }
            ], 
            "wiki_id": 24834, 
            "wiki_title": "Protein targeting"
        }, 
        {
            "annotations": [
                {
                    "begin": 639, 
                    "end": 655, 
                    "score": 0.09825585782527924, 
                    "spot": "unconstitutional"
                }, 
                {
                    "begin": 2094, 
                    "end": 2106, 
                    "score": 0.3022487163543701, 
                    "spot": "Constitution"
                }
            ], 
            "wiki_id": 5253, 
            "wiki_title": "Constitution"
        }, 
        {
            "annotations": [
                {
                    "begin": 342, 
                    "end": 347, 
                    "score": 0.0882737785577774, 
                    "spot": "Scott"
                }
            ], 
            "wiki_id": 99199, 
            "wiki_title": "George Gilbert Scott"
        }, 
        {
            "annotations": [
                {
                    "begin": 1623, 
                    "end": 1630, 
                    "score": 0.19674906134605408, 
                    "spot": "Justice"
                }, 
                {
                    "begin": 1891, 
                    "end": 1898, 
                    "score": 0.22500663995742798, 
                    "spot": "Justice"
                }
            ], 
            "wiki_id": 16369, 
            "wiki_title": "Justice"
        }, 
        {
            "annotations": [
                {
                    "begin": 3397, 
                    "end": 3403, 
                    "score": 0.0006366307497955859, 
                    "spot": "influx"
                }
            ], 
            "wiki_id": 29203020, 
            "wiki_title": "Influx (Janus album)"
        }, 
        {
            "annotations": [
                {
                    "begin": 2227, 
                    "end": 2239, 
                    "score": 0.09554070234298706, 
                    "spot": "self-defense"
                }
            ], 
            "wiki_id": 215864, 
            "wiki_title": "Self-defense"
        }, 
        {
            "annotations": [
                {
                    "begin": 2530, 
                    "end": 2538, 
                    "score": 0.1546921730041504, 
                    "spot": "elements"
                }
            ], 
            "wiki_id": 18949461, 
            "wiki_title": "Fiction"
        }, 
        {
            "annotations": [
                {
                    "begin": 1575, 
                    "end": 1581, 
                    "score": 0.14382560551166534, 
                    "spot": "safety"
                }
            ], 
            "wiki_id": 252712, 
            "wiki_title": "Safety"
        }, 
        {
            "annotations": [
                {
                    "begin": 2293, 
                    "end": 2303, 
                    "score": 0.11730418354272842, 
                    "spot": "prohibited"
                }, 
                {
                    "begin": 2936, 
                    "end": 2951, 
                    "score": 0.19331134855747223, 
                    "spot": "prohibitionists"
                }
            ], 
            "wiki_id": 24856, 
            "wiki_title": "Prohibition"
        }, 
        {
            "annotations": [
                {
                    "begin": 3538, 
                    "end": 3545, 
                    "score": 0.22590462863445282, 
                    "spot": "classes"
                }
            ], 
            "wiki_id": 29174, 
            "wiki_title": "Social class"
        }, 
        {
            "annotations": [
                {
                    "begin": 3413, 
                    "end": 3420, 
                    "score": 0.16322682797908783, 
                    "spot": "numbers"
                }
            ], 
            "wiki_id": 1786, 
            "wiki_title": "Arabic numerals"
        }, 
        {
            "annotations": [
                {
                    "begin": 1918, 
                    "end": 1928, 
                    "score": 0.0005986231844872236, 
                    "spot": "resurfaced"
                }
            ], 
            "wiki_id": 241387, 
            "wiki_title": "Road surface"
        }, 
        {
            "annotations": [
                {
                    "begin": 2692, 
                    "end": 2699, 
                    "score": 0.17173083126544952, 
                    "spot": "specter"
                }
            ], 
            "wiki_id": 367801, 
            "wiki_title": "Arlen Specter"
        }, 
        {
            "annotations": [
                {
                    "begin": 3758, 
                    "end": 3762, 
                    "score": 0.0032716437708586454, 
                    "spot": "rich"
                }
            ], 
            "wiki_id": 625857, 
            "wiki_title": "Charlie Rich"
        }, 
        {
            "annotations": [
                {
                    "begin": 2003, 
                    "end": 2014, 
                    "score": 0.0008048289455473423, 
                    "spot": "intensified"
                }
            ], 
            "wiki_id": 23899846, 
            "wiki_title": "Intensified"
        }, 
        {
            "annotations": [
                {
                    "begin": 3294, 
                    "end": 3304, 
                    "score": 0.0012403528671711683, 
                    "spot": "implicitly"
                }
            ], 
            "wiki_id": 250896, 
            "wiki_title": "Implicit function"
        }, 
        {
            "annotations": [
                {
                    "begin": 1784, 
                    "end": 1788, 
                    "score": 0.05485906824469566, 
                    "spot": "felt"
                }
            ], 
            "wiki_id": 160853, 
            "wiki_title": "Felt"
        }, 
        {
            "annotations": [
                {
                    "begin": 2720, 
                    "end": 2726, 
                    "score": 0.22608821094036102, 
                    "spot": "rights"
                }, 
                {
                    "begin": 2903, 
                    "end": 2915, 
                    "score": 0.4299336075782776, 
                    "spot": "civil rights"
                }
            ], 
            "wiki_id": 37071, 
            "wiki_title": "Civil and political rights"
        }, 
        {
            "annotations": [
                {
                    "begin": 1492, 
                    "end": 1501, 
                    "score": 0.05295145884156227, 
                    "spot": "producing"
                }
            ], 
            "wiki_id": 2417230, 
            "wiki_title": "Sound recording and reproduction"
        }, 
        {
            "annotations": [
                {
                    "begin": 1423, 
                    "end": 1430, 
                    "score": 0.18248730897903442, 
                    "spot": "subject"
                }
            ], 
            "wiki_id": 447842, 
            "wiki_title": "Human subject research"
        }, 
        {
            "annotations": [
                {
                    "begin": 875, 
                    "end": 880, 
                    "score": 0.07615145295858383, 
                    "spot": "bound"
                }
            ], 
            "wiki_id": 164653, 
            "wiki_title": "Physical restraint"
        }, 
        {
            "annotations": [
                {
                    "begin": 609, 
                    "end": 628, 
                    "score": 0.6445713043212891, 
                    "spot": "Missouri Compromise"
                }
            ], 
            "wiki_id": 7743069, 
            "wiki_title": "Missouri Compromise"
        }, 
        {
            "annotations": [
                {
                    "begin": 3450, 
                    "end": 3460, 
                    "score": 0.24114260077476501, 
                    "spot": "immigrants"
                }, 
                {
                    "begin": 3549, 
                    "end": 3559, 
                    "score": 0.21122203767299652, 
                    "spot": "immigrants"
                }
            ], 
            "wiki_id": 4599312, 
            "wiki_title": "Immigration"
        }, 
        {
            "annotations": [
                {
                    "begin": 3733, 
                    "end": 3745, 
                    "score": 0.002115860115736723, 
                    "spot": "20th century"
                }
            ], 
            "wiki_id": 37988, 
            "wiki_title": "National Guard of the United States"
        }, 
        {
            "annotations": [
                {
                    "begin": 3522, 
                    "end": 3537, 
                    "score": 0.17646360397338867, 
                    "spot": "underprivileged"
                }
            ], 
            "wiki_id": 30170774, 
            "wiki_title": "Privilege (social inequality)"
        }, 
        {
            "annotations": [
                {
                    "begin": 1989, 
                    "end": 2002, 
                    "score": 0.22602739930152893, 
                    "spot": "men with guns"
                }
            ], 
            "wiki_id": 9105282, 
            "wiki_title": "Men with Guns"
        }, 
        {
            "annotations": [
                {
                    "begin": 1460, 
                    "end": 1464, 
                    "score": 0.08126655220985413, 
                    "spot": "free"
                }
            ], 
            "wiki_id": 99040, 
            "wiki_title": "Free jazz"
        }, 
        {
            "annotations": [
                {
                    "begin": 51, 
                    "end": 63, 
                    "score": 0.34246182441711426, 
                    "spot": "state\ncourts"
                }, 
                {
                    "begin": 1589, 
                    "end": 1594, 
                    "score": 0.17509838938713074, 
                    "spot": "state"
                }
            ], 
            "wiki_id": 58598, 
            "wiki_title": "State court (United States)"
        }, 
        {
            "annotations": [
                {
                    "begin": 487, 
                    "end": 492, 
                    "score": 0.24866442382335663, 
                    "spot": "slave"
                }, 
                {
                    "begin": 978, 
                    "end": 983, 
                    "score": 0.17097902297973633, 
                    "spot": "slave"
                }, 
                {
                    "begin": 1469, 
                    "end": 1475, 
                    "score": 0.12592771649360657, 
                    "spot": "slaves"
                }, 
                {
                    "begin": 2328, 
                    "end": 2334, 
                    "score": 0.28735941648483276, 
                    "spot": "slaves"
                }, 
                {
                    "begin": 2493, 
                    "end": 2498, 
                    "score": 0.3272710144519806, 
                    "spot": "slave"
                }
            ], 
            "wiki_id": 27992, 
            "wiki_title": "Slavery"
        }, 
        {
            "annotations": [
                {
                    "begin": 1164, 
                    "end": 1189, 
                    "score": 0.2946917414665222, 
                    "spot": "privileges and immunities"
                }
            ], 
            "wiki_id": 2378091, 
            "wiki_title": "Privileges and Immunities Clause"
        }, 
        {
            "annotations": [
                {
                    "begin": 1411, 
                    "end": 1415, 
                    "score": 0.10996169596910477, 
                    "spot": "face"
                }
            ], 
            "wiki_id": 53234, 
            "wiki_title": "Face"
        }, 
        {
            "annotations": [
                {
                    "begin": 3101, 
                    "end": 3107, 
                    "score": 0.08924181759357452, 
                    "spot": "return"
                }
            ], 
            "wiki_id": 28554, 
            "wiki_title": "Second Coming"
        }, 
        {
            "annotations": [
                {
                    "begin": 260, 
                    "end": 266, 
                    "score": 0.10559673607349396, 
                    "spot": "person"
                }
            ], 
            "wiki_id": 219599, 
            "wiki_title": "Person"
        }, 
        {
            "annotations": [
                {
                    "begin": 1225, 
                    "end": 1232, 
                    "score": 0.16363810002803802, 
                    "spot": "persons"
                }
            ], 
            "wiki_id": 2763451, 
            "wiki_title": "Hypostasis (philosophy and religion)"
        }, 
        {
            "annotations": [
                {
                    "begin": 4293, 
                    "end": 4303, 
                    "score": 0.06958958506584167, 
                    "spot": "supporters"
                }
            ], 
            "wiki_id": 152640, 
            "wiki_title": "Fan (person)"
        }, 
        {
            "annotations": [
                {
                    "begin": 3691, 
                    "end": 3703, 
                    "score": 0.5, 
                    "spot": "Sullivan law"
                }
            ], 
            "wiki_id": 393917, 
            "wiki_title": "Sullivan Act"
        }, 
        {
            "annotations": [
                {
                    "begin": 2828, 
                    "end": 2843, 
                    "score": 0.5076056718826294, 
                    "spot": "15th Amendments"
                }
            ], 
            "wiki_id": 31667, 
            "wiki_title": "Fifteenth Amendment to the United States Constitution"
        }, 
        {
            "annotations": [
                {
                    "begin": 573, 
                    "end": 578, 
                    "score": 0.21118806302547455, 
                    "spot": "Scott"
                }
            ], 
            "wiki_id": 61403, 
            "wiki_title": "Winfield Scott"
        }, 
        {
            "annotations": [
                {
                    "begin": 3937, 
                    "end": 3954, 
                    "score": 0.1315789520740509, 
                    "spot": "Arthur Sulzberger"
                }
            ], 
            "wiki_id": 2171241, 
            "wiki_title": "Arthur Hays Sulzberger"
        }, 
        {
            "annotations": [
                {
                    "begin": 33, 
                    "end": 38, 
                    "score": 0.08780055493116379, 
                    "spot": "Scott"
                }
            ], 
            "wiki_id": 94906, 
            "wiki_title": "Scott County, Minnesota"
        }, 
        {
            "annotations": [
                {
                    "begin": 4097, 
                    "end": 4101, 
                    "score": 0.13564540445804596, 
                    "spot": "live"
                }
            ], 
            "wiki_id": 236918, 
            "wiki_title": "Concert"
        }, 
        {
            "annotations": [
                {
                    "begin": 4357, 
                    "end": 4367, 
                    "score": 0.3984000086784363, 
                    "spot": "Union Army"
                }
            ], 
            "wiki_id": 360126, 
            "wiki_title": "Union Army"
        }, 
        {
            "annotations": [
                {
                    "begin": 3239, 
                    "end": 3248, 
                    "score": 0.12055736780166626, 
                    "spot": "centuries"
                }
            ], 
            "wiki_id": 5881, 
            "wiki_title": "Century"
        }, 
        {
            "annotations": [
                {
                    "begin": 3818, 
                    "end": 3826, 
                    "score": 0.031481482088565826, 
                    "spot": "handguns"
                }, 
                {
                    "begin": 4015, 
                    "end": 4022, 
                    "score": 0.11404862999916077, 
                    "spot": "handgun"
                }
            ], 
            "wiki_id": 9958966, 
            "wiki_title": "Handgun"
        }, 
        {
            "annotations": [
                {
                    "begin": 3840, 
                    "end": 3848, 
                    "score": 0.05384402722120285, 
                    "spot": "notables"
                }
            ], 
            "wiki_id": 6867958, 
            "wiki_title": "Vanniyar"
        }, 
        {
            "annotations": [
                {
                    "begin": 4408, 
                    "end": 4410, 
                    "score": 0.02585943043231964, 
                    "spot": "Mr"
                }
            ], 
            "wiki_id": 26998579, 
            "wiki_title": "Mr."
        }, 
        {
            "annotations": [
                {
                    "begin": 3407, 
                    "end": 3420, 
                    "score": 0.13450388610363007, 
                    "spot": "large numbers"
                }
            ], 
            "wiki_id": 25657, 
            "wiki_title": "Roman numerals"
        }, 
        {
            "annotations": [
                {
                    "begin": 3890, 
                    "end": 3907, 
                    "score": 0.4811972379684448, 
                    "spot": "Eleanor\nRoosevelt"
                }
            ], 
            "wiki_id": 19280644, 
            "wiki_title": "Eleanor Roosevelt"
        }, 
        {
            "annotations": [
                {
                    "begin": 3219, 
                    "end": 3223, 
                    "score": 0.30212509632110596, 
                    "spot": "19th"
                }
            ], 
            "wiki_id": 208292, 
            "wiki_title": "19 (number)"
        }, 
        {
            "annotations": [
                {
                    "begin": 212, 
                    "end": 217, 
                    "score": 0.18660257756710052, 
                    "spot": "Scott"
                }
            ], 
            "wiki_id": 97434, 
            "wiki_title": "Scott County, Arkansas"
        }, 
        {
            "annotations": [
                {
                    "begin": 437, 
                    "end": 444, 
                    "score": 0.027801595628261566, 
                    "spot": "rulings"
                }
            ], 
            "wiki_id": 11259, 
            "wiki_title": "Fatwa"
        }, 
        {
            "annotations": [
                {
                    "begin": 2603, 
                    "end": 2607, 
                    "score": 0.0754626989364624, 
                    "spot": "guns"
                }
            ], 
            "wiki_id": 12686, 
            "wiki_title": "Overview of gun laws by nation"
        }, 
        {
            "annotations": [
                {
                    "begin": 2546, 
                    "end": 2553, 
                    "score": 0.12408877164125443, 
                    "spot": "country"
                }, 
                {
                    "begin": 3470, 
                    "end": 3477, 
                    "score": 0.22112061083316803, 
                    "spot": "country"
                }
            ], 
            "wiki_id": 21627, 
            "wiki_title": "Nation state"
        }, 
        {
            "annotations": [
                {
                    "begin": 2070, 
                    "end": 2086, 
                    "score": 0.4052373766899109, 
                    "spot": "Second\nAmendment"
                }, 
                {
                    "begin": 2670, 
                    "end": 2686, 
                    "score": 0.20933522284030914, 
                    "spot": "Second Amendment"
                }, 
                {
                    "begin": 3042, 
                    "end": 3060, 
                    "score": 0.14107884466648102, 
                    "spot": "right to\nbear arms"
                }
            ], 
            "wiki_id": 31655, 
            "wiki_title": "Second Amendment to the United States Constitution"
        }, 
        {
            "annotations": [
                {
                    "begin": 4412, 
                    "end": 4417, 
                    "score": 0.1251993179321289, 
                    "spot": "Innis"
                }
            ], 
            "wiki_id": 177907, 
            "wiki_title": "Harold Innis"
        }, 
        {
            "annotations": [
                {
                    "begin": 1688, 
                    "end": 1694, 
                    "score": 0.06613460183143616, 
                    "spot": "events"
                }
            ], 
            "wiki_id": 5058690, 
            "wiki_title": "September 11 attacks"
        }, 
        {
            "annotations": [
                {
                    "begin": 3234, 
                    "end": 3238, 
                    "score": 0.22148871421813965, 
                    "spot": "20th"
                }
            ], 
            "wiki_id": 208259, 
            "wiki_title": "20 (number)"
        }, 
        {
            "annotations": [
                {
                    "begin": 3972, 
                    "end": 3983, 
                    "score": 0.1420612782239914, 
                    "spot": "disk jockey"
                }
            ], 
            "wiki_id": 8683, 
            "wiki_title": "Disc jockey"
        }, 
        {
            "annotations": [
                {
                    "begin": 560, 
                    "end": 565, 
                    "score": 0.13840416073799133, 
                    "spot": "court"
                }, 
                {
                    "begin": 1102, 
                    "end": 1107, 
                    "score": 0.14355769753456116, 
                    "spot": "court"
                }
            ], 
            "wiki_id": 75358, 
            "wiki_title": "Court"
        }, 
        {
            "annotations": [
                {
                    "begin": 1343, 
                    "end": 1348, 
                    "score": 0.0035589057952165604, 
                    "spot": "carry"
                }, 
                {
                    "begin": 4023, 
                    "end": 4028, 
                    "score": 0.0035589057952165604, 
                    "spot": "carry"
                }
            ], 
            "wiki_id": 84486, 
            "wiki_title": "Portage"
        }, 
        {
            "annotations": [
                {
                    "begin": 1565, 
                    "end": 1570, 
                    "score": 0.07134021818637848, 
                    "spot": "peace"
                }
            ], 
            "wiki_id": 24702, 
            "wiki_title": "Peace"
        }, 
        {
            "annotations": [
                {
                    "begin": 691, 
                    "end": 705, 
                    "score": 0.053670745342969894, 
                    "spot": "race relations"
                }, 
                {
                    "begin": 926, 
                    "end": 932, 
                    "score": 0.2881428003311157, 
                    "spot": "racist"
                }, 
                {
                    "begin": 1647, 
                    "end": 1653, 
                    "score": 0.2221868336200714, 
                    "spot": "racist"
                }, 
                {
                    "begin": 1877, 
                    "end": 1889, 
                    "score": 0.3814956843852997, 
                    "spot": "overt racism"
                }, 
                {
                    "begin": 1883, 
                    "end": 1889, 
                    "score": 0.38685470819473267, 
                    "spot": "racism"
                }, 
                {
                    "begin": 2523, 
                    "end": 2529, 
                    "score": 0.28423282504081726, 
                    "spot": "racist"
                }, 
                {
                    "begin": 2990, 
                    "end": 2996, 
                    "score": 0.2464815080165863, 
                    "spot": "racist"
                }, 
                {
                    "begin": 3305, 
                    "end": 3311, 
                    "score": 0.10982497036457062, 
                    "spot": "racist"
                }, 
                {
                    "begin": 4260, 
                    "end": 4266, 
                    "score": 0.23433992266654968, 
                    "spot": "racist"
                }
            ], 
            "wiki_id": 25613, 
            "wiki_title": "Racism"
        }, 
        {
            "annotations": [
                {
                    "begin": 2587, 
                    "end": 2599, 
                    "score": 0.10769567638635635, 
                    "spot": "restrictions"
                }
            ], 
            "wiki_id": 153149, 
            "wiki_title": "Regulation"
        }, 
        {
            "annotations": [
                {
                    "begin": 2463, 
                    "end": 2469, 
                    "score": 0.23186582326889038, 
                    "spot": "status"
                }
            ], 
            "wiki_id": 201503, 
            "wiki_title": "Social status"
        }, 
        {
            "annotations": [
                {
                    "begin": 2110, 
                    "end": 2143, 
                    "score": 0.36513158679008484, 
                    "spot": "right . . . to keep and bear\narms"
                }, 
                {
                    "begin": 2125, 
                    "end": 2143, 
                    "score": 0.034574467688798904, 
                    "spot": "keep and bear\narms"
                }, 
                {
                    "begin": 2134, 
                    "end": 2143, 
                    "score": 0.019310344010591507, 
                    "spot": "bear\narms"
                }
            ], 
            "wiki_id": 219243, 
            "wiki_title": "Right to keep and bear arms"
        }, 
        {
            "annotations": [
                {
                    "begin": 3785, 
                    "end": 3789, 
                    "score": 0.0028510112315416336, 
                    "spot": "easy"
                }
            ], 
            "wiki_id": 1088143, 
            "wiki_title": "Balance (game design)"
        }, 
        {
            "annotations": [
                {
                    "begin": 795, 
                    "end": 807, 
                    "score": 0.07358813285827637, 
                    "spot": "black people"
                }, 
                {
                    "begin": 956, 
                    "end": 968, 
                    "score": 0.32870742678642273, 
                    "spot": "black people"
                }, 
                {
                    "begin": 1983, 
                    "end": 1988, 
                    "score": 0.15732674300670624, 
                    "spot": "black"
                }, 
                {
                    "begin": 2477, 
                    "end": 2482, 
                    "score": 0.2941412329673767, 
                    "spot": "black"
                }, 
                {
                    "begin": 2477, 
                    "end": 2486, 
                    "score": 0.3592990040779114, 
                    "spot": "black man"
                }, 
                {
                    "begin": 2705, 
                    "end": 2710, 
                    "score": 0.14897358417510986, 
                    "spot": "black"
                }, 
                {
                    "begin": 4083, 
                    "end": 4089, 
                    "score": 0.08721986413002014, 
                    "spot": "blacks"
                }, 
                {
                    "begin": 4287, 
                    "end": 4292, 
                    "score": 0.18997879326343536, 
                    "spot": "black"
                }
            ], 
            "wiki_id": 4745, 
            "wiki_title": "Black people"
        }, 
        {
            "annotations": [
                {
                    "begin": 2649, 
                    "end": 2662, 
                    "score": 0.08324340730905533, 
                    "spot": "understanding"
                }
            ], 
            "wiki_id": 216180, 
            "wiki_title": "Understanding"
        }, 
        {
            "annotations": [
                {
                    "begin": 1431, 
                    "end": 1435, 
                    "score": 0.09174802154302597, 
                    "spot": "race"
                }, 
                {
                    "begin": 1961, 
                    "end": 1967, 
                    "score": 0.17680354416370392, 
                    "spot": "racial"
                }
            ], 
            "wiki_id": 25614, 
            "wiki_title": "Race (human categorization)"
        }, 
        {
            "annotations": [
                {
                    "begin": 679, 
                    "end": 687, 
                    "score": 0.13189974427223206, 
                    "spot": "students"
                }
            ], 
            "wiki_id": 155526, 
            "wiki_title": "Student"
        }, 
        {
            "annotations": [
                {
                    "begin": 1654, 
                    "end": 1659, 
                    "score": 0.2161312848329544, 
                    "spot": "legal"
                }, 
                {
                    "begin": 2964, 
                    "end": 2968, 
                    "score": 0.1406324803829193, 
                    "spot": "laws"
                }, 
                {
                    "begin": 3351, 
                    "end": 3355, 
                    "score": 0.18633344769477844, 
                    "spot": "laws"
                }
            ], 
            "wiki_id": 18949668, 
            "wiki_title": "Law"
        }, 
        {
            "annotations": [
                {
                    "begin": 2336, 
                    "end": 2347, 
                    "score": 0.6859780550003052, 
                    "spot": "Gun control"
                }, 
                {
                    "begin": 3479, 
                    "end": 3487, 
                    "score": 0.23800769448280334, 
                    "spot": "gun laws"
                }, 
                {
                    "begin": 3589, 
                    "end": 3597, 
                    "score": 0.20966094732284546, 
                    "spot": "gun laws"
                }
            ], 
            "wiki_id": 450957, 
            "wiki_title": "Gun politics in the United States"
        }, 
        {
            "annotations": [
                {
                    "begin": 2427, 
                    "end": 2432, 
                    "score": 0.2649500370025635, 
                    "spot": "freed"
                }
            ], 
            "wiki_id": 13149886, 
            "wiki_title": "Freedman"
        }, 
        {
            "annotations": [
                {
                    "begin": 84, 
                    "end": 91, 
                    "score": 0.20347213745117188, 
                    "spot": "freedom"
                }, 
                {
                    "begin": 479, 
                    "end": 483, 
                    "score": 0.26387280225753784, 
                    "spot": "free"
                }, 
                {
                    "begin": 987, 
                    "end": 991, 
                    "score": 0.15936163067817688, 
                    "spot": "free"
                }
            ], 
            "wiki_id": 11175, 
            "wiki_title": "Political freedom"
        }, 
        {
            "annotations": [
                {
                    "begin": 4368, 
                    "end": 4376, 
                    "score": 0.16956619918346405, 
                    "spot": "officers"
                }
            ], 
            "wiki_id": 36301328, 
            "wiki_title": "Officer (armed forces)"
        }, 
        {
            "annotations": [
                {
                    "begin": 324, 
                    "end": 330, 
                    "score": 0.1732770800590515, 
                    "spot": "estate"
                }
            ], 
            "wiki_id": 757838, 
            "wiki_title": "Estate (law)"
        }, 
        {
            "annotations": [
                {
                    "begin": 4029, 
                    "end": 4036, 
                    "score": 0.07448945939540863, 
                    "spot": "permits"
                }
            ], 
            "wiki_id": 40412, 
            "wiki_title": "License"
        }, 
        {
            "annotations": [
                {
                    "begin": 4157, 
                    "end": 4167, 
                    "score": 0.0019751694053411484, 
                    "spot": "protection"
                }
            ], 
            "wiki_id": 2603115, 
            "wiki_title": "Wildlife management"
        }, 
        {
            "annotations": [
                {
                    "begin": 1869, 
                    "end": 1873, 
                    "score": 0.03176739811897278, 
                    "spot": "back"
                }
            ], 
            "wiki_id": 1033826, 
            "wiki_title": "Professional wrestling attacks"
        }, 
        {
            "annotations": [
                {
                    "begin": 3956, 
                    "end": 3967, 
                    "score": 0.5, 
                    "spot": "Joan Rivers"
                }
            ], 
            "wiki_id": 265883, 
            "wiki_title": "Joan Rivers"
        }, 
        {
            "annotations": [
                {
                    "begin": 2903, 
                    "end": 2920, 
                    "score": 0.3740166425704956, 
                    "spot": "civil rights acts"
                }
            ], 
            "wiki_id": 188746, 
            "wiki_title": "Civil Rights Act of 1964"
        }, 
        {
            "annotations": [
                {
                    "begin": 2449, 
                    "end": 2455, 
                    "score": 0.1752012073993683, 
                    "spot": "change"
                }
            ], 
            "wiki_id": 329948, 
            "wiki_title": "Social change"
        }, 
        {
            "annotations": [
                {
                    "begin": 741, 
                    "end": 750, 
                    "score": 0.006085322238504887, 
                    "spot": "secretary"
                }
            ], 
            "wiki_id": 1483745, 
            "wiki_title": "Permanent Secretary"
        }, 
        {
            "annotations": [
                {
                    "begin": 1086, 
                    "end": 1093, 
                    "score": 0.08775198459625244, 
                    "spot": "writing"
                }
            ], 
            "wiki_id": 3669853, 
            "wiki_title": "Legal writing"
        }, 
        {
            "annotations": [
                {
                    "begin": 2637, 
                    "end": 2644, 
                    "score": 0.2220991551876068, 
                    "spot": "customs"
                }
            ], 
            "wiki_id": 43851, 
            "wiki_title": "Norm (social)"
        }, 
        {
            "annotations": [
                {
                    "begin": 4093, 
                    "end": 4096, 
                    "score": 0.16073082387447357, 
                    "spot": "who"
                }
            ], 
            "wiki_id": 36517, 
            "wiki_title": "The Who"
        }, 
        {
            "annotations": [
                {
                    "begin": 830, 
                    "end": 835, 
                    "score": 0.10214230418205261, 
                    "spot": "order"
                }
            ], 
            "wiki_id": 61763, 
            "wiki_title": "Order (biology)"
        }, 
        {
            "annotations": [
                {
                    "begin": 2370, 
                    "end": 2377, 
                    "score": 0.15654459595680237, 
                    "spot": "America"
                }
            ], 
            "wiki_id": 29833, 
            "wiki_title": "Americas"
        }, 
        {
            "annotations": [
                {
                    "begin": 234, 
                    "end": 248, 
                    "score": 0.21005241572856903, 
                    "spot": "federal\ncourts"
                }
            ], 
            "wiki_id": 1636627, 
            "wiki_title": "Federal judiciary of the United States"
        }, 
        {
            "annotations": [
                {
                    "begin": 2170, 
                    "end": 2177, 
                    "score": 0.3246344029903412, 
                    "spot": "freeman"
                }, 
                {
                    "begin": 2732, 
                    "end": 2739, 
                    "score": 0.12186173349618912, 
                    "spot": "freeman"
                }
            ], 
            "wiki_id": 1156863, 
            "wiki_title": "The Freeman"
        }, 
        {
            "annotations": [
                {
                    "begin": 3265, 
                    "end": 3270, 
                    "score": 0.23377461731433868, 
                    "spot": "state"
                }
            ], 
            "wiki_id": 28151, 
            "wiki_title": "State (polity)"
        }, 
        {
            "annotations": [
                {
                    "begin": 3909, 
                    "end": 3921, 
                    "score": 0.3838028311729431, 
                    "spot": "John Lindsay"
                }
            ], 
            "wiki_id": 279089, 
            "wiki_title": "John Lindsay"
        }, 
        {
            "annotations": [
                {
                    "begin": 783, 
                    "end": 789, 
                    "score": 0.033715926110744476, 
                    "spot": "dictum"
                }
            ], 
            "wiki_id": 661517, 
            "wiki_title": "Dictum"
        }, 
        {
            "annotations": [
                {
                    "begin": 4106, 
                    "end": 4110, 
                    "score": 0.027781911194324493, 
                    "spot": "work"
                }
            ], 
            "wiki_id": 314993, 
            "wiki_title": "Employment"
        }, 
        {
            "annotations": [
                {
                    "begin": 3250, 
                    "end": 3257, 
                    "score": 0.08553900569677353, 
                    "spot": "enacted"
                }, 
                {
                    "begin": 3705, 
                    "end": 3712, 
                    "score": 0.11381448805332184, 
                    "spot": "enacted"
                }
            ], 
            "wiki_id": 74746, 
            "wiki_title": "Act of Congress"
        }, 
        {
            "annotations": [
                {
                    "begin": 3506, 
                    "end": 3512, 
                    "score": 0.11252640187740326, 
                    "spot": "whites"
                }
            ], 
            "wiki_id": 9052729, 
            "wiki_title": "White Latin Americans"
        }, 
        {
            "annotations": [
                {
                    "begin": 3674, 
                    "end": 3682, 
                    "score": 0.39991986751556396, 
                    "spot": "New York"
                }, 
                {
                    "begin": 3674, 
                    "end": 3688, 
                    "score": 0.3662160634994507, 
                    "spot": "New York state"
                }
            ], 
            "wiki_id": 8210131, 
            "wiki_title": "New York"
        }, 
        {
            "annotations": [
                {
                    "begin": 1674, 
                    "end": 1684, 
                    "score": 0.06970339268445969, 
                    "spot": "repudiated"
                }
            ], 
            "wiki_id": 2020130, 
            "wiki_title": "Anticipatory repudiation"
        }, 
        {
            "annotations": [
                {
                    "begin": 2315, 
                    "end": 2323, 
                    "score": 0.3042491376399994, 
                    "spot": "peasants"
                }
            ], 
            "wiki_id": 68282, 
            "wiki_title": "Peasant"
        }, 
        {
            "annotations": [
                {
                    "begin": 1275, 
                    "end": 1283, 
                    "score": 0.145151749253273, 
                    "spot": "citizens"
                }
            ], 
            "wiki_id": 993845, 
            "wiki_title": "United States nationality law"
        }, 
        {
            "annotations": [
                {
                    "begin": 2575, 
                    "end": 2582, 
                    "score": 0.0015015015378594398, 
                    "spot": "agitate"
                }
            ], 
            "wiki_id": 3073029, 
            "wiki_title": "Agitator (device)"
        }, 
        {
            "annotations": [
                {
                    "begin": 100, 
                    "end": 106, 
                    "score": 0.0627179890871048, 
                    "spot": "ground"
                }
            ], 
            "wiki_id": 9228, 
            "wiki_title": "Earth"
        }, 
        {
            "annotations": [
                {
                    "begin": 1349, 
                    "end": 1353, 
                    "score": 0.0869368463754654, 
                    "spot": "arms"
                }
            ], 
            "wiki_id": 13564973, 
            "wiki_title": "Cephalopod limb"
        }
    ]
}